# WaveFront *.obj file (generated by Cinema 4D)

mtllib ./taobaodianpu_CFSC147.mtl

v 62.848900 111.647100 -26.514150
v 50.241500 108.900200 -25.559650
v 58.451500 112.988700 -26.691650
v 58.451500 112.988700 -26.691650
v 50.241500 108.900200 -25.559650
v 74.108600 91.759100 -22.872550
v 63.222600 85.931300 -23.864750
v 63.222600 85.931300 -23.864750
v 62.318500 84.214300 -25.823950
v 62.318500 84.214300 -25.823950
v 75.027000 101.751800 -21.076450
v 74.106000 106.208600 -19.839850
v 75.373500 103.507200 -24.976550
v 75.027000 101.751800 -21.076450
v 78.388000 103.478500 -26.505550
v 75.027000 101.751800 -21.076450
v 80.352900 103.760300 -20.101950
v 80.352900 103.760300 -20.101950
v 78.663500 111.718900 -19.860050
v 77.038400 112.038500 -25.295450
v 74.106000 106.208600 -19.839850
v 75.027000 101.751800 -21.076450
v 78.663500 111.718900 -19.860050
v 62.460700 108.747500 -26.146250
v 58.217200 112.984300 -31.117650
v 62.715700 112.999800 -30.437450
v 62.848900 111.647100 -26.514150
v 66.922500 112.877500 -30.107350
v 67.163000 113.174300 -24.036250
v 63.603300 105.637400 -24.625150
v 62.460700 108.747500 -26.146250
v 67.163000 113.174300 -24.036250
v 62.715700 112.999800 -30.437450
v 67.828500 117.232200 -30.826750
v 72.057000 112.704500 -23.403850
v 72.057000 112.704500 -23.403850
v 73.748100 112.767200 -19.453250
v 75.156500 114.478300 -23.264250
v 73.748100 112.767200 -19.453250
v 75.156500 114.478300 -23.264250
v 78.663500 111.718900 -19.860050
v 67.482000 115.764100 -26.550350
v 75.030400 123.019900 -37.487050
v 67.482000 115.764100 -26.550350
v 75.156500 114.478300 -23.264250
v 73.105000 121.201300 -24.251850
v 73.105000 121.201300 -24.251850
v 73.105000 121.201300 -24.251850
v 80.352900 103.760300 -20.101950
v 73.748100 112.767200 -19.453250
v 70.262000 136.785000 -28.456650
v 70.966300 124.261900 -28.757250
v 74.231100 125.607200 -26.378350
v 74.231100 125.607200 -26.378350
v 75.373500 103.507200 -24.976550
v 74.231100 125.607200 -26.378350
v 72.995700 107.226600 -23.700250
v 72.712200 130.420700 -28.640650
v 74.347700 98.779900 -22.883250
v 66.663800 138.210100 -30.581550
v 72.712200 130.420700 -28.640650
v 70.262000 136.785000 -28.456650
v 54.498900 105.538400 -25.730950
v 102.668000 150.975500 -20.688050
v 104.387300 147.466200 -31.180150
v 104.387300 147.466200 -31.180150
v 102.668000 150.975500 -20.688050
v 117.054500 128.358400 -38.025650
v 117.270900 125.950900 -29.983150
v 117.219600 119.044600 -29.344250
v 109.665700 145.112000 -31.243250
v 103.779000 152.804400 -39.629650
v 109.665700 145.112000 -31.243250
v 117.219600 119.044600 -29.344250
v 117.270900 125.950900 -29.983150
v 44.535400 150.172500 -40.928450
v 44.535400 150.172500 -40.928450
v 53.617100 145.592000 -30.808650
v 84.123400 167.900300 -31.902950
v 76.469300 167.524400 -23.288650
v 78.769300 170.936500 -21.516650
v 80.850200 167.367500 -40.634450
v 86.592700 167.274800 -32.136350
v 63.641300 167.169900 -40.331850
v 84.123400 167.900300 -31.902950
v 88.581900 167.612200 -40.275350
v 78.769300 170.936500 -21.516650
v 76.469300 167.524400 -23.288650
v 72.634200 167.281600 -29.440150
v 72.634200 167.281600 -29.440150
v 72.634200 167.281600 -29.440150
v 72.634200 167.281600 -29.440150
v 95.305400 157.792400 -20.331750
v 95.305400 157.792400 -20.331750
v 86.592700 167.274800 -32.136350
v 90.624000 167.140600 -32.323050
v 86.592700 167.274800 -32.136350
v 90.624000 167.140600 -32.323050
v 103.779000 152.804400 -39.629650
v 88.581900 167.612200 -40.275350
v 80.850200 167.367500 -40.634450
v 63.641300 167.169900 -40.331850
v 69.897400 135.425900 -38.900750
v 70.262000 136.785000 -28.456650
v 66.663800 138.210100 -30.581550
v 69.897400 135.425900 -38.900750
v 53.617100 145.592000 -30.808650
v 69.897400 135.425900 -38.900750
v 75.030400 123.019900 -37.487050
v 116.310700 127.714000 0.391250
v 124.271900 96.013900 0.155150
v 115.001300 127.816500 -20.074550
v 75.373500 103.507200 -24.976550
v 78.388000 103.478500 -26.505550
v 78.388000 103.478500 -26.505550
v 79.452700 85.216800 -28.652450
v 97.672200 103.509400 -36.175450
v 97.672200 103.509400 -36.175450
v 79.224900 103.254100 -37.308050
v 79.450600 104.063500 -35.878750
v 79.450600 104.063500 -35.878750
v 79.450600 104.063500 -35.878750
v 80.636600 84.925900 -36.902450
v 75.373500 103.507200 -24.976550
v 121.960800 102.637200 -36.834150
v 121.747300 84.769000 -36.189850
v 118.518300 103.547500 -36.920450
v 121.942400 90.123200 -28.813750
v 121.815600 104.949400 -29.355450
v 121.960800 102.637200 -36.834150
v 78.275300 94.745000 -24.981150
v 120.352400 108.147800 -36.546850
v 120.352400 108.147800 -36.546850
v 118.518300 103.547500 -36.920450
v 121.960800 102.637200 -36.834150
v 118.518300 103.547500 -36.920450
v 121.815600 104.949400 -29.355450
v 121.942400 90.123200 -28.813750
v 120.669400 93.046700 -21.250650
v 120.025300 107.224000 -21.008950
v 102.167300 84.776800 -36.145750
v 95.441800 85.012200 -36.860750
v 121.815600 104.949400 -29.355450
v 95.441800 85.012200 -36.860750
v 80.636600 84.925900 -36.902450
v 79.224900 103.254100 -37.308050
v 79.224900 103.254100 -37.308050
v 117.054500 128.358400 -38.025650
v 80.636600 84.925900 -36.902450
v 121.815600 104.949400 -29.355450
v 115.001300 127.816500 -20.074550
v 120.025300 107.224000 -21.008950
v 120.669400 93.046700 -21.250650
v 121.747300 84.769000 -36.189850
v 121.942400 90.123200 -28.813750
v 87.664000 70.068200 -33.543650
v 91.421500 72.812900 -35.902250
v 90.619500 75.900800 -29.638250
v 91.667100 76.558600 -22.454850
v 85.918200 75.836500 -22.444050
v 82.226900 69.365100 -24.656050
v 79.060200 72.593600 -20.361850
v 90.007400 73.104900 -30.529550
v 90.391100 81.792200 -32.622150
v 85.646200 65.402100 -30.365450
v 95.741900 84.331000 -32.052350
v 75.329000 55.939000 -9.885050
v 75.795600 59.665900 -25.207550
v 72.125800 57.227800 -26.204250
v 72.805000 49.323000 -21.463650
v 75.795600 59.665900 -25.207550
v 77.022700 57.569900 -33.345950
v 75.331900 51.300100 -18.470850
v 78.596900 64.917200 -25.891150
v 75.319800 57.662200 -36.999450
v 75.319800 57.662200 -36.999450
v 75.319800 57.662200 -36.999450
v 78.596900 64.917200 -25.891150
v 77.117800 65.269700 -24.028750
v 77.117800 65.269700 -24.028750
v 86.122100 54.991000 -37.279150
v 80.019600 64.832700 -36.917050
v 85.972200 64.845900 -37.132550
v 80.019600 64.832700 -36.917050
v 43.551000 42.910400 -20.779250
v 55.951500 43.026200 -20.534350
v 54.814000 44.028900 -22.133350
v 55.951500 43.026200 -20.534350
v 80.019600 64.832700 -36.917050
v 85.972200 64.845900 -37.132550
v 72.859200 41.510900 -20.735150
v 73.475300 32.041000 -21.940750
v 96.233500 74.973300 -36.101050
v 73.671700 33.441100 -19.319550
v 73.475300 32.041000 -21.940750
v 72.859200 41.510900 -20.735150
v 86.655100 64.687100 -36.190650
v 85.646200 65.402100 -30.365450
v 74.048900 45.171500 -19.986250
v 75.238400 46.488000 -20.258450
v 87.667300 65.113300 -30.437750
v 87.664000 70.068200 -33.543650
v 73.671700 33.441100 -19.319550
v 85.122300 64.869300 -27.017250
v 87.667300 65.113300 -30.437750
v 88.901700 64.781800 -26.314550
v 88.902400 61.845000 -27.229350
v 85.122300 64.869300 -27.017250
v 85.646200 65.402100 -30.365450
v 74.048900 45.171500 -19.986250
v 74.177100 48.821100 -17.731550
v 72.805000 49.323000 -21.463650
v 74.177100 48.821100 -17.731550
v 72.805000 49.323000 -21.463650
v 74.048900 45.171500 -19.986250
v 72.121200 46.738400 -22.161050
v 71.390800 42.501800 -21.323550
v 75.897900 43.702200 -22.238150
v 77.320800 67.077000 -21.672950
v 88.902400 61.845000 -27.229350
v 95.416200 64.710500 -30.799950
v 95.416200 64.710500 -30.799950
v 88.901700 64.781800 -26.314550
v 95.416200 64.710500 -30.799950
v 88.902400 61.845000 -27.229350
v 88.901700 64.781800 -26.314550
v 74.177100 48.821100 -17.731550
v 74.177100 48.821100 -17.731550
v 75.331900 51.300100 -18.470850
v 76.128300 76.319500 -11.709050
v 76.808000 65.280800 -10.285650
v 75.125000 69.923100 -11.601250
v 76.808000 65.280800 -10.285650
v 76.808000 65.280800 -10.285650
v 73.922100 69.205900 -13.771150
v 77.320800 67.077000 -21.672950
v 76.128300 76.319500 -11.709050
v 75.329000 55.939000 -9.885050
v 72.754400 65.194400 -20.440350
v 79.060200 72.593600 -20.361850
v 87.072400 89.499400 -12.087250
v 84.385200 89.861600 -20.036550
v 88.159400 89.288600 -17.417050
v 86.174700 88.094800 -8.866650
v 77.121400 89.864500 -11.813550
v 77.121400 89.864500 -11.813550
v 86.174700 88.094800 -8.866650
v 88.159400 89.288600 -17.417050
v 84.991500 84.851200 -20.986850
v 74.219500 73.915300 -23.234250
v 70.087300 78.609300 -24.122350
v 74.219500 73.915300 -23.234250
v 86.174700 88.094800 -8.866650
v 74.035100 90.383400 -19.780050
v 73.371000 83.620600 -23.929750
v 89.492100 84.883100 -18.046650
v 92.339500 84.489400 -12.011750
v 74.347700 98.779900 -22.883250
v 74.347700 98.779900 -22.883250
v 74.054200 94.494000 -19.928350
v 89.492100 84.883100 -18.046650
v 92.339500 84.489400 -12.011750
v 92.981800 77.122500 -12.081350
v 92.981800 77.122500 -12.081350
v 91.667100 76.558600 -22.454850
v 91.667100 76.558600 -22.454850
v 77.604100 80.674300 -10.485050
v 76.477100 85.706600 -25.517350
v 73.371000 83.620600 -23.929750
v 76.477100 85.706600 -25.517350
v 76.324000 89.749900 -20.972550
v 76.324000 89.749900 -20.972550
v 76.477100 85.706600 -25.517350
v 76.477100 85.706600 -25.517350
v 74.035100 90.383400 -19.780050
v 74.108600 91.759100 -22.872550
v 78.332200 77.870100 -11.731250
v 92.981800 77.122500 -12.081350
v 84.463100 76.785900 -16.670050
v 85.918200 75.836500 -22.444050
v 73.188700 67.891900 -23.242550
v 90.951600 84.625000 -31.731850
v 74.054200 94.494000 -19.928350
v 74.054200 94.494000 -19.928350
v 76.324000 89.749900 -20.972550
v 100.524100 84.264000 -34.778450
v 74.054200 94.494000 -19.928350
v 90.951600 84.625000 -31.731850
v 90.951100 84.493900 -24.095650
v 91.667100 76.558600 -22.454850
v 90.951100 84.493900 -24.095650
v 90.951600 84.625000 -31.731850
v 79.452700 85.216800 -28.652450
v 95.741900 84.331000 -32.052350
v 100.524100 84.264000 -34.778450
v 81.448800 84.854100 -23.927150
v 84.385200 89.861600 -20.036550
v 90.951100 84.493900 -24.095650
v 89.492100 84.883100 -18.046650
v 84.991500 84.851200 -20.986850
v 86.001100 44.794200 -36.917750
v 87.510900 43.374000 -34.878250
v 84.232000 29.325200 -22.188950
v 81.695500 32.593300 -21.570650
v 73.475300 32.041000 -21.940750
v 73.671700 33.441100 -19.319550
v 75.097000 43.941200 -36.812850
v 77.020800 43.809700 -29.937050
v 75.097000 43.941200 -36.812850
v 77.641400 41.016100 -35.891450
v 86.001100 44.794200 -36.917750
v 87.510900 43.374000 -34.878250
v 86.551500 40.537800 -34.729750
v 88.151700 52.391600 -35.961550
v 102.068100 61.787300 -36.430750
v 86.001100 44.794200 -36.917750
v 86.551500 40.537800 -34.729750
v 77.641400 41.016100 -35.891450
v 75.097000 43.941200 -36.812850
v 75.097000 43.941200 -36.812850
v 86.551500 40.537800 -34.729750
v 88.367600 39.926200 -33.460250
v 77.877900 40.223400 -21.945050
v 73.671700 33.441100 -19.319550
v 77.877900 40.223400 -21.945050
v 81.695500 32.593300 -21.570650
v 75.897900 43.702200 -22.238150
v 75.897900 43.702200 -22.238150
v 82.175400 32.980000 -33.538650
v 83.820100 32.075600 -32.584050
v 81.801600 40.601200 -34.282850
v 86.819400 33.173300 -32.916250
v 86.551500 40.537800 -34.729750
v 87.510900 43.374000 -34.878250
v 88.076900 49.625100 -36.651150
v 128.916700 59.001500 -36.692850
v 86.551500 40.537800 -34.729750
v 88.367600 39.926200 -33.460250
v 134.765300 44.021300 -30.719150
v 136.002500 42.835500 -35.899250
v 136.266000 52.245400 -36.313050
v 133.831400 39.425200 -34.260550
v 136.002500 42.835500 -35.899250
v 132.798000 42.633400 -36.079350
v 132.798000 42.633400 -36.079350
v 86.551500 40.537800 -34.729750
v 86.001100 44.794200 -36.917750
v 75.097000 43.941200 -36.812850
v 86.934100 55.329100 -36.500950
v 88.076900 49.625100 -36.651150
v 88.151700 52.391600 -35.961550
v 136.266000 52.245400 -36.313050
v 88.151700 52.391600 -35.961550
v 81.801600 40.601200 -34.282850
v 77.641400 41.016100 -35.891450
v 88.902400 61.845000 -27.229350
v 82.175400 32.980000 -33.538650
v 81.801600 40.601200 -34.282850
v 82.281700 32.471100 -23.754650
v 82.281700 32.471100 -23.754650
v 86.489400 31.441600 -19.817750
v 81.695500 32.593300 -21.570650
v 81.695500 32.593300 -21.570650
v 86.489400 31.441600 -19.817750
v 84.232000 29.325200 -22.188950
v 87.904200 43.567400 -36.331650
v 134.538900 42.097300 -34.282650
v 134.538900 42.097300 -34.282650
v 134.538900 42.097300 -34.282650
v 87.904200 43.567400 -36.331650
v 87.900900 32.088000 -23.730650
v 86.819400 33.173300 -32.916250
v 88.084900 31.481100 -32.595250
v 87.900900 32.088000 -23.730650
v 86.819400 33.173300 -32.916250
v 133.831400 39.425200 -34.260550
v 87.510900 43.374000 -34.878250
v 133.831400 39.425200 -34.260550
v 81.580800 40.084500 -23.355050
v 77.877900 40.223400 -21.945050
v 81.580800 40.084500 -23.355050
v 81.580800 40.084500 -23.355050
v 87.904200 43.567400 -36.331650
v 87.510900 43.374000 -34.878250
v 97.481400 35.861600 -33.087650
v 124.517000 81.857600 -27.384650
v 133.826500 64.994700 -36.738550
v 128.275500 80.801000 -36.299850
v 135.639900 76.064600 -32.961850
v 135.276200 79.955900 -36.113450
v 124.646400 77.905100 -36.466750
v 125.314700 78.857700 -34.922150
v 126.249500 79.591800 -28.129550
v 129.603900 82.391700 -33.665150
v 134.761900 80.951500 -35.658850
v 129.576400 81.641500 -28.082150
v 135.276200 79.955900 -36.113450
v 134.381400 80.346100 -27.248550
v 127.667700 77.368700 -24.114150
v 130.275300 75.639100 -25.326650
v 135.719000 77.416100 -28.577050
v 126.249500 79.591800 -28.129550
v 129.576400 81.641500 -28.082150
v 134.381400 80.346100 -27.248550
v 122.460100 84.626900 -33.867450
v 124.517000 81.857600 -27.384650
v 113.561900 84.527400 -36.360050
v 125.314700 78.857700 -34.922150
v 122.460100 84.626900 -33.867450
v 124.517000 81.857600 -27.384650
v 121.747300 84.769000 -36.189850
v 124.646400 77.905100 -36.466750
v 113.561900 84.527400 -36.360050
v 102.167300 84.776800 -36.145750
v 101.909500 64.664400 -36.574750
v 133.440300 66.150600 -26.710450
v 134.171300 63.800400 -35.906350
v 135.311800 58.565100 -30.195250
v 133.826500 64.994700 -36.738550
v 133.826500 64.994700 -36.738550
v 125.873500 64.283200 -34.249050
v 133.826500 64.994700 -36.738550
v 134.171300 63.800400 -35.906350
v 134.171300 63.800400 -35.906350
v 133.338700 63.164300 -36.449750
v 136.097100 55.701600 -36.339950
v 125.873500 64.283200 -34.249050
v 121.669900 64.419800 -36.406350
v 94.434000 66.853000 -36.700250
v 101.354000 64.700200 -32.914850
v 101.354000 64.700200 -32.914850
v 96.635200 64.932200 -36.096450
v 101.909500 64.664400 -36.574750
v 101.354000 64.700200 -32.914850
v 101.909500 64.664400 -36.574750
v 102.068100 61.787300 -36.430750
v 104.671300 151.693900 39.380350
v 109.682700 144.944000 31.295550
v 109.682700 144.944000 31.295550
v 103.073000 148.538600 31.244050
v 103.073000 148.538600 31.244050
v 88.624600 167.600900 40.401850
v 90.814800 166.985100 32.354550
v 87.174000 167.014500 32.105350
v 81.085100 167.384300 40.690050
v 63.735000 167.242900 40.488850
v 84.123400 167.900300 31.977250
v 117.270900 125.950900 30.057450
v 117.270900 125.950900 30.057450
v 115.772600 131.580700 38.182850
v 111.863400 132.760300 30.350050
v 97.642800 103.528000 36.141950
v 102.923700 149.217900 22.635750
v 71.043800 175.365600 32.151650
v 72.806900 167.371000 29.404650
v 75.948200 172.773500 25.447450
v 72.806900 167.371000 29.404650
v 72.806900 167.371000 29.404650
v 111.863400 132.760300 30.350050
v 71.043800 175.365600 32.151650
v 117.379000 117.730200 20.275450
v 75.948200 172.773500 25.447450
v 81.551000 168.388100 22.656850
v 84.123400 167.900300 31.977250
v 76.851200 167.406400 23.540450
v 81.551000 168.388100 22.656850
v 81.551000 168.388100 22.656850
v 120.123400 112.167100 36.818950
v 120.123400 112.167100 36.818950
v 121.579300 105.055600 29.396750
v 119.901100 105.187500 29.044250
v 119.901100 105.187500 29.044250
v 115.772600 131.580700 38.182850
v 70.025700 135.816500 38.964550
v 72.806900 167.371000 29.404650
v 76.851200 167.406400 23.540450
v 88.624600 167.600900 40.401850
v 90.814800 166.985100 32.354550
v 87.174000 167.014500 32.105350
v 104.671300 151.693900 39.380350
v 87.174000 167.014500 32.105350
v 81.085100 167.384300 40.690050
v 101.525300 153.140100 3.135650
v 18.462600 166.041900 41.703250
v 63.735000 167.242900 40.488850
v 67.181400 178.611800 41.763050
v 67.534700 180.030800 33.121650
v 58.916400 182.072600 42.209850
v 62.812000 172.586500 41.396750
v 67.181400 178.611800 41.763050
v 62.812000 172.586500 41.396750
v 67.181400 178.611800 41.763050
v 58.916400 182.072600 42.209850
v 63.735000 167.242900 40.488850
v 68.695100 174.536200 35.332850
v -24.904700 153.532900 32.750950
v 13.019700 162.584400 41.537550
v -10.494400 167.276100 42.224450
v -8.445700 190.749800 34.277150
v 6.737300 190.767900 34.366250
v 15.123700 154.176900 41.445850
v 15.778700 164.519000 39.036550
v 10.950100 169.452000 42.173050
v 15.778700 164.519000 39.036550
v 15.778700 164.519000 39.036550
v 15.123700 154.176900 41.445850
v 40.843700 151.608400 41.229950
v 15.123700 154.176900 41.445850
v 42.203400 150.878000 33.550150
v 21.622200 153.932100 33.497350
v -10.460700 188.757100 43.615150
v 6.737300 190.767900 34.366250
v -8.445700 190.749800 34.277150
v 41.209500 186.260200 42.858950
v 9.499600 189.050500 43.627850
v 41.209500 186.260200 42.858950
v 9.499600 189.050500 43.627850
v 25.012100 188.351600 34.990750
v 21.622200 153.932100 33.497350
v -24.904700 153.532900 32.750950
v -10.460700 188.757100 43.615150
v 40.843700 151.608400 41.229950
v 25.012100 188.351600 34.990750
v 57.155200 181.831500 27.549150
v 25.012100 188.351600 34.990750
v 34.363400 188.066200 1.518250
v 78.406000 173.065400 11.755150
v 42.767500 185.051400 34.007750
v 42.767500 185.051400 34.007750
v 51.897200 185.115500 34.034850
v 51.897200 185.115500 34.034850
v 78.769300 170.936500 -21.516650
v 63.641300 167.169900 -40.331850
v 62.719200 172.450700 -41.334450
v 62.719200 172.450700 -41.334450
v 56.249800 182.839600 -42.299650
v 67.181400 178.611800 -41.688750
v 67.181400 178.611800 -41.688750
v 68.695100 174.536200 -35.258550
v 71.119400 175.384900 -32.269550
v 67.181400 178.611800 -41.688750
v 67.385700 180.047800 -33.072350
v 71.119400 175.384900 -32.269550
v 67.385700 180.047800 -33.072350
v 71.119400 175.384900 -32.269550
v 48.252900 185.188700 -33.735250
v 71.119400 175.384900 -32.269550
v 72.035800 175.882700 -20.331750
v 78.769300 170.936500 -21.516650
v 50.730300 183.976500 -20.602250
v 26.754400 188.788500 -20.331750
v 7.064500 190.738600 -20.331750
v 50.730300 183.976500 -20.602250
v 26.754400 188.788500 -20.331750
v 48.252900 185.188700 -33.735250
v 39.119300 186.893400 -40.864450
v 48.252900 185.188700 -33.735250
v 29.676500 187.739600 -34.637250
v 29.676500 187.739600 -34.637250
v 7.064500 190.738600 -20.331750
v 71.043800 175.365600 32.151650
v 83.672800 169.178100 3.483550
v 81.855700 167.497500 10.065650
v 81.855700 167.497500 10.065650
v 58.032700 181.409900 33.174050
v 56.249800 182.839600 -42.299650
v 58.032700 181.409900 33.174050
v 67.534700 180.030800 33.121650
v 71.043800 175.365600 32.151650
v 72.035800 175.882700 -20.331750
v 65.447000 70.924900 23.710750
v 53.018900 70.744800 24.881050
v 65.447000 70.924900 23.710750
v 64.632500 72.081600 26.956450
v 65.447000 70.924900 23.710750
v 72.683600 68.418300 23.663350
v 69.855800 73.283200 25.325450
v 72.683600 68.418300 23.663350
v 72.763100 64.456800 20.307250
v 74.219500 73.915300 23.308550
v 74.219500 73.915300 23.308550
v 64.632500 72.081600 26.956450
v 64.632500 72.081600 26.956450
v 69.682700 78.829400 27.148650
v 59.601100 78.954700 26.835650
v 50.748100 79.788800 25.645750
v 62.662500 84.174700 26.129650
v 48.490000 83.303900 24.674150
v 48.490000 83.303900 24.674150
v 43.035700 72.483500 27.330450
v 38.053500 70.942700 27.455150
v 69.558300 78.609000 24.875550
v 66.565500 80.857900 23.913950
v 62.662500 84.174700 26.129650
v 69.855800 73.283200 25.325450
v 69.558300 78.609000 24.875550
v 69.855800 73.283200 25.325450
v 69.855800 73.283200 25.325450
v 69.682700 78.829400 27.148650
v 69.558300 78.609000 24.875550
v 73.352300 83.163400 24.047750
v 73.352300 83.163400 24.047750
v 43.196100 78.995000 30.406050
v 42.322800 79.603200 27.115150
v 43.196100 78.995000 30.406050
v 43.371300 73.367400 30.681250
v 42.322800 79.603200 27.115150
v 53.018900 70.744800 24.881050
v 43.035700 72.483500 27.330450
v 36.819400 84.834700 30.505850
v 38.831600 83.676900 28.596350
v 37.589700 80.873600 29.410750
v 37.589700 80.873600 29.410750
v 39.823500 80.846500 25.633450
v 43.196100 78.995000 30.406050
v 26.022200 80.536000 30.019750
v 38.831600 83.676900 28.596350
v 37.589700 80.873600 29.410750
v 26.278000 84.028400 30.618950
v 26.278000 84.028400 30.618950
v 43.371300 73.367400 30.681250
v 36.843700 72.234200 29.742650
v 43.035700 72.483500 27.330450
v 25.069100 71.685400 31.949650
v 25.225300 84.711800 32.768850
v 26.278000 84.028400 30.618950
v 26.022200 80.536000 30.019750
v 24.474400 70.737700 29.060950
v 42.322800 79.603200 27.115150
v 43.035700 72.483500 27.330450
v 38.831600 83.676900 28.596350
v 38.053500 70.942700 27.455150
v 44.733700 56.328300 28.792850
v 71.718100 57.310500 26.446750
v 72.686000 56.425100 26.899250
v 72.805000 49.323000 21.537950
v 51.470600 43.536600 21.183150
v 60.995500 49.177000 21.969450
v 59.009300 48.700800 26.578250
v 43.514100 49.259300 21.120450
v 65.374400 56.360000 27.680750
v 71.796600 53.420100 27.945350
v 25.069100 71.685400 31.949650
v 26.656600 48.661200 30.040950
v 44.447500 48.390800 28.760450
v 41.076100 56.343800 30.340250
v 33.888100 48.001300 30.574250
v 44.733700 56.328300 28.792850
v 44.724400 49.908300 30.601350
v 72.805000 49.323000 21.537950
v 71.718100 57.310500 26.446750
v 24.898100 57.040700 30.488950
v 72.140100 48.782500 27.329650
v 69.164400 48.146900 27.919050
v 69.164400 48.146900 27.919050
v 72.805000 49.323000 21.537950
v 72.140100 48.782500 27.329650
v -4.727300 49.079300 24.821350
v 10.592100 49.011100 24.927250
v 23.739500 48.313500 33.172850
v 44.447500 48.390800 28.760450
v 45.924100 49.177300 28.413050
v 44.724400 49.908300 30.601350
v 43.514100 49.259300 21.120450
v 44.843400 43.300400 21.200150
v 35.180900 40.158000 21.254250
v 27.030300 43.733100 22.275250
v 21.483600 49.147400 22.606750
v 12.816400 42.959300 23.386050
v 10.592100 49.011100 24.927250
v 3.405200 45.420000 25.559750
v -4.727300 49.079300 24.821350
v 25.069100 71.685400 31.949650
v 60.484000 49.261800 27.916650
v -13.964300 48.776200 32.427750
v -13.964300 48.776200 32.427750
v 45.924100 49.177300 28.413050
v 36.983800 49.184800 22.332350
v 36.983800 49.184800 22.332350
v 21.483600 49.147400 22.606750
v 23.739500 48.313500 33.172850
v 24.920300 60.779400 32.342950
v 23.739500 48.313500 33.172850
v 25.105900 49.743400 30.842750
v 23.381500 55.256100 32.918750
v 24.898100 57.040700 30.488950
v 60.995500 49.177000 21.969450
v 74.181900 48.820600 17.796850
v 25.225300 84.711800 32.768850
v 11.353000 85.820300 32.620550
v 25.105900 49.743400 30.842750
v 26.656600 48.661200 30.040950
v 43.319700 59.255200 24.598250
v 71.718100 57.310500 26.446750
v 66.840500 59.186900 24.990950
v 57.772000 60.766300 27.264350
v 43.319700 59.255200 24.598250
v 66.840500 59.186900 24.990950
v 25.189200 59.114300 28.841450
v 25.189200 59.114300 28.841450
v 24.920300 60.779400 32.342950
v 36.060600 59.625400 29.293350
v 25.189200 59.114300 28.841450
v 25.141200 68.201700 29.726150
v 24.920300 60.779400 32.342950
v 40.076200 68.157500 28.455450
v 45.085600 66.162300 30.023850
v 44.655300 67.318000 26.350350
v 43.679300 62.306700 31.153150
v 45.456400 65.060600 27.759650
v 54.649900 68.702600 23.195350
v 54.649900 68.702600 23.195350
v 44.655300 67.318000 26.350350
v 54.784200 67.278800 24.801550
v 38.987700 69.098100 24.947450
v 45.456400 65.060600 27.759650
v 54.300000 65.007000 27.444950
v 45.456400 65.060600 27.759650
v 43.065400 61.114900 27.384450
v 43.065400 61.114900 27.384450
v 43.319700 59.255200 24.598250
v 41.076100 56.343800 30.340250
v 43.065400 61.114900 27.384450
v 43.065400 61.114900 27.384450
v 25.141200 68.201700 29.726150
v 41.810600 66.414900 30.960650
v 36.925400 66.513800 29.372450
v 38.987700 69.098100 24.947450
v 38.987700 69.098100 24.947450
v 36.060600 59.625400 29.293350
v 70.132300 67.117300 25.251150
v 72.306100 63.396400 28.531950
v 72.683600 68.418300 23.663350
v 73.419400 61.021000 25.171550
v 73.419400 61.021000 25.171550
v 43.065400 61.114900 27.384450
v 41.076100 56.343800 30.340250
v 25.141200 68.201700 29.726150
v 73.419400 61.021000 25.171550
v 75.174800 114.487300 23.352650
v 75.174800 114.487300 23.352650
v 73.139600 121.230600 24.335550
v 73.139600 121.230600 24.335550
v 79.492300 85.210000 28.793950
v 78.272900 94.758400 25.053550
v 80.352900 103.760300 20.176250
v 79.527600 103.853600 36.884750
v 77.041100 112.026000 25.373950
v 58.217200 112.984300 31.191950
v 67.828500 117.232200 30.901050
v 72.057000 112.704500 23.478150
v 73.139600 121.230600 24.335550
v 67.497100 115.793100 26.617150
v 67.497100 115.793100 26.617150
v 67.163000 113.174300 24.110550
v 72.057000 112.704500 23.478150
v 70.025700 135.816500 38.964550
v 74.358100 98.823100 22.960450
v 78.669200 111.727900 19.952450
v 72.998400 107.217600 23.773150
v 74.106000 106.208600 19.914150
v 74.062000 94.494600 19.992850
v 74.358100 98.823100 22.960450
v 75.387000 103.516000 25.060150
v 75.387000 103.516000 25.060150
v 74.358100 98.823100 22.960450
v 75.387000 103.516000 25.060150
v 75.037500 101.748600 21.150050
v 78.370600 103.485500 26.604250
v 67.163000 113.174300 24.110550
v 78.370600 103.485500 26.604250
v 74.106000 106.208600 19.914150
v 75.037500 101.748600 21.150050
v 80.352900 103.760300 20.176250
v 78.370600 103.485500 26.604250
v 80.352900 103.760300 20.176250
v 75.037500 101.748600 21.150050
v 75.037500 101.748600 21.150050
v 63.550300 105.628500 24.681550
v 75.387000 103.516000 25.060150
v 66.853800 138.130000 30.640050
v 70.025700 135.816500 38.964550
v 70.262000 136.785000 28.530950
v 75.254400 122.376200 37.454850
v 70.262000 136.785000 28.530950
v 70.946800 124.266800 28.829750
v 72.712200 130.420700 28.714950
v 70.262000 136.785000 28.530950
v 66.853800 138.130000 30.640050
v 75.254400 122.376200 37.454850
v 72.712200 130.420700 28.714950
v 78.669200 111.727900 19.952450
v 73.748100 112.767200 19.527550
v 73.748100 112.767200 19.527550
v 75.174800 114.487300 23.352650
v 73.748100 112.767200 19.527550
v 78.669200 111.727900 19.952450
v 79.527600 103.853600 36.884750
v 74.231100 125.607200 26.452650
v 74.231100 125.607200 26.452650
v 76.319900 89.722100 21.073450
v 76.497100 85.688500 25.619150
v 76.497100 85.688500 25.619150
v 74.231100 125.607200 26.452650
v 76.497100 85.688500 25.619150
v 76.319900 89.722100 21.073450
v 76.497100 85.688500 25.619150
v 74.108600 91.759100 22.946850
v 74.108600 91.759100 22.946850
v 74.062000 94.494600 19.992850
v 74.062000 94.494600 19.992850
v 74.028400 90.340600 19.851750
v 76.319900 89.722100 21.073450
v 74.062000 94.494600 19.992850
v 74.028400 90.340600 19.851750
v 78.329800 77.870000 11.802050
v 84.460100 76.787000 16.744950
v 92.967400 77.097300 12.169950
v 77.604100 80.674300 10.559350
v 89.492100 84.883100 18.120950
v 84.386900 89.855800 20.114750
v 73.922100 69.205900 13.845450
v 90.936700 84.503000 24.223450
v 76.128300 76.319500 11.783350
v 90.936700 84.503000 24.223450
v 76.128300 76.319500 11.783350
v 79.060200 72.593600 20.436150
v 75.125000 69.923100 11.675550
v 77.324900 67.104200 21.745650
v 82.226900 69.365100 24.730350
v 77.324900 67.104200 21.745650
v 77.127600 65.316000 24.094050
v 79.060200 72.593600 20.436150
v 75.356300 55.770400 10.046750
v 77.127600 65.316000 24.094050
v 75.356300 55.770400 10.046750
v 86.166600 88.073800 8.943950
v 77.114000 89.835300 11.850650
v 86.166600 88.073800 8.943950
v 87.072400 89.499400 12.161550
v 76.799300 65.201800 10.346750
v 76.799300 65.201800 10.346750
v 76.799300 65.201800 10.346750
v 77.114000 89.835300 11.850650
v 86.166600 88.073800 8.943950
v 91.667100 76.558600 22.529150
v 92.967400 77.097300 12.169950
v 91.667100 76.558600 22.529150
v 92.967400 77.097300 12.169950
v 90.008200 73.104000 30.603950
v 91.667100 76.558600 22.529150
v 85.918200 75.836500 22.518350
v 85.918200 75.836500 22.518350
v 84.987500 84.839200 21.079550
v 90.936700 84.503000 24.223450
v 81.448800 84.854100 24.001450
v 79.492300 85.210000 28.793950
v 84.386900 89.855800 20.114750
v 88.159400 89.288600 17.491350
v 92.367200 84.373400 12.089350
v 84.987500 84.839200 21.079550
v 92.367200 84.373400 12.089350
v 89.492100 84.883100 18.120950
v 88.159400 89.288600 17.491350
v 89.492100 84.883100 18.120950
v 54.433000 105.533500 25.793050
v 62.662500 84.174700 26.129650
v 62.488800 108.747000 26.208650
v 62.662500 84.174700 26.129650
v 54.558300 85.675700 24.632650
v 54.685300 84.486600 25.922850
v 54.558300 85.675700 24.632650
v 54.285100 105.937800 23.926450
v 35.082400 85.837800 25.164750
v 54.558300 85.675700 24.632650
v 54.685300 84.486600 25.922850
v 38.831600 83.676900 28.596350
v 36.708400 93.049700 29.472150
v 35.082400 85.837800 25.164750
v 36.819400 84.834700 30.505850
v 36.819400 84.834700 30.505850
v 35.082400 85.837800 25.164750
v 63.558700 85.149600 24.121850
v 54.685300 84.486600 25.922850
v 63.558700 85.149600 24.121850
v 38.080000 106.046300 29.845850
v 40.593000 106.298000 26.390850
v 28.257600 87.391300 29.836050
v 36.708400 93.049700 29.472150
v 26.209200 106.695900 29.313650
v 36.534500 103.541800 29.504050
v 38.080000 106.046300 29.845850
v 36.534500 103.541800 29.504050
v 35.316000 104.901100 25.768250
v 26.278000 84.028400 30.618950
v 25.225300 84.711800 32.768850
v 25.537800 86.357500 28.108950
v 25.225300 84.711800 32.768850
v 25.537800 86.357500 28.108950
v 28.257600 87.391300 29.836050
v 35.316000 104.901100 25.768250
v 40.593000 106.298000 26.390850
v 35.316000 104.901100 25.768250
v 27.865300 92.678200 27.998850
v 40.593000 106.298000 26.390850
v 40.593000 106.298000 26.390850
v 54.285100 105.937800 23.926450
v 54.285100 105.937800 23.926450
v 28.471200 105.627200 29.736450
v 28.471200 105.627200 29.736450
v 27.865300 92.678200 27.998850
v 26.117400 113.345200 32.671350
v 26.209200 106.695900 29.313650
v 28.471200 105.627200 29.736450
v 26.209200 106.695900 29.313650
v 26.117400 113.345200 32.671350
v 54.433000 105.533500 25.793050
v 41.057400 131.641500 34.738050
v 43.943400 140.381100 33.698650
v 44.179500 130.021200 31.345950
v 45.337900 140.823000 31.688450
v 44.179500 130.021200 31.345950
v 58.451500 112.988700 26.765950
v 62.715700 112.999800 30.511750
v 58.451500 112.988700 26.765950
v 50.458300 108.928700 25.565750
v 40.672500 113.114700 27.391850
v 37.072900 109.173900 28.268150
v 37.072900 109.173900 28.268150
v 40.672500 113.114700 27.391850
v 37.072900 109.173900 28.268150
v 40.593000 106.298000 26.390850
v 43.780200 125.911700 34.715150
v 26.209200 106.695900 29.313650
v 37.072900 109.173900 28.268150
v 45.261600 148.771700 32.455250
v 0.244600 113.433900 32.348150
v 0.639300 114.132200 35.176150
v 26.117400 113.345200 32.671350
v 19.916600 113.792900 35.751050
v 26.192900 111.111600 30.633650
v 26.209200 106.695900 29.313650
v 26.192900 111.111600 30.633650
v 43.780200 125.911700 34.715150
v 66.922500 112.877500 30.181650
v 62.715700 112.999800 30.511750
v 54.250700 145.345300 30.860650
v 43.660000 114.262800 31.934950
v 26.117400 113.345200 32.671350
v 32.846500 113.302800 30.624850
v 54.250700 145.345300 30.860650
v 45.261600 148.771700 32.455250
v 36.813800 113.970200 35.033950
v 42.203400 150.878000 33.550150
v 38.080000 106.046300 29.845850
v 38.080000 106.046300 29.845850
v 36.742900 112.973700 30.230450
v 43.554400 113.376200 30.968350
v 44.176800 114.680700 35.518350
v 40.672500 113.114700 27.391850
v 44.176800 114.680700 35.518350
v 36.813800 113.970200 35.033950
v 19.916600 113.792900 35.751050
v 62.864500 111.636100 26.606950
v 62.864500 111.636100 26.606950
v 62.488800 108.747000 26.208650
v 50.458300 108.928700 25.565750
v 0.639300 114.132200 35.176150
v 43.660000 114.262800 31.934950
v 78.596900 64.917200 25.965450
v 78.596900 64.917200 25.965450
v 85.122300 64.869300 27.091550
v 89.078300 62.999800 26.303750
v 85.122300 64.869300 27.091550
v 85.673000 65.439200 30.420350
v 89.078300 62.999800 26.303750
v 75.385200 58.019900 37.068250
v 77.010200 57.567300 33.407750
v 75.385200 58.019900 37.068250
v 75.385200 58.019900 37.068250
v 86.122100 54.991000 37.353450
v 86.043600 44.877700 36.995850
v 86.934100 55.329100 36.575250
v 88.076900 49.625100 36.725450
v 88.156800 52.494600 35.803850
v 88.156800 52.494600 35.803850
v 135.311800 58.565100 30.269550
v 134.765300 44.021300 -30.719150
v 135.311800 58.565100 -30.195250
v 133.719900 65.833700 26.922650
v 88.076900 49.625100 36.725450
v 89.078300 62.999800 26.303750
v 87.702500 65.152800 30.531050
v 80.092200 64.896600 36.957450
v 88.156800 52.494600 35.803850
v 85.972200 64.845900 37.206850
v 102.070300 61.831400 36.501450
v 80.092200 64.896600 36.957450
v 85.673000 65.439200 30.420350
v 80.092200 64.896600 36.957450
v 85.972200 64.845900 37.206850
v 86.655100 64.687100 36.264950
v 87.702500 65.152800 30.531050
v 89.078300 62.999800 26.303750
v 96.635200 64.932200 36.170750
v 99.838700 65.159700 33.527750
v 99.838700 65.159700 33.527750
v 99.838700 65.159700 33.527750
v 102.070300 61.831400 36.501450
v 101.799000 64.691200 36.580350
v 101.799000 64.691200 36.580350
v 134.835500 44.192500 30.850350
v 133.823200 39.711500 -27.778050
v 133.823200 39.711500 -27.778050
v 133.823200 39.711500 27.852350
v 130.965200 39.723000 -26.938150
v 133.823200 39.711500 -27.778050
v 86.598400 40.641400 34.843850
v 88.367600 39.926200 33.534550
v 87.548600 43.440900 34.969450
v 86.598400 40.641400 34.843850
v 86.043600 44.877700 36.995850
v 87.548600 43.440900 34.969450
v 87.548600 43.440900 34.969450
v 88.003200 43.630300 36.422650
v 88.003200 43.630300 36.422650
v 87.548600 43.440900 34.969450
v 88.003200 43.630300 36.422650
v 130.965200 39.723000 27.012450
v 133.823200 39.711500 27.852350
v 134.565400 42.101300 34.371650
v 134.565400 42.101300 34.371650
v 129.874800 39.188600 32.610650
v 129.825600 32.734900 32.482150
v 129.874800 39.188600 32.610650
v 133.911100 39.463200 34.344750
v 133.911100 39.463200 34.344750
v 132.798000 42.633400 36.153650
v 130.965200 39.723000 27.012450
v 130.766300 38.968700 31.654750
v 130.965200 39.723000 27.012450
v 133.823200 39.711500 27.852350
v 130.766300 38.968700 31.654750
v 134.168000 63.824800 35.978650
v 135.311800 58.565100 30.269550
v 136.097100 55.701600 36.414250
v 133.911100 39.463200 34.344750
v 133.823200 39.711500 27.852350
v 134.565400 42.101300 34.371650
v 134.835500 44.192500 30.850350
v 136.266000 52.245400 36.387350
v 128.933100 58.981900 36.816250
v 136.266000 52.245400 36.387350
v 132.798000 42.633400 36.153650
v 136.002500 42.835500 35.973550
v 136.002500 42.835500 35.973550
v 124.649400 77.944300 36.544850
v 121.809200 84.717300 36.218150
v 113.707700 84.535000 36.434550
v 123.098000 64.757100 36.566050
v 101.799000 64.691200 36.580350
v 103.061000 84.928200 36.020650
v 123.825500 63.943100 35.306550
v 91.667100 76.558600 22.529150
v 90.619500 75.900800 29.712550
v 90.951600 84.625000 31.806150
v 122.468600 84.644200 33.893950
v 133.338700 63.164300 36.524050
v 123.825500 63.943100 35.306550
v 133.568100 65.140300 36.902250
v 100.524100 84.264000 34.852750
v 95.044300 84.784800 36.891050
v 95.845300 84.381200 32.163250
v 90.951600 84.625000 31.806150
v 95.044300 84.784800 36.891050
v 80.667800 85.035400 37.226850
v 80.667800 85.035400 37.226850
v 80.667800 85.035400 37.226850
v 100.524100 84.264000 34.852750
v 95.845300 84.381200 32.163250
v 91.418700 72.814900 35.967050
v 90.391100 81.792200 32.696450
v 90.951600 84.625000 31.806150
v 96.207700 75.002200 36.187450
v 87.664000 70.068200 33.617950
v 103.061000 84.928200 36.020650
v 113.707700 84.535000 36.434550
v 79.527600 103.853600 36.884750
v 134.168000 63.824800 35.978650
v 134.168000 63.824800 35.978650
v 87.664000 70.068200 33.617950
v 85.673000 65.439200 30.420350
v 94.434000 66.853000 36.774550
v 121.809200 84.717300 36.218150
v 122.468600 84.644200 33.893950
v 121.809200 84.717300 36.218150
v 121.924300 89.904500 28.863150
v 124.517000 81.857600 27.458950
v 127.265000 81.632100 21.883650
v 124.024300 84.926900 0.526750
v 123.424600 84.725700 21.546150
v 135.273200 79.989800 36.186050
v 126.235700 79.580200 28.166250
v 127.853700 77.202500 24.116450
v 124.517000 81.857600 27.458950
v 127.853700 77.202500 24.116450
v 124.517000 81.857600 27.458950
v 127.265000 81.632100 21.883650
v 123.424600 84.725700 21.546150
v 127.853700 77.202500 24.116450
v 123.424600 84.725700 21.546150
v 133.568100 65.140300 36.902250
v 133.568100 65.140300 36.902250
v 135.639900 76.064600 33.036150
v 133.719900 65.833700 26.922650
v 121.924300 89.904500 28.863150
v 135.720900 77.414200 28.650450
v 135.273200 79.989800 36.186050
v 120.573800 92.923800 19.724750
v 128.275500 80.801000 36.374150
v 125.305900 78.879200 34.924150
v 126.235700 79.580200 28.166250
v 129.576400 81.641500 28.156450
v 129.602300 82.390500 33.740050
v 119.078600 103.874500 37.062250
v 121.579300 105.055600 29.396750
v 121.976600 102.656100 36.879250
v 121.976600 102.656100 36.879250
v 134.026100 79.213500 -21.866150
v 127.265000 81.632100 -21.809350
v 134.026100 79.213500 21.940450
v 132.046400 70.820100 -21.775050
v 134.026100 79.213500 -21.866150
v 124.024300 84.926900 0.526750
v 123.424600 84.725700 -21.471850
v 123.424600 84.725700 -21.471850
v 127.265000 81.632100 -21.809350
v 134.026100 79.213500 -21.866150
v 127.667700 77.368700 -24.114150
v 132.046400 70.820100 -21.775050
v 130.275300 75.639100 -25.326650
v 132.046400 70.820100 -21.775050
v 123.424600 84.725700 -21.471850
v 123.424600 84.725700 -21.471850
v 127.667700 77.368700 -24.114150
v 132.046400 70.820100 21.849350
v 133.440300 66.150600 -26.710450
v 133.440300 66.150600 -26.710450
v 121.579300 105.055600 29.396750
v 134.761900 80.951500 35.733150
v 119.078600 103.874500 37.062250
v 134.348000 80.351200 27.302750
v 121.976600 102.656100 36.879250
v 121.579300 105.055600 29.396750
v 119.078600 103.874500 37.062250
v 121.924300 89.904500 28.863150
v 134.026100 79.213500 21.940450
v 130.278800 75.650600 25.390250
v 132.046400 70.820100 21.849350
v 132.046400 70.820100 21.849350
v 134.026100 79.213500 21.940450
v 130.278800 75.650600 25.390250
v 124.649400 77.944300 36.544850
v 129.576400 81.641500 28.156450
v 134.348000 80.351200 27.302750
v 133.719900 65.833700 26.922650
v 125.305900 78.879200 34.924150
v 81.224200 10.137400 23.564150
v 82.872200 8.976100 19.319650
v 81.224200 10.137400 23.564150
v 73.668500 10.110900 23.805650
v 82.872200 8.976100 19.319650
v 73.668500 10.110900 23.805650
v 84.958500 10.593700 24.453150
v 84.765500 17.528200 23.086950
v 91.239400 18.198900 26.039850
v 85.690000 9.835300 26.348650
v 120.631600 26.496700 26.212350
v 107.105600 18.375600 25.791150
v 84.958500 10.593700 24.453150
v 88.868900 8.043600 26.789650
v 84.765500 17.528200 23.086950
v 84.765500 17.528200 23.086950
v 84.209200 16.972100 29.435050
v 84.765500 17.528200 23.086950
v 86.920300 17.659000 29.552850
v 87.607600 20.827800 18.047250
v 84.765500 17.528200 23.086950
v 87.607600 20.827800 18.047250
v 92.350400 20.262800 21.213650
v 87.607600 20.827800 18.047250
v 92.350400 20.262800 21.213650
v 95.815800 17.571000 31.793650
v 93.465100 19.859600 25.273950
v 93.465100 19.859600 25.273950
v 92.350400 20.262800 21.213650
v 92.361700 20.971900 26.794150
v 92.361700 20.971900 26.794150
v 90.578100 26.847400 21.832350
v 91.668900 27.116300 26.927150
v 91.668900 27.116300 26.927150
v 88.082700 31.461800 32.688850
v 88.877300 31.535900 29.902350
v 91.668900 27.116300 26.927150
v 88.877300 31.535900 29.902350
v 87.881000 32.162200 23.951050
v 88.877300 31.535900 29.902350
v 89.291200 27.472000 29.345750
v 90.578100 26.847400 21.832350
v 90.578100 26.847400 21.832350
v 84.829500 13.527100 31.956950
v 92.082900 10.013800 28.735950
v 93.876800 10.570700 31.694950
v 124.256100 27.160700 28.927950
v 89.291200 27.472000 29.345750
v 89.291200 27.472000 29.345750
v 124.256100 27.160700 28.927950
v 87.881000 32.162200 23.951050
v 86.526400 31.504800 19.979650
v 87.881000 32.162200 23.951050
v 86.526400 31.504800 19.979650
v 126.840800 31.878600 29.656050
v 90.023600 16.873300 32.227250
v 81.709300 32.642400 21.618550
v 84.232000 29.325200 22.263250
v 86.526400 31.504800 19.979650
v 87.881000 32.162200 23.951050
v 90.578100 26.847400 21.832350
v 84.232000 29.325200 22.263250
v 87.881000 32.162200 23.951050
v 73.703800 33.657600 19.389850
v 72.859200 41.510900 20.809450
v 73.703800 33.657600 19.389850
v 81.709300 32.642400 21.618550
v 77.876700 40.297300 22.123050
v 75.878400 43.834800 22.394550
v 75.238400 46.488000 20.332750
v 77.876700 40.297300 22.123050
v 71.390800 42.501800 21.397850
v 72.859200 41.510900 20.809450
v 74.045300 45.211200 20.068450
v 74.045300 45.211200 20.068450
v 72.121200 46.738400 22.235350
v 74.181900 48.820600 17.796850
v 72.805000 49.323000 21.537950
v 74.181900 48.820600 17.796850
v 74.045300 45.211200 20.068450
v 75.331900 51.300100 18.545150
v 72.805000 49.323000 21.537950
v 77.020800 43.809700 30.011350
v 75.878400 43.834800 22.394550
v 51.470600 43.536600 21.183150
v 73.403500 32.052000 21.897950
v 73.703800 33.657600 19.389850
v 81.709300 32.642400 21.618550
v 73.703800 33.657600 19.389850
v 73.403500 32.052000 21.897950
v 73.403500 32.052000 21.897950
v 97.481400 35.861600 33.161950
v 91.253000 32.837800 33.107950
v 121.479800 31.545600 32.320550
v 82.281700 32.471100 23.828950
v 81.709300 32.642400 21.618550
v 83.820100 32.075600 32.658350
v 82.281700 32.471100 23.828950
v 81.576600 40.116300 23.484750
v 82.175400 32.980000 33.612950
v 126.840800 31.878600 29.656050
v 75.807200 59.778600 25.382950
v 75.331900 51.300100 18.545150
v 81.576600 40.116300 23.484750
v 81.576600 40.116300 23.484750
v 77.876700 40.297300 22.123050
v 81.796700 40.644000 34.439850
v 77.641400 41.016100 35.965750
v 75.115200 44.052800 36.939750
v 75.115200 44.052800 36.939750
v 75.115200 44.052800 36.939750
v 75.807200 59.778600 25.382950
v 75.878400 43.834800 22.394550
v 82.175400 32.980000 33.612950
v 81.796700 40.644000 34.439850
v 86.827100 33.234500 33.015550
v 87.881000 32.162200 23.951050
v 88.082700 31.461800 32.688850
v 86.827100 33.234500 33.015550
v 86.827100 33.234500 33.015550
v 86.598400 40.641400 34.843850
v 74.181900 48.820600 17.796850
v 81.796700 40.644000 34.439850
v 77.641400 41.016100 35.965750
v 86.598400 40.641400 34.843850
v 88.367600 39.926200 33.534550
v 87.548600 43.440900 34.969450
v 86.598400 40.641400 34.843850
v 75.115200 44.052800 36.939750
v 86.043600 44.877700 36.995850
v 75.115200 44.052800 36.939750
v 77.641400 41.016100 35.965750
v 86.598400 40.641400 34.843850
v 86.043600 44.877700 36.995850
v 120.172000 26.193600 -20.012150
v 120.491600 26.324900 -26.076850
v 120.491600 26.324900 -26.076850
v 120.172000 26.193600 -20.012150
v 125.040600 27.110400 -22.114450
v 130.965200 39.723000 27.012450
v 129.462600 32.997800 -25.912050
v 130.965200 39.723000 -26.938150
v 124.997500 30.459300 -26.779550
v 125.040600 27.110400 -22.114450
v 124.256100 27.160700 -28.853650
v 128.527700 31.046300 22.053350
v 124.905800 29.978800 -22.502550
v 128.527700 31.046300 -21.979050
v 118.181300 -7.655900 27.931250
v 118.733400 7.503200 22.950050
v 118.550600 8.615500 28.790250
v 116.647900 8.447100 28.334650
v 124.256100 27.160700 -28.853650
v 125.301100 8.058600 19.434850
v 118.733400 7.503200 22.950050
v 124.184400 16.511000 19.617650
v 125.301100 8.058600 19.434850
v 116.647900 8.447100 28.334650
v 118.550600 8.615500 28.790250
v 125.682900 8.391200 27.324250
v 125.682900 8.391200 27.324250
v 120.728700 18.153000 -19.144250
v 120.728700 18.153000 19.218550
v 124.184400 16.511000 19.617650
v 120.172000 26.193600 20.086450
v 121.425600 18.860100 25.866750
v 124.905800 29.978800 -22.502550
v 125.081100 27.105800 22.490750
v 125.040600 27.110400 -22.114450
v 124.905800 29.978800 -22.502550
v 125.040600 27.110400 -22.114450
v 125.081100 27.105800 22.490750
v 120.172000 26.193600 -20.012150
v 124.905800 29.978800 -22.502550
v 124.997500 30.459300 -26.779550
v 128.527700 31.046300 -21.979050
v 121.425600 18.860100 25.866750
v 129.462600 32.997800 -25.912050
v 120.728700 18.153000 19.218550
v 121.414300 18.313300 22.210550
v 124.184400 16.511000 19.617650
v 125.533700 16.450600 30.700050
v 125.399000 18.037400 26.037450
v 125.533700 16.450600 30.700050
v 125.399000 18.037400 26.037450
v 120.631600 26.496700 26.212350
v 120.172000 26.193600 20.086450
v 121.425600 18.860100 25.866750
v 101.668000 9.005600 31.140350
v 107.723400 10.007600 31.223950
v 107.723400 10.007600 31.223950
v 125.221200 10.551900 30.834050
v 125.221200 10.551900 30.834050
v 125.533700 16.450600 30.700050
v 120.172000 26.193600 20.086450
v 124.905800 29.978800 22.576850
v 124.905800 29.978800 22.576850
v 130.965200 39.723000 -26.938150
v 129.462600 32.997800 -25.912050
v 95.815800 17.571000 31.793650
v 120.172000 26.193600 20.086450
v 125.081100 27.105800 22.490750
v 120.631600 26.496700 26.212350
v 124.905800 29.978800 22.576850
v 125.081100 27.105800 22.490750
v 124.997500 30.459300 26.853850
v 124.256100 27.160700 28.927950
v 124.905800 29.978800 22.576850
v 128.527700 31.046300 22.053350
v 124.997500 30.459300 26.853850
v 129.422100 32.758500 25.970150
v 129.422100 32.758500 25.970150
v 129.422100 32.758500 25.970150
v 121.191900 18.887600 -25.820850
v 121.414300 18.313300 -22.136250
v 120.728700 18.153000 -19.144250
v 120.172000 26.193600 -20.012150
v 126.840800 31.878600 29.656050
v 129.518500 32.267300 29.478150
v 126.649300 31.814400 -29.566350
v 88.852100 31.494500 -29.787350
v 120.491600 26.324900 -26.076850
v 121.479800 31.545600 -32.246250
v 129.825600 32.734900 -32.407850
v 126.649300 31.814400 -29.566350
v 88.852100 31.494500 -29.787350
v 88.084900 31.481100 -32.595250
v 129.522400 32.234300 -29.416650
v 91.253000 32.837800 -33.033650
v 121.191900 18.887600 -25.820850
v 124.256100 27.160700 -28.853650
v 107.196900 18.370400 -25.761650
v 121.191900 18.887600 -25.820850
v 129.822400 39.153200 -32.527450
v 129.822400 39.153200 -32.527450
v 130.766300 38.968700 -31.580450
v 91.260300 18.202300 -25.966350
v 73.668500 10.110900 -23.731350
v 84.705200 17.376600 -23.038750
v 84.705200 17.376600 -23.038750
v 92.304100 20.201300 -21.140550
v 84.705200 17.376600 -23.038750
v 84.705200 17.376600 -23.038750
v 130.766300 38.968700 -31.580450
v 130.965200 39.723000 -26.938150
v 133.823200 39.711500 -27.778050
v 84.705200 17.376600 -23.038750
v 87.572000 20.703300 -17.993450
v 87.572000 20.703300 -17.993450
v 92.304100 20.201300 -21.140550
v 92.361700 20.971900 -26.719850
v 89.234600 27.389200 -29.189650
v 91.618900 27.025200 -26.799950
v 90.597600 26.770200 -21.694650
v 90.597600 26.770200 -21.694650
v 91.618900 27.025200 -26.799950
v 89.234600 27.389200 -29.189650
v 91.618900 27.025200 -26.799950
v 87.900900 32.088000 -23.730650
v 86.489400 31.441600 -19.817750
v 87.900900 32.088000 -23.730650
v 93.422900 19.856100 -25.186550
v 93.422900 19.856100 -25.186550
v 92.304100 20.201300 -21.140550
v 92.361700 20.971900 -26.719850
v 90.597600 26.770200 -21.694650
v 87.900900 32.088000 -23.730650
v 89.234600 27.389200 -29.189650
v 90.597600 26.770200 -21.694650
v 87.900900 32.088000 -23.730650
v 88.852100 31.494500 -29.787350
v 87.572000 20.703300 -17.993450
v 126.649300 31.814400 -29.566350
v 89.673400 -3.801500 -28.100650
v 88.743900 -3.899000 -22.405150
v 88.710400 -0.417200 -27.063450
v 90.997900 10.073200 -29.335650
v 88.372600 7.825500 -26.503950
v 97.110700 8.790900 -28.389550
v 89.673400 -3.801500 -28.100650
v 116.607500 8.610800 -28.278750
v 84.835000 13.126400 -31.619850
v 88.372600 7.825500 -26.503950
v 85.690000 9.835300 -26.274350
v 90.997900 10.073200 -29.335650
v 125.244800 8.103500 -19.137150
v 124.184400 16.511000 19.617650
v 125.301100 8.058600 19.434850
v 118.785700 8.157400 19.502350
v 118.785700 8.157400 -19.428050
v 125.301100 8.058600 19.434850
v 124.184400 16.511000 -19.543350
v 124.184400 16.511000 -19.543350
v 125.244800 8.103500 -19.137150
v 118.785700 8.157400 19.502350
v 119.302900 -18.515600 -18.918650
v 118.785700 8.157400 -19.428050
v 124.184400 16.511000 -19.543350
v 118.785700 8.157400 -19.428050
v 118.733400 7.503200 -22.875750
v 125.244800 8.103500 -19.137150
v 125.399000 18.037400 -25.963150
v 124.184400 16.511000 -19.543350
v 125.367000 16.056300 -30.917150
v 125.399000 18.037400 -25.963150
v 125.682900 8.391200 -27.249950
v 125.367000 16.056300 -30.917150
v 125.244800 8.103500 -19.137150
v 125.682900 8.391200 -27.249950
v 118.484400 8.597000 -28.702850
v 125.186000 10.480600 -30.840950
v 125.186000 10.480600 -30.840950
v 107.721100 9.999700 -31.095850
v 125.367000 16.056300 -30.917150
v 115.992700 -38.101000 -27.543650
v 117.984000 -32.495000 -27.475450
v 118.246200 -32.778600 -25.452350
v 118.019600 -38.041000 -22.575650
v 117.984000 -32.495000 -27.475450
v 117.455400 -44.721000 -27.639050
v 118.328900 -39.064900 -19.704050
v 118.228100 -51.384400 -23.507350
v 89.492000 -30.455500 -27.777250
v 106.418400 -42.310500 -27.856250
v 117.455400 -44.721000 -27.639050
v 117.127400 -51.322900 -27.206450
v 118.118900 -64.668500 -19.360750
v 118.125500 -63.426200 -25.524850
v 117.927000 -74.402900 -19.793650
v 90.055400 -36.540900 -20.720450
v 80.311200 -31.240800 -20.320850
v 86.305800 -42.873900 -20.914550
v 79.652900 -44.474800 -20.721850
v 89.396400 -42.365700 -21.992250
v 90.055400 -36.540900 -20.720450
v 89.492000 -30.455500 -27.777250
v 89.396400 -42.365700 -21.992250
v 89.387200 -55.697600 -27.213350
v 89.387200 -55.697600 -27.213350
v 94.900500 17.617500 -31.685350
v 94.900500 17.617500 -31.685350
v 94.088000 10.584200 -31.632450
v 77.459900 -55.932300 -23.881950
v 80.311200 -31.240800 -20.320850
v 81.333500 -54.357300 -20.920650
v 88.930700 -61.694500 -22.070850
v 88.930700 -61.694500 -22.070850
v 78.413000 -59.400800 -21.226550
v 78.413000 -59.400800 -21.226550
v 116.607500 8.610800 -28.278750
v 101.668000 9.005600 -31.066050
v 107.721100 9.999700 -31.095850
v 97.110700 8.790900 -28.389550
v 118.181300 -7.655900 -27.856950
v 118.484400 8.597000 -28.702850
v 118.733400 7.503200 -22.875750
v 118.785700 8.157400 -19.428050
v 118.010200 -19.726600 -27.676250
v 119.302900 -18.515600 18.992950
v 118.328900 -39.064900 -19.704050
v 119.302900 -18.515600 -18.918650
v 110.426000 -31.061500 -27.717650
v 118.010200 -19.726600 -27.676250
v 117.984000 -32.495000 -27.475450
v 81.224200 10.137400 -23.489850
v 73.668500 10.110900 -23.731350
v 73.274500 9.351300 -14.345150
v 86.904600 17.659100 -29.475350
v 90.023600 16.873300 -32.152950
v 77.868400 -76.578700 -21.133350
v 77.868400 -76.578700 -21.133350
v 84.209200 16.972100 -29.360750
v 84.532900 10.967500 -24.608050
v 81.187500 -22.443600 -20.411750
v 76.065800 -28.163700 -21.862550
v 75.167800 -23.785000 -26.691250
v 78.896000 -18.065600 -20.548750
v 86.794900 -20.767200 -20.936350
v 89.376200 -16.789800 -21.868450
v 89.376200 -16.789800 -21.868450
v 76.065800 -28.163700 -21.862550
v 81.187500 -22.443600 -20.411750
v 78.896000 -18.065600 -20.548750
v 81.224200 10.137400 -23.489850
v 84.532900 10.967500 -24.608050
v 85.155000 10.385300 -22.552750
v 83.421700 8.832200 -19.133450
v 85.155000 10.385300 -22.552750
v 89.203400 7.232700 -21.675650
v 73.268000 -17.091100 -24.438850
v 61.129700 -87.567200 -22.932050
v 60.277100 -76.842900 -21.546950
v 62.719300 -77.226500 -24.529150
v 67.686500 -90.484500 -26.749950
v 72.207300 -79.504700 -26.114350
v 75.710100 -83.989900 -23.975450
v 71.019300 -77.785300 -23.174750
v 62.719300 -77.226500 -24.529150
v 65.554800 -75.059500 -26.146950
v 69.704800 -76.769300 -26.500650
v 71.019300 -77.785300 -23.174750
v 73.501500 -76.773400 -25.977450
v 77.868400 -76.578700 -21.133350
v 59.555000 -88.264900 -17.012450
v 62.373100 -87.847000 -12.449450
v 50.704500 -70.841700 -11.926450
v 59.460400 -63.988700 -11.362650
v 59.812300 -97.982200 -11.543450
v 62.373100 -87.847000 -12.449450
v 60.075200 -54.891700 -20.174950
v 63.378300 -48.791200 -25.038050
v 70.262900 -53.109800 -27.168650
v 77.061500 -30.964500 -25.498050
v 62.512100 -2.312100 -11.267350
v 63.297400 -14.474500 -12.386650
v 63.844100 -18.733600 -11.945050
v 72.910300 -32.724800 -27.148050
v 73.501500 -76.773400 -25.977450
v 55.836800 -55.561400 -12.243150
v 59.460400 -63.988700 -11.362650
v 62.324300 -39.970300 -12.423550
v 60.917600 -48.696500 -15.276250
v 62.843600 -17.877200 -18.671550
v 60.532700 -50.635700 -22.419150
v 59.170600 -27.800600 -11.605250
v 56.211000 2.024300 -12.538950
v 62.512100 -2.312100 -11.267350
v 62.512100 -2.312100 -11.267350
v 63.844100 -18.733600 -11.945050
v 59.935500 -21.952600 -11.270350
v 59.935500 -21.952600 -11.270350
v 62.324300 -39.970300 -12.423550
v 59.753600 -33.042400 -11.279350
v 59.411400 -50.404900 -18.926750
v 60.098200 -38.547200 -22.609950
v 59.998700 -35.377100 -20.628650
v 60.598600 -32.988700 -23.195050
v 69.532200 -34.728700 -27.510850
v 66.023800 -32.396800 -25.020750
v 49.802700 -1.546700 -11.957150
v 59.753600 -33.042400 -11.279350
v 62.648900 -34.384600 -15.884650
v 49.554200 1.027500 -12.106150
v 77.061500 -30.964500 -25.498050
v 59.812300 -97.982200 -11.543450
v 61.915400 -95.826100 -12.060250
v 62.373100 -87.847000 -12.449450
v 59.555000 -88.264900 -17.012450
v 61.915400 -95.826100 -12.060250
v 64.435900 -24.635100 -25.450550
v 64.066200 -28.658400 -20.125250
v 59.395700 -23.980600 -18.654350
v 60.413100 -20.585200 -23.614950
v 66.023800 -32.396800 -25.020750
v 72.910300 -32.724800 -27.148050
v 66.743700 -32.058800 -23.496450
v 67.840100 -27.946700 -23.674250
v 70.437100 -30.822100 -27.791150
v 63.883200 -32.373600 -17.447650
v 67.840100 -27.946700 -23.674250
v 66.743700 -32.058800 -23.496450
v 70.437100 -30.822100 -27.791150
v 70.437100 -30.822100 -27.791150
v 67.840100 -27.946700 -23.674250
v 68.916100 -20.604900 -27.561750
v 59.170600 -27.800600 -11.605250
v 62.465200 -29.232600 -11.868650
v 64.219900 -27.347500 -14.941950
v 63.265300 -22.982700 -12.078750
v 60.087300 -19.304400 -16.686950
v 63.265300 -22.982700 -12.078750
v 63.844100 -18.733600 -11.945050
v 63.883200 -32.373600 -17.447650
v 64.219900 -27.347500 -14.941950
v 61.988000 -18.824400 -22.940450
v 62.843600 -17.877200 -18.671550
v 78.896000 -18.065600 -20.548750
v 74.450800 -15.773100 -26.520650
v 78.887700 -13.862400 -20.480050
v 88.743900 -3.899000 -22.405150
v 72.438500 -11.926300 -23.360750
v 76.685200 -8.692200 -24.986650
v 78.887700 -13.862400 -20.480050
v 78.887700 -13.862400 -20.480050
v 79.789200 -5.303800 -22.050650
v 79.789200 -5.303800 -22.050650
v 63.031900 -10.779400 -16.543550
v 65.236200 -10.998000 -13.323650
v 62.512100 -2.312100 -11.267350
v 65.236200 -10.998000 -13.323650
v 63.297400 -14.474500 -12.386650
v 63.297400 -14.474500 -12.386650
v 62.104400 -14.139000 -16.500150
v 65.495100 -11.314800 -19.853050
v 62.104400 -14.139000 -16.500150
v 63.031900 -10.779400 -16.543550
v 72.118700 -15.718900 -22.455150
v 63.966100 -10.244300 -24.184950
v 65.495100 -11.314800 -19.853050
v 62.104400 -14.139000 -16.500150
v 58.779800 1.988300 -27.449150
v 59.861500 -4.481500 -28.533650
v 57.011600 -3.634400 -27.258850
v 59.861500 -4.481500 -28.533650
v 58.779800 1.988300 -27.449150
v 58.553400 0.134500 -31.197550
v 57.011600 -3.634400 -27.258850
v 54.694700 -0.413800 -25.071050
v 59.861500 -4.481500 -28.533650
v 60.173900 -5.396100 -22.298450
v 66.620900 -5.175000 -28.196150
v 58.950500 -3.794900 -16.957750
v 83.421700 8.832200 -19.133450
v 79.542200 1.446400 -17.178250
v 83.421700 8.832200 -19.133450
v 82.533700 5.996400 -19.396250
v 83.421700 8.832200 -19.133450
v 89.203400 7.232700 -21.675650
v 74.541400 7.375500 -10.258450
v 70.437100 3.071200 -11.446850
v 63.393200 5.746100 -5.747550
v 67.252100 4.306100 -6.586250
v 67.892800 5.991700 -5.513050
v 72.096500 5.459100 -4.615550
v 82.533700 5.996400 -19.396250
v 89.203400 7.232700 -21.675650
v 88.372600 7.825500 -26.503950
v 78.484000 7.419100 -26.778650
v 54.694700 -0.413800 -25.071050
v 72.438500 -11.926300 -23.360750
v 73.238100 -13.532800 -25.356850
v 72.438500 -11.926300 -23.360750
v 73.268000 -17.091100 -24.438850
v 56.114900 6.651500 -9.172850
v 55.325000 6.929600 -3.967750
v 61.531600 5.909500 -5.235250
v 60.396400 7.468300 -10.049950
v 62.417500 8.962100 -5.998150
v 63.393200 5.746100 -5.747550
v 65.906000 9.200200 -7.747250
v 72.096500 5.459100 -4.615550
v 74.541400 7.375500 -10.258450
v 71.491400 1.322700 -21.415150
v 58.779800 1.988300 -27.449150
v 54.694700 -0.413800 -25.071050
v 79.559000 -4.388500 -28.648250
v 58.553400 0.134500 -31.197550
v 78.449600 -0.596500 -30.762150
v 60.173900 -5.396100 -22.298450
v 78.338300 -4.255200 -24.710050
v 79.559000 -4.388500 -28.648250
v 78.338300 -4.255200 -24.710050
v 66.620900 -5.175000 -28.196150
v 58.553400 0.134500 -31.197550
v 78.531600 1.971500 -31.921850
v 78.531600 1.971500 -31.921850
v 58.553400 0.134500 -31.197550
v 78.449600 -0.596500 -30.762150
v 78.681300 6.220800 -21.920350
v 58.683200 -1.459300 -14.373950
v 56.898000 0.220600 -13.286150
v 60.920100 1.783700 -11.226150
v 56.898000 0.220600 -13.286150
v 49.554200 1.027500 -12.106150
v 55.619900 2.640600 -11.021850
v 53.372600 2.999900 -6.113850
v 55.619900 2.640600 -11.021850
v 53.372600 2.999900 -6.113850
v 60.920100 1.783700 -11.226150
v 60.920100 1.783700 -11.226150
v 60.920100 1.783700 -11.226150
v 55.619900 2.640600 -11.021850
v 60.396400 7.468300 -10.049950
v 73.814100 0.548500 -11.924350
v 79.542200 1.446400 -17.178250
v 73.814100 0.548500 -11.924350
v 70.437100 3.071200 -11.446850
v 74.541400 7.375500 -10.258450
v 74.541400 7.375500 -10.258450
v 84.190300 -4.765300 -28.157450
v 79.559000 -4.388500 -28.648250
v 78.998200 3.892400 -28.001550
v 84.190300 -4.765300 -28.157450
v 79.559000 -4.388500 -28.648250
v 79.789200 -5.303800 -22.050650
v 84.190300 -4.765300 -28.157450
v 88.743900 -3.899000 -22.405150
v 78.484000 7.419100 -26.778650
v 88.372600 7.825500 -26.503950
v 74.541400 7.375500 -10.258450
v 73.814100 0.548500 -11.924350
v 82.533700 5.996400 -19.396250
v 78.125700 2.574600 -21.061650
v 82.533700 5.996400 -19.396250
v 78.681300 6.220800 -21.920350
v 88.710400 -0.417200 -27.063450
v 78.449600 -0.596500 -30.762150
v 78.531600 1.971500 -31.921850
v 78.998200 3.892400 -28.001550
v 88.710400 -0.417200 -27.063450
v 78.484000 7.419100 -26.778650
v 78.998200 3.892400 -28.001550
v 78.998200 3.892400 -28.001550
v 52.524600 -190.767900 -7.992350
v 49.531900 -188.440000 -10.847350
v 57.679200 -189.819500 -14.549650
v 52.524600 -190.767900 -7.992350
v 50.809100 -188.937800 -4.385350
v 49.531900 -188.440000 -10.847350
v 53.988800 -181.901300 -14.456550
v 57.679200 -189.819500 -14.549650
v 49.531900 -188.440000 -10.847350
v 51.006500 -138.200100 -8.526450
v 50.053100 -167.471600 -9.362850
v 61.971400 -164.954000 -6.756350
v 78.409700 -157.104800 -6.581450
v 78.755800 -177.295600 -6.367850
v 59.493000 -164.723300 -5.084150
v 59.183500 -174.201100 -6.164950
v 59.493000 -164.723300 -5.084150
v 59.183500 -174.201100 -6.164950
v 62.767200 -166.003500 -11.526350
v 60.375900 -172.714700 -11.353850
v 64.028000 -187.230400 -5.543750
v 78.409700 -157.104800 -6.581450
v 59.751000 -156.926800 -5.293250
v 60.839100 -157.422700 -8.893350
v 59.751000 -156.926800 -5.293250
v 60.839100 -157.422700 -8.893350
v 59.751000 -156.926800 -5.293250
v 64.028000 -187.230400 -5.543750
v 60.675500 -180.134300 -11.555550
v 63.900800 -189.541800 -12.996250
v 64.028000 -187.230400 -5.543750
v 58.291400 -176.342600 -13.561950
v 63.900800 -189.541800 -12.996250
v 49.531900 -188.440000 -10.847350
v 50.053100 -167.471600 -9.362850
v 56.565100 -163.374200 -13.455250
v 67.631900 -131.911500 -11.048250
v 64.379100 -142.805700 -13.542250
v 62.003200 -143.951700 -14.140250
v 64.379100 -142.805700 -13.542250
v 61.347100 -125.925500 -16.556350
v 60.935400 -156.371400 -12.493050
v 62.003200 -143.951700 -14.140250
v 58.390400 -153.257400 -12.928150
v 56.307800 -136.954600 -15.343950
v 51.006500 -138.200100 -8.526450
v 56.307800 -136.954600 -15.343950
v 50.962300 -143.441500 -13.364250
v 60.601000 -139.213400 -23.307750
v 58.832900 -156.484400 -20.581350
v 59.855200 -124.279500 -18.863250
v 54.259100 -143.879800 -16.910350
v 78.189400 -93.209800 -21.218750
v 75.918900 -95.875800 -24.969750
v 59.831900 -152.331600 -12.186850
v 76.915700 -99.611800 -24.235950
v 60.935400 -156.371400 -12.493050
v 59.831900 -152.331600 -12.186850
v 55.037100 -164.056000 -12.436750
v 60.528100 -155.443600 -9.882150
v 50.053100 -167.471600 -9.362850
v 60.839100 -157.422700 -8.893350
v 60.528100 -155.443600 -9.882150
v 58.902300 -156.405700 -15.931150
v 60.935400 -156.371400 -12.493050
v 58.944700 -96.013500 -19.512450
v 58.902300 -156.405700 -15.931150
v 61.440900 -99.031000 -11.935750
v 59.505300 -99.819400 -16.862250
v 50.704500 -70.841700 -11.926450
v 51.744900 -112.435300 -11.794250
v 50.865800 -94.824700 -3.852150
v 51.744900 -112.435300 -11.794250
v 59.317700 -98.660300 -22.685750
v 64.263300 -95.930500 -27.586550
v 72.395000 -101.058700 -26.757250
v 64.157500 -97.973600 -26.453050
v 62.298800 -101.882300 -12.772450
v 62.597000 -114.717300 -12.414850
v 64.980600 -125.676700 -12.467350
v 52.066900 -124.521200 -11.873150
v 52.787300 -118.096000 -12.485250
v 59.173300 -119.195200 -17.987050
v 74.295500 -116.373600 -25.673950
v 60.222400 -112.931800 -22.500550
v 62.093200 -125.146200 -23.252850
v 63.834900 -125.173900 -24.958550
v 51.006500 -138.200100 -8.526450
v 51.904200 -136.278500 -14.363250
v 56.307800 -136.954600 -15.343950
v 51.904200 -136.278500 -14.363250
v 52.066900 -124.521200 -11.873150
v 51.904200 -136.278500 -14.363250
v 63.549000 -126.152400 -11.349450
v 63.549000 -126.152400 -11.349450
v 64.379100 -142.805700 -13.542250
v 67.631900 -131.911500 -11.048250
v 64.980600 -125.676700 -12.467350
v 63.549000 -126.152400 -11.349450
v 64.980600 -125.676700 -12.467350
v 62.597000 -114.717300 -12.414850
v 62.597000 -114.717300 -12.414850
v 59.855200 -124.279500 -18.863250
v 59.855200 -124.279500 -18.863250
v 74.779100 -150.924600 -24.597650
v 63.834900 -125.173900 -24.958550
v 71.655200 -124.818200 -25.352250
v 62.093200 -125.146200 -23.252850
v 77.750400 -125.147800 -20.596050
v 77.533000 -157.012000 -19.795550
v 79.227900 -181.401800 -32.978750
v 96.980500 -188.061300 -33.608750
v 78.044600 -182.605400 -33.223550
v 92.310900 -179.317400 -31.930850
v 79.227900 -181.401800 -32.978750
v 81.380000 -179.742500 -30.865850
v 80.925600 -179.775000 -20.849450
v 78.044600 -182.605400 -33.223550
v 77.791000 -182.954400 -20.152050
v 100.702200 -190.570000 -32.055550
v 81.525000 -190.519300 -33.039650
v 110.677900 -190.519300 -33.583050
v 106.122300 -179.042300 -30.590850
v 123.158600 -179.435700 -31.288550
v 78.912900 -190.519300 -21.593550
v 79.534000 -190.190900 -6.628550
v 77.791000 -182.954400 -20.152050
v 77.791000 -182.954400 -20.152050
v 67.590100 -152.245000 -25.940250
v 78.755800 -177.295600 -6.367850
v 80.925600 -179.775000 -20.849450
v 79.227900 -181.401800 -32.978750
v 77.739600 -189.879800 -31.848350
v 78.912900 -190.519300 -21.593550
v 81.898100 -173.073400 -20.582250
v 67.418400 -156.601600 -17.616950
v 74.573300 -155.980100 -23.261050
v 82.507800 -172.991700 -30.626050
v 95.252900 -171.530100 -30.743450
v 81.380000 -179.742500 -30.865850
v 82.507800 -172.991700 -30.626050
v 86.442000 -170.438000 -28.902850
v 81.380000 -179.742500 -30.865850
v 81.898100 -173.073400 -20.582250
v 80.925600 -179.775000 -20.849450
v 86.442000 -170.438000 -28.902850
v 121.433100 -157.533400 -31.010950
v 104.637600 -157.179900 -27.887150
v 122.647800 -158.123400 -20.312450
v 122.647800 -158.123400 -20.312450
v 123.046200 -162.427400 -20.589250
v 121.433100 -157.533400 -31.010950
v 89.831500 -167.067500 -21.252850
v 61.298000 -154.990300 -23.589550
v 66.973300 -155.662700 -22.891350
v 58.832900 -156.484400 -20.581350
v 89.831500 -167.067500 -21.252850
v 85.953300 -162.701200 -20.906450
v 89.418500 -164.031200 -26.413250
v 106.122300 -179.042300 -30.590850
v 95.252900 -171.530100 -30.743450
v 98.519600 -170.255200 -29.637750
v 106.431600 -171.450900 -30.531250
v 98.519600 -170.255200 -29.637750
v 89.590200 -168.362200 -26.548950
v 98.519600 -170.255200 -29.637750
v 86.976200 -157.430000 -30.737050
v 84.782800 -161.529700 -25.888650
v 84.363600 -157.359700 -28.954150
v 88.106700 -161.591000 -30.772650
v 87.811600 -162.502600 -29.394050
v 87.811600 -162.502600 -29.394050
v 85.953300 -162.701200 -20.906450
v 84.757400 -157.593200 -20.268450
v 92.154100 -157.265800 -26.913850
v 86.976200 -157.430000 -30.737050
v 84.363600 -157.359700 -28.954150
v 84.757400 -157.593200 -20.268450
v 84.757400 -157.593200 -20.268450
v 88.922600 -154.287700 -21.239750
v 101.453200 -163.508400 -29.082750
v 87.811600 -162.502600 -29.394050
v 101.453200 -163.508400 -29.082750
v 93.777800 -163.910300 -26.661450
v 119.256000 -161.881700 -29.203550
v 88.106700 -161.591000 -30.772650
v 121.433100 -157.533400 -31.010950
v 104.479400 -163.951900 -26.422450
v 91.256200 -153.854100 -26.570650
v 92.154100 -157.265800 -26.913850
v 107.924200 -154.684500 -27.842250
v 89.114300 -147.660900 -25.899950
v 91.256200 -153.854100 -26.570650
v 108.796100 -154.378400 -26.230750
v 108.796100 -154.378400 -26.230750
v 77.474200 -156.840300 -19.168450
v 77.474200 -156.840300 -19.168450
v 85.953300 -162.701200 -20.906450
v 89.831500 -167.067500 -21.252850
v 84.757400 -157.593200 -20.268450
v 78.409700 -157.104800 -6.581450
v 77.474200 -156.840300 -19.168450
v 77.533000 -157.012000 -19.795550
v 88.922600 -154.287700 -21.239750
v 89.590200 -168.362200 -26.548950
v 89.418500 -164.031200 -26.413250
v 93.777800 -163.910300 -26.661450
v 89.590200 -168.362200 -26.548950
v 64.310100 -190.519300 -5.171850
v 64.310100 -190.519300 -5.171850
v 63.879700 -190.284600 -1.073450
v 79.534000 -190.190900 -6.628550
v 63.879700 -190.284600 -1.073450
v 123.158600 -179.435700 -31.288550
v 123.158600 -179.435700 -31.288550
v 119.256000 -161.881700 -29.203550
v 121.761900 -161.249700 -31.374450
v 121.761900 -161.249700 -31.374450
v 104.637600 -157.179900 -27.887150
v 108.796100 -154.378400 -26.230750
v 107.924200 -154.684500 -27.842250
v 121.761900 -161.249700 -31.374450
v 117.490100 -169.872000 27.110150
v 116.948100 -169.525100 21.555450
v 116.142400 -164.798000 26.623650
v 116.965900 -164.285000 22.432750
v 123.081900 -179.396400 31.359350
v 122.571000 -173.962800 29.007150
v 123.081900 -179.396400 31.359350
v 122.939200 -179.170600 27.504450
v 122.571000 -173.962800 29.007150
v 122.939200 -179.170600 27.504450
v 122.413900 -175.044300 21.566550
v 122.571000 -173.962800 29.007150
v 120.102600 -171.425600 30.001850
v 119.971800 -174.207700 21.659150
v 106.431600 -171.450900 30.605550
v 122.413900 -175.044300 21.566550
v 117.490100 -169.872000 27.110150
v 116.142400 -164.798000 26.623650
v 108.416600 -168.997300 26.932650
v 104.479400 -163.951900 26.496750
v 113.323500 -169.272600 28.777950
v 98.333800 -170.250000 29.707850
v 120.102600 -171.425600 30.001850
v 108.416600 -168.997300 26.932650
v 98.333800 -170.250000 29.707850
v 106.122300 -179.042300 30.665150
v 98.333800 -170.250000 29.707850
v 95.252900 -171.530100 30.817750
v 127.599400 -182.608900 -34.090450
v 127.599400 -182.608900 -34.090450
v 126.840200 -182.388200 -32.058350
v 126.840200 -182.388200 -32.058350
v 128.253900 -190.422600 -33.632950
v 126.795400 -182.386700 32.137150
v 126.514900 -180.193400 29.509650
v 123.081900 -179.396400 31.359350
v 126.514900 -180.193400 29.509650
v 122.939200 -179.170600 27.504450
v 123.081900 -179.396400 31.359350
v 92.310900 -179.317400 32.005150
v 106.122300 -179.042300 30.665150
v 126.840200 -182.388200 -32.058350
v 123.158600 -179.435700 -31.288550
v 126.514900 -180.193400 -29.435350
v 126.514900 -180.193400 -29.435350
v 122.939200 -179.170600 -27.430150
v 123.158600 -179.435700 -31.288550
v 122.939200 -179.170600 -27.430150
v 126.795400 -182.386700 32.137150
v 127.599400 -182.608900 -34.090450
v 126.840200 -182.388200 -32.058350
v 126.514900 -180.193400 29.509650
v 126.840200 -182.388200 -32.058350
v 126.514900 -180.193400 -29.435350
v 122.939200 -179.170600 27.504450
v 126.514900 -180.193400 -29.435350
v 122.939200 -179.170600 -27.430150
v 120.482400 -171.586300 -29.920550
v 113.323500 -169.272600 -28.703650
v 108.416600 -168.997300 -26.858350
v 120.482400 -171.586300 -29.920550
v 116.142400 -164.798000 -26.549350
v 108.416600 -168.997300 -26.858350
v 117.237400 -169.771100 -27.269050
v 117.237400 -169.771100 -27.269050
v 122.383700 -173.903900 -28.593250
v 122.383700 -173.903900 -28.593250
v 116.234000 -170.171100 -21.191250
v 120.336900 -173.715100 -21.675850
v 122.413900 -175.044300 -21.492250
v 101.453200 -163.508400 29.157050
v 93.777800 -163.910300 26.735750
v 122.939200 -179.170600 -27.430150
v 122.383700 -173.903900 -28.593250
v 122.413900 -175.044300 -21.492250
v 87.969200 -162.413900 29.345450
v 89.418500 -164.031200 26.487550
v 116.142400 -164.798000 -26.549350
v 116.965900 -164.285000 -22.358450
v 126.795400 -182.386700 32.137150
v 117.022000 -163.889600 26.764650
v 118.371300 -162.391400 29.270750
v 87.969200 -162.413900 29.345450
v 101.453200 -163.508400 29.157050
v 87.969200 -162.413900 29.345450
v 118.371300 -162.391400 29.270750
v 121.642000 -161.487500 31.340450
v 126.514900 -180.193400 29.509650
v 119.814900 -163.249800 22.172850
v 123.046200 -162.427400 20.663550
v 122.647800 -158.123400 20.386750
v 121.438200 -157.491500 30.995550
v 123.046200 -162.427400 20.663550
v 119.971800 -174.207700 21.659150
v 120.336900 -173.715100 -21.675850
v 116.234000 -170.171100 -21.191250
v 116.948100 -169.525100 21.555450
v 116.965900 -164.285000 22.432750
v 116.965900 -164.285000 -22.358450
v 116.773000 -163.717900 -28.448450
v 109.979600 -163.886100 -26.826450
v 116.773000 -163.717900 -28.448450
v 119.814900 -163.249800 -22.098550
v 123.046200 -162.427400 -20.589250
v 119.814900 -163.249800 22.172850
v 119.814900 -163.249800 -22.098550
v 123.046200 -162.427400 20.663550
v 123.046200 -162.427400 -20.589250
v 123.046200 -162.427400 20.663550
v 123.046200 -162.427400 -20.589250
v 122.647800 -158.123400 20.386750
v 81.381100 -179.719700 30.921150
v 81.381100 -179.719700 30.921150
v 82.521500 -172.922900 30.671150
v 81.907900 -172.979700 20.630750
v 89.568700 -168.341600 26.608050
v 93.777800 -163.910300 26.735750
v 89.568700 -168.341600 26.608050
v 89.418500 -164.031200 26.487550
v 86.462700 -170.439900 28.961250
v 89.819600 -167.033900 21.309750
v 89.568700 -168.341600 26.608050
v 89.819600 -167.033900 21.309750
v 95.252900 -171.530100 30.817750
v 81.381100 -179.719700 30.921150
v 82.521500 -172.922900 30.671150
v 86.462700 -170.439900 28.961250
v 121.642000 -161.487500 31.340450
v 118.071900 -126.466000 26.469050
v 118.710300 -135.385500 22.365350
v 118.186700 -124.784500 18.230950
v 119.746200 -134.258800 17.341550
v 118.710300 -135.385500 22.365350
v 119.988500 -143.143600 20.260250
v 119.746200 -134.258800 17.341550
v 118.015100 -85.909200 -26.942650
v 117.927000 -74.402900 -19.793650
v 117.331100 -108.120400 -18.985750
v 116.897700 -100.166800 -26.934550
v 116.897700 -100.166800 -26.934550
v 109.580600 -83.165900 -27.319650
v 118.015100 -85.909200 -26.942650
v 89.466300 -105.415100 -26.659950
v 117.831400 -107.693400 -26.204650
v 117.795800 -114.252700 -26.632450
v 101.970500 -107.781700 -26.555250
v 105.744600 -113.641100 -26.454250
v 101.970500 -107.781700 -26.555250
v 105.744600 -113.641100 -26.454250
v 102.366900 -108.790900 -25.553350
v 119.746200 -134.258800 -17.267250
v 118.186700 -124.784500 18.230950
v 118.017300 -124.847500 -18.039050
v 118.017300 -124.847500 -18.039050
v 117.850000 -125.420200 -24.993850
v 117.973700 -153.815200 -26.080650
v 111.068400 -157.173400 -19.640450
v 111.068400 -157.173400 -19.640450
v 88.717200 -125.274800 -20.509550
v 117.973700 -153.815200 -26.080650
v 90.052800 -139.585600 -26.071250
v 89.273800 -127.140100 -26.364750
v 88.717200 -125.274800 -20.509550
v 89.071100 -140.803600 -25.480750
v 118.105600 -154.633400 -21.904550
v 115.730900 -157.357900 -18.799850
v 115.730900 -157.357900 -18.799850
v 117.973700 -153.815200 -26.080650
v 119.924400 -143.256100 -20.137150
v 118.710300 -135.385500 -22.291050
v 118.072200 -126.266200 -26.394450
v 122.647800 -158.123400 -20.312450
v 115.791700 -157.756900 19.109750
v 122.647800 -158.123400 -20.312450
v 115.730900 -157.357900 -18.799850
v 118.105600 -154.633400 -21.904550
v 118.105600 -154.633400 21.978850
v 115.730900 -157.357900 -18.799850
v 122.647800 -158.123400 20.386750
v 115.791700 -157.756900 19.109750
v 119.924400 -143.256100 -20.137150
v 111.097900 -157.183400 19.944950
v 115.791700 -157.756900 19.109750
v 118.105600 -154.633400 21.978850
v 115.791700 -157.756900 19.109750
v 111.097900 -157.183400 19.944950
v 122.647800 -158.123400 20.386750
v 118.174200 -153.554300 26.113950
v 119.988500 -143.143600 20.260250
v 88.680700 -80.765600 -22.095650
v 89.180100 -92.076000 -26.834050
v 88.680700 -80.765600 -22.095650
v 88.973700 -75.294400 -24.405550
v 91.186700 -75.503500 -27.086750
v 91.186700 -75.503500 -27.086750
v 89.172200 -62.392700 -27.085550
v 103.840200 -75.824100 -27.173150
v 103.840200 -75.824100 -27.173150
v 89.273800 -127.140100 -26.364750
v 89.273800 -127.140100 -26.364750
v 88.717200 -125.274800 -20.509550
v 98.404800 -126.034500 -25.510950
v 112.431100 -125.482400 -26.577650
v 101.426600 -125.350600 -26.745350
v 119.746200 -134.258800 -17.267250
v 118.710300 -135.385500 -22.291050
v 77.750400 -125.147800 -20.596050
v 77.505800 -113.970800 -21.288850
v 88.214300 -113.131700 -21.574750
v 88.717200 -125.274800 -20.509550
v 77.505800 -113.970800 -21.288850
v 98.404800 -126.034500 -25.510950
v 88.717200 -125.274800 -20.509550
v 88.214300 -113.131700 -21.574750
v 77.750400 -125.147800 -20.596050
v 79.254600 -96.740300 -21.119250
v 88.883700 -107.105300 -21.752250
v 79.254600 -96.740300 -21.119250
v 88.323900 -94.325900 -21.732850
v 88.883700 -107.105300 -21.752250
v 89.466300 -105.415100 -26.659950
v 89.466300 -105.415100 -26.659950
v 88.883700 -107.105300 -21.752250
v 88.323900 -94.325900 -21.732850
v 115.589500 -64.694400 -27.575150
v 114.099300 -71.076100 -25.129750
v 105.363900 -75.651300 -25.119950
v 116.481600 -76.289800 -19.710950
v 117.962600 -76.391100 -25.426550
v 116.481600 -76.289800 -19.710950
v 111.969000 -76.348100 -27.163250
v 117.818500 -78.375800 -27.095350
v 117.818500 -78.375800 -27.095350
v 105.363900 -75.651300 -25.119950
v 118.072200 -126.266200 -26.394450
v 98.404800 -126.034500 -25.510950
v 51.342700 -188.980400 6.613350
v 58.293000 -190.308700 5.113150
v 51.193600 -178.375900 6.442750
v 65.415700 -186.937700 5.358750
v 65.462300 -190.010500 2.509550
v 65.415700 -186.937700 5.358750
v 65.415700 -186.937700 5.358750
v 65.462300 -190.010500 2.509550
v 79.646900 -190.300600 7.108350
v 55.742500 -189.705000 11.629950
v 55.742500 -189.705000 11.629950
v 63.911200 -189.121800 11.855350
v 59.489900 -176.342600 11.564650
v 63.911200 -189.121800 11.855350
v 58.877500 -156.456700 20.722950
v 67.418400 -156.601600 17.691250
v 61.298000 -154.990300 23.663850
v 66.973300 -155.662700 22.965550
v 67.594500 -152.242900 26.015150
v 60.010900 -177.067400 6.195950
v 63.911200 -189.121800 11.855350
v 59.489900 -176.342600 11.564650
v 78.590900 -181.198700 6.326550
v 60.010900 -177.067400 6.195950
v 58.877500 -156.456700 20.722950
v 60.629900 -138.890000 23.399950
v 59.618200 -124.397700 18.898450
v 58.824900 -156.355300 16.058850
v 51.839100 -138.103100 4.695650
v 53.098000 -144.394700 8.552850
v 61.390800 -172.714700 10.567350
v 60.558400 -98.352800 25.816550
v 58.895800 -96.105000 19.437550
v 59.371500 -100.000500 17.552650
v 60.269900 -110.819300 22.383050
v 62.784100 -103.496900 25.729850
v 60.649500 -119.195200 18.061350
v 62.415700 -107.121400 16.297950
v 59.210600 -172.631500 5.063850
v 59.210600 -172.631500 5.063850
v 61.925300 -164.977400 6.816850
v 55.555300 -144.680500 11.598150
v 63.101000 -166.003500 11.377150
v 59.618200 -124.397700 18.898450
v 62.624100 -124.715100 24.718850
v 62.624100 -124.715100 24.718850
v 59.602900 -164.723300 5.158450
v 59.602900 -164.723300 5.158450
v 77.914300 -157.032600 7.010550
v 79.646900 -190.300600 7.108350
v 77.914300 -157.032600 7.010550
v 78.590900 -181.198700 6.326550
v 59.762500 -157.112200 5.178650
v 60.193500 -157.422700 8.853550
v 59.762500 -157.112200 5.178650
v 61.017600 -155.443600 9.453550
v 59.180300 -153.257400 11.377850
v 60.193500 -157.422700 8.853550
v 60.623300 -152.331600 10.827150
v 61.017600 -155.443600 9.453550
v 61.282300 -156.538400 12.043450
v 60.623300 -152.331600 10.827150
v 58.824900 -156.355300 16.058850
v 77.914300 -157.032600 7.010550
v 60.193500 -157.422700 8.853550
v 59.762500 -157.112200 5.178650
v 61.282300 -156.538400 12.043450
v 60.894700 -96.484800 11.568750
v 63.252400 -87.832800 12.168350
v 59.295800 -76.722700 11.739950
v 51.571000 -69.143000 12.248950
v 63.160700 -121.476000 11.263350
v 63.731800 -142.805700 12.255850
v 62.823000 -140.198000 11.180250
v 60.894700 -96.484800 11.568750
v 62.314200 -99.031000 12.010050
v 60.894700 -96.484800 11.568750
v 51.571000 -69.143000 12.248950
v 67.581400 -107.569300 12.696150
v 63.843500 -101.618800 13.226350
v 68.659700 -114.717300 12.489150
v 62.256500 -123.932600 12.041150
v 52.254700 -136.060900 11.619250
v 56.605400 -137.498700 11.496450
v 62.823000 -140.198000 11.180250
v 60.866300 -125.950600 15.982050
v 61.282300 -156.538400 12.043450
v 56.605400 -137.498700 11.496450
v 63.731800 -142.805700 12.255850
v 65.412500 -130.382200 12.184550
v 64.031400 -124.814700 12.900350
v 68.659700 -114.717300 12.489150
v 64.031400 -124.814700 12.900350
v 63.160700 -121.476000 11.263350
v 52.254700 -136.060900 11.619250
v 63.160700 -121.476000 11.263350
v 62.256500 -123.932600 12.041150
v 59.618200 -124.397700 18.898450
v 65.412500 -130.382200 12.184550
v 65.747200 -130.562800 11.057150
v 52.254700 -136.060900 11.619250
v 51.839100 -138.103100 4.695650
v 56.605400 -137.498700 11.496450
v 118.065800 -125.128200 26.253750
v 112.264300 -125.519400 26.614250
v 118.071900 -126.466000 26.469050
v 118.174200 -153.554300 26.113950
v 121.438200 -157.491500 30.995550
v 104.578100 -157.155500 27.974750
v 118.174200 -153.554300 26.113950
v 90.052800 -139.585600 26.145550
v 108.794400 -154.369800 26.348750
v 77.278900 -156.826200 19.213950
v 81.907900 -172.979700 20.630750
v 89.268900 -127.094900 26.440350
v 101.426600 -125.350600 26.819650
v 98.378800 -126.025400 25.550050
v 85.911500 -162.660500 20.956950
v 77.278900 -156.826200 19.213950
v 80.922300 -179.765400 20.871950
v 80.922300 -179.765400 20.871950
v 79.154000 -181.372100 33.021050
v 123.081900 -179.396400 31.359350
v 127.682300 -182.605700 34.226150
v 79.154000 -181.372100 33.021050
v 110.677900 -190.519300 33.657350
v 79.154000 -181.372100 33.021050
v 96.994800 -188.039000 33.681150
v 81.525000 -190.519300 33.113950
v 100.702200 -190.570000 32.129850
v 78.023800 -182.546700 33.282150
v 78.023800 -182.546700 33.282150
v 77.741000 -189.880600 31.924650
v 74.572200 -155.981200 23.335950
v 80.922300 -179.765400 20.871950
v 79.181100 -183.072600 20.959150
v 79.181100 -183.072600 20.959150
v 77.286000 -187.199000 20.158750
v 78.912900 -190.519300 21.667850
v 78.912900 -190.519300 21.667850
v 77.672000 -156.908800 19.474050
v 74.788300 -150.922200 24.662050
v 71.628900 -124.820800 25.427350
v 85.911500 -162.660500 20.956950
v 89.819600 -167.033900 21.309750
v 84.757700 -157.573300 20.326950
v 72.395000 -101.058700 26.831550
v 74.257900 -116.341400 25.786350
v 76.915700 -99.611800 24.310250
v 85.911500 -162.660500 20.956950
v 84.782800 -161.529700 25.962950
v 84.639700 -157.368800 27.571850
v 84.757700 -157.573300 20.326950
v 86.133400 -157.717300 30.824950
v 105.744600 -113.641100 26.528550
v 98.378800 -126.025400 25.550050
v 88.862600 -125.046300 20.624050
v 88.670400 -161.555300 30.847450
v 77.750400 -125.147800 20.670350
v 77.672000 -156.908800 19.474050
v 98.378800 -126.025400 25.550050
v 89.268900 -127.094900 26.440350
v 88.862600 -125.046300 20.624050
v 89.268900 -127.094900 26.440350
v 88.862600 -125.046300 20.624050
v 89.071100 -140.803600 25.555050
v 77.738900 -148.126600 19.996450
v 88.862600 -125.046300 20.624050
v 77.750400 -125.147800 20.670350
v 77.738900 -148.126600 19.996450
v 91.237200 -153.846300 26.635750
v 107.924200 -154.684500 27.916550
v 108.794400 -154.369800 26.348750
v 104.578100 -157.155500 27.974750
v 108.794400 -154.369800 26.348750
v 107.924200 -154.684500 27.916550
v 121.642000 -161.487500 31.340450
v 121.438200 -157.491500 30.995550
v 88.670400 -161.555300 30.847450
v 88.929200 -154.203500 21.303650
v 84.757700 -157.573300 20.326950
v 88.929200 -154.203500 21.303650
v 127.682300 -182.605700 34.226150
v 128.253900 -190.422600 -33.632950
v 127.682300 -182.605700 34.226150
v 128.240000 -190.408500 33.771550
v 91.237200 -153.846300 26.635750
v 92.154100 -157.265800 26.988150
v 84.757700 -157.573300 20.326950
v 84.639700 -157.368800 27.571850
v 78.912900 -190.519300 21.667850
v 77.286000 -187.199000 20.158750
v 92.154100 -157.265800 26.988150
v 77.278900 -156.826200 19.213950
v 86.133400 -157.717300 30.824950
v 89.114300 -147.660900 25.974250
v 127.599400 -182.608900 -34.090450
v 127.682300 -182.605700 34.226150
v 126.795400 -182.386700 32.137150
v 126.795400 -182.386700 32.137150
v 128.240000 -190.408500 33.771550
v 118.785700 8.157400 19.502350
v 118.010200 -19.726600 27.750550
v 118.785700 8.157400 19.502350
v 89.304900 -0.084100 28.165650
v 119.302900 -18.515600 18.992950
v 110.618800 -31.074000 27.787250
v 118.010200 -19.726600 27.750550
v 117.981400 -32.466000 27.553850
v 118.246200 -32.778600 25.526650
v 118.019600 -38.041000 22.649950
v 118.188100 -42.632100 19.671050
v 89.434000 -28.573600 27.818250
v 114.097100 -71.071300 25.207450
v 118.125500 -63.425900 25.599250
v 115.596100 -64.695800 27.650650
v 118.086000 -71.491800 20.606850
v 105.346600 -75.659300 25.205250
v 103.685800 -75.831900 27.233950
v 91.174300 -75.374300 27.165050
v 117.818500 -78.375800 27.169650
v 117.962600 -76.391100 25.500850
v 111.969000 -76.348100 27.237550
v 116.481600 -76.289800 19.785250
v 117.907900 -76.000100 19.387350
v 116.481600 -76.289800 19.785250
v 117.907900 -76.000100 19.387350
v 117.818500 -78.375800 27.169650
v 118.015100 -85.909200 27.016950
v 92.082900 10.013800 28.735950
v 118.015100 -85.909200 27.016950
v 109.580600 -83.165900 27.393950
v 105.346600 -75.659300 25.205250
v 103.685800 -75.831900 27.233950
v 89.180100 -92.076000 26.908350
v 89.440500 -105.337400 26.738350
v 89.396400 -42.365700 22.066550
v 89.772000 -31.625400 20.512250
v 88.929300 -39.907500 21.209150
v 89.772000 -31.625400 20.512250
v 89.396400 -42.365700 22.066550
v 89.387200 -55.697600 27.287650
v 106.418400 -42.310500 27.930550
v 89.387200 -55.697600 27.287650
v 80.310100 -31.119600 20.385450
v 86.304400 -42.874100 20.988450
v 118.228100 -51.384400 23.581650
v 117.127400 -51.322900 27.280750
v 89.390400 -64.821700 22.500850
v 89.390400 -64.821700 22.500850
v 117.325800 -44.587400 27.618550
v 117.325800 -44.587400 27.618550
v 116.023700 -38.044700 27.596850
v 88.323900 -94.325900 21.807150
v 89.440500 -105.337400 26.738350
v 117.981400 -32.466000 27.553850
v 117.981400 -32.466000 27.553850
v 89.172200 -62.392700 27.159850
v 79.251800 -96.558200 21.195250
v 88.323900 -94.325900 21.807150
v 88.982800 -75.295500 24.498350
v 91.174300 -75.374300 27.165050
v 88.868500 -107.040400 21.834450
v 101.970500 -107.781700 26.629550
v 89.440500 -105.337400 26.738350
v 88.868500 -107.040400 21.834450
v 118.086000 -71.491800 20.606850
v 118.118900 -64.668500 -19.360750
v 118.188100 -42.632100 19.671050
v 102.366900 -108.790900 25.627650
v 88.214300 -113.131700 21.649050
v 88.868500 -107.040400 21.834450
v 77.505800 -113.970800 21.363150
v 79.251800 -96.558200 21.195250
v 77.505800 -113.970800 21.363150
v 88.214300 -113.131700 21.649050
v 117.927000 -74.402900 -19.793650
v 117.907900 -76.000100 19.387350
v 117.397600 -106.095600 18.441950
v 116.872300 -99.430600 27.031850
v 116.872300 -99.430600 27.031850
v 117.831400 -107.693400 26.278950
v 117.431700 -115.861700 18.452250
v 89.434000 -28.573600 27.818250
v 89.304900 -0.084100 28.165650
v 89.376200 -16.789800 21.942750
v 117.397600 -106.095600 18.441950
v 117.795800 -114.252700 26.706750
v 88.862600 -125.046300 20.624050
v 77.750400 -125.147800 20.670350
v 117.331100 -108.120400 -18.985750
v 117.431700 -115.861700 18.452250
v 105.744600 -113.641100 26.528550
v 101.970500 -107.781700 26.629550
v 86.794900 -20.767200 21.010650
v 89.376200 -16.789800 21.942750
v 77.460400 -55.933000 23.957050
v 77.061500 -30.964500 25.572350
v 72.909700 -32.721800 27.222550
v 80.310100 -31.119600 20.385450
v 79.652900 -44.474800 20.796150
v 81.333500 -54.357300 20.994950
v 78.413000 -59.400800 21.300850
v 78.413000 -59.400800 21.300850
v 69.532200 -34.728700 27.585150
v 66.021900 -32.396700 25.093650
v 60.598600 -32.988700 23.269350
v 62.165200 -40.010600 12.431950
v 62.464800 -29.176400 11.860250
v 60.124300 -26.578900 11.090050
v 60.098200 -38.547200 22.684250
v 59.611700 -19.999100 11.675550
v 60.124300 -26.578900 11.090050
v 63.265300 -22.982700 12.153050
v 63.844100 -18.733600 12.019350
v 59.611700 -19.999100 11.675550
v 77.061500 -30.964500 25.572350
v 76.068300 -28.129100 21.939850
v 64.066100 -28.658400 20.199350
v 59.395700 -23.980600 18.728650
v 64.219900 -27.347500 15.016250
v 63.265300 -22.982700 12.153050
v 60.087300 -19.304400 16.761250
v 63.844100 -18.733600 12.019350
v 70.262900 -53.109800 27.242950
v 63.378700 -48.791400 25.113050
v 63.884700 -32.375300 17.522950
v 62.648900 -34.384600 15.958950
v 63.884700 -32.375300 17.522950
v 59.997400 -35.374300 20.703050
v 60.532700 -50.635700 22.493450
v 73.499200 -76.783500 26.053750
v 65.554800 -75.059500 26.221250
v 59.411400 -50.404900 19.001050
v 60.077000 -54.891000 20.244050
v 78.236400 -93.367900 21.284350
v 75.710100 -83.990000 24.049750
v 75.918900 -95.875800 25.044050
v 75.168400 -23.785000 26.766250
v 64.435900 -24.635100 25.524850
v 67.840100 -27.946700 23.748550
v 76.068300 -28.129100 21.939850
v 70.431400 -30.809800 27.857950
v 70.431400 -30.809800 27.857950
v 66.742300 -32.057400 23.568950
v 66.742300 -32.057400 23.568950
v 70.431400 -30.809800 27.857950
v 67.840100 -27.946700 23.748550
v 72.909700 -32.721800 27.222550
v 66.021900 -32.396700 25.093650
v 67.840100 -27.946700 23.748550
v 77.872000 -76.506300 21.206050
v 77.872000 -76.506300 21.206050
v 64.267700 -95.526300 27.563550
v 69.704800 -76.769300 26.574950
v 60.285300 -76.841700 21.625750
v 73.499200 -76.783500 26.053750
v 62.715800 -77.221300 24.602250
v 72.207300 -79.504700 26.188650
v 71.022200 -77.780800 23.257050
v 64.219900 -27.347500 15.016250
v 77.872000 -76.506300 21.206050
v 71.022200 -77.780800 23.257050
v 62.540300 -1.903600 11.476950
v 63.844100 -18.733600 12.019350
v 63.297400 -14.474500 12.460950
v 62.715800 -77.221300 24.602250
v 62.845600 -17.871600 18.739050
v 67.685800 -90.485000 26.824050
v 61.132400 -87.567600 23.010750
v 59.525300 -88.216400 17.139150
v 59.525300 -88.216400 17.139150
v 63.252400 -87.832800 12.168350
v 62.105000 -70.071800 12.314250
v 62.105000 -70.071800 12.314250
v 59.507500 -67.150000 11.333950
v 59.507500 -67.150000 11.333950
v 59.295800 -76.722700 11.739950
v 60.917600 -48.696500 15.350550
v 62.165200 -40.010600 12.431950
v 62.540300 -1.903600 11.476950
v 63.252400 -87.832800 12.168350
v 62.540300 -1.903600 11.476950
v 62.845600 -17.871600 18.739050
v 58.737400 -1.687500 14.472550
v 57.039500 -3.643000 27.381850
v 56.898000 0.220600 13.360450
v 58.950500 -3.794900 17.032050
v 60.166600 -5.383400 22.375350
v 60.166600 -5.383400 22.375350
v 63.005000 -10.781200 16.600550
v 54.737200 -0.479300 25.096850
v 88.703900 -3.824800 22.502750
v 56.211000 2.024300 12.613250
v 62.105100 -14.124700 16.573850
v 63.297400 -14.474500 12.460950
v 62.105100 -14.124700 16.573850
v 65.237100 -10.974200 13.395350
v 65.482900 -11.300800 19.927950
v 63.005000 -10.781200 16.600550
v 62.105100 -14.124700 16.573850
v 65.237100 -10.974200 13.395350
v 63.297400 -14.474500 12.460950
v 62.540300 -1.903600 11.476950
v 61.325900 2.188200 11.248750
v 61.325900 2.188200 11.248750
v 61.325900 2.188200 11.248750
v 56.898000 0.220600 13.360450
v 61.325900 2.188200 11.248750
v 71.437900 1.329600 21.512350
v 72.758500 0.630100 11.401350
v 79.542200 1.446400 17.252550
v 59.886000 -4.502700 28.639350
v 66.619600 -5.172100 28.274050
v 58.779800 1.988300 27.523450
v 57.039500 -3.643000 27.381850
v 59.886000 -4.502700 28.639350
v 74.466800 6.653100 10.843650
v 72.758500 0.630100 11.401350
v 82.872200 8.976100 19.319650
v 79.542200 1.446400 17.252550
v 74.466800 6.653100 10.843650
v 82.872200 8.976100 19.319650
v 73.274500 9.351300 14.419450
v 60.413100 -20.585200 23.689250
v 68.916000 -20.604900 27.635950
v 59.886000 -4.502700 28.639350
v 58.563300 0.146100 31.270550
v 58.779800 1.988300 27.523450
v 54.737200 -0.479300 25.096850
v 54.737200 -0.479300 25.096850
v 61.988000 -18.824400 23.014750
v 63.965600 -10.242200 24.259350
v 73.270600 -17.091100 24.511850
v 72.118700 -15.718400 22.528850
v 73.238100 -13.532800 25.431150
v 73.270600 -17.091100 24.511850
v 78.887100 -18.044000 20.627550
v 74.449200 -15.775500 26.596350
v 78.885100 -13.826500 20.555150
v 65.482900 -11.300800 19.927950
v 72.419000 -11.914200 23.442350
v 72.419000 -11.914200 23.442350
v 72.419000 -11.914200 23.442350
v 76.684900 -8.691900 25.060650
v 81.187500 -22.443600 20.486050
v 79.797500 -5.283800 22.139850
v 81.187500 -22.443600 20.486050
v 78.887100 -18.044000 20.627550
v 78.887100 -18.044000 20.627550
v 79.797500 -5.283800 22.139850
v 78.885100 -13.826500 20.555150
v 78.885100 -13.826500 20.555150
v 58.779800 1.988300 27.523450
v 79.515700 -4.372300 28.737450
v 78.496100 -0.598200 30.830150
v 58.563300 0.146100 31.270550
v 78.338300 -4.255200 24.784350
v 79.515700 -4.372300 28.737450
v 66.619600 -5.172100 28.274050
v 78.338300 -4.255200 24.784350
v 78.554500 1.982000 31.976250
v 58.563300 0.146100 31.270550
v 58.563300 0.146100 31.270550
v 78.554500 1.982000 31.976250
v 78.496100 -0.598200 30.830150
v 84.197100 -4.724000 28.256050
v 88.703900 -3.824800 22.502750
v 84.197100 -4.724000 28.256050
v 79.797500 -5.283800 22.139850
v 79.515700 -4.372300 28.737450
v 84.197100 -4.724000 28.256050
v 79.049300 3.993100 28.011650
v 79.515700 -4.372300 28.737450
v 89.304900 -0.084100 28.165650
v 78.125700 2.574600 21.135950
v 82.540400 5.989700 19.456950
v 82.540400 5.989700 19.456950
v 78.681300 6.220800 21.994650
v 79.049300 3.993100 28.011650
v 78.482700 7.422600 26.828250
v 78.496100 -0.598200 30.830150
v 79.049300 3.993100 28.011650
v 78.554500 1.982000 31.976250
v 79.049300 3.993100 28.011650
v 88.868900 8.043600 26.789650
v 89.304900 -0.084100 28.165650
v 88.703900 -3.824800 22.502750
v 88.868900 8.043600 26.789650
v 78.482700 7.422600 26.828250
v 82.540400 5.989700 19.456950
v 78.681300 6.220800 21.994650
v 82.540400 5.989700 19.456950
v 89.156400 7.270500 21.820250
v 82.872200 8.976100 19.319650
v 89.156400 7.270500 21.820250
v 84.958500 10.593700 24.453150
v 82.872200 8.976100 19.319650
v 88.868900 8.043600 26.789650
v 89.156400 7.270500 21.820250
v 88.868900 8.043600 26.789650
v 78.482700 7.422600 26.828250
v -75.263500 -88.299800 -21.865650
v -77.030900 -53.467000 -20.695950
v -70.968900 -38.644900 -22.269550
v -63.456600 -54.725600 -18.612850
v -69.770600 -88.224800 -21.947550
v -66.944100 -49.324600 -21.204250
v -64.065300 -88.024300 -19.408450
v -89.977100 -120.399600 -26.097150
v -89.508400 -85.905900 -26.013050
v -91.038700 -95.820700 -17.375650
v -82.365600 -96.908200 -16.262750
v -79.651100 -100.998900 -16.593750
v -91.038700 -95.820700 -17.375650
v -82.365600 -96.908200 -16.262750
v -79.651100 -100.998900 -16.593750
v -78.609200 -96.765200 -21.312750
v -78.609200 -96.765200 -21.312750
v -82.365600 -96.908200 -16.262750
v -81.055800 -94.120100 -16.383350
v -77.903700 -89.002900 -20.209350
v -80.621000 -86.354800 -16.526850
v -67.841000 -33.969500 -22.441950
v -61.963700 -53.061800 -18.247850
v -79.380300 -62.964900 -16.709250
v -60.313900 -48.010600 -13.757450
v -82.428800 -27.483400 -16.529850
v -82.616900 -33.867200 -16.545750
v -90.402200 -33.021100 -17.263250
v -90.219300 -30.390700 -17.896650
v -79.893800 -158.241500 -20.554350
v -78.111000 -126.260200 -20.194750
v -72.743000 -114.898800 -22.466250
v -90.250400 -119.649700 -17.156450
v -90.219300 -30.390700 -17.896650
v -90.402200 -33.021100 -17.263250
v -90.078400 -32.844200 -22.804050
v -90.250400 -119.649700 -17.156450
v -90.025100 -123.169500 -26.024450
v -68.136400 -140.962100 -22.033050
v -74.531100 -96.895800 -23.135250
v -66.461800 -98.475600 -21.534750
v -81.484900 -141.787300 -16.680550
v -78.805200 -33.946600 -19.838950
v -81.484900 -141.787300 -16.680550
v -91.443900 -148.871400 -25.237850
v -60.121400 -34.653700 -15.406250
v -67.841000 -33.969500 -22.441950
v -78.805200 -33.946600 -19.838950
v -82.616900 -33.867200 -16.545750
v -79.888100 -45.139800 -18.104550
v -88.749800 -52.704900 -17.181450
v -89.673400 -27.314100 -26.631950
v -89.310200 -22.811900 -26.637350
v -89.494100 -32.064500 -25.262250
v -90.402200 -33.021100 -17.263250
v -94.541100 -33.797700 -24.028050
v -91.499200 -32.884900 -26.784850
v -93.162200 -39.780600 -25.965750
v -90.402200 -33.021100 -17.263250
v -91.596100 -41.920000 -21.027750
v -101.163100 -32.583500 -25.914950
v -98.491000 -27.726800 -26.355650
v -115.691800 -32.926700 -26.057250
v -94.541100 -33.797700 -24.028050
v -91.864800 -45.388100 -26.168550
v -117.736400 -34.640900 -26.007650
v -68.188500 -96.261600 -23.291650
v -60.786000 -95.774300 -15.452850
v -64.692600 -33.209300 -17.241550
v -61.251000 -34.495800 -17.937550
v -64.692600 -33.209300 -17.241550
v -73.030400 -28.469000 -15.831450
v -64.648000 -29.190700 -18.349050
v -65.377000 -33.764900 -11.447350
v -64.648000 -29.190700 -18.349050
v -64.892900 -27.279400 -12.315150
v -61.251000 -34.495800 -17.937550
v -75.263500 -88.299800 -21.865650
v -69.770600 -88.224800 -21.947550
v -64.065300 -88.024300 -19.408450
v -60.121400 -34.653700 -15.406250
v -65.377000 -33.764900 -11.447350
v -76.121100 -157.516400 -22.346150
v -74.135700 -158.239500 -16.933050
v -79.893800 -158.241500 -20.554350
v -64.692600 -33.209300 -17.241550
v -76.121100 -157.516400 -22.346150
v -92.186200 -146.506800 -18.130150
v -92.186200 -146.506800 -18.130150
v -112.830200 -23.463700 -25.945050
v -81.546800 -51.559900 -16.921250
v -119.255400 -22.550600 -25.789950
v -81.546800 -51.559900 -16.921250
v -88.749800 -52.704900 -17.181450
v -79.641800 -56.022900 -16.804950
v -88.838500 -55.940300 -25.906550
v -91.864800 -45.388100 -26.168550
v -119.595100 -31.701000 -21.388150
v -119.595100 -31.701000 -21.388150
v -118.857100 -75.797700 -26.712150
v -79.380300 -62.964900 -16.709250
v -88.838500 -55.940300 -25.906550
v -80.621000 -86.354800 -16.526850
v -89.508400 -85.905900 -26.013050
v -64.887800 -169.366400 -10.130250
v -66.347500 -190.221800 -10.745550
v -64.556300 -175.960600 -1.771250
v -66.347500 -190.221800 -10.745550
v -61.293000 -175.600100 -11.667050
v -57.416900 -190.304400 -12.409350
v -57.418500 -172.637500 -11.215750
v -58.818300 -163.243600 -12.017550
v -64.887800 -169.366400 -10.130250
v -62.814400 -95.007900 -7.699450
v -62.341200 -81.271000 -7.997050
v -61.329500 -75.465900 -10.165650
v -63.640900 -89.769300 -7.876550
v -62.249600 -87.137500 -14.279250
v -75.205000 -159.713300 1.685650
v -73.137400 -163.999800 2.039950
v -78.014400 -160.729800 0.764450
v -75.205000 -159.713300 1.685650
v -77.278600 -164.905000 -0.149150
v -78.014400 -160.729800 0.764450
v -83.635800 -165.593300 -4.739850
v -83.095000 -158.542100 -5.676150
v -78.206500 -161.040800 -3.829550
v -65.545000 -159.314500 -9.553150
v -64.961600 -159.211800 -4.229450
v -70.972200 -159.262000 -4.121150
v -70.972200 -159.262000 -4.121150
v -64.961600 -159.211800 -4.229450
v -83.095000 -158.542100 -5.676150
v -78.206500 -161.040800 -3.829550
v -63.640900 -89.769300 -7.876550
v -62.341200 -81.271000 -7.997050
v -62.814400 -95.007900 -7.699450
v -61.647200 -97.481700 -9.800750
v -70.972200 -159.262000 -4.121150
v -72.618600 -166.143800 -4.065950
v -63.053000 -151.366300 -9.562050
v -63.548800 -133.930400 -9.917250
v -62.371800 -158.469400 -15.583550
v -61.615800 -109.050500 -13.337150
v -63.177500 -158.574500 -18.430750
v -64.667000 -154.744800 -10.289250
v -63.548800 -133.930400 -9.917250
v -64.667000 -154.744800 -10.289250
v -62.833400 -124.610200 -18.596250
v -63.640900 -89.769300 -7.876550
v -62.249600 -87.137500 -14.279250
v -59.038300 -141.825600 -11.401950
v -65.545000 -159.314500 -9.553150
v -65.545000 -159.314500 -9.553150
v -65.545000 -159.314500 -9.553150
v -63.177500 -158.574500 -18.430750
v -62.371800 -158.469400 -15.583550
v -67.051100 -158.423700 -21.731350
v -64.961600 -159.211800 -4.229450
v -65.545000 -159.314500 -9.553150
v -77.456200 -164.644500 -4.254950
v -72.618600 -166.143800 -4.065950
v -84.654300 -180.447500 -5.417950
v -71.438700 -157.839000 -22.650850
v -63.940500 -23.388300 -9.506650
v -62.510700 -34.763300 -9.949050
v -61.789400 -34.328900 -5.675650
v -62.814400 -95.007900 -7.699450
v -61.647200 -97.481700 -9.800750
v -59.399400 -67.333100 -10.220050
v -62.510400 -129.025100 -10.419850
v -64.556300 -175.960600 -1.771250
v -63.183100 -34.754300 -7.843550
v -62.510700 -34.763300 -9.949050
v -63.183100 -34.754300 -7.843550
v -61.631000 -36.571900 -6.579150
v -72.618600 -166.143800 -4.065950
v -60.243900 -30.183300 -8.997950
v -60.615300 -46.299500 -9.070350
v -61.789400 -34.328900 -5.675650
v -61.631000 -36.571900 -6.579150
v -77.278600 -164.905000 -0.149150
v -77.456200 -164.644500 -4.254950
v -77.456200 -164.644500 -4.254950
v -85.902000 -190.519300 -5.349350
v -61.647200 -97.481700 -9.800750
v -61.647200 -97.481700 -9.800750
v -64.743800 -190.519300 -2.584550
v -62.895900 -110.340300 -8.109150
v -63.896200 -99.977100 -8.298750
v -61.647200 -97.481700 -9.800750
v -64.743800 -190.519300 -2.584550
v -63.896200 -99.977100 -8.298750
v -62.895900 -110.340300 -8.109150
v -64.105100 -114.836200 -9.060750
v -64.105100 -114.836200 -9.060750
v -62.510400 -129.025100 -10.419850
v -60.243900 -30.183300 -8.997950
v -63.495500 -66.291600 -7.714450
v -62.895900 -110.340300 -8.109150
v -64.105100 -114.836200 -9.060750
v -63.495500 -66.291600 -7.714450
v -63.495500 -66.291600 -7.714450
v -62.496900 -62.400800 -7.051150
v -62.496900 -62.400800 -7.051150
v -62.341200 -81.271000 -7.997050
v -78.809100 -25.828000 -16.915450
v -74.404600 -28.150600 -18.233550
v -57.647000 -38.967200 -10.059650
v -67.047100 -27.033300 -20.439350
v -63.164300 -17.937000 -10.088250
v -63.940500 -23.388300 -9.506650
v -62.906900 -26.600700 -13.793050
v -59.823500 -20.652400 -14.557550
v -60.022800 -23.004500 -18.569850
v -63.181400 -17.761100 -18.180950
v -64.648000 -29.190700 -18.349050
v -67.047100 -27.033300 -20.439350
v -59.982100 1.455800 -8.336250
v -53.189800 1.682300 -9.075350
v -54.662800 2.377000 -9.893250
v -61.621400 -0.187800 -9.040850
v -61.926900 -3.848000 -5.034850
v -62.242100 -16.029200 -3.567450
v -61.753600 -12.068000 -7.742550
v -61.926900 -3.848000 -5.034850
v -59.692100 -18.492300 -9.001650
v -62.242100 -16.029200 -3.567450
v -61.621400 -0.187800 -9.040850
v -59.803700 -7.385100 -8.897850
v -61.926900 -3.848000 -5.034850
v -62.914300 -4.166800 -9.638150
v -61.621400 -0.187800 -9.040850
v -59.588800 -3.735000 -13.861850
v -62.914300 -4.166800 -9.638150
v -61.753700 -9.603000 -13.685550
v -59.588800 -3.735000 -13.861850
v -74.303000 -15.447800 -20.683050
v -74.303000 -15.447800 -20.683050
v -77.036900 -20.852900 -21.841650
v -66.060200 -18.851700 -23.531950
v -64.934100 -13.223200 -22.496750
v -62.431100 -14.491100 -15.269050
v -67.897700 -15.267300 -21.295050
v -70.956500 -11.664000 -22.848550
v -63.181400 -17.761100 -18.180950
v -67.897700 -15.267300 -21.295050
v -59.223600 -2.733100 -23.531350
v -59.982100 1.455800 -8.336250
v -59.223600 -2.733100 -23.531350
v -59.223600 -2.733100 -23.531350
v -57.578000 -0.037100 -24.284950
v -59.982100 1.455800 -8.336250
v -54.662800 2.377000 -9.893250
v -53.189800 1.682300 -9.075350
v -59.692100 -18.492300 -9.001650
v -62.914300 -4.166800 -9.638150
v -64.428600 -10.633900 -11.551950
v -64.589000 -13.478200 -9.935150
v -62.914300 -4.166800 -9.638150
v -61.640300 -12.341800 -13.997750
v -62.193500 -5.105500 -22.020850
v -63.793200 -11.756300 -17.895750
v -63.793200 -11.756300 -17.895750
v -60.204600 -13.433100 -15.421950
v -78.049600 -4.756600 -20.824550
v -72.154000 -10.032000 -20.952750
v -81.004200 -10.971800 -15.574750
v -82.500200 -12.631300 -15.344050
v -62.193500 -5.105500 -22.020850
v -59.223600 -2.733100 -23.531350
v -59.588800 -3.735000 -13.861850
v -83.593200 -0.764100 -16.964450
v -81.772900 -5.727300 -15.712550
v -61.295900 -2.768500 -24.198250
v -69.908700 -4.187300 -23.694850
v -69.908700 -4.187300 -23.694850
v -81.425800 -1.849600 -24.130050
v -80.111900 -2.789600 -19.852850
v -82.237700 -2.100400 -23.471350
v -70.956500 -11.664000 -22.848550
v -69.908700 -4.187300 -23.694850
v -83.593200 -0.764100 -16.964450
v -82.500200 -12.631300 -15.344050
v -88.478000 1.623700 -16.862250
v -88.478000 1.623700 -16.862250
v -86.436800 0.136300 -22.969950
v -81.004200 -10.971800 -15.574750
v -81.004200 -10.971800 -15.574750
v -90.987400 -14.572800 -16.467450
v -88.960500 -11.480000 -26.183250
v -88.478000 1.623700 -16.862250
v -90.987400 -14.572800 -16.467450
v -80.334800 -16.061000 -15.013650
v -81.726000 -20.724100 -15.866150
v -80.334800 -16.061000 -15.013650
v -81.726000 -20.724100 -15.866150
v -63.164300 -17.937000 -10.088250
v -62.431100 -14.491100 -15.269050
v -122.080600 -168.424900 20.921950
v -120.916100 -164.411500 20.738350
v -120.538100 -163.846700 26.502550
v -120.538100 -163.846700 26.502550
v -120.916100 -164.411500 20.738350
v -120.538100 -163.846700 26.502550
v -120.946700 -168.482000 27.455350
v -92.323000 -169.213300 26.493550
v -121.250500 -162.390900 28.296050
v -95.086400 -163.064300 28.157350
v -122.980100 -156.541000 23.211650
v -122.980100 -156.541000 -23.137350
v -125.853300 -157.240300 -20.861150
v -125.620700 -157.273400 20.702650
v -126.306700 -161.902300 -19.995850
v -120.916100 -164.411500 20.738350
v -126.306700 -161.902300 20.070150
v -125.853300 -157.240300 -20.861150
v -126.306700 -161.902300 20.070150
v -125.620700 -157.273400 20.702650
v -81.609800 -149.648100 -17.288650
v -91.305200 -152.929300 -18.482050
v -81.597400 -158.070700 -18.185150
v -83.242000 -158.191800 -17.535050
v -88.601100 -157.522600 -18.737350
v -91.305200 -152.929300 -18.482050
v -83.242000 -158.191800 -17.535050
v -83.095000 -158.542100 -5.676150
v -84.654300 -180.447500 -5.417950
v -121.003000 -168.505000 -27.380950
v -123.122000 -170.592000 -28.729050
v -122.886200 -170.891100 -21.067950
v -122.080600 -168.424900 -20.847650
v -120.931600 -164.524800 -21.066350
v -120.561800 -163.857900 -26.421150
v -120.561800 -163.857900 -26.421150
v -120.931600 -164.524800 -21.066350
v -83.242000 -158.191800 -17.535050
v -81.597400 -158.070700 -18.185150
v -91.895400 -171.237900 -27.865550
v -123.122000 -170.592000 -28.729050
v -121.003000 -168.505000 -27.380950
v -120.561800 -163.857900 -26.421150
v -92.370000 -169.214500 -26.430050
v -121.003000 -168.505000 -27.380950
v -121.337600 -162.421700 -28.240150
v -95.113900 -163.070700 -28.090250
v -87.682900 -163.310300 -18.960750
v -90.407700 -153.212000 -23.413350
v -122.080600 -168.424900 20.921950
v -120.931600 -164.524800 -21.066350
v -122.080600 -168.424900 -20.847650
v -120.931600 -164.524800 -21.066350
v -91.305200 -152.929300 -18.482050
v -88.601100 -157.522600 -18.737350
v -90.407700 -153.212000 -23.413350
v -88.550200 -157.710800 -22.909650
v -87.682900 -163.310300 -18.960750
v -88.550200 -157.710800 -22.909650
v -87.682900 -163.310300 -18.960750
v -93.142600 -157.928700 -26.908150
v -88.550200 -157.710800 -22.909650
v -91.432700 -165.206200 -21.216650
v -91.443900 -148.871400 -25.237850
v -90.407700 -153.212000 -23.413350
v -96.440100 -153.914800 -26.244950
v -97.290800 -157.446000 -27.372250
v -120.390600 -152.730700 -26.441950
v -121.758300 -153.308900 -27.845250
v -96.440100 -153.914800 -26.244950
v -97.290800 -157.446000 -27.372250
v -93.928400 -164.267900 -26.683150
v -97.290800 -157.446000 -27.372250
v -93.142600 -157.928700 -26.908150
v -94.287900 -157.655800 -29.664550
v -96.040400 -162.076700 -29.923650
v -94.287900 -157.655800 -29.664550
v -122.301000 -156.817500 -27.637950
v -124.306100 -161.305400 -29.911150
v -95.113900 -163.070700 -28.090250
v -96.040400 -162.076700 -29.923650
v -95.113900 -163.070700 -28.090250
v -124.306100 -161.305400 -29.911150
v -122.980100 -156.541000 23.211650
v -123.032200 -153.720900 -22.975550
v -122.980100 -156.541000 -23.137350
v -126.306700 -161.902300 -19.995850
v -120.390600 -152.730700 -26.441950
v -96.440100 -153.914800 -26.244950
v -121.758300 -153.308900 -27.845250
v -122.301000 -156.817500 -27.637950
v -123.122000 -170.592000 -28.729050
v -91.895400 -171.237900 -27.865550
v -88.836200 -171.620100 -29.920850
v -124.535800 -156.642700 -29.274350
v -92.370000 -169.214500 -26.430050
v -92.370000 -169.214500 -26.430050
v -93.928400 -164.267900 -26.683150
v -93.928400 -164.267900 -26.683150
v -91.231500 -169.860400 -19.122250
v -124.535800 -156.642700 -29.274350
v -89.272400 -171.799500 -20.080650
v -87.511600 -172.982200 -30.298750
v -91.231500 -169.860400 -19.122250
v -92.370000 -169.214500 -26.430050
v -86.467700 -174.037900 -19.192350
v -123.032200 -153.720900 -22.975550
v -89.272400 -171.799500 -20.080650
v -91.231500 -169.860400 -19.122250
v -86.467700 -174.037900 -19.192350
v -83.642100 -172.854100 -19.109050
v -121.758300 -153.308900 -27.845250
v -122.301000 -156.817500 -27.637950
v -123.032200 -153.720900 -22.975550
v -122.980100 -156.541000 -23.137350
v -125.853300 -157.240300 -20.861150
v -122.980100 -156.541000 -23.137350
v -125.853300 -157.240300 -20.861150
v -124.306100 -161.305400 -29.911150
v -91.432700 -165.206200 -21.216650
v -83.642100 -172.854100 -19.109050
v -126.306700 -161.902300 -19.995850
v -126.306700 -161.902300 -19.995850
v -124.535800 -156.642700 -29.274350
v -93.907100 -164.260100 26.751050
v -120.916100 -164.411500 20.738350
v -93.907100 -164.260100 26.751050
v -95.086400 -163.064300 28.157350
v -93.907100 -164.260100 26.751050
v -93.139400 -157.925200 26.980850
v -94.220300 -157.656900 29.729850
v -96.040400 -162.076700 29.997950
v -124.249200 -161.289700 30.011450
v -96.040400 -162.076700 29.997950
v -124.249200 -161.289700 30.011450
v -95.086400 -163.064300 28.157350
v -126.306700 -161.902300 20.070150
v -124.523800 -156.636300 29.351750
v -94.220300 -157.656900 29.729850
v -122.301000 -156.817500 27.712250
v -124.523800 -156.636300 29.351750
v -125.620700 -157.273400 20.702650
v -124.249200 -161.289700 30.011450
v -124.523800 -156.636300 29.351750
v -122.980100 -156.541000 23.211650
v -125.620700 -157.273400 20.702650
v -126.306700 -161.902300 20.070150
v -84.103600 -190.304300 26.162650
v -83.618000 -190.519300 18.356050
v -83.242100 -185.063400 18.796550
v -88.814500 -171.618200 29.986750
v -87.511600 -172.982200 30.373050
v -89.272400 -171.799500 20.154950
v -91.849900 -171.240800 27.928450
v -91.222500 -169.838800 19.190450
v -92.323000 -169.213300 26.493550
v -86.453200 -174.006600 19.266650
v -89.272400 -171.799500 20.154950
v -86.453200 -174.006600 19.266650
v -91.222500 -169.838800 19.190450
v -87.812800 -176.669500 30.583650
v -86.836900 -178.458200 19.641550
v -122.886200 -170.891100 -21.067950
v -126.475100 -172.781300 25.798450
v -122.886200 -170.891100 21.142250
v -92.323000 -169.213300 26.493550
v -91.222500 -169.838800 19.190450
v -126.593300 -177.479800 -26.443650
v -126.593300 -177.479800 26.517950
v -92.323000 -169.213300 26.493550
v -120.946700 -168.482000 27.455350
v -91.849900 -171.240800 27.928450
v -126.593300 -177.479800 -26.443650
v -130.004100 -177.934800 27.346350
v -126.593300 -177.479800 26.517950
v -130.004100 -177.934800 -27.272050
v -130.406700 -180.358500 31.273050
v -130.004100 -177.934800 27.346350
v -130.406700 -180.358500 31.273050
v -131.961000 -180.814800 -32.969850
v -132.001400 -180.910800 33.015250
v -132.001400 -180.910800 33.015250
v -132.908900 -190.362400 -33.059350
v -132.972800 -190.351500 33.197450
v -83.635800 -165.593300 -4.739850
v -81.874200 -177.229200 -14.326250
v -120.946700 -168.482000 27.455350
v -87.812800 -176.669500 30.583650
v -87.511600 -172.982200 30.373050
v -86.835800 -178.482500 -19.597950
v -86.835800 -178.482500 -19.597950
v -87.812800 -176.669500 -30.509350
v -87.812800 -176.669500 -30.509350
v -88.363500 -178.907800 -30.651350
v -87.511600 -172.982200 -30.298750
v -125.686100 -171.694600 -29.914450
v -88.836200 -171.620100 -29.920850
v -84.377300 -181.901600 -13.156250
v -80.258400 -181.313100 -17.364450
v -80.258400 -181.313100 -17.364450
v -83.274200 -185.216800 -18.737850
v -123.093900 -170.587800 28.802950
v -88.814500 -171.618200 29.986750
v -125.673900 -171.687800 29.988650
v -84.044400 -181.917900 26.058450
v -83.830400 -181.896100 32.580150
v -88.277000 -178.912500 30.715750
v -85.944300 -179.428100 25.721250
v -85.902000 -190.519300 -5.349350
v -87.359700 -190.519300 -11.560150
v -83.618000 -190.519300 -18.281750
v -84.065500 -181.901300 -26.055950
v -80.258400 -181.313100 -17.364450
v -83.274200 -185.216800 -18.737850
v -85.943000 -179.431000 -25.658650
v -85.943000 -179.431000 -25.658650
v -84.065500 -181.901300 -26.055950
v -83.853300 -181.990200 -32.460950
v -88.363500 -178.907800 -30.651350
v -83.853300 -181.990200 -32.460950
v -88.363500 -178.907800 -30.651350
v -84.102700 -190.318400 -26.106050
v -83.618000 -190.519300 -18.281750
v -83.853300 -181.990200 -32.460950
v -84.814300 -190.322900 -33.011750
v -84.102700 -190.318400 -26.106050
v -131.961000 -180.814800 -32.969850
v -83.853300 -181.990200 -32.460950
v -84.814300 -190.322900 -33.011750
v -131.961000 -180.814800 -32.969850
v -126.475100 -172.781300 -25.724150
v -123.122000 -170.592000 -28.729050
v -127.841600 -177.794700 -30.749450
v -126.475100 -172.781300 -25.724150
v -125.686100 -171.694600 -29.914450
v -127.841600 -177.794700 -30.749450
v -126.593300 -177.479800 -26.443650
v -130.004100 -177.934800 -27.272050
v -130.428900 -180.333400 -31.244550
v -130.428900 -180.333400 -31.244550
v -131.961000 -180.814800 -32.969850
v -127.841600 -177.794700 -30.749450
v -88.277000 -178.912500 30.715750
v -127.841600 -177.794700 -30.749450
v -132.908900 -190.362400 -33.059350
v -130.428900 -180.333400 -31.244550
v -130.428900 -180.333400 -31.244550
v -84.044400 -181.917900 26.058450
v -86.836900 -178.458200 19.641550
v -85.944300 -179.428100 25.721250
v -83.830400 -181.896100 32.580150
v -84.764400 -190.311100 33.215950
v -84.103600 -190.304300 26.162650
v -83.830400 -181.896100 32.580150
v -88.277000 -178.912500 30.715750
v -127.790700 -177.776700 30.828250
v -130.406700 -180.358500 31.273050
v -83.830400 -181.896100 32.580150
v -132.972800 -190.351500 33.197450
v -84.764400 -190.311100 33.215950
v -130.004100 -177.934800 -27.272050
v -126.593300 -177.479800 -26.443650
v -123.093900 -170.587800 28.802950
v -123.093900 -170.587800 28.802950
v -127.790700 -177.776700 30.828250
v -130.004100 -177.934800 -27.272050
v -127.841600 -177.794700 -30.749450
v -130.428900 -180.333400 -31.244550
v -122.886200 -170.891100 21.142250
v -123.093900 -170.587800 28.802950
v -126.475100 -172.781300 25.798450
v -125.673900 -171.687800 29.988650
v -127.790700 -177.776700 30.828250
v -126.593300 -177.479800 26.517950
v -130.406700 -180.358500 31.273050
v -127.790700 -177.776700 30.828250
v -132.001400 -180.910800 33.015250
v -132.001400 -180.910800 33.015250
v -130.004100 -177.934800 27.346350
v -130.406700 -180.358500 31.273050
v -127.790700 -177.776700 30.828250
v -130.004100 -177.934800 27.346350
v -126.593300 -177.479800 26.517950
v -62.814400 -95.007900 7.773750
v -62.444500 -72.826800 7.595650
v -63.645700 -89.673400 7.947650
v -62.250800 -87.079400 14.344950
v -64.050100 -87.956200 19.463250
v -60.312800 -47.994900 13.827850
v -63.187900 -34.677300 7.898050
v -62.511700 -34.767100 9.995350
v -60.006200 -30.183300 9.072250
v -61.823800 -34.070400 5.721350
v -60.615300 -46.299500 9.144650
v -60.127600 -34.633200 15.469050
v -65.387700 -33.751100 11.514250
v -60.127600 -34.633200 15.469050
v -61.238600 -34.475000 17.990350
v -67.787800 -33.948300 22.486250
v -61.238600 -34.475000 17.990350
v -64.671300 -33.180400 17.299750
v -64.892900 -27.279400 12.389450
v -65.387700 -33.751100 11.514250
v -62.511700 -34.767100 9.995350
v -61.823800 -34.070400 5.721350
v -63.940500 -23.388300 9.580950
v -59.692100 -18.492300 9.075950
v -60.006200 -30.183300 9.072250
v -56.580700 -38.967200 10.133950
v -59.692100 -18.492300 9.075950
v -64.631500 -29.144300 18.427350
v -64.671300 -33.180400 17.299750
v -62.911400 -26.616000 13.870850
v -89.534200 -85.402200 26.042950
v -90.712500 -90.684700 17.360650
v -88.823600 -55.569300 25.970750
v -78.783900 -96.544300 21.421350
v -74.552200 -96.882800 23.199150
v -75.546500 -88.402400 21.816450
v -78.783900 -96.544300 21.421350
v -68.188400 -96.261700 23.365250
v -69.741700 -88.186700 22.012350
v -64.050100 -87.956200 19.463250
v -91.602500 -41.935000 21.115350
v -63.187900 -34.677300 7.898050
v -63.495500 -66.291600 7.788750
v -67.787800 -33.948300 22.486250
v -82.591000 -33.835300 16.590650
v -78.800700 -33.922700 19.910250
v -79.885100 -45.156800 18.192550
v -78.800700 -33.922700 19.910250
v -61.631000 -36.571900 6.653450
v -70.968000 -38.637100 22.344250
v -62.250800 -87.079400 14.344950
v -60.786100 -95.782200 15.526250
v -63.645700 -89.673400 7.947650
v -62.814400 -95.007900 7.773750
v -62.444500 -72.826800 7.595650
v -63.645700 -89.673400 7.947650
v -77.033400 -53.463800 20.764750
v -62.814400 -95.007900 7.773750
v -80.051800 -87.878700 17.038750
v -90.712500 -90.684700 17.360650
v -81.874600 -96.576700 16.164850
v -79.806700 -60.606500 16.718050
v -79.806700 -60.606500 16.718050
v -75.546500 -88.402400 21.816450
v -88.555700 -53.448700 17.308750
v -88.555700 -53.448700 17.308750
v -79.680100 -56.126900 16.853050
v -81.505600 -51.116000 17.018750
v -93.162200 -39.780600 26.040050
v -90.343800 -33.030600 17.326250
v -61.631000 -36.571900 6.653450
v -61.962700 -53.062900 18.324350
v -66.947600 -49.331700 21.280250
v -63.456600 -54.725600 18.687150
v -81.505600 -51.116000 17.018750
v -62.242100 -16.029200 3.641750
v -63.172000 -17.882300 10.145350
v -62.242100 -16.029200 3.641750
v -82.591000 -33.835300 16.590650
v -90.343800 -33.030600 17.326250
v -61.926900 -3.848000 5.109150
v -59.803700 -7.385100 8.972150
v -61.821900 -0.300800 9.106250
v -59.044000 -77.745000 10.586050
v -63.940500 -23.388300 9.580950
v -59.823500 -20.652400 14.631850
v -63.172000 -17.882300 10.145350
v -64.631500 -29.144300 18.427350
v -60.020400 -23.004400 18.644150
v -63.495500 -66.291600 7.788750
v -69.741700 -88.186700 22.012350
v -81.874600 -96.576700 16.164850
v -81.874600 -96.576700 16.164850
v -63.495500 -66.291600 7.788750
v -62.444500 -72.826800 7.595650
v -119.730100 -122.286000 27.146050
v -121.960500 -131.745500 22.752850
v -120.384200 -152.675800 26.517450
v -121.178600 -121.463900 20.942750
v -119.018300 -111.033600 26.802450
v -120.748400 -102.616100 19.660550
v -113.751800 -103.655100 26.937550
v -119.730100 -122.286000 27.146050
v -89.948800 -120.133600 26.167450
v -91.362900 -148.235600 25.312250
v -90.025800 -122.338300 26.139850
v -90.025800 -122.338300 26.139850
v -91.362900 -148.235600 25.312250
v -90.395000 -124.360200 17.190650
v -89.948800 -120.133600 26.167450
v -118.876300 -86.566100 25.279150
v -115.813800 -88.987900 26.642250
v -121.251200 -77.790600 20.240650
v -119.326300 -80.751000 25.739850
v -89.534200 -85.402200 26.042950
v -111.822900 -79.206400 26.598850
v -118.831700 -75.587000 26.789250
v -118.831700 -75.587000 26.789250
v -117.511400 -35.127700 26.126050
v -88.823600 -55.569300 25.970750
v -91.896800 -45.308600 26.226250
v -120.635300 -40.374000 19.234250
v -117.511400 -35.127700 26.126050
v -118.609000 -33.813000 19.064450
v -91.896800 -45.308600 26.226250
v -118.857100 -75.797700 -26.712150
v -119.362500 -80.690900 -25.647950
v -121.139100 -78.857400 -20.267050
v -111.822900 -79.206500 -26.524550
v -121.251200 -77.790600 20.240650
v -121.139100 -78.857400 -20.267050
v -117.736400 -34.640900 -26.007650
v -120.635300 -40.374000 -19.159950
v -120.635300 -40.374000 -19.159950
v -118.609000 -33.813000 -18.990150
v -120.635300 -40.374000 19.234250
v -118.609000 -33.813000 -18.990150
v -119.537900 -28.548000 -16.372550
v -118.609000 -33.813000 19.064450
v -119.537900 -28.548000 -16.372550
v -120.748400 -102.616100 19.660550
v -89.977100 -120.399600 -26.097150
v -113.751800 -103.655100 -26.863250
v -115.813200 -88.987000 -26.566550
v -118.876300 -86.566100 -25.204850
v -120.748400 -102.616100 -19.586250
v -120.748400 -102.616100 -19.586250
v -119.018300 -111.033600 -26.728150
v -121.178600 -121.463900 20.942750
v -121.960500 -131.745500 22.752850
v -90.025100 -123.169500 -26.024450
v -119.786000 -122.428400 -27.065550
v -119.786000 -122.428400 -27.065550
v -83.664300 -172.710200 19.189550
v -87.682900 -163.310300 19.035050
v -91.428800 -165.195300 21.287350
v -91.428800 -165.195300 21.287350
v -87.682900 -163.310300 19.035050
v -83.210300 -158.064900 17.618050
v -121.002100 -152.803500 -22.986050
v -120.390600 -152.730700 -26.441950
v -121.002100 -152.803500 -22.986050
v -122.007600 -150.165300 -23.488350
v -123.032200 -153.720900 23.049850
v -121.002100 -152.803500 -22.986050
v -123.032200 -153.720900 -22.975550
v -121.002100 -152.803500 23.060350
v -122.007600 -150.165300 -23.488350
v -121.002100 -152.803500 -22.986050
v -121.614700 -124.512200 -22.291650
v -122.019900 -149.878300 23.529750
v -121.614700 -124.512200 -22.291650
v -123.032200 -153.720900 23.049850
v -121.002100 -152.803500 23.060350
v -88.597800 -157.482000 18.802250
v -87.682900 -163.310300 19.035050
v -88.597800 -157.482000 18.802250
v -88.542200 -157.705800 22.973850
v -122.980100 -156.541000 23.211650
v -122.301000 -156.817500 27.712250
v -123.032200 -153.720900 23.049850
v -121.002100 -152.803500 23.060350
v -123.032200 -153.720900 23.049850
v -120.384200 -152.675800 26.517450
v -121.758300 -153.308900 27.919550
v -121.758300 -153.308900 27.919550
v -122.019900 -149.878300 23.529750
v -121.002100 -152.803500 23.060350
v -97.290800 -157.446000 27.446550
v -121.758300 -153.308900 27.919550
v -122.301000 -156.817500 27.712250
v -96.343800 -153.916900 26.275550
v -120.384200 -152.675800 26.517450
v -97.290800 -157.446000 27.446550
v -88.542200 -157.705800 22.973850
v -97.290800 -157.446000 27.446550
v -93.139400 -157.925200 26.980850
v -96.343800 -153.916900 26.275550
v -96.343800 -153.916900 26.275550
v -90.469300 -153.179800 23.516950
v -90.469300 -153.179800 23.516950
v -88.542200 -157.705800 22.973850
v -91.348400 -152.897000 18.553250
v -91.348400 -152.897000 18.553250
v -90.469300 -153.179800 23.516950
v -81.609800 -149.648100 17.362950
v -92.192800 -146.218500 18.289550
v -91.348400 -152.897000 18.553250
v -92.192800 -146.218500 18.289550
v -81.484900 -141.787300 16.754850
v -90.395000 -124.360200 17.190650
v -78.809100 -25.828000 16.989750
v -82.409100 -27.497700 16.617650
v -74.404800 -28.150700 18.307650
v -90.216800 -30.353900 17.963750
v -90.078400 -32.844200 22.878350
v -90.343800 -33.030600 17.326250
v -61.749700 -9.591300 13.768850
v -62.104000 -5.150600 21.959250
v -63.783700 -11.751100 17.966250
v -60.204600 -13.433100 15.496250
v -64.934100 -13.223200 22.571150
v -61.640300 -12.341800 14.072050
v -63.783700 -11.751100 17.966250
v -90.216800 -30.353900 17.963750
v -64.428200 -10.635000 11.623550
v -62.904600 -4.114400 9.713850
v -98.491000 -27.726800 26.429950
v -89.673400 -27.314100 26.706250
v -89.310200 -22.811900 26.711650
v -88.960500 -11.480000 26.257550
v -90.987400 -14.572800 16.541750
v -89.626600 -10.691600 26.866450
v -64.586800 -13.478900 10.009450
v -62.904600 -4.114400 9.713850
v -61.752900 -12.107100 7.812950
v -70.976700 -11.625900 23.040950
v -78.049600 -4.756600 20.898850
v -80.946500 -10.970800 15.653850
v -72.167000 -10.027800 21.025450
v -80.946500 -10.970800 15.653850
v -70.976700 -11.625900 23.040950
v -98.938800 -4.065800 26.099750
v -88.850200 0.972200 26.792050
v -88.421800 1.912300 16.998250
v -88.415800 0.182700 21.834950
v -70.038800 -4.023300 23.783050
v -82.543900 -1.745100 23.417050
v -80.830100 -2.191400 23.087150
v -67.887200 -15.263300 21.366450
v -63.186900 -17.748000 18.257750
v -62.427700 -14.488000 15.342050
v -62.427700 -14.488000 15.342050
v -95.813500 8.296600 26.914150
v -67.887200 -15.263300 21.366450
v -63.186900 -17.748000 18.257750
v -88.176300 6.086100 21.691350
v -88.778400 2.687400 26.825750
v -66.060200 -18.851700 23.606250
v -67.033500 -27.022500 20.520550
v -89.524700 10.000600 23.378050
v -67.033500 -27.022500 20.520550
v -74.259600 -15.430200 20.754450
v -82.595500 -12.797500 15.427050
v -74.259600 -15.430200 20.754450
v -80.317600 -16.067900 15.094450
v -77.036900 -20.852900 21.915950
v -88.176300 6.086100 21.691350
v -86.436800 0.136300 23.044250
v -85.666600 10.557900 23.168250
v -89.756700 10.562800 26.401250
v -89.524700 10.000600 23.378050
v -89.756700 10.562800 26.401250
v -89.524700 10.000600 23.378050
v -85.666600 10.557900 23.168250
v -85.666600 10.557900 23.168250
v -88.421800 1.912300 16.998250
v -86.436800 0.136300 23.044250
v -83.572300 -0.766200 17.038750
v -80.111900 -2.789600 19.927150
v -82.543900 -1.745100 23.417050
v -81.787800 -5.723500 15.777650
v -83.572300 -0.766200 17.038750
v -82.595500 -12.797500 15.427050
v -88.421800 1.912300 16.998250
v -80.946500 -10.970800 15.653850
v -90.987400 -14.572800 16.541750
v -81.715800 -20.653100 15.935150
v -80.317600 -16.067900 15.094450
v -81.715800 -20.653100 15.935150
v -70.038800 -4.023300 23.783050
v -70.038800 -4.023300 23.783050
v -89.494100 -32.064500 25.336550
v -91.499200 -32.884900 26.859150
v -94.745200 -33.868600 24.053550
v -90.343800 -33.030600 17.326250
v -101.321500 -32.359000 26.034250
v -94.745200 -33.868600 24.053550
v -64.671300 -33.180400 17.299750
v -73.030400 -28.469000 15.905750
v -64.631500 -29.144300 18.427350
v -54.340700 10.958200 23.751350
v -71.351500 27.935000 21.498250
v -83.646000 18.144900 22.516750
v -60.232300 7.524500 24.360750
v -55.414500 6.150300 24.572750
v -54.340700 10.958200 23.751350
v -68.079800 10.438000 23.264250
v -66.020300 8.367500 20.136250
v -68.079800 10.438000 23.264250
v -66.020300 8.367500 20.136250
v -54.340700 10.958200 23.751350
v -68.073500 7.118200 28.256850
v -61.255800 0.527700 28.561250
v -61.438400 3.039600 28.445650
v -55.313200 -0.116300 20.720650
v -54.340700 10.958200 23.751350
v -55.414500 6.150300 24.572750
v -59.662000 -3.169800 23.489650
v -57.762900 -1.087200 23.567450
v -57.762900 -1.087200 23.567450
v -62.616900 6.287100 27.069650
v -61.255800 0.527700 28.561250
v -61.106900 -3.281800 24.017050
v -70.999900 9.029900 22.537250
v -71.779100 9.160100 27.582350
v -70.999900 9.029900 22.537250
v -78.101400 9.495300 23.286750
v -78.329500 10.012600 27.824450
v -78.101400 9.495300 23.286750
v -71.779100 9.160100 27.582350
v -78.329500 10.012600 27.824450
v -80.095900 8.128500 27.355450
v -80.274900 1.300700 27.769850
v -61.253700 0.214200 26.621250
v -61.203900 -2.094600 26.390450
v -61.106900 -3.281800 24.017050
v -61.255800 0.527700 28.561250
v -61.253700 0.214200 26.621250
v -61.106900 -3.281800 24.017050
v -61.106900 -3.281800 24.017050
v -62.104000 -5.150600 21.959250
v -59.662000 -3.169800 23.489650
v -61.255800 0.527700 28.561250
v -80.274900 1.300700 27.769850
v -61.253700 0.214200 26.621250
v -81.145000 1.241700 26.415650
v -61.203900 -2.094600 26.390450
v -61.253700 0.214200 26.621250
v -61.203900 -2.094600 26.390450
v -82.543900 -1.745100 23.417050
v -61.106900 -3.281800 24.017050
v -53.157300 -43.810800 10.405150
v -52.599400 -15.630000 10.129750
v -81.145000 1.241700 26.415650
v -80.742500 -1.447500 25.438050
v -80.742500 -1.447500 25.438050
v -52.082600 1.405400 -6.275450
v -53.157300 -43.810800 10.405150
v -53.619900 -40.374700 -6.037450
v -55.171800 -61.597400 10.629050
v -56.671100 -146.496200 11.366450
v -56.671100 -146.496200 11.366450
v -59.059900 -141.825600 11.476250
v -56.892700 -139.098700 -10.915550
v -63.956400 -158.519800 10.060250
v -56.177400 -172.502800 -7.433350
v -53.855500 -61.878900 8.499050
v -56.892700 -139.098700 -10.915550
v -57.418500 -172.637500 -11.215750
v -65.979800 -190.217300 11.216650
v -57.038400 -190.356300 12.396550
v -57.038400 -190.356300 12.396550
v -56.390200 -190.519300 -7.501450
v -85.666600 10.557900 23.168250
v -57.416900 -190.304400 -12.409350
v -80.660300 8.448400 24.402950
v -85.666600 10.557900 23.168250
v -54.828800 -85.175100 10.883450
v -55.659500 -107.891600 -10.512650
v -53.550800 -39.971800 -10.227050
v -53.550800 -39.971800 -10.227050
v -56.173600 -61.597400 -11.746150
v -54.828800 -85.175100 10.883450
v -81.145000 1.241700 26.415650
v -80.660300 8.448400 24.402950
v -82.543900 -1.745100 23.417050
v -53.189800 1.682300 -9.075350
v -52.599400 -15.630000 10.129750
v -54.406200 -61.025600 -10.452250
v -55.171800 -61.597400 10.629050
v -54.299100 2.430000 9.521650
v -55.013700 -82.834100 -10.484950
v -55.013700 -82.834100 -10.484950
v -55.659500 -107.891600 -10.512650
v -80.742500 -1.447500 25.438050
v -61.926900 -3.848000 5.109150
v -62.904600 -4.114400 9.713850
v -54.299100 2.430000 9.521650
v -54.406200 -61.025600 -10.452250
v -55.013700 -82.834100 -10.484950
v -54.299100 2.430000 9.521650
v -27.974600 2.766300 9.636850
v -46.477800 10.571800 6.866250
v -27.974600 2.766300 9.636850
v -54.299100 2.430000 9.521650
v -52.082600 1.405400 -6.275450
v -53.514100 10.202400 19.530250
v -57.985700 9.804600 7.925850
v -55.318400 10.069200 14.030150
v -53.514100 10.202400 19.530250
v -57.985700 9.804600 7.925850
v -46.477800 10.571800 6.866250
v -55.318400 10.069200 14.030150
v -55.313200 -0.116300 20.720650
v -57.762900 -1.087200 23.567450
v -58.902400 3.344500 8.914950
v -58.902400 3.344500 8.914950
v -57.985700 9.804600 7.925850
v -58.902400 3.344500 8.914950
v -58.902400 3.344500 8.914950
v -57.762900 -1.087200 23.567450
v -60.298300 1.999300 7.674350
v -60.298300 1.999300 7.674350
v -61.821900 -0.300800 9.106250
v -54.299100 2.430000 9.521650
v -60.298300 1.999300 7.674350
v -60.298300 1.999300 7.674350
v -57.762900 -1.087200 23.567450
v -59.662000 -3.169800 23.489650
v -59.602300 -3.790500 14.019350
v -61.821900 -0.300800 9.106250
v -59.602300 -3.790500 14.019350
v -59.602300 -3.790500 14.019350
v -61.926900 -3.848000 5.109150
v -62.904600 -4.114400 9.713850
v -62.691300 -127.626600 9.702150
v -62.572100 -158.467600 15.676050
v -61.609400 -109.105600 13.410050
v -62.691300 -127.626600 9.702150
v -79.680100 -99.310100 16.722150
v -68.129300 -140.965500 22.105250
v -63.180600 -158.567400 18.510150
v -62.861900 -124.434000 18.702750
v -79.680100 -99.310100 16.722150
v -78.105600 -126.384200 20.256050
v -84.377300 -181.901600 13.230550
v -85.902000 -190.519300 5.423650
v -83.618000 -190.519300 18.356050
v -87.359700 -190.519300 11.634450
v -83.242100 -185.063400 18.796550
v -81.484900 -141.787300 16.754850
v -63.180600 -158.567400 18.510150
v -67.051100 -158.423700 21.805650
v -62.572100 -158.467600 15.676050
v -63.956400 -158.519800 10.060250
v -74.135700 -158.239500 17.007350
v -64.531000 -175.960600 1.845550
v -84.506200 -178.338900 5.501050
v -85.902000 -190.519300 5.423650
v -81.874200 -177.229200 14.400550
v -80.258400 -181.313100 17.438750
v -80.258400 -181.313100 17.438750
v -80.258400 -181.313100 17.438750
v -76.072300 -157.522400 22.427450
v -84.506200 -178.338900 5.501050
v -83.635800 -165.593300 4.814150
v -79.893800 -158.241500 20.628650
v -72.760900 -114.927900 22.533650
v -64.111900 -114.522600 9.112350
v -66.576600 -98.448600 21.665750
v -64.111900 -114.522600 9.112350
v -62.895900 -110.340300 8.183450
v -61.936400 -97.167600 10.048750
v -62.895900 -110.340300 8.183450
v -62.691300 -127.626600 9.702150
v -62.895900 -110.340300 8.183450
v -63.886500 -99.922200 8.376550
v -64.111900 -114.522600 9.112350
v -63.886500 -99.922200 8.376550
v -61.936400 -97.167600 10.048750
v -61.936400 -97.167600 10.048750
v -61.936400 -97.167600 10.048750
v -72.613200 -166.126400 4.102050
v -83.635800 -165.593300 4.814150
v -77.456200 -164.644500 4.329250
v -78.203500 -161.036200 3.900350
v -83.664300 -172.710200 19.189550
v -83.036800 -158.538000 5.393850
v -79.893800 -158.241500 20.628650
v -64.936300 -161.194300 10.013550
v -63.956400 -158.519800 10.060250
v -64.951800 -159.175600 4.323150
v -83.036800 -158.538000 5.393850
v -63.956400 -158.519800 10.060250
v -83.210300 -158.064900 17.618050
v -70.948400 -159.250400 4.236550
v -64.951800 -159.175600 4.323150
v -70.948400 -159.250400 4.236550
v -64.951800 -159.175600 4.323150
v -75.220600 -159.878000 -1.838550
v -78.203500 -161.036200 3.900350
v -72.993600 -164.360400 -1.543950
v -70.948400 -159.250400 4.236550
v -72.613200 -166.126400 4.102050
v -78.014400 -160.729800 -0.690150
v -78.014400 -160.729800 -0.690150
v -77.278600 -164.905000 0.223450
v -75.220600 -159.878000 -1.838550
v -83.036800 -158.538000 5.393850
v -83.210300 -158.064900 17.618050
v -81.597400 -158.070700 18.259450
v -71.438700 -157.839000 22.725150
v -76.072300 -157.522400 22.427450
v -81.597400 -158.070700 18.259450
v -64.936300 -161.194300 10.013550
v -64.531000 -175.960600 1.845550
v -72.613200 -166.126400 4.102050
v -64.743800 -190.519300 2.658850
v -65.979800 -190.217300 11.216650
v -64.743800 -190.519300 2.658850
v -77.278600 -164.905000 0.223450
v -77.456200 -164.644500 4.329250
v -77.456200 -164.644500 4.329250
v -105.087200 10.776600 26.192850
v -83.831100 17.533400 30.007950
v -83.646000 18.144900 22.516750
v -89.449000 17.791900 27.737650
v -93.784200 10.958700 30.226250
v -111.012300 12.125900 30.806050
v -105.272700 11.038100 29.530150
v -125.951300 17.858900 -30.699550
v -125.943500 11.890700 -23.675050
v -125.667700 19.432900 -20.257050
v -121.141500 18.404500 -26.655450
v -125.951300 17.858900 -30.699550
v -125.667700 19.432900 -20.257050
v -102.907100 17.857100 30.868350
v -102.907100 17.857100 -30.794050
v -121.141500 18.404500 -26.655450
v -121.412500 28.731300 -27.390850
v -89.891300 17.540300 -27.106850
v -90.333200 17.399800 30.994450
v -125.932200 17.921500 30.784150
v -102.907100 17.857100 30.868350
v -84.235800 9.705300 30.634650
v -93.784200 10.958700 30.226250
v -83.753200 15.764700 30.992150
v -83.646000 18.144900 22.516750
v -83.831100 17.533400 30.007950
v -88.430400 18.582900 21.820250
v -89.449000 17.791900 27.737650
v -88.430400 18.582900 21.820250
v -89.141200 28.124100 27.593450
v -88.430400 18.582900 21.820250
v -83.646000 18.144900 22.516750
v -86.303300 29.209300 21.908850
v -83.753200 15.764700 30.992150
v -84.235800 9.705300 30.634650
v -121.142000 18.781600 26.778250
v -89.449000 17.791900 27.737650
v -89.141200 28.124100 27.593450
v -105.087200 10.776600 26.192850
v -111.104600 11.144000 18.863850
v -78.703800 31.028400 32.556050
v -78.889000 38.551300 33.428450
v -84.037100 38.848500 33.922750
v -84.037100 38.848500 33.922750
v -78.889000 38.551300 33.428450
v -75.261300 39.020300 35.577750
v -75.261300 39.020300 35.577750
v -84.082500 42.664200 36.483350
v -84.037100 38.848500 33.922750
v -75.261300 39.020300 35.577750
v -74.696000 39.260500 21.383050
v -84.235800 9.705300 30.634650
v -124.511400 29.064500 29.217350
v -121.315600 28.682600 27.506450
v -85.296800 28.121700 30.408050
v -121.043600 28.064700 21.345050
v -120.641400 27.790500 -21.248350
v -121.315600 28.682600 27.506450
v -121.142000 18.781600 26.778250
v -121.315600 28.682600 27.506450
v -121.043600 28.064700 21.345050
v -74.025300 55.366700 30.471050
v -84.082500 42.664200 36.483350
v -75.261300 39.020300 35.577750
v -74.185300 54.943000 36.116650
v -72.407100 49.310400 21.935450
v -73.344900 59.758300 21.690550
v -122.976500 19.879100 20.640550
v -125.932200 17.921500 30.784150
v -125.431600 11.360100 30.441850
v -125.431600 11.360100 30.441850
v -118.695200 11.510200 29.915850
v -121.142000 18.781600 26.778250
v -111.012300 12.125900 30.806050
v -125.260900 11.360000 20.395450
v -122.323100 11.356100 12.922750
v -122.976500 19.879100 20.640550
v -125.596000 19.501600 20.110050
v -122.976500 19.879100 20.640550
v -125.943500 11.890700 23.749350
v -125.596000 19.501600 20.110050
v -125.397700 18.931600 14.902450
v -125.932200 17.921500 30.784150
v -125.448100 12.380700 14.727650
v -78.079800 60.101100 36.671050
v -74.185300 54.943000 36.116650
v -74.474000 60.163000 26.360550
v -125.448100 12.380700 -14.653350
v -125.397700 18.931600 -14.828150
v -122.976500 19.879100 -20.566250
v -121.141500 18.404500 -26.655450
v -122.976500 19.879100 -20.566250
v -120.641400 27.790500 -21.248350
v -74.696000 39.260500 21.383050
v -122.976500 19.879100 20.640550
v -122.976500 19.879100 -20.566250
v -125.596000 19.501600 20.110050
v -125.667700 19.432900 -20.257050
v -125.397700 18.931600 14.902450
v -125.596000 19.501600 20.110050
v -125.397700 18.931600 -14.828150
v -125.448100 12.380700 14.727650
v -125.448100 12.380700 -14.653350
v -122.323100 11.356100 12.922750
v -122.976500 19.879100 -20.566250
v -125.667700 19.432900 -20.257050
v -121.412500 28.731300 -27.390850
v -82.217900 60.567700 33.605450
v -78.079800 60.101100 36.671050
v -73.021600 42.545900 22.009550
v -78.430300 37.030700 20.502050
v -72.670200 40.263300 20.151950
v -89.891300 17.540300 -27.106850
v -89.141200 28.124100 27.593450
v -86.303300 29.209300 21.908850
v -86.303300 29.209300 21.908850
v -84.393300 31.920200 23.253150
v -86.303300 29.209300 21.908850
v -79.439900 31.559100 20.719950
v -84.393300 31.920200 23.253150
v -85.296800 28.121700 30.408050
v -86.303300 29.209300 21.908850
v -84.470900 30.875200 31.697750
v -85.296800 28.121700 30.408050
v -96.501600 31.353200 30.372350
v -124.511400 29.064500 29.217350
v -72.670200 40.263300 20.151950
v -74.696000 39.260500 21.383050
v -96.501600 31.353200 30.372350
v -87.999400 31.738600 33.028350
v -84.470900 30.875200 31.697750
v -84.470900 30.875200 31.697750
v -78.430300 37.030700 20.502050
v -84.470900 30.875200 31.697750
v -78.703800 31.028400 32.556050
v -78.703800 31.028400 32.556050
v -78.430300 37.030700 20.502050
v -78.889000 38.551300 33.428450
v -79.439900 31.559100 20.719950
v -102.050000 39.136500 33.392150
v -73.117400 30.612600 19.554550
v -73.117400 30.612600 19.554550
v -72.670200 40.263300 20.151950
v -74.185300 54.943000 36.116650
v -119.595100 -31.701000 -21.388150
v -119.165500 -13.423200 -25.658650
v -119.165500 -13.423200 -25.658650
v -119.537900 -28.548000 -16.372550
v -98.938800 -4.065800 -26.025450
v -119.537900 -28.548000 -16.372550
v -119.867000 -26.796400 15.798050
v -119.222500 1.188000 -17.189150
v -117.944300 -6.098800 -25.529850
v -109.759500 -1.484000 -25.859650
v -117.944300 -6.098800 -25.529850
v -119.604600 -5.191100 -22.220650
v -117.377800 -2.977000 -24.541150
v -119.222500 1.188000 -17.189150
v -105.244000 10.735200 -26.083950
v -112.161900 6.950300 -23.845850
v -119.261400 2.407100 -21.684650
v -119.261400 2.407100 -21.684650
v -118.253800 4.252700 -15.130650
v -115.955800 5.294200 -19.742050
v -111.158300 11.127800 -18.611450
v -83.831100 17.533400 -29.933650
v -84.675500 17.655700 -22.425650
v -118.253800 4.252700 -15.130650
v -112.442800 11.113200 -9.474550
v -115.955800 5.294200 -19.742050
v -111.158300 11.127800 -18.611450
v -89.626600 -10.691600 -26.792150
v -88.850200 0.972200 -26.717750
v -88.415800 0.182700 -21.760650
v -95.813500 8.296600 -26.839850
v -90.333200 17.399800 -30.920150
v -83.753200 15.764700 -30.917850
v -83.831100 17.533400 -29.933650
v -84.675500 17.655700 -22.425650
v -85.756800 10.506200 -23.207750
v -83.753200 15.764700 -30.917850
v -89.756700 10.562800 -26.326950
v -85.756800 10.506200 -23.207750
v -89.320000 10.060500 -23.473450
v -84.263300 9.690700 -30.557950
v -84.263300 9.690700 -30.557950
v -93.986600 10.966800 -30.148050
v -93.986600 10.966800 -30.148050
v -84.263300 9.690700 -30.557950
v -89.756700 10.562800 -26.326950
v -105.244000 10.735200 -26.083950
v -105.265600 11.036900 -29.455950
v -111.158300 11.127800 -18.611450
v -102.907100 17.857100 -30.794050
v -111.094000 12.116500 -30.734050
v -88.778400 2.687400 -26.751450
v -89.320000 10.060500 -23.473450
v -122.323100 11.356100 -12.848450
v -88.209800 6.021400 -21.530250
v -88.209800 6.021400 -21.530250
v -86.436800 0.136300 -22.969950
v -85.756800 10.506200 -23.207750
v -82.237700 -2.100400 -23.471350
v -112.706200 11.020700 9.627350
v -112.442800 11.113200 -9.474550
v -89.320000 10.060500 -23.473450
v -119.249700 1.391300 17.124450
v -118.253800 4.252700 -15.130650
v -122.323100 11.356100 -12.848450
v -112.442800 11.113200 -9.474550
v -125.260900 11.360000 -20.321150
v -118.695200 11.510200 -29.841550
v -118.253800 4.252700 15.204950
v -118.253800 4.252700 15.204950
v -112.706200 11.020700 9.627350
v -115.955800 5.294200 19.816350
v -111.104600 11.144000 18.863850
v -112.706200 11.020700 9.627350
v -115.598800 -33.024000 26.124550
v -117.511400 -35.127700 26.126050
v -119.571600 -32.455700 22.112450
v -119.867000 -26.796400 15.798050
v -117.511400 -35.127700 26.126050
v -119.571600 -32.455700 22.112450
v -118.629100 -9.693700 25.931450
v -119.255400 -22.550600 25.864250
v -112.830200 -23.463700 26.019350
v -111.094000 12.116500 -30.734050
v -125.951300 17.858900 -30.699550
v -125.431600 11.360100 -30.367550
v -125.431600 11.360100 -30.367550
v -118.629100 -9.693700 25.931450
v -112.171900 6.940000 23.917150
v -111.104600 11.144000 18.863850
v -117.377800 -2.977000 24.615450
v -115.955800 5.294200 19.816350
v -119.261400 2.407100 21.758950
v -118.253800 4.252700 15.204950
v -119.261400 2.407100 21.758950
v -119.604600 -5.191100 22.294950
v -119.249700 1.391300 17.124450
v -76.006000 38.499800 -35.222950
v -83.885200 38.959700 -34.006150
v -84.581700 42.877500 -36.536250
v -75.769300 40.981100 -35.216250
v -83.885200 38.959700 -34.006150
v -78.730600 31.008000 -32.487050
v -84.510500 30.869100 -31.606450
v -84.510500 30.869100 -31.606450
v -78.730600 31.008000 -32.487050
v -84.398300 31.911900 -23.184250
v -130.134500 39.257800 -27.360750
v -130.414600 39.145100 27.816350
v -128.923400 32.467100 26.951550
v -134.304800 43.453700 -28.723050
v -84.581700 42.877500 -36.536250
v -102.348400 42.095200 -34.961050
v -75.769300 40.981100 -35.216250
v -75.810100 38.815100 -20.137150
v -76.006000 38.499800 -35.222950
v -76.006000 38.499800 -35.222950
v -75.810100 38.815100 -20.137150
v -78.907300 38.535800 -33.357450
v -78.441300 36.920800 -20.518450
v -75.272100 41.255900 -20.188650
v -78.441300 36.920800 -20.518450
v -75.810100 38.815100 -20.137150
v -72.793700 40.255700 -20.074550
v -75.272100 41.255900 -20.188650
v -91.764800 38.901300 -35.449650
v -83.885200 38.959700 -34.006150
v -87.999400 31.738600 -32.954050
v -102.050000 39.136500 -33.317850
v -102.050000 39.136500 -33.317850
v -91.764800 38.901300 -35.449650
v -83.885200 38.959700 -34.006150
v -105.211600 42.661600 -36.159450
v -118.200700 39.201000 -33.703850
v -110.958700 42.240400 -34.632950
v -119.328900 33.181300 -32.246950
v -113.080800 39.264100 -32.789450
v -134.259700 59.191900 -35.700050
v -134.159200 42.850500 -35.921850
v -105.211600 42.661600 -36.159450
v -113.872700 58.302200 -35.742550
v -110.958700 42.240400 -34.632950
v -118.200700 39.201000 -33.703850
v -134.159200 42.850500 -35.921850
v -132.667000 40.041200 -33.967050
v -128.715300 38.470100 -31.794650
v -133.194200 42.951100 -34.312750
v -134.159200 42.850500 -35.921850
v -134.304800 43.453700 -28.723050
v -134.304800 43.453700 -28.723050
v -130.134500 39.257800 -27.360750
v -129.238500 39.332100 -31.769250
v -132.667000 40.041200 -33.967050
v -133.194200 42.951100 -34.312750
v -129.238500 39.332100 -31.769250
v -132.667000 40.041200 -33.967050
v -128.715300 38.470100 -31.794650
v -128.591100 33.009400 -31.687450
v -128.923400 32.467100 26.951550
v -128.923400 32.467100 -26.877250
v -126.219700 31.602600 23.131850
v -126.219700 31.602600 -23.057550
v -124.876500 28.933400 23.225650
v -79.455000 31.535500 -20.663550
v -78.730600 31.008000 -32.487050
v -78.907300 38.535800 -33.357450
v -78.441300 36.920800 -20.518450
v -79.455000 31.535500 -20.663550
v -124.876500 28.933400 -23.151350
v -121.043600 28.064700 21.345050
v -84.675500 17.655700 -22.425650
v -84.695900 29.645500 -21.710350
v -72.349800 30.408700 -21.146950
v -121.043600 28.064700 21.345050
v -124.876500 28.933400 23.225650
v -130.414600 39.145100 27.816350
v -128.923400 32.467100 26.951550
v -128.580500 33.023200 31.782950
v -124.511400 29.064500 29.217350
v -126.219700 31.602600 23.131850
v -125.250300 31.960600 29.367950
v -128.923400 32.467100 26.951550
v -125.250300 31.960600 29.367950
v -128.580500 33.023200 31.782950
v -128.923400 32.467100 -26.877250
v -120.641400 27.790500 -21.248350
v -128.580500 33.023200 31.782950
v -128.715300 38.470100 31.868950
v -125.250300 31.960600 29.367950
v -119.367500 33.181400 32.321250
v -113.080800 39.264100 32.863750
v -121.412500 28.731300 -27.390850
v -124.876500 28.933400 -23.151350
v -124.435400 29.020700 -29.135150
v -73.327900 30.661700 -18.858450
v -84.695900 29.645500 -21.710350
v -72.349800 30.408700 -21.146950
v -84.695900 29.645500 -21.710350
v -73.327900 30.661700 -18.858450
v -120.641400 27.790500 -21.248350
v -125.250300 31.960600 -29.293650
v -128.591100 33.009400 -31.687450
v -72.349800 30.408700 -21.146950
v -73.327900 30.661700 -18.858450
v -72.793700 40.255700 -20.074550
v -128.591100 33.009400 -31.687450
v -128.923400 32.467100 -26.877250
v -124.435400 29.020700 -29.135150
v -126.219700 31.602600 -23.057550
v -125.250300 31.960600 -29.293650
v -128.923400 32.467100 -26.877250
v -124.435400 29.020700 -29.135150
v -124.876500 28.933400 -23.151350
v -126.219700 31.602600 -23.057550
v -85.363200 28.107200 -30.336850
v -88.430400 18.582900 -21.745950
v -87.589000 28.180600 -22.159950
v -84.398300 31.911900 -23.184250
v -84.695900 29.645500 -21.710350
v -85.363200 28.107200 -30.336850
v -84.510500 30.869100 -31.606450
v -97.278300 31.367600 -30.268650
v -97.278300 31.367600 -30.268650
v -84.510500 30.869100 -31.606450
v -85.363200 28.107200 -30.336850
v -87.589000 28.180600 -22.159950
v -84.695900 29.645500 -21.710350
v -88.832400 28.209500 -27.949350
v -87.589000 28.180600 -22.159950
v -89.891300 17.540300 -27.106850
v -88.832400 28.209500 -27.949350
v -88.832400 28.209500 -27.949350
v -124.435400 29.020700 -29.135150
v -125.250300 31.960600 -29.293650
v -88.430400 18.582900 -21.745950
v -88.430400 18.582900 -21.745950
v -128.715300 38.470100 31.868950
v -78.907300 38.535800 -33.357450
v -83.885200 38.959700 -34.006150
v -55.328800 10.263100 -23.749850
v -53.455800 9.923600 -18.868350
v -55.276900 0.048900 -17.321650
v -57.296100 10.074700 -6.538550
v -29.925700 9.703500 -18.471450
v -16.929300 9.360100 -16.118350
v -59.982100 1.455800 -8.336250
v -58.996200 2.987000 -8.662950
v -53.189800 1.682300 -9.075350
v -58.996200 2.987000 -8.662950
v -57.296100 10.074700 -6.538550
v -21.855000 9.989600 -8.475350
v -55.414500 6.150300 -24.498450
v -57.578000 -0.037100 -24.284950
v -60.232300 7.524500 -24.286450
v -66.119800 8.460100 -19.878650
v -55.328800 10.263100 -23.749850
v -68.221600 10.532000 -23.176250
v -55.328800 10.263100 -23.749850
v -66.119800 8.460100 -19.878650
v -70.992800 9.021300 -22.470850
v -62.616900 6.287100 -26.995350
v -70.992800 9.021300 -22.470850
v -55.276900 0.048900 -17.321650
v -58.996200 2.987000 -8.662950
v -58.996200 2.987000 -8.662950
v -59.982100 1.455800 -8.336250
v -57.578000 -0.037100 -24.284950
v -57.578000 -0.037100 -24.284950
v -78.190200 9.499400 -23.202950
v -68.221600 10.532000 -23.176250
v -55.414500 6.150300 -24.498450
v -59.223600 -2.733100 -23.531350
v -61.438400 3.039600 -28.371350
v -61.255800 0.527700 -28.486950
v -68.073500 7.118200 -28.182550
v -61.255800 0.527700 -28.486950
v -57.578000 -0.037100 -24.284950
v -61.295900 -2.768500 -24.198250
v -61.295900 -2.768500 -24.198250
v -61.255800 0.527700 -28.486950
v -61.295900 -2.768500 -24.198250
v -61.219600 -1.009700 -26.485850
v -61.255800 0.527700 -28.486950
v -61.219600 -1.009700 -26.485850
v -80.291300 1.286000 -27.689150
v -81.050400 1.204000 -26.312250
v -61.219600 -1.009700 -26.485850
v -61.219600 -1.009700 -26.485850
v -61.295900 -2.768500 -24.198250
v -81.425800 -1.849600 -24.130050
v -71.636200 9.107700 -27.656150
v -78.190200 9.499400 -23.202950
v -80.291300 1.286000 -27.689150
v -71.636200 9.107700 -27.656150
v -78.599200 9.897500 -27.177150
v -80.660300 8.448400 -24.328650
v -85.756800 10.506200 -23.207750
v -80.095900 8.128500 -27.281150
v -78.599200 9.897500 -27.177150
v -81.425800 -1.849600 -24.130050
v -81.050400 1.204000 -26.312250
v -81.425800 -1.849600 -24.130050
v -37.543700 40.629100 -23.513050
v -36.027800 40.091700 -19.646150
v -36.027800 40.091700 -19.646150
v -17.187700 39.891600 -18.763550
v -39.170600 36.958600 -18.979650
v -39.707200 37.720700 -21.591150
v -39.170600 36.958600 -18.979650
v -46.462600 41.898700 -21.207050
v -45.510900 43.488500 -23.958450
v -39.285100 22.000900 -19.672950
v -39.516000 22.787400 -22.664550
v -39.516000 22.787400 -22.664550
v -39.285100 22.000900 -19.672950
v -72.793700 40.255700 -20.074550
v -49.088300 17.658800 -22.807950
v -33.328500 24.120200 -19.387450
v -32.746300 21.033900 -17.614050
v -33.328500 24.120200 -19.387450
v -32.746300 21.033900 -17.614050
v -39.689900 22.107100 -17.304550
v -32.746300 21.033900 -17.614050
v -31.038600 14.767400 -17.955850
v -33.328500 24.120200 -19.387450
v -39.285100 22.000900 -19.672950
v -46.014000 18.643400 -17.029950
v -39.516000 22.787400 -22.664550
v -49.088300 17.658800 -22.807950
v -38.091100 14.592600 -17.507750
v -57.296100 10.074700 -6.538550
v -31.038600 14.767400 -17.955850
v -36.035400 10.470500 -19.281250
v -32.746300 21.033900 -17.614050
v -36.035400 10.470500 -19.281250
v -29.925700 9.703500 -18.471450
v -45.127200 15.810000 -17.662150
v -36.035400 10.470500 -19.281250
v -46.014000 18.643400 -17.029950
v -51.817100 13.664700 -17.638750
v -53.455800 9.923600 -18.868350
v -51.817100 13.664700 -17.638750
v -53.455800 9.923600 -18.868350
v -55.328800 10.263100 -23.749850
v -37.543700 40.629100 -23.513050
v -80.660300 8.448400 -24.328650
v -85.756800 10.506200 -23.207750
v -81.050400 1.204000 -26.312250
v -8.133800 25.576700 -19.421550
v -18.622500 26.781200 -19.574050
v -15.760400 25.686100 -16.460050
v -18.622500 26.781200 -19.574050
v -8.133800 25.576700 -19.421550
v -26.328300 26.099100 -19.681450
v -15.760400 25.686100 -16.460050
v -21.099700 24.450800 -17.411450
v -23.748500 20.791800 -16.256250
v -21.488200 16.693200 -18.473650
v -25.654000 12.932500 -18.369850
v -21.488200 16.693200 -18.473650
v -21.099700 24.450800 -17.411450
v -20.687500 9.902900 -19.387750
v -21.488200 16.693200 -18.473650
v -25.654000 12.932500 -18.369850
v -55.328800 10.263100 -23.749850
v -25.484600 70.385000 -31.267450
v -25.930200 62.792000 -29.239250
v -25.573200 67.949900 -28.577850
v -26.037700 60.806000 -27.085950
v -25.924400 58.179500 -29.091150
v -25.484600 70.385000 -31.267450
v -15.644800 48.713000 -32.663750
v -8.338200 39.999300 -19.070050
v -73.549200 49.302600 -21.817750
v -74.717500 41.762500 -28.958950
v -72.938000 57.116000 -23.863750
v -59.846800 49.020100 -25.663150
v -47.111600 49.129400 -24.578350
v -63.883200 49.158500 -22.484350
v 2.457800 38.845100 -18.660050
v 13.452200 35.103700 -18.618550
v -73.253200 42.599900 -21.921850
v -72.793700 40.255700 -20.074550
v -73.253200 42.599900 -21.921850
v 35.030300 39.087600 -18.478450
v -73.549200 49.302600 -21.817750
v -63.883200 49.158500 -22.484350
v -73.549200 49.302600 -21.817750
v -71.887000 48.915300 -24.306050
v -60.417300 43.248500 -20.449150
v -60.417300 43.248500 -20.449150
v -55.978800 43.577700 -22.592050
v -55.978800 43.577700 -22.592050
v -72.458900 50.159200 -25.326450
v -71.887000 48.915300 -24.306050
v -72.458900 50.159200 -25.326450
v -64.633600 49.768700 -25.641050
v -72.699600 56.443700 -25.480350
v -72.699600 56.443700 -25.480350
v -72.938000 57.116000 -23.863750
v -48.108800 49.000600 -25.915950
v -59.846800 49.020100 -25.663150
v -49.390500 57.225400 -25.195050
v -72.938000 57.116000 -23.863750
v -72.726100 60.621300 -21.790150
v -70.604100 61.107500 -24.563250
v -72.726100 60.621300 -21.790150
v -49.602000 60.739500 -23.576850
v -49.602000 60.739500 -23.576850
v -73.549200 49.302600 -21.817750
v -45.510900 43.488500 -23.958450
v -47.111600 49.129400 -24.578350
v -47.035700 48.720700 -22.515550
v -8.607100 40.801400 -23.662250
v -3.104900 43.269000 -23.589250
v -20.282300 44.047100 -25.379050
v -45.510900 43.488500 -23.958450
v -20.282300 44.047100 -25.379050
v -45.510900 43.488500 -23.958450
v -47.111600 49.129400 -24.578350
v -42.099900 48.930000 -29.585850
v -26.588600 49.084400 -29.711750
v -25.388200 49.189200 -32.540150
v -15.644800 48.713000 -32.663750
v -4.727300 49.079300 -24.747050
v -46.462600 41.898700 -21.207050
v -47.035700 48.720700 -22.515550
v -45.510900 43.488500 -23.958450
v -4.727300 49.079300 -24.747050
v -3.104900 43.269000 -23.589250
v -8.050300 43.974800 -25.576150
v -47.539100 50.029500 -29.353450
v -42.099900 48.930000 -29.585850
v -47.539100 50.029500 -29.353450
v -47.152800 57.429900 -28.875350
v -48.108800 49.000600 -25.915950
v -47.424700 58.524100 -27.195250
v -47.152800 57.429900 -28.875350
v -47.424700 58.524100 -27.195250
v -47.424700 58.524100 -27.195250
v -45.249300 61.246300 -25.688850
v -45.249300 61.246300 -25.688850
v -45.018800 62.758700 -28.110750
v -26.588600 49.084400 -29.711750
v -25.924400 58.179500 -29.091150
v -47.152800 57.429900 -28.875350
v -47.424700 58.524100 -27.195250
v -25.924400 58.179500 -29.091150
v -36.957800 59.358000 -27.236550
v -35.230700 60.952200 -26.626950
v -36.957800 59.358000 -27.236550
v -36.957800 59.358000 -27.236550
v -35.230700 60.952200 -26.626950
v -25.930200 62.792000 -29.239250
v -26.037700 60.806000 -27.085950
v -25.924400 58.179500 -29.091150
v -8.607100 40.801400 -23.662250
v -17.187700 39.891600 -18.763550
v -2.174000 40.404100 -22.312250
v -25.388200 49.189200 -32.540150
v -25.388200 49.189200 -32.540150
v -26.588600 49.084400 -29.711750
v 12.816400 42.959300 -23.311750
v 10.412100 40.289800 -22.426250
v 3.405200 45.420000 -25.485450
v 10.592100 49.011100 -24.852950
v 32.542300 49.335400 -21.863950
v 10.592100 49.011100 -24.852950
v 26.656600 48.661200 -29.966650
v 1.755700 39.940800 -19.363850
v 10.981500 39.810400 -18.803450
v 17.348200 40.255600 -19.759750
v 17.348200 40.255600 -19.759750
v 33.352400 40.196800 -18.512750
v 26.468400 42.511500 -22.756650
v 33.352400 40.196800 -18.512750
v 35.180900 40.158000 -21.179950
v 35.030300 39.087600 -18.478450
v 32.542300 49.335400 -21.863950
v 42.269700 46.405100 -22.050950
v 45.978200 9.048700 17.039050
v 37.810800 10.249400 9.615750
v 44.117800 10.714000 5.362550
v 55.325000 6.929600 -3.967750
v 52.097800 5.807000 -6.104450
v 55.325000 6.929600 -3.967750
v 52.097800 5.807000 -6.104450
v 56.114900 6.651500 -9.172850
v 58.532900 8.618700 -2.057750
v 62.417500 8.962100 -5.998150
v 58.532900 8.618700 -2.057750
v 49.586700 9.965700 23.211850
v 73.274500 9.351300 14.419450
v 54.319500 9.598200 18.072050
v 48.997400 10.871400 19.877350
v 28.783200 9.002800 18.960450
v 38.654400 9.305900 19.680450
v 52.511400 9.956600 -0.830150
v 52.801600 9.848500 0.654050
v 54.104100 6.886300 1.941150
v 60.000700 6.728000 4.907950
v 60.000700 6.728000 4.907950
v 58.683500 8.898500 2.132050
v 52.801600 9.848500 0.654050
v 61.366900 8.914500 5.291950
v 52.801600 9.848500 0.654050
v 58.683500 8.898500 2.132050
v 49.802700 -1.546700 -11.957150
v 50.775200 0.899200 12.838050
v 49.463900 2.415400 9.388950
v 50.775200 0.899200 12.838050
v 52.984100 4.744300 6.191050
v 49.463900 2.415400 9.388950
v 55.619900 2.640600 11.096150
v 66.189100 10.095300 7.409050
v 74.466800 6.653100 10.843650
v 72.758500 0.630100 11.401350
v 74.466800 6.653100 10.843650
v 70.436900 3.119100 11.501050
v 60.048400 7.739200 10.127550
v 74.466800 6.653100 10.843650
v 66.189100 10.095300 7.409050
v 72.093500 5.470600 4.688650
v 66.921000 6.898600 5.643650
v 53.372600 2.999900 -6.113850
v 52.097800 5.807000 -6.104450
v 56.114900 6.651500 -9.172850
v 49.554200 1.027500 -12.106150
v 49.554200 1.027500 -12.106150
v 39.748700 2.476200 10.277150
v 49.463900 2.415400 9.388950
v 37.810800 10.249400 9.615750
v 44.117800 10.714000 5.362550
v 52.801600 9.848500 0.654050
v 21.305400 9.764500 9.841350
v 21.305400 9.764500 9.841350
v 22.633500 9.010600 18.798850
v 39.748700 2.476200 10.277150
v -2.025200 2.213500 -11.317750
v 49.463900 2.415400 9.388950
v 74.466800 6.653100 10.843650
v 72.093500 5.470600 4.688650
v 70.436900 3.119100 11.501050
v 67.069500 4.855800 6.218350
v 49.554200 1.027500 -12.106150
v 61.366900 8.914500 5.291950
v 63.380600 5.748500 5.821850
v 63.380600 5.748500 5.821850
v 60.048400 7.739200 10.127550
v 56.426100 7.437400 9.866950
v 55.619900 2.640600 11.096150
v 55.619900 2.640600 11.096150
v 50.775200 0.899200 12.838050
v 51.571000 -69.143000 12.248950
v 51.571000 -69.143000 12.248950
v 56.823400 7.736700 6.240350
v 52.984100 4.744300 6.191050
v 56.426100 7.437400 9.866950
v 56.823400 7.736700 6.240350
v 54.104100 6.886300 1.941150
v 52.984100 4.744300 6.191050
v 54.104100 6.886300 1.941150
v 54.104100 6.886300 1.941150
v 52.984100 4.744300 6.191050
v 50.865800 -94.824700 -3.852150
v 28.783200 9.002800 18.960450
v 25.176700 20.291400 17.797550
v 22.633500 9.010600 18.798850
v 29.137200 13.374700 18.453050
v 29.137200 13.374700 18.453050
v 28.783200 9.002800 18.960450
v 38.654400 9.305900 19.680450
v 36.971400 14.755100 18.314250
v 33.395500 20.355400 16.915050
v 33.825900 24.294800 18.459650
v 42.915600 12.922000 19.049050
v 42.179000 17.988400 18.787550
v 38.706700 17.290100 16.234350
v 36.971400 14.755100 18.314250
v 42.179000 17.988400 18.787550
v 47.548100 13.908500 18.266950
v 48.997400 10.871400 19.877350
v 47.548100 13.908500 18.266950
v 48.997400 10.871400 19.877350
v 48.612400 14.511200 23.048450
v 42.179000 17.988400 18.787550
v 42.915600 12.922000 19.049050
v 38.706700 17.290100 16.234350
v 36.230400 23.527200 22.559350
v 38.706700 17.290100 16.234350
v 38.706700 17.290100 16.234350
v 36.230400 23.527200 22.559350
v 48.612400 14.511200 23.048450
v 33.825900 24.294800 18.459650
v 36.230400 23.527200 22.559350
v 36.079100 34.821400 21.751950
v 36.079100 34.821400 21.751950
v 49.586700 9.965700 23.211850
v 49.586700 9.965700 23.211850
v -20.687500 9.902900 -19.387750
v -13.896700 9.126900 -18.644950
v -2.384200 9.621600 -19.736450
v 9.571500 9.089800 -9.374850
v 8.725300 10.771300 -19.097050
v 6.930400 9.293400 -18.167950
v 21.116100 9.836800 -19.085150
v 22.662300 9.034700 -18.713450
v 21.116100 9.836800 -19.085150
v 34.375500 9.127600 -9.780150
v -2.025200 2.213500 -11.317750
v 34.375500 9.127600 -9.780150
v 40.591200 3.214300 -12.002050
v 9.571500 9.089800 -9.374850
v -21.855000 9.989600 -8.475350
v 29.188500 9.081600 -18.927350
v 38.813900 9.542700 -19.852550
v 45.674200 9.205800 -17.286950
v 52.511400 9.956600 -0.830150
v 49.426100 9.708900 -19.290750
v 49.792700 9.902500 -23.126650
v 73.274500 9.351300 -14.345150
v 65.906000 9.200200 -7.747250
v 74.541400 7.375500 -10.258450
v 52.511400 9.956600 -0.830150
v -17.101000 15.211400 -18.199250
v -20.687500 9.902900 -19.387750
v -12.989000 12.783500 -18.399450
v -2.051200 12.551200 -18.398750
v -2.384200 9.621600 -19.736450
v -3.788900 22.032100 -17.257250
v -17.101000 15.211400 -18.199250
v -3.788900 22.032100 -17.257250
v -0.099500 22.590300 -18.679950
v 7.613200 13.473900 -17.992250
v 10.722200 21.336800 -17.530050
v 8.280700 20.044700 -16.312250
v 10.722200 21.336800 -17.530050
v 5.351200 23.712800 -19.227850
v 10.722200 21.336800 -17.530050
v 14.373900 13.657800 -18.448850
v 6.930400 9.293400 -18.167950
v 20.854900 13.917600 -17.837150
v 36.079100 34.821400 -21.677650
v 36.079100 34.821400 -21.677650
v 24.863400 20.836400 -17.096450
v 47.198700 16.211400 -22.931050
v 49.792700 9.902500 -23.126650
v 49.792700 9.902500 -23.126650
v 49.426100 9.708900 -19.290750
v 47.198700 16.211400 -22.931050
v 34.812800 23.019700 -19.985750
v 35.876700 23.521700 -22.902750
v 35.876700 23.521700 -22.902750
v 7.195000 25.138000 -19.476150
v 24.768300 25.849700 -19.793950
v 34.812800 23.019700 -19.985750
v 26.796600 25.155600 -17.822250
v 20.075400 23.794800 -18.387850
v 47.066300 13.908600 -18.363150
v 41.864700 19.108200 -19.491850
v 34.812800 23.019700 -19.985750
v 37.640700 19.017900 -17.865550
v 35.876700 23.521700 -22.902750
v 38.999700 16.165400 -18.518950
v 33.263700 20.427500 -16.832050
v 37.640700 19.017900 -17.865550
v 42.907800 12.854600 -18.925650
v 47.066300 13.908600 -18.363150
v 49.426100 9.708900 -19.290750
v 42.907800 12.854600 -18.925650
v 38.813900 9.542700 -19.852550
v 29.404000 13.001500 -18.031850
v 24.863400 20.836400 -17.096450
v 29.404000 13.001500 -18.031850
v 29.188500 9.081600 -18.927350
v 29.188500 9.081600 -18.927350
v 22.662300 9.034700 -18.713450
v 24.768300 25.849700 -19.793950
v 7.195000 25.138000 -19.476150
v -31.476300 9.703500 18.545750
v -17.637200 9.390100 16.118150
v -22.305000 10.086800 19.343550
v 35.024200 39.237700 18.540250
v 32.087400 39.616400 18.770750
v 16.996800 40.669500 19.958850
v 16.996800 40.669500 19.958850
v 35.024200 39.237700 18.540250
v 32.087400 39.616400 18.770750
v -18.334700 9.528400 19.650450
v -45.634900 9.649100 18.853050
v -46.477800 10.571800 6.866250
v -14.067900 9.113800 18.702650
v -2.168000 9.710200 19.885250
v -0.965400 9.561100 9.170250
v 8.737200 10.788600 19.158750
v 7.157800 9.117200 18.504650
v 35.195900 24.067800 20.227850
v 24.768300 25.849700 19.868250
v 35.195900 24.067800 20.227850
v 21.068800 9.786700 19.134650
v 20.557900 23.981000 18.553950
v 21.068800 9.786700 19.134650
v -22.305000 10.086800 19.343550
v -17.232200 15.572700 18.228250
v -20.981800 24.431500 17.490550
v -18.334700 9.528400 19.650450
v -13.007200 10.524000 8.903250
v -0.965400 9.561100 9.170250
v -27.974600 2.766300 9.636850
v -27.974600 2.766300 9.636850
v -13.007200 10.524000 8.903250
v -46.477800 10.571800 6.866250
v -28.330000 1.283800 -9.920650
v 22.993100 21.599800 16.387550
v 20.861500 13.911300 17.908950
v 25.176700 20.291400 17.797550
v 22.993100 21.599800 16.387550
v -28.330000 1.283800 -9.920650
v -15.721700 25.679800 16.528150
v 10.786400 40.304800 22.507350
v 13.452200 35.103700 18.692850
v 10.981500 39.810400 18.877750
v -13.135600 12.948500 18.467450
v -17.232200 15.572700 18.228250
v -9.517100 40.829100 23.766950
v -2.174000 40.404100 22.386550
v -9.517100 40.829100 23.766950
v 1.755700 39.940800 19.438150
v 2.457800 38.845100 18.734350
v -8.338200 39.999300 19.144350
v -3.830600 22.097800 17.332650
v -15.721700 25.679800 16.528150
v -18.622500 26.781200 19.648350
v -17.532400 39.921800 18.835250
v -8.425300 25.667800 19.489050
v -3.830600 22.097800 17.332650
v -0.085000 22.594700 18.763850
v -8.425300 25.667800 19.489050
v -17.532400 39.921800 18.835250
v -18.622500 26.781200 19.648350
v 7.045400 25.210100 19.553050
v 24.768300 25.849700 19.868250
v 10.707500 21.430400 17.609650
v 7.045400 25.210100 19.553050
v 5.342700 23.717100 19.303950
v 14.370300 13.655100 18.528850
v 10.707500 21.430400 17.609650
v 7.157800 9.117200 18.504650
v 8.280700 20.044700 16.386550
v 10.707500 21.430400 17.609650
v 7.613200 13.473900 18.066550
v -52.082600 1.405400 -6.275450
v -53.189800 1.682300 -9.075350
v -1.768200 12.522500 18.477550
v -2.168000 9.710200 19.885250
v -36.060400 40.113300 19.774050
v -45.594500 43.569400 24.049350
v -30.321400 40.706400 23.696450
v -30.321400 40.706400 23.696450
v -3.525800 43.286800 23.682850
v -20.282300 44.047100 25.453350
v -4.727300 49.079300 24.821350
v -47.012600 49.408600 24.632450
v -20.282300 44.047100 25.453350
v -45.594500 43.569400 24.049350
v -3.525800 43.286800 23.682850
v -26.328300 26.099100 19.755750
v -33.328400 24.165500 19.472050
v -8.050300 43.974800 25.650450
v -25.384400 49.727900 32.550450
v -26.197300 49.134200 29.939150
v -39.276000 22.126400 19.794850
v -32.726900 21.061300 17.686050
v -4.727300 49.079300 24.821350
v -47.012600 49.408600 24.632450
v -25.384400 49.727900 32.550450
v -25.414000 56.743400 32.080450
v -26.197300 49.134200 29.939150
v -25.380600 59.089200 29.442250
v -25.380600 59.089200 29.442250
v -39.115800 37.259200 19.034550
v -39.707200 37.720700 21.665450
v -39.516000 22.787400 22.738850
v -23.163700 20.807200 16.089450
v -39.276000 22.126400 19.794850
v -39.516000 22.787400 22.738850
v -47.042700 42.246200 21.208450
v -48.822300 17.941900 22.891450
v -39.115800 37.259200 19.034550
v -21.257000 15.918200 18.720350
v -73.021600 42.545900 22.009550
v -72.407100 49.310400 21.935450
v -63.883200 49.158500 22.558650
v -72.407100 49.310400 21.935450
v -63.883200 49.158500 22.558650
v -71.887000 48.915300 24.380350
v -60.417300 43.248500 20.523450
v -60.417300 43.248500 20.523450
v -55.978800 43.577700 22.666350
v -55.978800 43.577700 22.666350
v -72.458900 50.159200 25.400750
v -64.633600 49.768700 25.715350
v -73.344900 59.758300 21.690550
v -72.407100 49.310400 21.935450
v -71.887000 48.915300 24.380350
v -72.458900 50.159200 25.400750
v -72.665600 56.432500 25.555350
v -72.665600 56.432500 25.555350
v -72.367000 58.321100 24.374350
v -33.328400 24.165500 19.472050
v -32.726900 21.061300 17.686050
v -39.659100 22.100200 17.379150
v -32.726900 21.061300 17.686050
v -31.543900 14.799500 18.020250
v -39.516000 22.787400 22.738850
v -48.822300 17.941900 22.891450
v -39.276000 22.126400 19.794850
v -59.846800 49.020100 25.737450
v -33.328400 24.165500 19.472050
v -46.012800 18.670300 17.200650
v -38.774300 13.782600 17.219350
v -31.543900 14.799500 18.020250
v -32.726900 21.061300 17.686050
v -37.310100 10.571200 19.866850
v -37.310100 10.571200 19.866850
v -31.476300 9.703500 18.545750
v -44.767100 16.162100 17.921150
v -48.084100 49.002900 25.990150
v -59.846800 49.020100 25.737450
v -72.367000 58.321100 24.374350
v -41.201200 40.567300 23.717250
v -47.042700 42.246200 21.208450
v -47.035700 48.720700 22.589850
v -47.035700 48.720700 22.589850
v -45.594500 43.569400 24.049350
v -45.594500 43.569400 24.049350
v -47.012600 49.408600 24.632450
v -36.060400 40.113300 19.774050
v -41.201200 40.567300 23.717250
v -45.634900 9.649100 18.853050
v -45.594500 43.569400 24.049350
v -42.099900 48.930000 29.660150
v -47.506600 50.058500 29.451550
v -48.084100 49.002900 25.990150
v -46.892000 57.508800 25.685050
v -46.892000 57.508800 25.685050
v -47.144700 57.055600 29.056150
v -47.144700 57.055600 29.056150
v -40.836200 59.271000 27.277950
v -46.892000 57.508800 25.685050
v -42.099900 48.930000 29.660150
v -47.144700 57.055600 29.056150
v -47.506600 50.058500 29.451550
v -26.197300 49.134200 29.939150
v -25.380600 59.089200 29.442250
v -37.310100 10.571200 19.866850
v -26.422100 12.859300 18.435750
v -26.422100 12.859300 18.435750
v -21.257000 15.918200 18.720350
v -21.257000 15.918200 18.720350
v -22.305000 10.086800 19.343550
v -20.981800 24.431500 17.490550
v -46.012800 18.670300 17.200650
v -51.817100 13.664700 17.713050
v -51.817100 13.664700 17.713050
v -53.514100 10.202400 19.530250
v -54.340700 10.958200 23.751350
v -54.340700 10.958200 23.751350
v -46.419900 68.249500 -25.714050
v -47.727000 66.470000 -24.701050
v -47.727000 66.470000 -24.701050
v -55.262500 66.516000 -24.360650
v -26.018800 83.324200 -31.119450
v -27.085200 84.379300 -27.258950
v -26.439800 101.417400 -27.185550
v -27.085200 84.379300 -27.258950
v -28.844400 85.288800 -28.630050
v -26.611100 80.027800 -28.776850
v -63.961100 83.587000 -23.591750
v -27.085200 84.379300 -27.258950
v -26.611100 80.027800 -28.776850
v -25.474300 73.138300 -29.469650
v -50.452400 84.969000 -25.713750
v -49.066500 84.182100 -24.392550
v -25.573100 94.020700 -31.518050
v -26.018800 83.324200 -31.119450
v -26.611100 80.027800 -28.776850
v -25.474300 73.138300 -29.469650
v -37.561700 81.277400 -28.326250
v -25.484600 70.385000 -31.267450
v -25.884100 72.587500 -28.568950
v -25.884100 72.587500 -28.568950
v -25.841300 70.615100 -27.284450
v -25.841300 70.615100 -27.284450
v -37.351600 67.567600 -26.783950
v -47.644100 71.632600 -24.308350
v -69.353300 71.503900 -22.606050
v -69.794100 72.349300 -24.601750
v -69.882700 79.905800 -23.494450
v -69.353300 71.503900 -22.606050
v -69.794100 72.349300 -24.601750
v -69.794100 72.349300 -24.601750
v -69.353300 71.503900 -22.606050
v -52.450300 71.335000 -22.975150
v -55.262500 66.516000 -24.360650
v -26.860500 66.451700 -29.270450
v -25.474300 73.138300 -29.469650
v -25.484600 70.385000 -31.267450
v -37.065000 83.358800 -28.197050
v -37.510900 85.723500 -23.990750
v -37.510900 85.723500 -23.990750
v -39.486700 84.202200 -26.241350
v -45.157800 85.774600 -25.470150
v -37.065000 83.358800 -28.197050
v -37.561700 81.277400 -28.326250
v -36.387000 83.025200 -24.930950
v -37.065000 83.358800 -28.197050
v -37.561700 81.277400 -28.326250
v -37.065000 83.358800 -28.197050
v -37.065000 83.358800 -28.197050
v -39.486700 84.202200 -26.241350
v -37.510900 85.723500 -23.990750
v -36.387000 83.025200 -24.930950
v -39.486700 84.202200 -26.241350
v -49.066500 84.182100 -24.392550
v -36.387000 83.025200 -24.930950
v -43.860600 79.487300 -25.415150
v -43.860600 79.487300 -25.415150
v -36.387000 83.025200 -24.930950
v -44.420100 79.266100 -28.745450
v -37.510900 85.723500 -23.990750
v -42.222100 70.579800 -26.038750
v -26.842000 109.324300 -28.779450
v -39.653000 109.896600 -26.068550
v -26.842000 109.324300 -28.779450
v -36.772200 106.857700 -28.423550
v -40.339200 109.343200 -29.362750
v -26.842000 109.324300 -28.779450
v -40.339200 109.343200 -29.362750
v -39.653000 109.896600 -26.068550
v -39.653000 109.896600 -26.068550
v -40.339200 109.343200 -29.362750
v -38.124600 107.114400 -25.104450
v -52.802100 106.651700 -23.880850
v -39.653000 109.896600 -26.068550
v -38.124600 107.114400 -25.104450
v -38.124600 107.114400 -25.104450
v -40.339200 109.343200 -29.362750
v -36.772200 106.857700 -28.423550
v -36.772200 106.857700 -28.423550
v -38.124600 107.114400 -25.104450
v -52.802100 106.651700 -23.880850
v -38.124600 107.114400 -25.104450
v -45.157800 85.774600 -25.470150
v -26.747500 113.709800 -31.264850
v -25.923000 109.474400 -31.405950
v -27.071900 106.615200 -28.671550
v -26.021500 102.495200 -31.380150
v -27.071900 106.615200 -28.671550
v -26.747500 113.709800 -31.264850
v -26.747500 113.709800 -31.264850
v -25.923000 109.474400 -31.405950
v -50.452400 84.969000 -25.713750
v -49.066500 84.182100 -24.392550
v -63.961100 83.587000 -23.591750
v -26.439800 101.417400 -27.185550
v -25.573100 94.020700 -31.518050
v -44.697000 73.156800 -26.043850
v -44.420100 79.266100 -28.745450
v -44.931500 73.068400 -28.247450
v -43.860600 79.487300 -25.415150
v -44.697000 73.156800 -26.043850
v -52.450300 71.335000 -22.975150
v -42.774600 67.669600 -28.922650
v -42.222100 70.579800 -26.038750
v -44.931500 73.068400 -28.247450
v -44.931500 73.068400 -28.247450
v -72.726100 60.621300 -21.790150
v -77.880400 60.250800 -25.267950
v -72.726100 60.621300 -21.790150
v -74.680900 60.035500 -27.422950
v -72.726100 60.621300 -21.790150
v -72.938000 57.116000 -23.863750
v -73.690300 66.062400 -23.398750
v -77.880400 60.250800 -25.267950
v -72.726100 60.621300 -21.790150
v -77.719300 60.623500 -36.253450
v -78.248800 61.025700 -32.706250
v -77.880400 60.250800 -25.267950
v -73.967900 55.628800 -30.482950
v -79.136800 63.117600 -36.101950
v -82.217900 60.567700 -33.531150
v -78.248800 61.025700 -32.706250
v -82.217900 60.567700 -33.531150
v -77.719300 60.623500 -36.253450
v -74.153800 54.901000 -35.968950
v -85.238500 60.621100 -36.067050
v -82.217900 60.567700 -33.531150
v -82.604100 57.669400 -36.326450
v -82.217900 60.567700 -33.531150
v -74.153800 54.901000 -35.968950
v -74.153800 54.901000 -35.968950
v -75.272100 41.255900 -20.188650
v -75.769300 40.981100 -35.216250
v -75.769300 40.981100 -35.216250
v -78.846400 85.724900 -36.770250
v -97.492300 78.186400 -37.166250
v -100.236000 83.852100 -37.022250
v -85.238500 60.621100 -36.067050
v -69.583500 113.908700 -20.401450
v -72.958400 109.738400 -19.262350
v -74.012700 111.295500 -18.018050
v -62.613400 107.283900 -23.110850
v -64.044500 109.731600 -23.775850
v -61.252000 86.822500 -24.075050
v -52.383500 85.816100 -23.631750
v -62.613400 107.283900 -23.110850
v -64.044500 109.731600 -23.775850
v -52.383500 85.816100 -23.631750
v -61.907500 91.535200 -23.216450
v -52.383500 85.816100 -23.631750
v -78.145700 72.600400 -36.463050
v -78.145700 72.600400 -36.463050
v -77.880400 60.250800 -25.267950
v -77.443900 81.295000 -25.251950
v -73.690300 66.062400 -23.398750
v -73.690300 66.062400 -23.398750
v -67.607500 67.625100 -24.692650
v -77.443900 81.295000 -25.251950
v -73.682800 78.118900 -17.126350
v -72.067500 77.295600 -21.765450
v -73.600300 85.604500 -24.152050
v -69.882700 79.905800 -23.494450
v -73.682800 78.118900 -17.126350
v -78.846400 85.724900 -36.770250
v -100.236000 83.852100 -37.022250
v -120.378000 104.836000 -37.344050
v -78.286600 106.325500 -36.849950
v -75.215500 108.907400 -24.466850
v -72.958400 109.738400 -19.262350
v -74.012700 111.295500 -18.018050
v -72.412300 104.175100 -21.252550
v -78.286600 106.325500 -36.849950
v -72.412300 104.175100 -21.252550
v -61.907500 91.535200 -23.216450
v -72.412300 104.175100 -21.252550
v -72.702800 102.113200 -18.387450
v -72.702800 102.113200 -18.387450
v -73.116200 99.057000 -23.138550
v -73.116200 99.057000 -23.138550
v -72.034100 85.628800 -21.721150
v -77.291200 84.774800 -25.119550
v -78.846400 85.724900 -36.770250
v -78.846400 85.724900 -36.770250
v -77.291200 84.774800 -25.119550
v -73.600300 85.604500 -24.152050
v -72.034100 85.628800 -21.721150
v -84.581700 42.877500 -36.536250
v -102.059000 60.853700 -35.215450
v -108.151700 60.657200 -33.372150
v -105.211600 42.661600 -36.159450
v -61.252000 86.822500 -24.075050
v -45.053100 147.533700 -30.509850
v -44.560200 136.975900 -32.514350
v -45.484200 136.651700 -28.563050
v -44.235700 132.089400 -32.208850
v -44.560200 136.975900 -32.514350
v -44.790700 125.898000 -29.199150
v -53.642900 114.122900 -28.194350
v -45.484200 136.651700 -28.563050
v -44.790700 125.898000 -29.199150
v -61.974700 135.440300 -28.262050
v -45.059300 117.761200 -31.749850
v -45.761400 114.862100 -29.144450
v -42.256300 129.423600 -33.191350
v -43.655700 121.265100 -33.535250
v -44.253700 114.657600 -33.752450
v -49.137200 146.242800 -28.167950
v -45.053100 147.533700 -30.509850
v -54.741300 142.618800 -27.166450
v -56.607000 143.481400 -30.597350
v -45.053100 147.533700 -30.509850
v -44.253700 114.657600 -33.752450
v -62.732300 137.113900 -27.621150
v -66.739800 136.378300 -29.601450
v -61.974700 135.440300 -28.262050
v -62.732300 137.113900 -27.621150
v -62.821500 132.378800 -26.142450
v -65.235000 135.521700 -25.049150
v -65.235000 135.521700 -25.049150
v -66.906900 133.174100 -27.684750
v -66.906900 133.174100 -27.684750
v -62.821500 132.378800 -26.142450
v -66.858800 129.005100 -25.377250
v -65.235000 135.521700 -25.049150
v -67.949600 128.345600 -23.879950
v -67.949600 128.345600 -23.879950
v -72.793300 126.265000 -27.687450
v -69.963900 133.476700 -38.383650
v -69.963900 133.476700 -38.383650
v -66.694800 135.183900 -34.959750
v -74.785800 123.544700 -32.819250
v -74.831000 123.145400 -37.819050
v -69.963900 133.476700 -38.383650
v -68.776200 127.049800 -19.291050
v -71.257500 127.908000 -19.784050
v -113.689400 134.205500 -37.942050
v -71.257500 127.908000 -19.784050
v -70.467000 124.366100 -25.687250
v -67.949600 128.345600 -23.879950
v -70.442700 118.362700 -19.203650
v -68.776200 127.049800 -19.291050
v -65.383200 114.000300 -28.138650
v -70.467000 124.366100 -25.687250
v -69.753700 117.085900 -24.496450
v -65.383200 114.000300 -28.138650
v -67.067000 113.866800 -24.515550
v -67.067000 113.866800 -24.515550
v -71.257500 127.908000 -19.784050
v -68.776200 127.049800 -19.291050
v -73.879100 123.310500 -18.286250
v -73.503200 119.260100 -20.114750
v -73.879100 123.310500 -18.286250
v -73.192100 118.752600 -25.415250
v -73.879100 123.310500 -18.286250
v -74.831000 123.145400 -37.819050
v -29.390800 113.917900 -27.570350
v -29.390800 113.917900 -27.570350
v -44.253700 114.657600 -33.752450
v -53.642900 114.122900 -28.194350
v -45.761400 114.862100 -29.144450
v 11.992100 154.351600 -33.176050
v -67.067000 113.866800 -24.515550
v -67.067000 113.866800 -24.515550
v -13.384400 154.094900 -41.738650
v 11.992100 154.351600 -33.176050
v -28.426900 153.242800 -32.702750
v -28.915300 152.918900 -41.598950
v -48.704200 164.359400 -41.572050
v -13.384400 154.094900 -41.738650
v -28.426900 153.242800 -32.702750
v -28.915300 152.918900 -41.598950
v -45.053100 147.533700 -30.509850
v -60.720600 141.621100 -40.027950
v -65.383200 114.000300 -28.138650
v -60.720600 141.621100 -40.027950
v -45.207700 149.183300 -41.311650
v -45.207700 149.183300 -41.311650
v -49.137200 146.242800 -28.167950
v -86.331000 165.120000 0.488150
v -71.282800 174.628600 -20.346250
v -87.222700 164.894400 -20.361050
v -88.984300 165.655400 -41.357450
v -83.973400 171.739200 -33.000650
v -83.973400 171.739200 -33.000650
v -72.650100 175.235800 -33.112450
v -76.161300 174.308200 -41.586250
v -76.161300 174.308200 -41.586250
v -49.045700 183.684300 -33.366050
v -56.591300 182.755500 -34.253450
v -56.591300 182.755500 -34.253450
v -72.650100 175.235800 -33.112450
v -87.222700 164.894400 -20.361050
v -71.282800 174.628600 -20.346250
v -54.688900 181.383500 -20.338150
v -49.045700 183.684300 -33.366050
v -43.664100 184.831100 -42.461850
v -43.664100 184.831100 -42.461850
v -10.494400 167.276100 -42.150150
v -88.531300 165.070300 -32.109750
v -88.531300 165.070300 -32.109750
v -88.984300 165.655400 -41.357450
v -32.063900 186.633900 -43.289250
v -30.976000 188.563600 -34.461250
v -30.680600 188.021000 -20.400250
v -100.177500 153.404400 18.434450
v -100.406400 152.926000 -20.381850
v -113.521000 132.605700 16.284650
v -88.531300 165.070300 -32.109750
v -93.174300 163.986300 -32.168650
v -88.531300 165.070300 -32.109750
v -88.984300 165.655400 -41.357450
v -70.264600 175.789800 33.242850
v -54.688900 181.383500 -20.338150
v -42.304400 185.127200 33.645950
v -30.680600 188.021000 -20.400250
v -105.906100 150.208200 -30.568250
v -88.531300 165.070300 -32.109750
v -93.174300 163.986300 -32.168650
v -10.494400 167.276100 -42.150150
v 16.187300 154.262100 -41.434550
v 16.187300 154.262100 -41.434550
v 13.399100 162.702700 -41.438150
v -100.104700 157.624200 -40.001050
v -100.104700 157.624200 -40.001050
v -100.406400 152.926000 -20.381850
v -105.906100 150.208200 -30.568250
v -113.533300 132.617400 -20.420450
v 15.570800 164.924500 -38.943850
v 17.781200 165.798000 -41.669050
v 16.187300 154.262100 -41.434550
v 15.570800 164.924500 -38.943850
v 15.570800 164.924500 -38.943850
v -32.063900 186.633900 -43.289250
v -10.843700 188.377000 -43.627850
v -10.843700 188.377000 -43.627850
v -30.976000 188.563600 -34.461250
v -117.143000 128.917200 -37.267050
v -118.533800 122.143200 -28.484150
v -117.143000 128.917200 -37.267050
v -120.378000 104.836000 -37.344050
v -118.533800 122.143200 -28.484150
v -113.896600 138.084300 -33.674050
v -113.689400 134.205500 -37.942050
v -110.990700 142.393000 -38.451950
v -110.990700 142.393000 -38.451950
v -105.906100 150.208200 -30.568250
v -30.976000 188.563600 -34.461250
v -10.843700 188.377000 -43.627850
v 31.516600 187.653100 -43.000650
v 6.379500 190.405800 -34.436750
v 12.942900 189.089400 -42.826350
v 12.942900 189.089400 -42.826350
v 6.379500 190.405800 -34.436750
v 41.760800 150.837700 -33.533550
v -113.533300 132.617400 -20.420450
v 39.119300 186.893400 -40.864450
v 31.516600 187.653100 -43.000650
v -32.849900 188.206200 34.530450
v -32.849900 188.206200 34.530450
v -42.304400 185.127200 33.645950
v -10.460700 188.757100 43.615150
v -32.849900 188.206200 34.530450
v -72.013300 86.124100 21.720550
v -72.414700 104.394000 21.370650
v -73.186900 102.554200 18.434950
v -73.116200 99.057000 23.212850
v -73.497900 86.075100 24.208950
v -73.186900 102.554200 18.434950
v -72.414700 104.394000 21.370650
v -75.253400 108.672600 24.638450
v -77.294400 84.933000 25.188950
v -73.116200 99.057000 23.212850
v -78.535100 86.699800 36.740150
v -74.013600 111.375300 18.083150
v -72.958400 109.738400 19.336650
v -69.586200 113.901700 20.473350
v -72.958400 109.738400 19.336650
v -72.414700 104.394000 21.370650
v -78.535100 86.699800 36.740150
v -97.479800 78.161100 37.233950
v -74.013600 111.375300 18.083150
v -70.442700 118.362700 19.277950
v -25.380600 59.089200 29.442250
v -73.344900 59.758300 21.690550
v -71.643000 60.126500 22.518550
v -77.908500 60.435500 25.285650
v -73.344900 59.758300 21.690550
v -73.344900 59.758300 21.690550
v -71.643000 60.126500 22.518550
v -71.882200 61.523100 24.778550
v -77.908500 60.435500 25.285650
v -73.344900 59.758300 21.690550
v -73.653600 66.236000 23.450850
v -78.242800 61.033700 32.774050
v -77.908500 60.435500 25.285650
v -78.242800 61.033700 32.774050
v -79.150500 63.105200 36.171950
v -82.217900 60.567700 33.605450
v -71.643000 60.126500 22.518550
v -56.847600 61.749500 25.672850
v -49.425200 60.749500 23.676350
v -49.425200 60.749500 23.676350
v -46.892000 57.508800 25.685050
v -43.912600 60.444500 25.509750
v -43.912600 60.444500 25.509750
v -43.912600 60.444500 25.509750
v -44.773400 62.927500 27.289950
v -47.647300 66.261700 24.587250
v -40.836200 59.271000 27.277950
v -36.021300 60.930000 26.487550
v -36.021300 60.930000 26.487550
v -40.836200 59.271000 27.277950
v -25.937700 61.906700 28.856250
v -42.771300 67.704200 28.966550
v -25.380600 59.089200 29.442250
v -73.289700 78.227500 17.150750
v -69.401000 71.555900 22.716450
v -72.067500 77.295600 21.839750
v -73.653600 66.236000 23.450850
v -73.289700 78.227500 17.150750
v -67.837000 67.530100 24.675450
v -77.908500 60.435500 25.285650
v -73.653600 66.236000 23.450850
v -77.443900 81.295000 25.326250
v -78.145700 72.600400 36.537350
v -78.535100 86.699800 36.740150
v -77.443900 81.295000 25.326250
v -58.008200 66.279800 25.231650
v -53.879100 67.485700 23.609550
v -53.879100 67.485700 23.609550
v -52.393200 71.344200 23.052050
v -69.796400 72.581900 24.362250
v -69.889400 79.916100 23.734750
v -69.401000 71.555900 22.716450
v -69.796400 72.581900 24.362250
v -69.796400 72.581900 24.362250
v -69.401000 71.555900 22.716450
v -47.615800 71.606200 24.409550
v -52.155100 72.927300 25.831950
v -58.604500 72.683500 24.389450
v -52.155100 72.927300 25.831950
v -72.013300 86.124100 21.720550
v -69.889400 79.916100 23.734750
v -25.414000 56.743400 32.080450
v -73.497900 86.075100 24.208950
v -77.294400 84.933000 25.188950
v -25.937700 61.906700 28.856250
v -78.145700 72.600400 36.537350
v -44.478100 73.106300 26.349750
v -52.393200 71.344200 23.052050
v -47.647300 66.261700 24.587250
v -46.467300 68.358800 25.796250
v 0.639300 114.132200 35.176150
v 0.244600 113.433900 32.348150
v -10.416300 101.225300 31.901750
v 5.557500 102.356200 33.009250
v 14.280100 94.168200 32.611550
v 9.889100 93.345200 29.916850
v 11.353000 85.820300 32.620550
v -42.053200 70.618100 26.170450
v -37.351600 67.567600 26.858250
v -42.053200 70.618100 26.170450
v -26.860500 66.451700 29.344750
v -25.813200 70.623400 27.359950
v -44.874600 73.084300 28.344350
v -25.884100 72.587500 28.643250
v -25.443200 73.175100 29.558050
v 7.198300 94.884800 26.333150
v 10.413000 86.854900 27.934950
v 4.234300 100.288400 30.930150
v -9.537700 99.699800 29.131450
v -9.145700 100.198600 31.183350
v 0.639300 114.132200 35.176150
v -26.017900 113.758500 31.442250
v 0.244600 113.433900 32.348150
v -25.421600 69.281000 31.667150
v -25.884100 72.587500 28.643250
v -25.573200 67.949900 28.652150
v -25.813200 70.623400 27.359950
v -25.443200 73.175100 29.558050
v -25.443200 73.175100 29.558050
v -25.421600 69.281000 31.667150
v -25.983400 85.061900 31.210750
v -10.059100 78.370500 32.122650
v 11.094500 77.978500 32.544650
v -26.017900 113.758500 31.442250
v -25.923000 109.474400 31.480250
v -27.044300 84.436600 27.318950
v -28.839100 85.302700 28.775950
v -3.340500 79.748000 28.011250
v -10.481500 81.014600 28.215750
v -8.321500 96.538800 27.637250
v -28.983500 113.900400 27.638450
v -26.756200 109.337200 28.884050
v -26.017900 113.758500 31.442250
v -28.983500 113.900400 27.638450
v -7.697500 79.472400 30.955250
v -12.919000 81.919800 31.884250
v -10.355800 91.741700 31.810150
v -11.858300 82.280100 31.303350
v -10.481500 81.014600 28.215750
v -8.321500 96.538800 27.637250
v 1.015700 80.209400 27.590750
v 5.645900 79.523500 28.369550
v 10.225700 80.531900 28.463650
v -25.414000 56.743400 32.080450
v -26.021500 102.495200 31.454450
v -25.923000 109.474400 31.480250
v -10.481500 81.014600 28.215750
v -25.384400 49.727900 32.550450
v 7.731000 79.241800 31.569950
v -26.756200 109.337200 28.884050
v 10.182600 80.334300 31.155950
v -26.774600 106.631200 28.773750
v -26.774600 106.631200 28.773750
v -9.537700 99.699800 29.131450
v 10.225700 80.531900 28.463650
v -25.983400 85.061900 31.210750
v -26.439800 101.417400 27.259850
v -25.573100 94.020700 31.592350
v -25.573100 94.020700 31.592350
v -26.439800 101.417400 27.259850
v -101.542800 79.980800 36.303950
v -100.600900 83.577900 35.369650
v -117.642700 83.004300 30.410150
v -109.416900 84.067000 37.460450
v -118.549000 83.631500 33.370250
v -100.600900 83.577900 35.369650
v -101.309800 61.142400 35.359050
v -114.322500 69.740400 35.242250
v -108.241400 60.759700 33.447750
v -117.642700 83.004300 30.410150
v -121.328500 83.668400 34.956550
v -135.052700 72.807600 -27.484150
v -135.052700 72.807600 27.558450
v -132.628400 79.128100 22.948150
v -133.902600 67.990400 26.812250
v -118.183100 75.750800 33.768750
v -117.642700 83.004300 30.410150
v -118.549000 83.631500 33.370250
v -118.549000 83.631500 33.370250
v -121.328500 83.668400 34.956550
v -121.328500 83.668400 34.956550
v -121.328500 83.668400 34.956550
v -122.138500 83.838700 29.278250
v -118.183100 75.750800 33.768750
v -118.526300 71.821600 35.076050
v -134.579700 82.626600 35.910150
v -134.579700 82.626600 35.910150
v -134.235100 83.028000 27.017450
v -136.266000 79.398600 27.914050
v -135.177500 75.217800 35.382950
v -124.520900 83.468900 24.735450
v -132.598000 79.126500 25.397650
v -118.526300 71.821600 35.076050
v -120.085600 61.339900 33.846250
v -135.052700 72.807600 27.558450
v -134.079500 71.381700 35.495150
v -132.598000 79.126500 25.397650
v -135.052700 72.807600 27.558450
v -136.266000 79.398600 27.914050
v -132.489900 64.726200 35.241550
v -132.164600 75.916500 35.706350
v -133.222500 60.980900 34.243450
v -78.535100 86.699800 36.740150
v -119.620400 111.010700 37.513950
v -100.248300 82.973000 37.107650
v -133.902600 67.990400 26.812250
v -119.620400 111.010700 37.513950
v -109.416900 84.067000 37.460450
v -120.648600 86.980500 37.818150
v -120.648600 86.980500 37.818150
v -85.669400 60.533200 36.134050
v -101.309800 61.142400 35.359050
v -85.669400 60.533200 36.134050
v -104.374300 42.100500 36.057950
v -109.503800 58.346500 35.776850
v -102.348400 42.095200 35.035350
v -84.082500 42.664200 36.483350
v -91.372800 38.940500 35.545350
v -104.374300 42.100500 36.057950
v -132.411300 59.687000 35.768450
v -134.070800 43.019200 36.082250
v -134.757600 52.763200 35.131150
v -134.070800 43.019200 36.082250
v -108.241400 60.759700 33.447750
v -84.037100 38.848500 33.922750
v -102.050000 39.136500 33.392150
v -84.037100 38.848500 33.922750
v -91.372800 38.940500 35.545350
v -116.779900 39.268900 33.835650
v -116.779900 39.268900 33.835650
v -117.437500 60.487200 35.535250
v -120.085600 61.339900 33.846250
v -128.616700 61.173700 33.574150
v -128.616700 61.173700 33.574150
v -133.222500 60.980900 34.243450
v -133.762800 61.642700 27.236750
v -132.411300 59.687000 35.768450
v -134.757600 52.763200 35.131150
v -134.599400 43.499300 28.569250
v -134.599400 43.499300 28.569250
v -104.374300 42.100500 36.057950
v -132.636100 40.051600 34.042750
v -128.715300 38.470100 31.868950
v -134.070800 43.019200 36.082250
v -133.170600 42.965900 34.409450
v -133.170600 42.965900 34.409450
v -132.636100 40.051600 34.042750
v -128.715300 38.470100 31.868950
v -134.599400 43.499300 28.569250
v -132.636100 40.051600 34.042750
v -135.177500 75.217800 35.382950
v -121.328500 83.668400 34.956550
v -100.248300 82.973000 37.107650
v -82.217900 60.567700 33.605450
v -119.570100 117.122200 28.741750
v -69.480300 134.105700 38.479850
v -51.515500 147.514200 41.475150
v -66.644600 136.457200 29.701550
v -51.515500 147.514200 41.475150
v -69.480300 134.105700 38.479850
v -69.480300 134.105700 38.479850
v -66.680800 135.085100 35.179450
v -74.208200 125.199300 37.982450
v -74.208200 125.199300 37.982450
v -44.637800 147.998500 31.603450
v -43.283000 131.340800 33.177950
v -45.893100 146.909900 27.955250
v -45.433500 138.233000 28.612650
v -43.283000 131.340800 33.177950
v -54.741300 142.618800 27.240750
v -45.433500 138.233000 28.612650
v -45.893100 146.909900 27.955250
v -61.909300 135.532000 28.345650
v -56.607000 143.481400 30.671650
v -62.675100 137.145300 27.731950
v -32.063900 186.633900 43.363550
v -62.675100 137.145300 27.731950
v -63.030700 132.571300 26.294250
v -61.909300 135.532000 28.345650
v -32.063900 186.633900 43.363550
v -10.494400 167.276100 42.224450
v -10.460700 188.757100 43.615150
v -65.223400 135.539100 25.157350
v -66.830500 133.319900 27.784650
v -48.288500 164.390600 41.653650
v -24.442300 153.702100 41.791150
v -24.442300 153.702100 41.791150
v -65.223400 135.539100 25.157350
v -66.830500 133.319900 27.784650
v -63.030700 132.571300 26.294250
v -65.223400 135.539100 25.157350
v -66.847800 129.000400 25.462350
v -67.940200 128.384900 23.988550
v -72.793400 126.264900 27.761650
v -67.940200 128.384900 23.988550
v -70.467000 124.366100 25.761550
v -70.467000 124.366100 25.761550
v -71.242300 127.930400 19.868450
v -74.547800 124.210500 32.719950
v -77.852900 109.882800 36.994450
v -73.356600 116.755300 24.949650
v -68.776200 127.049800 19.365350
v -71.242300 127.930400 19.868450
v -67.940200 128.384900 23.988550
v -68.776200 127.049800 19.365350
v -71.242300 127.930400 19.868450
v -74.566800 122.808600 18.465450
v -68.776200 127.049800 19.365350
v -74.566800 122.808600 18.465450
v -112.692900 140.020500 38.447750
v -112.692900 140.020500 38.447750
v -118.003500 124.603800 37.810250
v -119.570100 117.122200 28.741750
v -118.003500 124.603800 37.810250
v -77.852900 109.882800 36.994450
v -111.726500 140.699900 29.724650
v -111.726500 140.699900 29.724650
v -100.871300 155.484300 31.170350
v -100.871300 155.484300 31.170350
v -88.365300 165.216100 32.192650
v -100.871300 155.484300 31.170350
v -93.325800 163.900000 32.228350
v -98.997900 158.805400 40.144450
v -93.325800 163.900000 32.228350
v -88.365300 165.216100 32.192650
v -88.683900 165.823500 41.463250
v -88.365300 165.216100 32.192650
v -88.365300 165.216100 32.192650
v -85.102600 169.846200 32.781850
v -98.997900 158.805400 40.144450
v -88.683900 165.823500 41.463250
v -88.683900 165.823500 41.463250
v -54.081500 182.431700 42.233250
v -54.081500 182.431700 42.233250
v -69.982800 178.472400 34.000050
v -45.893100 146.909900 27.955250
v -44.637800 147.998500 31.603450
v -74.925000 174.405900 41.669650
v -44.637800 147.998500 31.603450
v -74.925000 174.405900 41.669650
v -69.982800 178.472400 34.000050
v -70.264600 175.789800 33.242850
v -85.102600 169.846200 32.781850
v -88.365300 165.216100 32.192650
v -121.280400 84.740400 -37.301650
v -122.243300 84.316900 -29.136550
v -122.234600 102.470300 -29.861450
v -122.243300 84.316900 -29.136550
v -123.261500 96.555300 -20.462850
v -122.234600 102.470300 -29.861450
v -120.250700 112.790000 -20.462450
v -123.140900 82.976600 -16.568450
v -123.432600 96.224000 0.285550
v -123.261500 96.555300 -20.462850
v -120.250700 112.790000 -20.462450
v -124.100500 83.368000 0.704550
v -123.372800 96.886600 17.775950
v -133.977000 60.779900 -27.432050
v -134.259700 59.191900 -35.700050
v -133.234600 60.997900 -34.178850
v -132.489900 64.726200 -35.167250
v -128.616700 61.173700 -33.499850
v -133.234600 60.997900 -34.178850
v -116.900500 60.371200 -35.359250
v -128.616700 61.173700 -33.499850
v -120.005700 61.321800 -33.765750
v -120.005700 61.321800 -33.765750
v -114.291000 69.766700 -35.177250
v -108.151700 60.657200 -33.372150
v -133.902600 67.990400 -26.737950
v -102.059000 60.853700 -35.215450
v -133.977000 60.779900 -27.432050
v -134.599400 43.499300 28.569250
v -133.762800 61.642700 27.236750
v -134.304800 43.453700 -28.723050
v -133.902600 67.990400 -26.737950
v -134.079500 71.381700 -35.420850
v -132.164600 75.916500 -35.632050
v -135.052700 72.807600 -27.484150
v -118.526200 71.807200 -35.001250
v -135.174900 75.188900 -35.298650
v -135.174900 75.188900 -35.298650
v -134.676400 82.560300 -35.824650
v -118.526200 71.807200 -35.001250
v -118.553300 83.600900 -33.278750
v -118.190700 75.717300 -33.710750
v -101.542800 79.980700 -36.229650
v -118.190700 75.717300 -33.710750
v -136.266000 79.398600 -27.839750
v -135.052700 72.807600 -27.484150
v -132.598000 79.126500 -25.323350
v -136.266000 79.398600 -27.839750
v -132.628400 79.128100 -22.873850
v -134.676400 82.560300 -35.824650
v -134.395800 83.067200 -27.494150
v -118.553300 83.600900 -33.278750
v -117.662100 82.998300 -30.334450
v -122.825200 83.018300 -34.527250
v -122.825200 83.018300 -34.527250
v -118.553300 83.600900 -33.278750
v -122.825200 83.018300 -34.527250
v -121.280400 84.740400 -37.301650
v -122.138500 83.838700 29.278250
v -121.656600 106.182100 29.877950
v -122.138500 83.838700 29.278250
v -121.656600 106.182100 29.877950
v -111.651200 84.068300 -37.854050
v -122.825200 83.018300 -34.527250
v -122.243300 84.316900 -29.136550
v -117.662100 82.998300 -30.334450
v -100.497200 83.582700 -35.329050
v -117.662100 82.998300 -30.334450
v -121.280400 84.740400 -37.301650
v -111.651200 84.068300 -37.854050
v -132.598000 79.126500 -25.323350
v -123.140900 82.976600 16.642750
v -124.100500 83.368000 0.704550
v -133.050700 81.479400 21.384650
v -132.628400 79.128100 22.948150
v -126.734800 81.721200 21.534850
v -124.520900 83.468900 24.735450
v -123.140900 82.976600 16.642750
v -132.628400 79.128100 22.948150
v -126.734800 81.721200 21.534850
v -124.555000 83.464000 -24.763450
v -124.520900 83.468900 24.735450
v -126.734800 81.721200 -21.460550
v -132.628400 79.128100 -22.873850
v -132.628400 79.128100 -22.873850
v -133.050700 81.479400 -21.310350
v -126.734800 81.721200 -21.460550
v -124.555000 83.464000 -24.763450
v -123.140900 82.976600 -16.568450
v -124.555000 83.464000 -24.763450
v -123.140900 82.976600 -16.568450
v -100.497200 83.582700 -35.329050
v -133.050700 81.479400 21.384650
v -133.050700 81.479400 -21.310350
v 45.456400 65.060600 -27.685350
v 54.782400 67.280200 -24.731150
v 54.300000 65.007000 -27.370650
v 44.593600 67.315100 -26.301950
v 45.085600 66.162300 -29.949550
v 44.593600 67.315100 -26.301950
v 45.456400 65.060600 -27.685350
v 40.076300 68.157700 -28.380450
v 41.812200 66.412100 -30.885150
v 36.925400 66.513800 -29.298150
v 24.479800 70.732200 -28.983950
v 25.122800 68.202400 -29.659250
v 24.828900 60.729000 -32.275150
v 25.122800 68.202400 -29.659250
v 25.122800 68.202400 -29.659250
v 43.680900 62.289800 -31.075450
v 25.141000 84.406300 -32.701250
v 25.017400 71.661100 -31.830150
v 73.161400 61.000900 -25.018850
v 73.188700 67.891900 -23.242550
v 73.161400 61.000900 -25.018850
v 23.336200 55.264500 -32.769850
v 23.480300 48.458300 -32.744250
v -4.727300 49.079300 -24.747050
v -15.644800 48.713000 -32.663750
v 23.480300 48.458300 -32.744250
v 11.554500 78.048600 -32.387950
v 24.828900 60.729000 -32.275150
v 72.244200 63.626000 -28.434350
v 69.979700 67.055700 -25.179750
v 72.125800 57.227800 -26.204250
v 67.776000 59.530600 -25.023150
v 67.776000 59.530600 -25.023150
v 73.161400 61.000900 -25.018850
v 72.125800 57.227800 -26.204250
v 57.772000 60.766300 -27.190050
v 72.686000 56.425100 -26.824950
v 65.376800 56.355700 -27.607450
v 71.796600 53.420100 -27.871050
v 72.805000 49.323000 -21.463650
v 72.140100 48.782500 -27.255350
v 60.483700 49.261800 -27.842250
v 43.133200 59.165500 -24.572750
v 43.133200 59.165500 -24.572750
v 42.921200 61.081800 -27.322350
v 42.921200 61.081800 -27.322350
v 44.719300 56.258400 -28.639450
v 45.830800 49.149100 -28.351950
v 59.230100 49.187600 -22.024050
v 72.805000 49.323000 -21.463650
v 59.230100 49.187600 -22.024050
v 69.164400 48.146900 -27.844750
v 72.140100 48.782500 -27.255350
v 25.017400 71.661100 -31.830150
v 69.164400 48.146900 -27.844750
v 59.009300 48.700800 -26.503950
v 43.514100 49.259300 -21.046150
v 25.141000 84.406300 -32.701250
v 43.551000 42.910400 -20.779250
v 43.514100 49.259300 -21.046150
v 45.830800 49.149100 -28.351950
v 45.456400 65.060600 -27.685350
v 42.921200 61.081800 -27.322350
v 42.921200 61.081800 -27.322350
v 43.133200 59.165500 -24.572750
v 41.034000 56.277500 -30.240750
v 35.559500 59.512700 -29.264450
v 35.559500 59.512700 -29.264450
v 42.921200 61.081800 -27.322350
v 41.034000 56.277500 -30.240750
v 25.105900 49.743400 -30.768450
v 23.480300 48.458300 -32.744250
v 26.656600 48.661200 -29.966650
v 24.886600 57.024900 -30.419350
v 33.898500 48.001600 -30.498850
v 25.105900 49.743400 -30.768450
v 44.719300 56.258400 -28.639450
v 44.724400 49.908300 -30.527050
v 44.447500 48.390800 -28.686150
v 32.542300 49.335400 -21.863950
v 44.724400 49.908300 -30.527050
v 44.447500 48.390800 -28.686150
v 32.542300 49.335400 -21.863950
v 24.886600 57.024900 -30.419350
v 41.034000 56.277500 -30.240750
v 24.828900 60.729000 -32.275150
v 25.189200 59.114300 -28.767150
v 25.189200 59.114300 -28.767150
v 25.189200 59.114300 -28.767150
v 54.457400 105.914200 -23.831750
v 40.337300 106.267200 -26.242650
v 54.498900 105.538400 -25.730950
v 54.457400 105.914200 -23.831750
v 54.366400 85.652800 -24.552250
v 54.642700 84.524300 -25.827650
v 40.337300 106.267200 -26.242650
v 36.931800 109.147600 -28.220450
v 40.337300 106.267200 -26.242650
v 54.457400 105.914200 -23.831750
v 35.859000 105.167900 -25.777550
v 36.931800 109.147600 -28.220450
v 40.337300 106.267200 -26.242650
v 38.050600 106.046500 -29.788250
v 40.337300 106.267200 -26.242650
v 38.050600 106.046500 -29.788250
v 35.859000 105.167900 -25.777550
v 38.050600 106.046500 -29.788250
v 35.859000 105.167900 -25.777550
v 36.489800 103.518400 -29.435350
v 36.931800 109.147600 -28.220450
v 38.050600 106.046500 -29.788250
v 26.180700 106.679400 -29.263550
v 26.180700 106.679400 -29.263550
v 36.489800 103.518400 -29.435350
v 28.446000 105.614500 -29.657950
v 25.991700 113.359600 -32.507050
v 26.180700 106.679400 -29.263550
v 34.453900 85.948900 -25.124050
v 34.453900 85.948900 -25.124050
v 54.366400 85.652800 -24.552250
v 36.708400 93.049700 -29.397850
v 36.708400 93.049700 -29.397850
v 27.865300 92.678200 -27.924550
v 28.446000 105.614500 -29.657950
v 54.531800 68.694000 -23.126650
v 52.771800 70.744200 -24.827650
v 65.170300 70.806000 -23.655250
v 42.981800 72.493000 -27.264450
v 64.294500 72.050600 -26.876650
v 27.865300 92.678200 -27.924550
v 26.180700 106.679400 -29.263550
v 28.446000 105.614500 -29.657950
v 28.221500 87.332400 -29.755650
v 25.521400 86.316900 -28.054250
v 28.221500 87.332400 -29.755650
v 25.141000 84.406300 -32.701250
v 25.521400 86.316900 -28.054250
v 62.318500 84.214300 -25.823950
v 42.981800 72.493000 -27.264450
v 52.771800 70.744200 -24.827650
v 64.294500 72.050600 -26.876650
v 42.981800 72.493000 -27.264450
v 42.253400 79.576900 -27.067050
v 59.919500 79.347200 -26.589550
v 65.170300 70.806000 -23.655250
v 64.294500 72.050600 -26.876650
v 66.565500 80.857900 -23.839650
v 73.188700 67.891900 -23.242550
v 69.784300 73.178000 -25.199850
v 65.170300 70.806000 -23.655250
v 69.784300 73.178000 -25.199850
v 69.682700 78.829400 -27.074350
v 69.784300 73.178000 -25.199850
v 69.682700 78.829400 -27.074350
v 69.784300 73.178000 -25.199850
v 25.017400 71.661100 -31.830150
v 25.921900 80.596700 -30.015350
v 43.327000 73.354900 -30.616250
v 70.087300 78.609300 -24.122350
v 50.683800 79.823200 -25.548650
v 47.627300 83.289300 -24.608050
v 36.849800 72.231100 -29.665450
v 54.642700 84.524300 -25.827650
v 62.318500 84.214300 -25.823950
v 47.627300 83.289300 -24.608050
v 54.642700 84.524300 -25.827650
v 54.366400 85.652800 -24.552250
v 38.021000 70.934400 -27.389050
v 38.942600 69.095200 -24.891850
v 38.942600 69.095200 -24.891850
v 38.021000 70.934400 -27.389050
v 38.942600 69.095200 -24.891850
v 54.531800 68.694000 -23.126650
v 43.196100 78.995000 -30.331750
v 43.327000 73.354900 -30.616250
v 42.253400 79.576900 -27.067050
v 42.981800 72.493000 -27.264450
v 43.196100 78.995000 -30.331750
v 25.921900 80.596700 -30.015350
v 26.254700 83.952400 -30.584350
v 26.254700 83.952400 -30.584350
v 37.025900 84.893500 -30.538550
v 26.254700 83.952400 -30.584350
v 38.745400 83.712800 -28.591850
v 37.550100 80.866800 -29.339750
v 26.254700 83.952400 -30.584350
v 37.025900 84.893500 -30.538550
v 25.141000 84.406300 -32.701250
v 37.550100 80.866800 -29.339750
v 43.196100 78.995000 -30.331750
v 42.253400 79.576900 -27.067050
v 39.823500 80.846500 -25.559150
v 38.745400 83.712800 -28.591850
v 37.550100 80.866800 -29.339750
v 38.745400 83.712800 -28.591850
v 38.745400 83.712800 -28.591850
v 34.453900 85.948900 -25.124050
v 37.025900 84.893500 -30.538550
v 70.087300 78.609300 -24.122350
v -66.903700 114.056100 24.603250
v -66.903700 114.056100 24.603250
v -52.958600 114.172900 28.292450
v -45.775600 114.873000 29.228250
v -44.790700 125.898000 29.273450
v -69.753700 117.085900 24.570750
v -65.371500 114.030700 28.197050
v -65.371500 114.030700 28.197050
v -44.790700 125.898000 29.273450
v -43.683800 114.684400 34.002750
v -44.922400 117.224900 32.415450
v -43.683800 114.684400 34.002750
v -44.264200 131.689800 32.255250
v -43.683800 114.684400 34.002750
v -40.108500 109.819300 25.740850
v -40.295900 109.344100 29.428150
v -36.792900 106.960700 28.569250
v -26.756200 109.337200 28.884050
v -40.108500 109.819300 25.740850
v -40.295900 109.344100 29.428150
v -40.108500 109.819300 25.740850
v -37.632100 107.040000 24.771450
v -40.295900 109.344100 29.428150
v -52.713500 106.666500 24.151050
v -37.632100 107.040000 24.771450
v -37.632100 107.040000 24.771450
v -36.792900 106.960700 28.569250
v -40.295900 109.344100 29.428150
v -45.775600 114.873000 29.228250
v -52.958600 114.172900 28.292450
v -66.903700 114.056100 24.603250
v -64.097600 110.137900 24.122650
v -66.903700 114.056100 24.603250
v -40.108500 109.819300 25.740850
v -64.097600 110.137900 24.122650
v -37.286300 83.207500 28.005850
v -36.792900 106.960700 28.569250
v -37.632100 107.040000 24.771450
v -37.286300 83.207500 28.005850
v -37.678200 85.844300 24.446350
v -52.391900 85.692700 23.428250
v -37.678200 85.844300 24.446350
v -37.632100 107.040000 24.771450
v -52.713500 106.666500 24.151050
v -52.391900 85.692700 23.428250
v -61.872600 91.518500 23.218450
v -65.371500 114.030700 28.197050
v -62.550400 107.129500 23.379050
v -62.550400 107.129500 23.379050
v -63.880900 83.581700 23.682050
v -47.846000 84.493600 24.829650
v -37.678200 85.844300 24.446350
v -27.044300 84.436600 27.318950
v -37.678200 85.844300 24.446350
v -47.846000 84.493600 24.829650
v -37.286300 83.207500 28.005850
v -27.044300 84.436600 27.318950
v -26.581700 80.051200 28.860350
v -26.581700 80.051200 28.860350
v -61.252000 86.822500 24.149350
v -37.539300 81.347200 28.378850
v -37.286300 83.207500 28.005850
v -36.362700 83.035000 25.013350
v -37.539300 81.347200 28.378850
v -61.872600 91.518500 23.218450
v -26.581700 80.051200 28.860350
v -37.539300 81.347200 28.378850
v -37.286300 83.207500 28.005850
v -36.362700 83.035000 25.013350
v -43.731400 79.404900 25.392150
v -36.362700 83.035000 25.013350
v -36.362700 83.035000 25.013350
v -43.731400 79.404900 25.392150
v -44.425400 79.275800 28.824850
v -47.846000 84.493600 24.829650
v -50.372100 84.972200 25.792350
v -52.391900 85.692700 23.428250
v -50.372100 84.972200 25.792350
v -63.880900 83.581700 23.682050
v -47.846000 84.493600 24.829650
v -44.874600 73.084300 28.344350
v -44.425400 79.275800 28.824850
v -43.731400 79.404900 25.392150
v -44.874600 73.084300 28.344350
v -44.478100 73.106300 26.349750
v -61.252000 86.822500 24.149350
v 45.261600 148.771700 -32.380950
v 45.337900 140.823000 -31.614150
v 45.261600 148.771700 -32.380950
v 43.943400 140.381100 -33.624350
v 41.760800 150.837700 -33.533550
v 40.782900 129.608300 -34.707350
v 43.647700 114.260500 -31.861850
v 44.152200 129.871400 -31.299150
v 44.152200 129.871400 -31.299150
v 43.797300 126.354100 -34.681250
v 43.797300 126.354100 -34.681250
v 18.920700 113.842400 -35.594350
v 44.176800 114.680700 -35.444050
v 44.176800 114.680700 -35.444050
v 36.813800 113.970200 -34.959650
v 10.171400 80.335000 -31.310250
v 10.413000 86.854900 -27.860650
v 9.793700 93.431500 -29.769150
v 10.225700 80.531900 -28.389350
v 40.586000 113.102200 -27.319450
v 43.571100 113.375200 -30.892550
v 40.586000 113.102200 -27.319450
v 36.742900 112.973700 -30.156150
v 40.586000 113.102200 -27.319450
v 36.931800 109.147600 -28.220450
v -8.383100 96.387900 -27.593750
v 10.225700 80.531900 -28.389350
v 5.645900 79.523500 -28.295250
v 7.729500 79.260800 -31.653950
v -1.776600 80.075700 -27.605650
v -7.898200 79.454500 -30.738050
v 16.481100 94.356900 -32.517450
v 26.165200 111.102100 -30.563750
v 26.180700 106.679400 -29.263550
v 11.423800 87.426000 -32.466450
v 43.647700 114.260500 -31.861850
v 32.846500 113.302800 -30.550550
v 36.813800 113.970200 -34.959650
v 25.991700 113.359600 -32.507050
v 18.920700 113.842400 -35.594350
v 25.991700 113.359600 -32.507050
v 26.165200 111.102100 -30.563750
v -10.330000 78.387100 -32.036850
v -8.383100 96.387900 -27.593750
v -11.858300 82.280100 -31.229050
v -10.481500 81.014600 -28.141450
v -10.481500 81.014600 -28.141450
v -10.481500 81.014600 -28.141450
v -10.340100 91.734400 -31.758550
v -12.919000 81.919800 -31.809950
v 25.991700 113.359600 -32.507050
v -10.416300 101.225300 -31.827450
v 7.236000 95.029100 -26.188250
v -7.646400 99.527600 -27.705350
v 4.273800 100.113900 -30.850450
v 6.991100 101.911200 -32.923450
v -8.796700 100.835200 -31.714550
v -7.646400 99.527600 -27.705350
v -9.020600 94.073700 -30.631350
# 5995 vertices

vn 0.988094 0.031125 -0.150625
vn 0.984406 0.173063 -0.031000
vn 0.992406 0.094031 -0.079031
vn 0.289813 0.000000 0.957062
vn 0.986063 -0.071125 0.150312
vn 0.968188 0.172844 0.180844
vn 0.015969 0.133844 -0.990844
vn -0.023969 -0.023969 -0.999406
vn 0.000000 0.054906 -0.998469
vn 0.993000 -0.071062 0.094094
vn -0.987469 0.008000 0.157531
vn -0.989781 0.015937 0.141656
vn -0.276031 -0.008000 0.961094
vn 0.000000 -0.282469 -0.959250
vn 0.008000 0.734125 -0.678937
vn -0.134188 0.567781 -0.812125
vn -0.613875 0.062969 -0.786844
vn -0.030969 0.007969 0.999469
vn -0.078969 0.101938 0.991625
vn 0.917875 -0.344813 -0.196313
vn -0.362156 0.071000 -0.929375
vn -0.173063 0.031000 -0.984406
vn -0.110156 0.031031 -0.993406
vn -0.886312 0.000000 0.463062
vn -0.998187 0.023937 0.054875
vn -0.030969 -0.007969 0.999469
vn -0.102156 -0.047063 0.993625
vn -0.986094 -0.016031 0.165344
vn -0.999812 -0.015969 0.007969
vn -0.999094 -0.038938 0.015969
vn -0.079094 0.985469 -0.150219
vn 0.479875 0.865750 0.141937
vn 0.079187 0.955594 -0.283750
vn -0.987469 -0.008000 0.157531
vn -0.816375 0.070750 -0.573156
vn -0.905312 0.000000 -0.424688
vn -0.102250 0.016031 0.994625
vn -0.070813 -0.015937 0.997344
vn 0.038969 0.000000 0.999219
vn -0.873062 0.007969 0.487469
vn -0.996906 0.046844 0.062781
vn 0.000000 0.157531 0.987500
vn 0.000000 -0.015969 0.999844
vn -0.126500 0.087344 0.988094
vn -0.165187 0.047031 -0.985125
vn 0.236594 0.971469 0.016031
vn 0.315969 -0.536625 -0.782406
vn 0.448500 -0.810094 -0.377562
vn -0.031094 -0.979750 -0.197750
vn -0.967656 -0.015969 0.251656
vn -0.995906 -0.055188 0.071250
vn 0.943750 0.141813 0.298594
vn 0.923250 0.378906 0.063125
vn 0.954938 0.126250 0.268531
vn 0.007969 -0.070813 -0.997437
vn -0.355094 -0.615937 -0.703188
vn 0.118094 0.000000 -0.992969
vn 0.015969 -0.015969 -0.999719
vn 0.219812 -0.023969 -0.975219
vn 0.989875 0.007969 -0.141687
vn 0.999469 -0.030969 -0.007969
vn -0.197031 -0.488125 0.850219
vn -0.101687 -0.981094 0.164500
vn -0.275937 -0.849875 0.448938
vn 0.998875 -0.046937 0.000000
vn 0.999500 0.030969 0.000000
vn 1.000000 0.000000 0.000000
vn -0.078969 -0.716781 -0.692781
vn -0.150625 0.024094 -0.988281
vn -0.102344 -0.347187 -0.932187
vn -0.323281 -0.126094 0.937844
vn -0.102281 0.000000 0.994750
vn -0.172719 -0.070875 0.982406
vn 0.000000 -0.023969 -0.999687
vn 0.134094 0.898781 -0.417344
vn -0.070813 -0.007969 0.997437
vn -0.550687 -0.401781 -0.731594
vn -0.030969 -0.983000 -0.180812
vn -0.117937 -0.897563 -0.424781
vn 0.787812 -0.039031 0.614625
vn 0.973781 0.000000 0.227469
vn 0.753906 -0.078781 0.652188
vn -0.007969 -0.038969 0.999188
vn 0.023906 -0.628156 -0.777687
vn -0.023969 -0.015969 -0.999563
vn 0.024062 -0.157500 -0.987219
vn 0.054750 -0.070688 -0.995969
vn -0.976875 -0.016000 -0.213188
vn 0.998438 -0.054906 -0.007969
vn 0.063000 0.984250 -0.165031
vn 0.016000 0.937937 -0.346344
vn 0.007938 0.447188 -0.894375
vn 0.999500 -0.030969 0.000000
vn 0.000000 -0.007969 -0.999937
vn 0.000000 0.000000 -1.000000
vn 0.008000 0.299344 -0.954094
vn -0.078844 -0.943281 -0.322406
vn 0.999937 0.007969 0.000000
vn 0.999937 0.000000 -0.007969
vn 0.999469 -0.007969 -0.030969
vn 0.999094 -0.015969 -0.038938
vn -0.015969 0.007969 -0.999812
vn 0.038938 -0.015969 0.999094
vn 0.015969 -0.030969 0.999375
vn -0.024031 -0.268531 -0.962937
vn 0.007969 -0.149500 -0.988719
vn 0.007969 -0.015969 -0.999812
vn -0.323625 -0.836656 -0.441875
vn -0.574594 0.000000 -0.818406
vn 0.038938 -0.015969 -0.999094
vn -0.007969 -0.038969 -0.999188
vn 0.282469 0.000000 -0.959250
vn -0.030969 0.007969 -0.999469
vn -0.038969 0.000000 -0.999219
vn 0.994719 0.008000 0.102250
vn 0.999906 -0.007969 0.007969
vn 0.989906 0.141687 0.000000
vn 0.999656 0.023969 -0.007969
vn 0.125531 -0.957625 -0.259094
vn 0.110031 -0.961406 -0.252094
vn -0.188938 -0.944719 -0.267906
vn 0.983437 0.180875 0.007969
vn -0.914750 -0.031031 0.402750
vn -0.988437 -0.016062 0.150656
vn -0.996844 -0.007969 -0.078750
vn -0.024031 0.102250 -0.994438
vn -0.015937 0.070813 -0.997344
vn -0.016062 0.087344 -0.996031
vn -0.487687 -0.794500 -0.361750
vn 0.447156 -0.015906 0.894313
vn -0.015969 0.998344 -0.054906
vn 0.046906 0.998125 0.038906
vn 0.015969 0.999844 0.000000
vn 0.999844 0.000000 0.015969
vn 0.400531 -0.721375 -0.564937
vn 0.236312 -0.252344 -0.938312
vn 0.212625 -0.282500 -0.935375
vn 0.243156 -0.392625 -0.886937
vn -0.369719 -0.038969 -0.928312
vn 0.015969 -0.408750 -0.912469
vn 0.007969 -0.007969 -0.999906
vn -0.260844 0.047156 0.964219
vn -0.188594 -0.007969 0.982000
vn 0.039031 0.962500 -0.268406
vn 0.030906 0.958781 -0.282344
vn 0.016031 0.940219 -0.340156
vn 0.932656 -0.015906 0.360312
vn 0.007969 -0.054906 0.998438
vn -0.046906 -0.030938 -0.998406
vn -0.118188 0.977719 0.173281
vn -0.071219 0.979250 0.189625
vn -0.102156 0.993625 0.047063
vn -0.038938 -0.982750 -0.180750
vn 0.268187 -0.748531 -0.606406
vn 0.703031 -0.008000 0.711062
vn 0.985469 0.165219 0.039031
vn 0.636531 -0.038906 -0.770250
vn 0.864469 -0.086844 -0.495094
vn -0.378563 0.883313 -0.276406
vn 0.007969 0.038969 -0.999188
vn 0.354125 0.465156 -0.811281
vn 0.345313 0.848375 -0.401219
vn 0.999844 0.015969 0.000000
vn 0.999844 0.000000 -0.015969
vn -0.818031 -0.534344 0.212719
vn 0.950781 0.046875 -0.306281
vn 0.996125 0.087344 -0.008031
vn 0.952156 0.093906 -0.290719
vn -0.007969 -0.023969 0.999656
vn 0.828438 -0.559969 0.008000
vn 0.963094 0.268562 0.016031
vn 0.985000 -0.157156 0.071062
vn 0.165063 -0.709281 -0.685281
vn -0.007969 -0.824719 -0.565437
vn -0.149594 -0.345094 -0.926562
vn 0.534219 0.180719 0.825781
vn -0.015969 0.007969 0.999812
vn 0.133969 0.322937 0.936875
vn -0.030969 0.000000 0.999500
vn -0.015969 -0.038938 0.999094
vn -0.197625 -0.047125 0.979125
vn -0.173000 -0.039000 0.984125
vn 0.801625 0.596969 -0.030938
vn 0.992938 0.118094 -0.008000
vn 0.996375 0.070719 -0.046813
vn -0.007969 -0.180875 -0.983437
vn 0.008000 -0.205531 -0.978594
vn -0.999563 -0.015969 0.023969
vn 0.299125 -0.039000 0.953406
vn 0.660500 -0.070937 0.747437
vn 0.615094 -0.008000 0.788406
vn 0.959219 0.275469 -0.062875
vn 0.941250 0.337656 0.000000
vn 0.881406 -0.023969 0.471687
vn 0.346125 0.039000 0.937344
vn 0.007969 0.038969 0.999188
vn -0.236500 0.031063 0.971125
vn 0.755906 0.653906 -0.030969
vn 0.062812 0.038875 0.997250
vn 0.550750 0.834625 -0.007969
vn 0.881656 -0.007969 -0.471812
vn 0.999812 -0.007969 -0.015969
vn 0.999687 0.000000 -0.023969
vn 0.008000 0.299344 0.954094
vn -0.834094 -0.416531 -0.361594
vn -0.432250 -0.675844 -0.596969
vn 0.434188 -0.024062 -0.900469
vn -0.070781 0.023906 0.997187
vn 0.903063 -0.070750 0.423625
vn -0.560594 0.623781 0.544563
vn -0.385531 -0.070906 0.919937
vn -0.180875 -0.015969 0.983344
vn -0.157531 0.016031 0.987375
vn -0.731344 0.086906 0.676406
vn -0.330531 0.007969 0.943750
vn 0.260750 0.252719 0.931719
vn 0.465375 0.850719 0.244188
vn 0.786469 -0.440688 0.432687
vn 0.126062 -0.693406 0.709406
vn 0.654219 0.000000 0.756281
vn 0.289656 -0.030844 0.956625
vn -0.030969 -0.015969 0.999375
vn 0.969688 0.244156 0.008000
vn 0.998000 0.030938 0.054875
vn 0.960250 0.101906 -0.259781
vn 0.401250 -0.188625 0.896312
vn 0.659156 -0.636219 0.400875
vn 0.394125 -0.913344 -0.102031
vn 0.157281 -0.725281 0.670187
vn 0.455906 -0.133656 0.879906
vn 0.172813 0.935969 0.306656
vn -0.872688 -0.030938 0.487250
vn -0.062812 0.423844 0.903531
vn -0.251687 -0.755125 0.605281
vn -0.181406 -0.796812 0.576312
vn -0.511281 -0.172750 0.841844
vn -0.268469 -0.031031 0.962750
vn -0.141469 -0.054781 0.988406
vn -0.673813 -0.218969 0.705688
vn -0.495250 -0.314531 0.809781
vn 0.306656 0.172813 0.935969
vn 0.948219 0.031094 0.316063
vn 0.955344 -0.047094 0.291687
vn 0.999719 -0.015969 -0.015969
vn -0.109812 -0.149781 0.982594
vn -0.133687 -0.785187 0.604594
vn 0.465625 -0.402562 -0.788094
vn 0.441781 -0.228406 -0.867531
vn -0.251812 0.826375 0.503625
vn -0.930719 -0.362656 0.047063
vn -0.837500 -0.529594 0.134375
vn 0.981812 -0.172594 -0.078813
vn 0.997781 -0.046875 0.046875
vn -0.156781 -0.967812 0.196750
vn -0.518906 -0.778375 0.353250
vn -0.472594 -0.867125 -0.157188
vn -0.118344 -0.979062 -0.165500
vn -0.535344 -0.260156 0.803531
vn -0.212406 -0.086750 0.973312
vn -0.015969 -0.125969 0.991875
vn -0.039000 -0.118000 0.992219
vn 0.165344 0.000000 0.986219
vn -0.708781 -0.408875 0.574812
vn -0.723813 0.487875 0.487875
vn 0.173094 -0.024000 0.984594
vn 0.985000 -0.071062 -0.157156
vn 0.993031 -0.087063 -0.079062
vn 0.102219 0.031063 0.994250
vn -0.748969 0.031031 0.661844
vn 0.583687 0.000000 0.811969
vn 0.503875 0.188938 0.842812
vn -0.834406 -0.023969 0.550594
vn 0.078719 0.015937 0.996750
vn 0.996594 0.078719 -0.023906
vn 0.337594 0.015906 0.941125
vn 0.046906 0.030938 0.998406
vn -0.220531 -0.087219 0.971438
vn -0.063031 0.102063 0.992750
vn -0.046906 -0.644938 0.762750
vn 0.636500 -0.117719 0.762219
vn -0.086906 -0.700406 0.708406
vn -0.149500 -0.125563 0.980750
vn 0.678875 -0.016031 0.734031
vn 0.976000 -0.142000 0.165000
vn 0.062812 -0.423844 0.903531
vn 0.512406 -0.858688 0.008000
vn 0.251656 -0.967750 0.007969
vn -0.024062 -0.956125 0.291938
vn 0.024031 -0.102250 0.994438
vn 0.568125 0.465906 0.678312
vn 0.133687 0.046875 0.989906
vn 0.899844 0.094187 0.425875
vn -0.252094 0.110031 0.961406
vn -0.023969 0.000000 0.999687
vn -0.126375 -0.340031 0.931875
vn -0.030969 -0.125938 0.991531
vn -0.173125 0.016000 -0.984750
vn 0.541438 0.015937 -0.840563
vn -0.314219 0.533687 0.785094
vn -0.062844 -0.030906 0.997531
vn 0.117812 0.393438 0.911750
vn -0.054969 0.920875 0.385938
vn -0.691375 0.015937 0.722281
vn 0.441625 0.197250 0.875219
vn -0.038969 0.007969 0.999188
vn 0.094187 0.473062 0.875969
vn 0.981156 -0.086750 0.172500
vn 0.994844 -0.063156 0.079219
vn 0.991469 -0.117937 -0.054969
vn -0.283750 0.079187 0.955594
vn 0.583250 -0.039000 0.811344
vn 0.965344 -0.141438 0.219156
vn 0.267500 0.785531 0.557969
vn 0.991125 -0.093906 0.093906
vn 0.991875 -0.117969 0.046969
vn 0.811719 0.024000 0.583500
vn 0.219812 -0.023969 0.975219
vn 0.086656 -0.015937 0.996094
vn 0.999469 -0.030969 0.007969
vn 0.999031 -0.030969 -0.030969
vn 0.989406 -0.030906 -0.141625
vn 0.998750 -0.030938 -0.038938
vn -0.165344 0.986219 0.000000
vn 0.395187 0.915812 0.071219
vn -0.205531 0.978594 -0.008000
vn -0.339188 0.189094 0.921500
vn -0.110188 -0.008000 0.993875
vn -0.023969 0.125938 0.991719
vn -0.526844 0.054875 0.848156
vn 0.276219 0.953781 0.118094
vn -0.133844 0.007969 0.990937
vn -0.007969 0.070813 0.997437
vn 0.000000 -0.087344 0.996156
vn 0.038938 0.038938 0.998469
vn -0.110156 -0.024031 0.993594
vn 0.165438 -0.299781 0.939531
vn 0.079156 -0.994313 0.071156
vn 0.134406 -0.955969 0.260812
vn -0.046969 -0.983781 0.172937
vn -0.023969 -0.983187 0.180844
vn -0.055094 -0.986000 0.157312
vn -0.047063 -0.102156 0.993625
vn -0.054969 -0.117937 0.991469
vn -0.062781 -0.949938 0.306000
vn -0.038812 -0.988000 0.149375
vn -0.062937 -0.952219 0.298750
vn -0.054906 0.007969 0.998438
vn -0.054906 0.015969 0.998344
vn -0.024062 -0.987219 0.157500
vn -0.054906 -0.125813 0.990531
vn -0.038906 -0.990219 0.133750
vn -0.282406 0.023937 0.958969
vn -0.316188 0.008000 0.948625
vn 0.038969 0.007969 0.999188
vn 0.999906 -0.007969 -0.007969
vn 0.999812 -0.015969 0.007969
vn 0.999219 -0.030969 0.023969
vn 0.219875 0.000000 -0.975500
vn -0.197844 0.008031 -0.980187
vn 0.808125 -0.007969 -0.588906
vn -0.440313 0.046906 0.896594
vn 0.997437 -0.007969 0.070813
vn -0.023969 0.038938 0.998937
vn 0.852781 -0.024062 0.521688
vn -0.758313 0.615875 0.213625
vn 0.290125 0.895312 0.337969
vn 0.999219 -0.030969 -0.023969
vn 0.999094 -0.038938 -0.015969
vn -0.078719 0.023906 -0.996594
vn 0.440781 0.007969 -0.897563
vn -0.118094 0.008000 -0.992938
vn -0.987063 -0.055156 0.150438
vn -0.934750 -0.038906 -0.353125
vn -0.996594 -0.023906 -0.078719
vn -0.126000 0.000000 0.992000
vn -0.117812 0.070875 0.990500
vn 0.401437 -0.086875 0.911750
vn 0.000000 -0.282469 0.959250
vn 0.173281 -0.977719 0.118188
vn -0.102250 -0.994625 0.016031
vn -0.379375 -0.924375 -0.039125
vn -0.985844 -0.110188 0.126219
vn -0.954562 -0.181281 0.236375
vn -0.866781 -0.047031 0.496437
vn -0.291938 -0.024062 -0.956125
vn -0.251563 0.030938 -0.967344
vn -0.023969 0.007969 -0.999656
vn 0.354125 0.465156 0.811281
vn 0.345313 0.848375 0.401219
vn 0.023969 0.007969 -0.999656
vn -0.699125 -0.612375 -0.369000
vn -0.914750 -0.402750 -0.031031
vn -0.811000 -0.512000 0.283000
vn 0.039000 0.299125 0.953406
vn 0.015937 0.141656 0.989781
vn 0.007969 0.574562 0.818406
vn -0.994719 0.008000 -0.102250
vn -0.878812 -0.329812 0.344750
vn 0.998750 0.038938 0.030938
vn -0.786344 -0.156844 -0.597500
vn 0.974375 0.133750 0.180688
vn -0.772219 0.252062 -0.583156
vn -0.874344 0.394156 -0.283094
vn 0.016000 0.993750 0.110188
vn -0.031000 0.969250 -0.244062
vn -0.024062 0.987219 -0.157500
vn 0.976000 0.142000 0.165000
vn 0.007969 -0.007969 0.999906
vn 0.023937 0.989625 0.141656
vn -0.574594 0.000000 0.818406
vn 0.000000 0.000000 1.000000
vn -0.094125 -0.063094 -0.993531
vn 0.055062 -0.693906 -0.717938
vn 0.030938 -0.306469 -0.951375
vn -0.023937 0.251594 0.967500
vn -0.046969 0.172937 0.983781
vn -0.023906 0.196250 0.980250
vn -0.962344 0.236312 -0.134188
vn -0.958969 -0.093781 0.267437
vn 0.000000 -0.998469 0.054906
vn -0.016031 -0.995406 0.094312
vn 0.007969 -0.997437 0.070813
vn -0.997437 0.070813 0.007969
vn 0.024062 0.892531 0.450281
vn 0.984187 -0.150000 -0.094000
vn 0.896969 -0.275656 -0.345594
vn 0.910844 -0.125687 -0.393063
vn -0.101719 0.966531 -0.235375
vn 0.000000 -0.007969 0.999937
vn -0.101656 0.988750 -0.109625
vn -0.046969 0.975906 0.212969
vn -0.008000 0.984844 0.173125
vn 0.016062 -0.924969 -0.379625
vn -0.260219 -0.953781 -0.150125
vn -0.306656 -0.935969 -0.172813
vn 0.906656 -0.102063 -0.409281
vn 0.078906 0.267781 0.960219
vn 0.070719 -0.046813 0.996375
vn 0.976781 -0.126094 -0.173125
vn 0.980563 -0.093656 -0.172375
vn -0.691437 0.007969 0.722375
vn 0.580594 -0.760844 0.289781
vn -0.464969 0.629969 0.621969
vn -0.117688 0.227437 0.966625
vn -0.833031 0.290312 0.470875
vn 0.434188 -0.024062 0.900469
vn -0.843906 -0.031031 0.535563
vn -0.896219 0.054875 0.440125
vn 0.361844 -0.865687 -0.345875
vn 0.289937 -0.925625 -0.243094
vn 0.653531 -0.716500 0.243813
vn 0.933406 -0.237094 -0.269250
vn 0.924375 0.379375 -0.039125
vn 0.196281 -0.980406 -0.015937
vn -0.369719 -0.038969 0.928312
vn 0.030906 -0.070781 -0.997000
vn -0.023969 0.000000 -0.999687
vn 0.825031 -0.526750 -0.204500
vn 0.802938 -0.574969 -0.156969
vn 0.741687 -0.402906 -0.536219
vn -0.180812 0.030969 0.983000
vn -0.949344 -0.015937 -0.313781
vn 0.857938 -0.338969 -0.385969
vn 0.983125 -0.078906 0.164844
vn -0.976875 -0.016000 0.213188
vn 0.046937 0.990906 -0.125844
vn -0.101906 0.975125 -0.196812
vn 0.024094 0.988281 -0.150625
vn -0.929563 -0.244125 0.276156
vn -0.801188 -0.470937 0.369156
vn 0.971563 -0.008000 -0.236625
vn 0.880687 -0.046906 -0.471312
vn 0.999188 -0.038969 -0.007969
vn 0.070813 0.007969 0.997437
vn 0.054875 -0.023937 0.998187
vn 0.110188 0.000000 0.993906
vn 0.781844 0.000000 0.623469
vn 0.853031 0.000000 0.521844
vn 0.291875 0.031094 0.955938
vn 0.125969 0.015969 0.991875
vn 0.000000 0.197844 -0.980219
vn -0.015937 0.078719 -0.996750
vn -0.007969 0.062844 -0.997969
vn -0.589188 -0.219313 0.777625
vn -0.702000 0.055062 0.710000
vn -0.837031 -0.055125 0.544312
vn -0.716375 -0.527531 0.456594
vn 0.615094 0.189313 0.765344
vn 0.623156 0.031031 0.781438
vn 0.955875 -0.268813 0.118344
vn 0.913156 -0.307031 -0.268031
vn 0.993875 -0.008000 -0.110188
vn 0.822125 -0.260969 -0.505906
vn 0.947625 -0.315875 -0.047125
vn 0.858281 -0.181031 -0.480156
vn -0.141781 -0.676094 0.723031
vn -0.503750 -0.471750 0.723625
vn 0.434906 -0.347531 0.830688
vn 0.134312 -0.094219 -0.986437
vn -0.669094 -0.268031 0.693125
vn -0.926219 0.007969 0.376844
vn 0.015969 -0.007969 -0.999812
vn 0.038938 -0.023969 -0.998937
vn 0.046937 0.000000 0.998875
vn 0.094187 0.055094 0.994000
vn 0.464812 -0.605750 0.645719
vn -0.872437 0.038906 0.487125
vn -0.236156 0.063031 0.969656
vn 0.016000 0.828375 0.559906
vn 0.778875 0.164750 0.605125
vn 0.989781 0.141656 0.015937
vn 0.907313 0.165219 0.386562
vn -0.023969 -0.999687 0.000000
vn 0.259187 -0.674906 0.690844
vn 0.015937 -0.996094 -0.086656
vn -0.181031 -0.480156 0.858281
vn -0.007969 -0.999812 0.015969
vn 0.063000 0.984250 0.165031
vn 0.276031 0.961125 0.000000
vn -0.345656 -0.881125 0.322656
vn -0.385500 -0.904813 0.180750
vn 0.141625 0.030906 0.989406
vn 0.133844 -0.015969 0.990844
vn 0.157469 -0.031094 0.987031
vn -0.102219 -0.994250 0.031063
vn -0.338562 -0.739094 0.582281
vn 0.996844 0.078750 0.007969
vn -0.716500 0.243813 0.653531
vn -0.785781 0.282562 0.550156
vn -0.837500 0.134375 0.529594
vn 0.016000 0.937937 0.346344
vn 0.007938 0.447188 0.894375
vn 0.687406 -0.371281 -0.624156
vn 0.779813 -0.479875 0.401906
vn 0.858500 -0.378219 0.346188
vn 0.945406 0.276094 0.173063
vn -0.062875 0.998000 0.000000
vn -0.235969 0.558937 0.794906
vn 0.730406 0.478938 0.486937
vn 0.661750 0.622688 0.417469
vn 0.024031 0.781594 0.623281
vn 0.989781 0.141656 -0.015937
vn 0.782625 0.165531 -0.600031
vn 0.911313 0.164687 -0.377281
vn -0.849406 -0.527625 0.007969
vn -0.699188 -0.415906 0.581469
vn -0.983000 -0.180812 -0.030969
vn 0.770125 0.243406 0.589562
vn -0.007969 -0.997969 0.062844
vn -0.173125 0.016000 0.984750
vn -0.596812 0.038906 0.801406
vn 0.940219 -0.016031 -0.340156
vn 0.403437 -0.102344 0.909250
vn 0.992938 0.118094 0.008000
vn 0.732281 0.677250 0.071000
vn 0.996906 0.062781 0.046844
vn 0.884469 -0.016031 -0.466281
vn 0.884156 -0.031063 0.466125
vn 0.164500 0.101687 0.981094
vn 0.597250 0.000000 0.802031
vn -0.876250 0.024031 0.481219
vn -0.872844 0.023969 0.487344
vn -0.834625 0.007969 0.550750
vn 0.054875 0.030938 0.998000
vn 0.054906 0.998469 0.000000
vn 0.078750 0.996875 0.000000
vn 0.529437 0.071188 0.845312
vn 0.976344 -0.118031 -0.181063
vn 0.995406 0.016031 0.094312
vn 0.252125 0.165063 0.953500
vn 0.884156 -0.031063 -0.466125
vn 0.615094 -0.008000 -0.788406
vn -0.814656 0.000000 0.579906
vn -0.583656 0.008000 0.811938
vn -0.987813 0.150562 0.039125
vn -0.338906 0.227938 0.912781
vn -0.632438 -0.244937 0.734844
vn 0.874313 0.362125 -0.323094
vn 0.964688 -0.133406 -0.226969
vn 0.926938 0.227469 0.298312
vn 0.781219 -0.622969 -0.039031
vn 0.046937 0.007969 0.998844
vn 0.109906 -0.070937 0.991375
vn 0.071219 0.063219 0.995438
vn 0.133625 0.306188 -0.942531
vn 0.023969 0.889313 -0.456625
vn 0.540156 0.070625 0.838562
vn 0.181500 0.094250 0.978844
vn 0.070875 0.117812 0.990500
vn 0.975469 0.007969 0.219875
vn 0.016000 0.993750 -0.110188
vn 0.023906 0.988469 -0.149438
vn 0.007969 0.574562 -0.818406
vn 0.995313 -0.055156 0.079250
vn 0.997250 -0.062812 0.038875
vn 0.015969 -0.408750 0.912469
vn -0.007969 -0.999812 -0.015969
vn -0.985531 -0.157219 -0.063094
vn -0.197531 -0.978719 0.055125
vn -0.996031 -0.062750 -0.062750
vn 0.015937 0.141656 -0.989781
vn 0.047094 0.291687 -0.955344
vn 0.023969 0.990687 -0.133813
vn -0.691437 0.007969 -0.722375
vn 0.000000 -0.996875 0.078750
vn 0.997969 0.007969 -0.062844
vn -0.905312 0.000000 0.424688
vn -0.007969 -0.990937 0.133844
vn -0.150000 -0.984187 0.094000
vn 0.693906 0.717938 -0.055062
vn 0.079187 -0.142375 0.986625
vn -0.282594 -0.730969 0.621125
vn 0.228219 -0.827781 0.512469
vn -0.970500 -0.047063 0.236344
vn -0.503719 0.432781 0.747594
vn -0.362156 0.071000 0.929375
vn 0.173469 0.845281 0.505344
vn 0.268219 0.252187 0.929750
vn -0.533406 0.149531 0.832500
vn -0.007969 0.070813 -0.997437
vn 0.000000 -0.087344 -0.996156
vn -0.458594 0.885094 0.079250
vn -0.955938 0.236719 0.173531
vn 0.260500 -0.954906 0.142281
vn -0.915125 0.346812 0.205469
vn 0.884406 0.260688 0.387031
vn 0.872531 0.227594 0.432250
vn 0.110156 -0.024031 0.993594
vn 0.024062 -0.931469 0.362969
vn 0.023937 -0.935188 0.353312
vn 0.172500 -0.981156 -0.086750
vn 0.038938 0.038938 -0.998469
vn 0.007969 -0.999469 0.030969
vn -0.008000 -0.995500 0.094312
vn -0.030938 0.038938 -0.998750
vn -0.283406 0.851219 -0.441625
vn -0.212688 0.927750 -0.306563
vn 0.157500 -0.024062 -0.987219
vn 0.244156 -0.008000 -0.969688
vn 0.986063 -0.071125 -0.150312
vn 0.999219 -0.023969 -0.030969
vn 0.236594 -0.016031 -0.971469
vn -0.172594 -0.078813 0.981812
vn -0.954562 -0.181281 -0.236375
vn -0.985844 -0.110188 -0.126219
vn -0.862969 -0.054781 -0.502219
vn -0.110188 -0.016000 0.993750
vn -0.983187 -0.180844 0.023969
vn 0.558156 0.180719 -0.809781
vn -0.424969 0.794937 -0.432969
vn 0.054812 -0.054812 0.996969
vn -0.706031 0.054750 0.706031
vn 0.188406 0.046844 0.980969
vn -0.125750 0.062875 0.990062
vn -0.125969 -0.015969 0.991875
vn -0.813688 0.071219 0.576906
vn 0.926219 0.376844 0.007969
vn -0.408812 0.007969 0.912562
vn -0.996594 0.023906 -0.078719
vn -0.967313 0.149719 -0.204625
vn 0.456750 0.889531 0.007969
vn -0.353312 0.762500 -0.541937
vn -0.433062 0.409063 -0.803156
vn 0.315594 -0.063094 -0.946781
vn -0.126000 0.000000 -0.992000
vn -0.346375 -0.008000 -0.938031
vn 0.125813 0.054906 0.990531
vn -0.990844 0.015969 -0.133844
vn -0.988281 0.030875 -0.149438
vn 0.054938 0.983375 0.172875
vn -0.149719 0.967313 0.204625
vn -0.987375 -0.016031 -0.157531
vn -0.008000 -0.978594 0.205531
vn 0.000000 -0.984875 0.173156
vn 0.070844 0.243563 -0.967281
vn 0.369719 0.928312 -0.038969
vn 0.975031 0.219781 0.030969
vn 0.181500 -0.094250 0.978844
vn -0.188594 0.125719 0.973969
vn -0.038969 0.000000 0.999219
vn 0.956688 0.284094 0.063219
vn -0.892687 0.016031 -0.450344
vn -0.757844 -0.079187 -0.647563
vn -0.535750 -0.016000 0.844187
vn -0.323250 0.031000 0.945781
vn -0.054875 -0.030938 0.998000
vn -0.424156 -0.212563 0.880250
vn 0.236500 -0.031063 -0.971125
vn 0.993000 -0.071062 -0.094094
vn -0.393313 0.000000 0.919375
vn -0.926219 0.007969 -0.376844
vn -0.117594 -0.980656 0.156438
vn -0.581125 -0.808375 0.093687
vn 0.227437 -0.015937 0.973656
vn 0.306594 -0.007969 0.951781
vn 0.133844 -0.007969 0.990937
vn -0.895344 0.070781 -0.439687
vn 0.985000 -0.157156 -0.071062
vn 0.828438 -0.559969 -0.008000
vn 0.054969 0.117937 -0.991469
vn -0.071125 0.197344 -0.977719
vn -0.363063 -0.008000 0.931719
vn -0.756875 0.094094 -0.646719
vn -0.818531 0.093938 -0.566688
vn 0.038906 0.251469 -0.967062
vn 0.086875 -0.974937 0.204750
vn 0.007969 -0.149500 0.988719
vn -0.024031 -0.268531 0.962937
vn 0.015969 -0.015969 0.999719
vn -0.078719 0.996594 0.023906
vn 0.299125 -0.039000 -0.953406
vn 0.502969 -0.117750 -0.856219
vn 0.998844 0.007969 -0.046937
vn 0.156781 -0.967812 0.196750
vn 0.188281 -0.957344 0.219156
vn -0.354281 -0.858688 0.370281
vn -0.533406 0.824562 -0.188438
vn -0.378563 0.883313 0.276406
vn -0.742531 -0.340156 -0.576969
vn -0.379187 -0.908875 -0.173531
vn -0.323687 -0.891937 -0.315656
vn 0.000000 0.133844 -0.990969
vn 0.134312 0.094219 -0.986437
vn -0.929563 -0.244125 -0.276156
vn -0.379625 -0.924969 -0.016062
vn 0.299344 -0.954094 0.008000
vn -0.803813 -0.465469 -0.370375
vn -0.834094 -0.416531 0.361594
vn 0.054812 0.054812 0.996969
vn 0.149469 -0.015937 0.988625
vn -0.893156 -0.426500 -0.142500
vn -0.910312 -0.070781 -0.407781
vn -0.644469 0.589594 -0.486844
vn -0.684375 0.519531 -0.511531
vn 0.996125 0.087344 0.008031
vn 0.952156 0.093906 0.290719
vn 0.995531 0.094312 0.000000
vn -0.541469 0.007969 0.840656
vn -0.638531 0.417344 0.646563
vn -0.553125 -0.134500 0.822156
vn -0.055156 0.987063 -0.150438
vn -0.504875 0.079125 0.859531
vn -0.702719 -0.031063 0.710750
vn -0.658219 -0.281812 -0.698062
vn 0.954094 0.299344 0.008000
vn 0.481344 0.876469 -0.008000
vn 0.213156 0.024000 -0.976719
vn 0.071094 0.315406 0.946281
vn -0.386031 -0.173000 -0.906094
vn 0.030938 0.990500 0.133781
vn -0.094219 0.994406 -0.047094
vn -0.458594 0.885094 -0.079250
vn -0.134250 0.930875 -0.339687
vn -0.781625 0.615281 0.102187
vn -0.415250 -0.030844 -0.909156
vn -0.282406 0.023937 -0.958969
vn -0.402938 0.008000 -0.915156
vn -0.071219 0.979250 -0.189625
vn -0.046906 0.998594 -0.023937
vn -0.533406 0.824562 0.188438
vn -0.828375 -0.559906 -0.016000
vn -0.008000 -0.822156 0.569188
vn -0.149594 -0.345094 0.926562
vn 0.983500 0.180906 0.000000
vn -0.466344 0.000000 0.884562
vn -0.078719 -0.023906 0.996594
vn -0.267437 0.093781 0.958969
vn -0.785156 0.338187 0.518781
vn -0.605812 0.117969 0.786781
vn -0.674250 0.188219 0.714094
vn -0.038906 0.054875 -0.997719
vn -0.030875 0.078687 -0.996406
vn 0.007969 0.062844 -0.997969
vn 0.323406 -0.008000 -0.946219
vn 0.977250 0.157188 -0.142156
vn -0.559969 0.008000 -0.828438
vn -0.997719 0.023937 -0.062844
vn -0.995031 -0.094281 -0.031094
vn -0.023969 0.015969 -0.999563
vn -0.015969 0.015969 -0.999719
vn -0.998844 -0.046937 -0.007969
vn 0.337594 0.015906 -0.941125
vn -0.766500 0.181594 0.616000
vn -0.999469 -0.030969 0.007969
vn -0.990844 0.133844 0.015969
vn -0.999188 -0.038969 -0.007969
vn -0.999219 0.038969 0.000000
vn 0.000000 -0.915187 -0.402969
vn 0.150500 -0.979406 -0.134469
vn 0.000000 -0.984875 -0.173156
vn 0.000000 -0.997469 -0.070813
vn 0.418406 -0.813750 -0.403344
vn 0.078687 -0.996406 -0.030875
vn -0.046937 0.015969 -0.998750
vn -0.030969 0.000000 -0.999500
vn -0.093781 0.401188 0.911156
vn -0.993594 0.024031 -0.110156
vn -0.853531 0.197812 -0.482000
vn -0.509562 0.250781 -0.823062
vn 0.030969 0.023969 -0.999219
vn -0.998750 0.046937 -0.015969
vn -0.993875 -0.110188 -0.008000
vn -0.996406 -0.078687 0.030875
vn -0.981812 -0.172594 -0.078813
vn -0.188406 0.133563 -0.972938
vn -0.448687 0.251812 0.857437
vn -0.566406 -0.802188 -0.188781
vn -0.949344 -0.015937 0.313781
vn -0.470094 0.595563 -0.651344
vn -0.410156 0.079219 -0.908562
vn 0.008000 0.734125 0.678937
vn -0.926687 0.369063 -0.070813
vn -0.340000 0.860594 0.379125
vn -0.828375 0.559906 -0.016000
vn -0.627719 0.753250 -0.196281
vn -0.789312 0.521531 -0.323938
vn -0.432250 -0.675844 0.596969
vn -0.756281 0.654219 0.000000
vn -0.872344 0.393250 -0.290437
vn 0.299344 -0.954094 -0.008000
vn 0.993031 -0.087063 0.079062
vn -0.023969 -0.007969 -0.999656
vn 0.289656 -0.030844 -0.956625
vn -0.613875 0.062969 0.786844
vn 0.493562 0.117406 -0.861719
vn 0.997781 -0.046875 -0.046875
vn 0.981156 -0.172500 0.086750
vn -0.134188 0.567781 0.812125
vn -0.030969 -0.015969 -0.999375
vn 0.243156 -0.392625 0.886937
vn 0.582062 -0.644938 0.495187
vn 0.242875 -0.815281 0.525594
vn 0.682906 0.259187 0.682906
vn 0.313531 -0.846094 -0.431000
vn -0.340187 -0.940313 0.008000
vn 0.251656 -0.967750 -0.007969
vn 0.055062 -0.710000 0.702000
vn -0.997437 0.070813 -0.007969
vn 0.306656 0.172813 -0.935969
vn -0.614937 -0.402594 0.678031
vn 0.156969 0.779875 0.605906
vn 0.465625 -0.402562 0.788094
vn -0.618875 0.164156 -0.768125
vn -0.791406 0.360344 -0.493750
vn -0.678094 0.189281 -0.710156
vn 0.654219 0.000000 -0.756281
vn 0.969594 0.244125 -0.016000
vn -0.054906 -0.015969 0.998344
vn 0.998187 0.023937 -0.054875
vn -0.930719 -0.362656 -0.047063
vn -0.676406 -0.227781 -0.700375
vn -0.843406 -0.520250 -0.134062
vn -0.332188 -0.142500 0.932375
vn -0.055188 -0.071250 0.995906
vn -0.071125 -0.150312 0.986063
vn 0.956937 -0.015906 -0.289750
vn -0.125750 -0.062875 -0.990062
vn -0.268406 -0.039031 -0.962500
vn -0.141469 -0.054781 -0.988406
vn 0.779875 -0.156969 0.605906
vn -0.401250 0.770594 0.495094
vn -0.149469 -0.737406 -0.658687
vn -0.998469 0.054906 0.000000
vn 0.639562 0.599469 0.481187
vn -0.863625 0.502594 0.038875
vn -0.904188 0.408156 0.125719
vn -0.987938 -0.062719 0.141406
vn -0.888906 0.440437 0.125844
vn 0.620188 -0.447688 0.644125
vn 0.415688 -0.816437 0.400719
vn -0.828375 0.559906 0.016000
vn 0.015969 0.133844 0.990844
vn -0.627719 0.753250 0.196281
vn -0.118188 0.977719 -0.173281
vn -0.023969 -0.023969 0.999406
vn -0.868969 0.236813 0.434469
vn -0.893031 0.418406 0.165562
vn -0.425906 0.844844 0.323687
vn -0.691375 0.015937 -0.722281
vn -0.016000 0.118094 0.992844
vn -0.046937 0.015969 0.998750
vn -0.999219 -0.038969 0.000000
vn -0.984812 -0.134094 0.110063
vn 0.142562 -0.711812 0.687719
vn -0.038938 0.982750 0.180750
vn -0.984250 0.063000 0.165031
vn -0.307031 0.913156 0.268031
vn 0.008000 -0.205531 0.978594
vn -0.007969 -0.180875 0.983437
vn -0.997375 0.046875 0.054844
vn -0.559969 0.008000 0.828438
vn 0.441781 -0.228406 0.867531
vn 0.000000 0.054906 0.998469
vn -0.023969 0.015969 0.999563
vn -0.102250 -0.994625 -0.016031
vn 0.173281 -0.977719 -0.118188
vn -0.376594 -0.925531 0.038844
vn -0.489375 0.868438 0.079219
vn -0.031000 0.969250 0.244062
vn -0.024062 0.987219 0.157500
vn -0.487938 0.865906 0.109969
vn -0.560594 0.623781 -0.544563
vn -0.985344 -0.094125 0.142188
vn -0.997719 -0.038906 0.054875
vn 0.055062 -0.693906 0.717938
vn -0.094125 -0.063094 0.993531
vn 0.031000 -0.299188 0.953656
vn 0.000000 0.929000 0.370000
vn 0.370063 -0.882187 -0.291063
vn 0.796906 -0.552312 -0.244563
vn -0.785156 0.518781 0.338187
vn -0.470094 0.595563 0.651344
vn -0.509562 0.250781 0.823062
vn 0.322469 -0.833656 0.448281
vn 0.078687 -0.996406 0.030875
vn -0.873000 0.385531 0.298656
vn -0.566406 -0.802188 0.188781
vn -0.926687 0.369063 0.070813
vn 0.000000 -0.997469 0.070813
vn -0.410156 0.079219 0.908562
vn -0.030875 0.078687 0.996406
vn -0.038906 0.054875 0.997719
vn 0.007969 0.062844 0.997969
vn 0.967344 0.251563 0.030938
vn 0.981281 -0.038875 -0.188469
vn 0.921406 -0.118031 -0.370156
vn -0.180875 -0.015969 -0.983344
vn -0.993594 0.024031 0.110156
vn -0.998844 0.046937 0.007969
vn 0.796906 -0.552312 0.244563
vn 0.345688 -0.912219 0.219812
vn -0.047094 0.094219 0.994406
vn -0.425906 0.844844 -0.323687
vn -0.893031 0.418406 -0.165562
vn -0.889750 0.440875 -0.117969
vn -0.038938 0.982750 -0.180750
vn -0.868969 0.236813 -0.434469
vn -0.039125 0.995406 0.087281
vn -0.974531 -0.070875 0.212656
vn -0.030906 0.062844 0.997531
vn 0.982750 -0.038938 0.180750
vn 0.964750 0.258844 -0.046781
vn 0.921406 -0.118031 0.370156
vn 0.535156 0.126031 -0.835281
vn -0.940188 -0.236781 0.244813
vn 0.518219 0.117594 0.847094
vn 0.953062 0.047000 0.299000
vn 0.564687 0.125469 0.815687
vn -0.960813 -0.070969 0.267938
vn 0.988094 0.031125 0.150625
vn 0.992406 0.094031 0.079031
vn -0.974531 -0.070875 -0.212656
vn -0.046969 0.975906 -0.212969
vn -0.101656 0.988750 0.109625
vn -0.008000 0.984844 -0.173125
vn 0.997969 0.062844 0.007969
vn -0.133844 0.212750 0.967875
vn -0.442219 0.789156 0.426156
vn -0.063000 0.866000 0.496000
vn 0.998750 -0.046937 0.015969
vn -0.938375 -0.244344 -0.244344
vn -0.046937 0.990906 -0.125844
vn -0.322188 0.942656 0.086781
vn 0.999188 0.038969 -0.007969
vn 0.999469 -0.007969 0.030969
vn -0.118094 0.008000 0.992938
vn -0.039125 0.995406 -0.087281
vn -0.713938 0.054750 0.698031
vn 0.000000 -0.015969 -0.999844
vn 0.015969 -0.030969 -0.999375
vn -0.188531 0.030906 -0.981562
vn -0.442000 -0.094187 -0.892031
vn -0.259062 0.023906 -0.965531
vn 0.425875 -0.094187 -0.899844
vn 0.165344 0.008000 -0.986188
vn 0.545000 -0.024062 -0.838063
vn 0.810344 -0.062937 -0.582531
vn 0.707062 -0.007969 -0.707062
vn 0.994719 0.008000 -0.102250
vn 0.986094 -0.016031 0.165344
vn 0.993875 -0.008000 0.110188
vn 0.992938 -0.008000 0.118094
vn -0.837656 -0.039125 -0.544719
vn -0.581625 -0.212500 -0.785156
vn -0.702719 -0.544312 -0.458094
vn 0.447156 -0.015906 -0.894313
vn 0.008000 -0.993875 -0.110188
vn -0.378906 -0.923250 -0.063125
vn -0.385531 -0.070906 -0.919937
vn -0.676281 0.251719 -0.692250
vn -0.861219 0.363344 -0.355312
vn -0.580906 0.518125 -0.627719
vn -0.711812 0.142562 -0.687719
vn -0.702875 0.024062 -0.710875
vn 0.078750 0.007969 -0.996844
vn -0.007969 -0.023969 -0.999656
vn -0.990531 -0.054906 0.125813
vn -0.521062 -0.851719 -0.055094
vn 0.030969 -0.015969 -0.999375
vn 0.118094 0.016000 -0.992844
vn -0.629844 0.086969 -0.771812
vn -0.102281 0.000000 -0.994750
vn 0.275344 0.070813 -0.958719
vn -0.597094 0.023937 -0.801781
vn -0.030938 -0.038938 -0.998750
vn -0.449281 0.071031 -0.890531
vn 0.874344 -0.283094 -0.394156
vn -0.323281 -0.126094 -0.937844
vn -0.818031 -0.534344 -0.212719
vn -0.275937 -0.849875 -0.448938
vn -0.849344 0.015969 -0.527594
vn 0.997969 0.062844 -0.007969
vn -0.030906 0.070781 -0.997000
vn -0.054906 0.000000 -0.998469
vn 0.110188 0.016000 -0.993750
vn 0.078719 0.015937 -0.996750
vn 0.046906 0.030938 -0.998406
vn -0.702000 0.055062 -0.710000
vn -0.596812 0.038906 -0.801406
vn -0.102250 0.024031 -0.994438
vn 0.054906 -0.015969 -0.998344
vn 0.046937 -0.015969 -0.998750
vn 0.741781 0.000000 -0.670594
vn 0.512406 -0.858688 -0.008000
vn 0.998438 -0.007969 -0.054906
vn 0.996594 0.078719 0.023906
vn 0.997875 -0.015937 0.062844
vn 0.999094 -0.015969 0.038938
vn -0.722281 0.015937 -0.691375
vn -0.172594 -0.078813 -0.981812
vn 0.291875 0.031094 -0.955938
vn 0.259875 -0.881656 -0.393844
vn 0.134438 -0.964156 -0.228719
vn 0.415906 -0.101719 -0.903656
vn 0.046937 0.998844 -0.007969
vn 0.804469 -0.047063 -0.592094
vn 0.980500 -0.007969 0.196281
vn 0.894406 0.000000 0.447188
vn -0.086656 -0.007969 -0.996188
vn 0.983375 -0.172875 0.054938
vn 0.989531 -0.070813 -0.125656
vn 0.993031 -0.079062 0.087063
vn 0.909906 -0.133531 0.392656
vn 0.094187 0.055094 -0.994000
vn -0.015969 0.251656 -0.967656
vn 0.438531 -0.885031 -0.156125
vn -0.872437 0.038906 -0.487125
vn 0.788969 -0.299750 0.536344
vn 0.000000 0.299344 -0.954125
vn 0.988312 -0.071313 0.134563
vn 0.971906 -0.055156 0.228687
vn 0.997969 -0.062844 0.007969
vn -0.213031 0.039000 -0.976250
vn -0.071156 0.079156 -0.994313
vn -0.054969 -0.117937 -0.991469
vn 0.981156 -0.086750 -0.172500
vn 0.958594 -0.133656 -0.251344
vn -0.485406 -0.149188 -0.861437
vn -0.243312 0.510562 -0.824687
vn -0.054906 0.927625 -0.369437
vn 0.117812 0.393438 -0.911750
vn 0.039094 0.994750 0.094250
vn 0.046813 0.996375 0.070719
vn 0.023969 0.999563 -0.015969
vn 0.276219 0.953781 -0.118094
vn 0.267500 0.785531 -0.557969
vn 0.982375 -0.101812 0.156719
vn 0.940469 -0.292062 0.173625
vn 0.932625 -0.316219 0.173656
vn -0.213375 -0.970719 0.110188
vn -0.038906 -0.943062 0.330312
vn -0.290656 -0.943875 0.156813
vn -0.975062 0.156844 -0.156844
vn -0.999937 0.000000 0.007969
vn 0.038844 -0.996719 0.070750
vn 0.039031 -0.993125 0.110125
vn -0.030906 -0.997531 0.062844
vn 0.038969 0.000000 -0.999219
vn -0.062844 -0.030906 -0.997531
vn 0.511844 -0.046969 -0.857750
vn 0.441625 0.197250 -0.875219
vn 0.678875 -0.016031 -0.734031
vn -0.299250 -0.024000 -0.953844
vn 0.991125 -0.093906 -0.093906
vn 0.976000 -0.142000 -0.165000
vn 0.094187 0.473062 -0.875969
vn -0.008000 -0.954094 -0.299344
vn 0.236500 -0.971125 -0.031063
vn 0.023969 0.000000 -0.999687
vn -0.126250 0.165344 -0.978094
vn -0.038969 0.007969 -0.999188
vn -0.471375 0.125813 -0.872875
vn 0.992219 -0.102000 -0.071000
vn 0.282937 -0.109969 -0.952781
vn 0.062812 -0.423844 -0.903531
vn -0.999844 0.015969 0.000000
vn -0.023969 -0.983187 -0.180844
vn -0.046969 -0.983781 -0.172937
vn -0.055094 -0.986000 -0.157312
vn -0.039125 -0.987813 -0.150562
vn -0.062781 -0.949938 -0.306000
vn -0.063094 -0.954500 -0.291438
vn 0.362344 0.929875 -0.063031
vn 0.936125 0.156844 -0.314687
vn 0.896750 0.093844 -0.432406
vn 0.133687 0.046875 -0.989906
vn 0.961000 -0.276000 -0.016000
vn 0.924375 0.039125 0.379375
vn 0.938688 0.094156 0.331594
vn -0.962344 0.236312 0.134188
vn -0.150688 0.000000 -0.988563
vn -0.236500 0.031063 -0.971125
vn -0.024031 0.110156 -0.993594
vn -0.133844 0.007969 -0.990937
vn -0.758313 0.615875 -0.213625
vn -0.205500 0.978500 -0.016031
vn 0.016031 -0.102250 -0.994625
vn 0.667031 -0.729844 -0.149531
vn 0.260062 0.898281 -0.354094
vn -0.339188 0.189094 -0.921500
vn -0.987469 -0.047156 -0.150500
vn -0.046937 0.007969 -0.998844
vn 0.937125 0.315031 -0.150000
vn -0.996594 -0.078719 0.023906
vn -0.024062 -0.987219 -0.157500
vn 0.576594 0.466281 -0.670875
vn -0.047063 -0.102156 -0.993625
vn -0.054906 -0.125813 -0.990531
vn 0.997875 -0.062844 -0.015937
vn 0.962250 -0.079094 -0.260312
vn -0.101719 0.966531 0.235375
vn 0.015969 0.038938 -0.999094
vn 0.038938 0.023969 -0.998937
vn 0.252125 0.165063 -0.953500
vn 0.995406 0.016031 -0.094312
vn -0.992938 0.008000 0.118094
vn -0.999469 0.030969 -0.007969
vn 0.038938 0.998750 -0.030938
vn 0.078687 0.996406 -0.030875
vn -0.252094 0.110031 -0.961406
vn -0.126375 -0.340031 -0.931875
vn 0.235844 -0.936406 0.259813
vn -0.030969 -0.125938 -0.991531
vn 0.980125 -0.181750 -0.079313
vn 0.961406 -0.220094 0.165063
vn 0.990781 0.078875 -0.109844
vn 0.710750 -0.702719 -0.031063
vn 0.961000 -0.276000 0.016000
vn 0.762750 -0.046906 -0.644938
vn -0.306375 0.275438 -0.911156
vn 0.725594 -0.686500 0.047094
vn -0.165094 -0.055031 -0.984719
vn 0.149469 -0.015937 -0.988625
vn 0.588781 0.196250 -0.784063
vn 0.495719 0.070937 -0.865531
vn 0.659250 -0.093750 -0.746031
vn 0.054875 0.998000 0.030938
vn -0.967500 -0.023937 0.251594
vn 0.062844 0.997531 0.030906
vn -0.015937 -0.997875 -0.062844
vn 0.661844 -0.732938 0.157188
vn 0.252406 -0.883469 0.394656
vn 0.946344 0.236312 0.220313
vn -0.118094 -0.016000 -0.992844
vn 0.046937 0.998844 0.007969
vn -0.605531 0.046937 -0.794406
vn -0.724125 0.079000 -0.685094
vn -0.094312 0.016031 -0.995406
vn -0.070781 0.023906 -0.997187
vn 0.054875 0.030938 -0.998000
vn 0.346125 0.039000 -0.937344
vn 0.982594 -0.109812 0.149781
vn 0.999563 -0.023969 0.015969
vn 0.961000 -0.094000 0.260000
vn 0.110406 0.110406 -0.987719
vn 0.079031 -0.094031 -0.992406
vn 0.623156 0.031031 -0.781438
vn 0.125969 0.015969 -0.991875
vn 0.306594 0.007969 -0.951781
vn -0.150312 0.071125 -0.986063
vn -0.141531 0.133563 -0.980875
vn 0.999219 0.000000 -0.038969
vn -0.102250 -0.008000 -0.994719
vn -0.810719 0.054969 -0.582812
vn -0.243406 -0.078813 -0.966688
vn -0.729844 0.149531 0.667031
vn -0.678937 0.008000 0.734125
vn -0.505719 0.055188 0.860906
vn 0.826813 0.338906 -0.448875
vn -0.873062 0.007969 -0.487469
vn -0.961094 0.008000 -0.276031
vn -0.276031 -0.008000 -0.961094
vn -0.125594 0.078750 -0.988937
vn 0.227219 0.125563 -0.965688
vn 0.826469 0.149875 -0.542625
vn 0.282344 -0.030906 -0.958781
vn -0.054781 -0.062750 -0.996500
vn 0.903063 -0.070750 -0.423625
vn -0.983375 -0.172875 -0.054938
vn -0.321875 0.933750 -0.156438
vn 0.015969 0.007969 -0.999812
vn -0.886312 0.000000 -0.463062
vn -0.937031 0.047000 -0.346000
vn -0.717594 0.425344 -0.551437
vn -0.990125 0.086813 -0.109781
vn 0.000000 0.173156 -0.984875
vn 0.038969 -0.007969 -0.999188
vn -0.991000 0.062937 0.117875
vn -0.937625 0.031000 -0.346219
vn -0.741750 0.008000 -0.670594
vn 0.660500 -0.070937 -0.747437
vn 0.062844 -0.007969 -0.997969
vn -0.999219 0.023969 0.030969
vn -0.031031 0.661844 -0.748969
vn -0.079187 0.986625 -0.142375
vn -0.062812 0.981531 -0.180531
vn -0.142594 -0.055219 -0.988219
vn -0.102156 -0.047063 -0.993625
vn -0.993969 0.039063 0.102187
vn -0.983344 0.015969 0.180875
vn -0.997969 0.007969 0.062844
vn 0.299250 0.024000 -0.953844
vn -0.125938 0.030969 -0.991531
vn -0.470875 0.062844 -0.879938
vn -0.998000 0.030938 -0.054875
vn 0.878094 -0.023875 -0.477875
vn -0.997469 0.000000 0.070813
vn -0.999937 0.007969 0.000000
vn -0.952219 0.062937 -0.298750
vn 0.046937 0.015969 -0.998750
vn -0.030969 -0.007969 -0.999469
vn -0.450188 0.031063 -0.892375
vn -0.583656 0.008000 -0.811938
vn -0.715000 -0.007969 -0.699031
vn -0.854937 0.023906 -0.518125
vn -0.998187 0.023937 -0.054875
vn 0.615094 0.189313 -0.765344
vn 0.884406 0.260688 -0.387031
vn -0.489031 0.402844 -0.773625
vn -0.362500 0.055062 -0.930344
vn 0.872531 0.227594 -0.432250
vn 0.540156 0.070625 -0.838562
vn 0.094281 -0.024062 -0.995250
vn 0.046937 0.007969 -0.998844
vn -0.007969 -0.990937 -0.133844
vn -0.150000 -0.984187 -0.094000
vn -0.172875 -0.983375 -0.054938
vn 0.015937 -0.070813 -0.997344
vn 0.070844 -0.243563 -0.967281
vn 0.109906 -0.070937 -0.991375
vn 0.079187 -0.142375 -0.986625
vn -0.007969 -0.996844 -0.078750
vn -0.007969 -0.996188 -0.086656
vn -0.150125 -0.087063 -0.984812
vn 0.228219 -0.827781 -0.512469
vn 0.753906 -0.078781 -0.652188
vn -0.861969 0.024094 -0.506344
vn -0.970500 -0.047063 -0.236344
vn -0.956625 0.234906 -0.172188
vn 0.260500 -0.954906 -0.142281
vn -0.638438 -0.236156 -0.732500
vn -0.973312 0.141594 0.180500
vn -0.808906 0.086750 0.581469
vn -0.835281 0.126031 0.535156
vn 0.188594 -0.007969 -0.982000
vn -0.283406 0.094125 -0.954344
vn 0.992500 -0.031000 0.118031
vn 0.971469 -0.016031 0.236594
vn 0.853000 0.008000 -0.521812
vn 0.884500 -0.087219 0.458281
vn 0.054906 0.007969 -0.998438
vn 0.935188 -0.023937 0.353312
vn 0.784500 0.007969 -0.620031
vn 0.973781 0.000000 -0.227469
vn 0.932656 -0.015906 -0.360312
vn -0.339938 0.039094 -0.939625
vn -0.180875 -0.007969 -0.983437
vn -0.172719 -0.070875 -0.982406
vn -0.559844 -0.024031 -0.828219
vn -0.330531 0.007969 -0.943750
vn 0.903281 -0.172469 0.392812
vn 0.054906 0.959687 -0.275625
vn 0.236563 0.963344 0.126281
vn -0.015937 0.996750 -0.078719
vn -0.205781 0.671594 -0.711750
vn -0.362875 0.126281 -0.923219
vn 0.472688 0.606875 -0.638937
vn 0.449031 0.677031 -0.583031
vn 0.400406 0.682312 -0.611594
vn 0.921969 -0.173156 0.346344
vn 0.259187 -0.674906 -0.690844
vn 0.023969 -0.999656 0.007969
vn 0.015937 -0.996094 0.086656
vn -0.260750 0.055156 -0.963812
vn -0.321687 0.494000 -0.807719
vn -0.933656 -0.313875 0.172375
vn -0.986000 -0.157312 0.055094
vn 0.142312 0.978312 0.150344
vn -0.532344 0.321406 0.783094
vn -0.370688 0.449844 0.812531
vn -0.141781 0.770813 0.621031
vn 0.093656 0.965437 0.243094
vn -0.976500 -0.197094 0.087031
vn -0.998594 -0.023937 0.046906
vn 0.007969 -0.054906 -0.998438
vn 0.887469 0.227344 -0.400844
vn -0.219156 0.965344 0.141438
vn -0.260312 0.962250 0.079094
vn -0.117937 0.960531 0.251875
vn 0.000000 0.954125 0.299344
vn 0.071219 0.063219 -0.995438
vn -0.070813 -0.007969 -0.997437
vn 0.046937 0.000000 -0.998875
vn 0.000000 0.141687 0.989906
vn 0.205437 0.031063 0.978156
vn 0.101750 0.101750 0.989563
vn 0.046813 0.227219 0.972687
vn -0.078938 0.204906 0.975563
vn -0.323625 -0.836656 0.441875
vn -0.086781 -0.942656 0.322188
vn -0.537594 -0.790844 0.292406
vn 0.039063 -0.362781 0.931031
vn -0.719531 0.268937 -0.640250
vn -0.197406 0.134281 -0.971062
vn 0.141687 -0.007969 -0.989875
vn 0.559500 0.488438 -0.669594
vn 0.276750 0.536469 -0.797219
vn -0.999687 0.023969 0.000000
vn 0.054812 -0.054812 -0.996969
vn 0.794688 -0.038969 -0.605750
vn 0.102094 0.307344 0.946094
vn 0.465344 0.472344 0.748531
vn -0.007969 0.062844 0.997969
vn 0.458125 0.592438 0.662625
vn 0.408625 0.668406 0.621437
vn 0.472031 0.591062 0.654063
vn 0.898781 -0.134094 -0.417344
vn 0.755906 0.030969 -0.653906
vn -0.070813 -0.015937 -0.997344
vn -0.914750 -0.402750 0.031031
vn -0.811000 -0.512000 -0.283000
vn -0.503750 -0.471750 -0.723625
vn 0.980531 0.000000 -0.196281
vn -0.023906 0.078719 0.996594
vn -0.197812 -0.482000 -0.853531
vn -0.015969 -0.998344 0.054906
vn 0.000000 -0.999687 0.023969
vn -0.007969 -0.999469 0.030969
vn -0.055156 0.987063 0.150438
vn -0.134250 0.930875 0.339687
vn -0.748250 0.654219 -0.110031
vn 0.118063 0.850594 0.512344
vn -0.101687 -0.981094 -0.164500
vn -0.038844 -0.996719 0.070750
vn -0.408750 0.015969 -0.912469
vn -0.511625 -0.204844 0.834406
vn 0.007969 -0.070813 0.997437
vn 0.157469 -0.031094 -0.987031
vn 0.236500 0.971125 -0.031063
vn 0.480156 0.858281 -0.181031
vn 0.541469 0.007969 -0.840656
vn -0.766500 0.181594 -0.616000
vn -0.458031 0.409906 0.788750
vn 0.559375 0.047031 -0.827563
vn 0.054969 0.117937 0.991469
vn 0.857344 0.424688 0.290781
vn -0.987469 0.008000 -0.157531
vn -0.967656 -0.015969 -0.251656
vn -0.995906 -0.055188 -0.071250
vn 0.015969 0.000000 0.999844
vn -0.921562 0.039000 -0.386219
vn -0.729781 0.030906 -0.682938
vn -0.928750 0.023969 -0.369875
vn -0.998844 -0.007969 0.046937
vn 0.054906 -0.015969 0.998344
vn -0.730313 0.101750 -0.675438
vn -0.015969 0.999094 -0.038938
vn 0.054938 0.983375 -0.172875
vn -0.149969 0.968844 -0.196969
vn 0.259125 0.965781 -0.007969
vn 0.054844 0.950375 0.306156
vn 0.015937 0.997875 0.062844
vn 0.975031 0.219781 -0.030969
vn 0.811844 0.016000 0.583594
vn -0.738688 0.353344 0.573969
vn -0.442281 0.087250 0.892594
vn 0.369719 0.928312 0.038969
vn -0.911094 -0.338281 -0.235500
vn -0.837500 0.134375 -0.529594
vn -0.235969 0.558937 -0.794906
vn 0.150188 0.970344 -0.189250
vn 0.141625 0.030906 -0.989406
vn 0.504375 0.598437 0.622437
vn 0.987375 -0.157531 0.016031
vn -0.999812 -0.007969 0.015969
vn -0.999812 -0.015969 -0.007969
vn 0.966406 -0.133625 0.219406
vn 0.432687 -0.613563 -0.660531
vn -0.963094 -0.016031 0.268562
vn 0.859812 0.394844 0.323687
vn 0.926938 0.227469 -0.298312
vn 0.755687 -0.653719 0.038969
vn 0.976344 -0.118031 0.181063
vn 0.369969 -0.747969 -0.550969
vn -0.785781 0.282562 -0.550156
vn -0.716500 0.243813 -0.653531
vn -0.983500 0.000000 0.180906
vn -0.834625 0.007969 -0.550750
vn -0.814656 0.000000 -0.579906
vn -0.872844 0.023969 -0.487344
vn 0.039125 -0.150562 -0.987813
vn 0.125813 0.054906 -0.990531
vn 0.489656 0.071219 -0.868969
vn 0.597250 0.000000 -0.802031
vn 0.447125 -0.329594 -0.831500
vn 0.881562 -0.015969 0.471750
vn -0.867625 0.016000 -0.496938
vn 0.213094 0.976531 0.031000
vn 0.817219 0.565750 -0.109750
vn -0.914656 0.087156 0.394688
vn 0.597188 -0.015969 -0.801906
vn -0.937344 0.039000 -0.346125
vn 0.015937 0.565375 -0.824656
vn -0.330500 0.015969 -0.943656
vn 0.063031 0.102063 -0.992750
vn 0.937937 -0.016000 0.346344
vn 0.008031 0.197844 -0.980187
vn 0.038875 0.393000 -0.918688
vn -0.030906 0.282344 -0.958781
vn -0.062937 0.212781 -0.975062
vn -0.008000 0.299344 -0.954094
vn 0.156719 0.101812 -0.982375
vn 0.993594 0.024031 -0.110156
vn 0.079094 -0.977156 -0.197219
vn -0.141781 -0.676094 -0.723031
vn 0.828062 0.031031 -0.559719
vn 0.994250 -0.031063 -0.102219
vn 0.071250 0.940469 -0.332219
vn -0.219875 0.000000 -0.975500
vn 0.992844 -0.016000 0.118094
vn 0.820094 0.071094 -0.567750
vn -0.181406 -0.796812 -0.576312
vn -0.495250 -0.314531 -0.809781
vn 0.980250 -0.196250 0.023906
vn 0.126062 -0.693406 -0.709406
vn 0.945781 0.031000 -0.323250
vn 0.960250 0.101906 0.259781
vn 0.772906 -0.614719 0.157156
vn 0.766875 -0.244906 0.593219
vn -0.173281 -0.480844 -0.859500
vn -0.338562 -0.739094 -0.582281
vn 0.465375 0.850719 -0.244188
vn 0.786469 -0.440688 -0.432687
vn 0.007969 0.023969 -0.999656
vn 0.659156 -0.636219 -0.400875
vn -0.093813 -0.904375 -0.416250
vn 0.401250 -0.188625 -0.896312
vn -0.063125 0.197437 -0.978250
vn 0.126094 0.724563 0.677531
vn -0.447969 0.440000 -0.778250
vn -0.827750 0.346312 -0.441406
vn 0.955344 -0.047094 -0.291687
vn 0.999719 -0.015969 0.015969
vn 0.998750 0.038938 -0.030938
vn 0.434906 -0.347531 -0.830688
vn 0.464812 -0.605750 -0.645719
vn 0.779875 -0.156969 -0.605906
vn -0.905281 -0.007969 -0.424656
vn -0.905281 0.007969 -0.424656
vn -0.922250 -0.134156 -0.362500
vn -0.994844 -0.063156 0.079219
vn -0.219781 0.030969 -0.975031
vn 0.913156 -0.307031 0.268031
vn 0.860250 -0.331875 0.387000
vn 0.983125 -0.078906 -0.164844
vn 0.924375 0.379375 0.039125
vn -0.887688 -0.369031 0.275281
vn 0.813094 -0.560438 0.157375
vn 0.825031 -0.526750 0.204500
vn 0.738500 -0.401188 0.541875
vn -0.511281 -0.172750 -0.841844
vn 0.047094 -0.986406 0.157375
vn 0.260750 0.252719 -0.931719
vn -0.961125 0.000000 0.276031
vn -0.987750 0.142531 -0.063219
vn 0.024031 0.781594 -0.623281
vn 0.016000 0.828375 -0.559906
vn 0.157281 -0.725281 -0.670187
vn 0.394125 -0.913344 0.102031
vn 0.455906 -0.133656 -0.879906
vn -0.063031 0.417250 -0.906563
vn 0.433688 -0.875406 0.213344
vn 0.047094 -0.521250 0.852063
vn 0.172813 0.935969 -0.306656
vn -0.252438 0.820469 -0.512906
vn -0.181344 -0.607219 0.773531
vn -0.165438 -0.323875 0.931500
vn -0.007969 -0.999906 -0.007969
vn 0.267250 -0.934438 0.235344
vn 0.550750 -0.007969 -0.834625
vn -0.150125 -0.984812 0.087063
vn 0.983125 -0.093906 0.156844
vn 0.307844 -0.923531 -0.228625
vn -0.690750 -0.109625 -0.714688
vn 0.639562 0.599469 -0.481187
vn -0.079031 0.094031 -0.992406
vn -0.857000 -0.109844 0.503406
vn 0.974375 0.133750 -0.180688
vn 0.956281 -0.016031 0.292000
vn -0.442281 -0.087250 0.892594
vn 0.086656 0.007969 0.996188
vn -0.967281 -0.070844 0.243563
vn 0.558250 -0.078875 -0.825875
vn 0.892031 -0.094187 -0.442000
vn -0.030875 0.149438 0.988281
vn -0.550687 -0.401781 0.731594
vn -0.030969 -0.983000 0.180812
vn -0.054844 -0.950375 0.306156
vn -0.999719 -0.015969 0.015969
vn -0.867719 0.000000 -0.497000
vn 0.007969 -0.996844 0.078750
vn -0.252906 -0.758781 -0.600187
vn -0.015969 0.125969 0.991875
vn -0.117937 -0.897563 0.424781
vn -0.070875 0.212656 0.974531
vn -0.038938 0.219719 -0.974781
vn 0.677188 0.685188 0.268063
vn 0.623000 -0.118188 -0.773219
vn -0.046906 -0.030938 0.998406
vn 0.015937 -0.997875 0.062844
vn 0.528844 -0.781250 -0.331531
vn 0.920438 0.385750 0.062937
vn 0.828594 0.472906 0.299563
vn 0.960375 0.204844 -0.188875
vn 0.549281 0.777562 -0.306031
vn 0.985750 -0.165281 -0.031031
vn -0.015969 -0.030969 0.999375
vn -0.093781 0.401188 -0.911156
vn -0.914750 -0.031031 -0.402750
vn -0.173000 -0.039000 -0.984125
vn -0.704750 -0.411187 -0.578094
vn -0.220406 -0.094156 -0.970844
vn -0.535344 -0.260156 -0.803531
vn -0.087281 -0.039125 0.995406
vn -0.867719 -0.008000 -0.496969
vn -0.734125 0.008000 0.678937
vn -0.935000 0.030906 0.353250
vn -0.928312 0.038969 -0.369719
vn -0.993875 0.110188 -0.008000
vn 0.196281 -0.980406 0.015937
vn 0.070781 -0.997000 -0.030906
vn 0.134125 -0.953937 -0.268250
vn 0.157500 -0.213687 -0.964094
vn -0.874531 -0.260156 -0.409250
vn -0.093844 -0.691875 -0.715844
vn -0.518906 -0.778375 -0.353250
vn -0.220531 -0.087219 -0.971438
vn -0.133719 -0.133719 -0.981938
vn -0.408750 -0.015969 0.912469
vn -0.125969 -0.015969 -0.991875
vn -0.078719 -0.996750 -0.015937
vn -0.055125 0.087219 -0.994656
vn -0.039031 -0.661656 -0.748750
vn -0.990500 0.030938 0.133781
vn -0.478781 -0.863813 0.156594
vn -0.885875 0.030844 0.462844
vn -0.330531 0.243656 -0.911781
vn -0.039000 -0.118000 -0.992219
vn -0.016000 -0.118094 -0.992844
vn 0.165344 0.000000 -0.986219
vn 0.981687 -0.149625 -0.117719
vn 0.691375 -0.015937 0.722281
vn 0.173094 -0.024000 -0.984594
vn -0.924688 -0.277094 -0.261031
vn -0.723781 0.495844 -0.479844
vn -0.024094 -0.995875 -0.087312
vn 0.102219 0.031063 -0.994250
vn -0.982000 0.054875 0.180625
vn 0.181500 -0.094250 -0.978844
vn -0.477969 0.007938 0.878313
vn 0.985000 -0.071062 0.157156
vn -0.729937 -0.023906 -0.683062
vn -0.922000 0.024000 -0.386406
vn -0.749094 0.024031 -0.661969
vn 0.503875 0.188938 -0.842812
vn 0.583687 0.000000 -0.811969
vn 0.907375 -0.047063 -0.417625
vn -0.834250 -0.030969 -0.550500
vn -0.054906 0.000000 0.998469
vn -0.645625 0.007969 0.763563
vn -0.386094 -0.047000 -0.921250
vn -0.628250 0.015937 -0.777812
vn -0.054906 -0.015969 -0.998344
vn 0.654156 0.016000 0.756156
vn -0.386656 -0.370625 0.844437
vn -0.965719 -0.109625 0.235188
vn 0.663125 0.536719 0.521656
vn 0.882813 0.063031 -0.465438
vn -0.346375 0.008000 0.938031
vn 0.980969 -0.046844 -0.188406
vn -0.956156 -0.101469 0.274594
vn -0.741750 -0.008000 0.670594
vn 0.973969 -0.125719 0.188594
vn -0.015969 0.030969 0.999375
vn -0.859531 -0.079125 0.504875
vn -0.993031 -0.087063 -0.079062
vn -0.951375 -0.030938 0.306469
vn -0.999906 -0.007969 -0.007969
vn -0.899375 0.055062 -0.433656
vn -0.699125 -0.612375 0.369000
vn -0.971469 0.236594 0.016031
vn -0.567156 0.764188 0.307063
vn -0.961094 0.276031 0.008000
vn -0.993875 0.008000 0.110188
vn -0.502750 -0.863844 0.030906
vn -0.392625 -0.886937 0.243156
vn -0.071219 -0.956187 0.283938
vn 0.000000 -0.070813 0.997469
vn 0.000000 0.023969 0.999687
vn 0.000000 0.015969 0.999844
vn -0.950875 -0.180594 -0.251437
vn -0.023937 -0.997719 0.062844
vn -0.244156 0.969719 0.000000
vn -0.393281 0.919344 -0.007969
vn -0.393281 0.919344 0.007969
vn -0.134125 0.165156 0.977094
vn -0.386469 -0.922156 0.016000
vn -0.518219 -0.855062 0.015937
vn -0.386469 -0.922156 -0.016000
vn -0.998344 0.054906 0.015969
vn -0.998344 0.054906 -0.015969
vn 0.850344 0.079031 -0.520219
vn -0.661656 -0.039031 0.748750
vn -0.786344 -0.156844 0.597500
vn -0.125750 0.062875 -0.990062
vn 0.880656 0.464281 0.093844
vn -0.706031 0.054750 -0.706031
vn 0.949938 0.062781 -0.306000
vn -0.994625 0.016031 -0.102250
vn 0.197531 0.055125 -0.978719
vn 0.172875 0.054938 -0.983375
vn 0.899031 0.220250 0.378437
vn 0.196250 0.023906 -0.980250
vn 0.369594 0.046937 0.928000
vn 0.054812 0.054812 -0.996969
vn -0.874344 0.394156 0.283094
vn 0.993594 -0.024031 0.110156
vn 0.995906 -0.055188 -0.071250
vn 0.997437 0.007969 0.070813
vn -0.632250 0.774750 0.000000
vn -0.998187 -0.054875 -0.023937
vn -0.568531 0.766062 -0.299812
vn -0.961094 0.276031 -0.008000
vn -0.965375 0.259000 -0.030875
vn -0.228531 0.370844 -0.900094
vn -0.315719 -0.055125 0.947219
vn -0.934031 -0.054812 0.352875
vn -0.917562 -0.062750 0.392531
vn -0.993875 0.008000 -0.110188
vn -0.379031 -0.892438 -0.244656
vn -0.521438 -0.852375 -0.039094
vn -0.071219 -0.956187 -0.283938
vn -0.828469 0.000000 0.560000
vn 0.015969 -0.999563 -0.023969
vn -0.008000 -0.995500 -0.094312
vn 0.346344 -0.016000 -0.937937
vn 0.062812 0.038875 -0.997250
vn 0.000000 0.038969 -0.999219
vn 0.000000 0.062875 -0.998000
vn 0.015969 0.046937 -0.998750
vn 0.000000 0.023969 -0.999687
vn 0.000000 -0.070813 -0.997469
vn 0.000000 0.015969 -0.999844
vn -0.023937 -0.997719 -0.062844
vn -0.007969 -0.999906 0.007969
vn 0.180750 0.038938 -0.982750
vn 0.802188 0.566406 0.188781
vn -0.971469 0.236594 -0.016031
vn -0.521781 -0.852906 -0.016031
vn 0.055094 -0.986000 -0.157312
vn 0.038844 -0.996719 -0.070750
vn -0.030938 -0.998750 -0.038938
vn -0.526844 0.054875 -0.848156
vn 0.989625 0.141656 0.023937
vn 0.943500 0.306500 -0.125781
vn 0.990062 0.125750 -0.062875
vn 0.970500 0.236344 0.047063
vn 0.070781 -0.981031 0.180438
vn 0.690938 0.721844 -0.038875
vn 0.998844 0.046937 0.007969
vn 0.839531 -0.164312 -0.517844
vn 0.684844 -0.306937 -0.660844
vn 0.481000 -0.039063 -0.875812
vn 0.815281 -0.274750 -0.509687
vn 0.150125 0.087063 -0.984812
vn 0.415969 -0.156594 -0.895781
vn 0.497875 0.189719 -0.846219
vn -0.046937 -0.007969 0.998844
vn -0.772219 0.252062 0.583156
vn 0.054875 -0.023937 -0.998187
vn 0.030938 0.054875 -0.998000
vn 0.030906 0.070781 -0.997000
vn 0.007969 -0.046937 -0.998844
vn 0.086656 -0.007969 0.996188
vn 0.038969 -0.007969 0.999188
vn 0.911750 -0.141781 -0.385469
vn -0.771906 0.164969 0.613906
vn -0.299313 -0.016000 -0.954000
vn -0.687063 0.024062 -0.726188
vn 0.102250 0.994719 0.008000
vn 0.165031 0.984250 -0.063000
vn 0.078719 0.023906 -0.996594
vn 0.220094 -0.165063 -0.961406
vn -0.958969 -0.093781 -0.267437
vn -0.030938 0.998000 0.054875
vn -0.007969 0.078750 -0.996844
vn -0.456375 -0.125813 0.880813
vn -0.093813 -0.974312 -0.204625
vn -0.071219 -0.987219 -0.142438
vn -0.023969 -0.991719 -0.125938
vn -0.015969 -0.007969 0.999812
vn -0.197844 0.980219 0.000000
vn -0.997719 -0.023937 0.062844
vn -0.055031 0.984719 -0.165094
vn 0.063125 0.978250 -0.197437
vn -0.055219 0.980250 -0.189812
vn 0.007969 -0.062844 -0.997969
vn -0.742188 -0.379094 -0.552625
vn -0.805375 0.000000 -0.592750
vn -0.213219 -0.921938 -0.323312
vn 0.306156 0.950375 -0.054844
vn 0.235719 0.967906 -0.086875
vn -0.141687 0.989875 0.007969
vn -0.007969 0.997437 0.070813
vn -0.030875 -0.996406 -0.078687
vn -0.070813 0.000000 0.997469
vn -0.990219 0.038906 -0.133750
vn 0.000000 -0.062875 -0.998000
vn 0.362500 0.922250 -0.134156
vn 0.866406 0.496219 -0.055000
vn -0.008000 0.173125 -0.984844
vn 0.975375 0.219844 0.015969
vn 0.755625 0.645688 -0.109937
vn 0.981812 0.172594 -0.078813
vn 0.789000 0.599500 -0.134312
vn -0.369969 -0.007969 0.928969
vn -0.196656 0.109781 -0.974281
vn 0.839375 0.227000 -0.493844
vn -0.408812 0.912594 0.000000
vn 0.770125 0.243406 -0.589562
vn 0.181500 0.094250 -0.978844
vn -0.998344 -0.015969 0.054906
vn -0.915125 0.346812 -0.205469
vn -0.961312 -0.063000 -0.268063
vn 0.070875 0.117812 -0.990500
vn -0.970844 0.094156 -0.220406
vn -0.962344 0.134188 -0.236312
vn -0.450281 0.892531 -0.024062
vn -0.387031 0.110281 0.915438
vn 0.220812 0.071250 -0.972687
vn 0.141563 -0.038875 -0.989156
vn -0.800812 0.054844 -0.596375
vn -0.688125 0.087375 -0.720281
vn 0.973656 0.015937 -0.227437
vn -0.638719 0.315344 0.701813
vn 0.621875 0.070969 -0.779844
vn -0.991125 0.093906 -0.093906
vn -0.985844 0.110188 -0.126219
vn -0.995406 0.087281 -0.039125
vn 0.000000 -0.062875 0.998000
vn -0.621500 0.078938 -0.779375
vn -0.030875 -0.996406 0.078687
vn -0.991625 0.078969 -0.101938
vn 0.078719 0.023906 0.996594
vn 0.063031 0.102063 0.992750
vn 0.842969 -0.164969 0.511969
vn 0.220094 -0.165063 0.961406
vn -0.661438 0.047031 -0.748500
vn -0.007969 0.078750 0.996844
vn -0.071219 -0.987219 0.142438
vn -0.093813 -0.974312 0.204625
vn -0.023969 -0.991719 0.125938
vn -0.867531 -0.228406 -0.441781
vn 0.911750 -0.141781 0.385469
vn -0.157531 0.008000 -0.987469
vn -0.030938 0.998000 -0.054875
vn 0.102281 0.994750 0.000000
vn -0.007969 0.997437 -0.070813
vn -0.008000 0.173125 0.984844
vn -0.788188 -0.024031 0.614937
vn -0.512406 -0.008000 -0.858688
vn -0.340000 0.860594 -0.379125
vn -0.466219 0.884313 0.024062
vn -0.804281 -0.220344 0.551875
vn -0.991125 0.093906 0.093906
vn -0.995406 0.087281 0.039125
vn -0.985844 0.110188 0.126219
vn 0.971469 0.016031 0.236594
vn 0.990344 0.093844 -0.101812
vn 0.755625 0.645688 0.109937
vn 0.975375 0.219844 -0.015969
vn 0.306156 0.950375 0.054844
vn -0.941906 -0.062781 -0.329906
vn 0.235719 0.967906 0.086875
vn 0.983125 0.164844 0.078906
vn 0.789000 0.599500 0.134312
vn 0.839375 0.227000 0.493844
vn -0.931344 -0.236594 -0.276688
vn 0.923969 0.332063 0.189594
vn 0.998469 0.054906 0.000000
vn -0.635750 0.062750 -0.769313
vn 0.866406 0.496219 0.055000
vn 0.362500 0.922250 0.134156
vn -0.393187 -0.023937 0.919125
vn 0.015969 0.038938 0.999094
vn 0.000000 0.038969 0.999219
vn 0.023969 0.007969 0.999656
vn -0.133844 0.990969 0.000000
vn -0.988719 0.149500 0.007969
vn -0.988531 0.150688 0.008031
vn -0.988719 0.149500 -0.007969
vn -0.370000 0.929000 0.000000
vn -0.363063 0.931750 0.000000
vn -0.994750 0.102281 0.000000
vn -0.994719 0.102250 0.008000
vn -0.912562 -0.204906 -0.353812
vn 0.921500 -0.339188 0.189094
vn 0.997250 -0.062812 -0.038875
vn 0.996844 0.078750 -0.007969
vn -0.015969 0.015969 0.999719
vn -0.015969 0.054906 0.998344
vn -0.023937 0.046906 0.998594
vn 0.925375 0.332563 -0.181844
vn -0.353875 -0.865719 0.353875
vn -0.410562 -0.814125 0.410562
vn -0.227625 -0.967500 0.109812
vn -0.015969 0.054906 -0.998344
vn -0.023937 0.046906 -0.998594
vn 0.000000 0.227469 -0.973781
vn -0.008000 0.094312 -0.995500
vn -0.864937 -0.424469 0.267656
vn 0.687406 -0.371281 0.624156
vn 0.661750 0.622688 -0.417469
vn 0.007969 0.015969 0.999812
vn 0.007969 -0.062844 0.997969
vn 0.730406 0.478938 -0.486937
vn 0.822125 -0.260969 0.505906
vn 0.150406 -0.963687 0.220594
vn -0.141687 0.989875 -0.007969
vn -0.008000 0.094312 0.995500
vn 0.000000 0.227469 0.973781
vn 0.023969 0.999656 -0.007969
vn 0.046906 0.998125 -0.038906
vn -0.276500 -0.315594 -0.907687
vn 0.780656 0.622500 0.055031
vn 0.268219 0.937844 0.220188
vn -0.007969 -0.015969 0.999812
vn 0.955875 -0.268813 -0.118344
vn 0.947625 -0.315875 0.047125
vn 0.858281 -0.181031 0.480156
vn -0.094094 -0.914063 0.394437
vn -0.150125 -0.087063 0.984812
vn 0.943563 0.282562 -0.172719
vn 0.858500 -0.378219 -0.346188
vn 0.779813 -0.479875 -0.401906
vn -0.079281 0.047156 -0.995719
vn 0.780656 0.622500 -0.055031
vn 0.497844 0.861188 -0.102375
vn -0.503875 -0.842812 0.188938
vn 0.275156 0.934125 -0.227281
vn 0.213219 0.921938 -0.323312
vn -0.038938 -0.982750 0.180750
vn 0.986000 0.157312 -0.055094
vn 0.990344 0.093844 0.101812
vn -0.990687 -0.133813 0.023969
vn 0.971469 0.016031 -0.236594
vn 0.978844 -0.181500 -0.094250
vn 0.997000 0.030906 -0.070781
vn -0.173063 0.031000 0.984406
vn -0.205437 0.173375 0.963156
vn -0.046937 0.000000 0.998875
vn -0.693563 -0.433344 -0.575469
vn 0.682906 0.259187 -0.682906
vn 0.582062 -0.644938 -0.495187
vn 0.999375 -0.030969 -0.015969
vn 0.023969 0.030969 -0.999219
vn 0.000000 0.070813 0.997469
vn 0.000000 0.205531 0.978625
vn 0.024062 -0.157500 0.987219
vn 0.023937 -0.062844 0.997719
vn -0.023969 -0.015969 0.999563
vn -0.015969 0.574500 -0.818313
vn 0.023906 -0.628156 0.777687
vn -0.094250 -0.181500 0.978844
vn -0.339312 -0.142125 -0.929844
vn -0.055188 -0.071250 -0.995906
vn -0.872688 0.487250 0.030938
vn -0.994844 0.063156 0.079219
vn -0.063125 -0.087187 0.994187
vn -0.101906 0.975125 0.196812
vn -0.943750 0.330563 0.000000
vn -0.071094 -0.087125 -0.993625
vn -0.988531 0.150688 -0.008031
vn -0.994719 0.102250 -0.008000
vn 0.227531 0.904250 0.361281
vn -0.931250 -0.228531 0.283688
vn -0.401250 0.770594 -0.495094
vn -0.007969 0.038969 -0.999188
vn 0.000000 0.078750 -0.996875
vn -0.007969 0.030969 -0.999469
vn 0.986406 0.157375 0.047094
vn 0.268187 -0.748531 0.606406
vn -0.691437 0.722375 0.007969
vn -0.991469 0.054969 0.117937
vn -0.946250 0.323406 0.000000
vn -0.694938 0.719000 -0.008000
vn -0.039063 0.970844 -0.236437
vn -0.038875 0.973031 -0.227281
vn 0.497844 0.861188 0.102375
vn 0.978844 -0.181500 0.094250
vn 0.997531 0.030906 0.062844
vn -0.465844 0.047063 0.883594
vn -0.094250 -0.181500 -0.978844
vn 0.620188 -0.447688 -0.644125
vn 0.055062 -0.710000 -0.702000
vn 0.999375 -0.030969 0.015969
vn -0.543094 0.087000 0.835125
vn 0.000000 0.078750 0.996875
vn -0.007969 0.038969 0.999188
vn -0.007969 0.030969 0.999469
vn -0.015969 -0.015969 0.999719
vn -0.007969 0.015969 0.999812
vn -0.030969 0.991531 -0.125938
vn 0.000000 0.062875 0.998000
vn -0.992969 0.000000 -0.118094
vn -0.015969 0.574500 0.818313
vn -0.561219 0.094344 0.822250
vn -0.957563 0.251094 -0.141469
vn -0.957031 0.227062 -0.180250
vn -0.998594 -0.046906 0.023937
vn -0.086750 -0.345094 0.934531
vn -0.867312 0.496750 -0.031031
vn -0.994844 0.063156 -0.079219
vn 0.640469 -0.039125 0.766969
vn -0.079281 0.047156 0.995719
vn -0.071125 -0.150312 -0.986063
vn -0.126250 0.978094 0.165344
vn -0.038875 0.973031 0.227281
vn -0.133844 0.125844 0.982969
vn -0.957031 0.227062 0.180250
vn -0.957563 0.251094 0.141469
vn -0.030969 0.991531 0.125938
vn -0.165187 0.047031 0.985125
vn -0.993688 -0.079125 0.079125
vn -0.900625 -0.434250 -0.016031
vn -0.884469 0.016031 0.466281
vn -0.854937 0.023906 0.518125
vn 0.857344 0.424688 -0.290781
vn 0.811844 0.016000 -0.583594
vn 0.971906 -0.055156 -0.228687
vn -0.666313 0.030875 0.745000
vn -0.904625 0.038938 0.424344
vn -0.908281 0.016031 0.418031
vn 0.997969 -0.062844 -0.007969
vn 0.054875 0.998000 -0.030938
vn 0.062844 0.997531 -0.030906
vn 0.038938 0.998750 0.030938
vn 0.340031 -0.031094 0.939875
vn 0.762750 -0.046906 0.644938
vn 0.810344 -0.062937 0.582531
vn 0.281781 0.070688 0.956844
vn 0.078687 0.996406 0.030875
vn 0.898781 -0.134094 0.417344
vn 0.990781 0.078875 0.109844
vn 0.980125 -0.181750 0.079313
vn -0.992219 -0.071000 -0.102000
vn -0.699938 -0.699938 0.141781
vn -0.844063 -0.512625 0.157188
vn 0.755906 0.030969 0.653906
vn 0.982031 0.000000 0.188625
vn -0.974312 -0.093813 0.204625
vn -0.910312 -0.070781 0.407781
vn -0.268562 0.016031 0.963094
vn -0.879250 -0.109656 0.463531
vn -0.902219 0.007938 0.431188
vn 0.961406 -0.220094 -0.165063
vn 0.948125 0.228750 -0.220719
vn 0.772906 -0.614719 -0.157156
vn 0.999563 -0.015969 0.023969
vn 0.987375 -0.016031 -0.157531
vn 0.992844 -0.016000 -0.118094
vn -0.125969 -0.007969 0.991969
vn -0.577094 0.544969 0.608219
vn -0.441625 0.157219 0.883281
vn -0.362875 0.126281 0.923219
vn -0.992969 0.000000 0.118094
vn -0.931250 -0.228531 -0.283688
vn -0.504875 0.079125 -0.859531
vn -0.702719 -0.031063 -0.710750
vn 0.150656 -0.016062 0.988437
vn 0.659250 -0.093750 0.746031
vn 0.936125 0.156844 0.314687
vn 0.998406 0.030938 0.046906
vn 0.818031 0.030938 0.574313
vn 0.550750 0.007969 0.834625
vn 0.662156 -0.008000 0.749313
vn 0.015969 0.999719 0.015969
vn 0.039094 0.994750 -0.094250
vn -0.094125 -0.954344 0.283406
vn 0.046813 0.996375 -0.070719
vn 0.559375 0.047031 0.827563
vn -0.644469 0.589594 0.486844
vn -0.684375 0.519531 0.511531
vn -0.188531 0.030906 0.981562
vn -0.629844 0.086969 0.771812
vn -0.479313 -0.149781 0.864750
vn 0.828875 -0.181406 0.529188
vn 0.987375 -0.157531 -0.016031
vn -0.031031 0.661844 0.748969
vn -0.574562 -0.007969 0.818406
vn -0.173125 -0.016000 0.984750
vn -0.079094 0.985469 0.150219
vn -0.062812 0.981531 0.180531
vn -0.441656 -0.102125 0.891344
vn 0.030969 -0.015969 0.999375
vn -0.996594 0.023906 0.078719
vn -0.999937 0.000000 -0.007969
vn -0.999219 0.023969 -0.030969
vn -0.205437 0.173375 -0.963156
vn -0.849187 0.023969 0.527500
vn -0.719000 0.008000 0.694938
vn -0.275937 0.023969 0.960844
vn 0.905062 -0.023969 0.424563
vn -0.243406 -0.078813 0.966688
vn -0.023969 -0.007969 0.999656
vn 0.054906 0.007969 0.998438
vn -0.071094 0.087125 0.993625
vn -0.638531 0.417344 -0.646563
vn -0.541469 0.007969 -0.840656
vn -0.553125 -0.134500 -0.822156
vn -0.730313 0.101750 0.675438
vn 0.030906 0.958781 0.282344
vn 0.039031 0.962500 0.268406
vn 0.016031 0.940219 0.340156
vn -0.030875 0.996406 0.078687
vn -0.047125 0.087250 -0.995062
vn 0.545000 -0.024062 0.838063
vn 0.425875 -0.094187 0.899844
vn 0.236312 -0.252344 0.938312
vn 0.400531 -0.721375 0.564937
vn 0.213031 -0.276062 0.937219
vn -0.803344 0.071000 0.591250
vn -0.030906 0.062844 -0.997531
vn -0.528375 0.150094 -0.835594
vn -0.071000 0.102000 -0.992219
vn -0.905281 -0.007969 0.424656
vn -0.906750 0.402312 -0.126094
vn -0.867063 0.496594 -0.039031
vn -0.987938 -0.062719 -0.141406
vn 0.110188 0.016000 0.993750
vn -0.990687 -0.133813 -0.023969
vn -0.340187 -0.940313 -0.008000
vn -0.994844 -0.063156 -0.079219
vn -0.922250 -0.134156 0.362500
vn -0.024031 0.102250 0.994438
vn -0.024062 0.094281 0.995250
vn 0.766875 -0.244906 -0.593219
vn -0.495438 0.865031 -0.078906
vn 0.660281 0.542406 -0.519406
vn -0.893156 -0.426500 0.142500
vn 0.994250 -0.031063 0.102219
vn -0.015937 0.078719 0.996750
vn 0.711062 -0.008000 0.703031
vn -0.212969 0.046969 0.975906
vn 0.937937 -0.016000 -0.346344
vn 0.165344 0.008000 0.986188
vn 0.998438 0.054906 -0.007969
vn -0.841187 0.345250 0.416094
vn -0.975062 0.156844 0.156844
vn -0.235375 -0.101719 0.966531
vn -0.702781 0.110281 0.702781
vn -0.219875 0.000000 0.975500
vn -0.015969 0.999812 0.007969
vn 0.015969 0.999719 -0.015969
vn -0.070781 -0.023906 -0.997187
vn -0.447188 0.000000 -0.894406
vn -0.267437 0.093781 -0.958969
vn 0.268219 0.252187 -0.929750
vn -0.848500 -0.046906 0.527062
vn -0.998937 0.038938 0.023969
vn -0.942656 0.086781 0.322188
vn -0.971469 -0.118281 -0.205500
vn -0.900625 -0.434250 0.016031
vn -0.996406 -0.078687 -0.030875
vn -0.993875 -0.110188 0.008000
vn -0.981812 -0.172594 0.078813
vn -0.998750 0.046937 0.015969
vn -0.821563 0.039094 0.568750
vn -0.426844 -0.181781 0.885844
vn -0.999656 0.007969 0.023969
vn 0.023969 0.015969 0.999563
vn -0.995313 0.079250 -0.055156
vn -0.487938 0.865906 -0.109969
vn 0.054906 0.000000 0.998469
vn 0.038938 -0.038938 0.998469
vn 0.998406 -0.030938 -0.046906
vn 0.987719 -0.079281 -0.134500
vn 0.997969 -0.007969 -0.062844
vn -0.379625 -0.924969 0.016062
vn 0.992938 -0.008000 -0.118094
vn -0.908281 -0.016031 0.418031
vn -0.299250 -0.024000 0.953844
vn -0.047000 -0.953062 -0.299000
vn -0.998438 -0.007969 0.054906
vn -0.584875 -0.094281 0.805594
vn 0.023969 0.000000 0.999687
vn 0.023969 -0.015969 0.999563
vn -0.943500 0.023937 0.330469
vn -0.581125 -0.808375 -0.093687
vn -0.509812 -0.839406 -0.188187
vn -0.985969 -0.087156 -0.142281
vn 0.015969 0.007969 0.999812
vn -0.938469 0.063094 0.339531
vn 0.173469 0.845281 -0.505344
vn 0.038938 0.023969 0.998937
vn -0.996406 0.078687 0.030875
vn 0.015969 0.030969 0.999375
vn 0.000000 0.929000 -0.370000
vn 0.823812 0.337687 0.455250
vn -0.997969 -0.007969 -0.062844
vn -0.590125 -0.093844 -0.801813
vn -0.940969 0.023875 -0.337563
vn -0.440688 0.786469 -0.432687
vn -0.164750 0.259594 -0.951531
vn -0.063000 0.866000 -0.496000
vn 0.023969 -0.015969 -0.999563
vn -0.941906 0.062781 -0.329906
vn -0.999406 -0.023969 -0.023969
vn -0.996406 0.078687 -0.030875
vn -0.999656 -0.007969 0.023969
vn -0.990844 0.133844 -0.015969
vn -0.996219 -0.086656 0.000000
vn 0.046937 0.990906 0.125844
vn 0.024062 0.987219 0.157500
vn 0.134312 -0.094219 0.986437
vn 0.023969 0.015969 -0.999563
vn 0.054906 0.000000 -0.998469
vn -0.015969 0.030969 -0.999375
vn 0.989875 0.007969 0.141687
vn -0.908281 -0.016031 -0.418031
vn -0.982031 -0.188625 0.000000
vn -0.699938 -0.699938 -0.141781
vn -0.141625 -0.030906 -0.989406
vn -0.999656 0.007969 -0.023969
vn -0.821563 0.039094 -0.568750
vn 0.015969 -0.007969 0.999812
vn -0.360844 -0.863250 -0.352875
vn -0.997875 0.062844 -0.015937
vn 0.502969 -0.117750 0.856219
vn 0.038938 -0.038938 -0.998469
vn -0.109719 -0.981531 -0.156594
vn -0.997719 0.062844 -0.023937
vn -0.942656 0.086781 -0.322188
vn 0.180750 0.038938 0.982750
vn -0.844063 -0.512625 -0.157188
vn 0.141563 -0.038875 0.989156
vn 0.956937 -0.015906 0.289750
vn 0.432687 -0.613563 0.660531
vn -0.408812 0.912562 -0.007969
vn -0.994625 -0.016031 -0.102250
vn -0.931719 -0.363063 -0.008000
vn -0.848500 -0.046906 -0.527062
vn 0.974312 -0.093813 0.204625
vn -0.046969 0.991875 0.117969
vn -0.331594 0.938688 -0.094156
vn -0.282594 -0.730969 -0.621125
vn -0.997719 -0.062844 -0.023937
vn -0.931719 -0.363063 0.008000
vn 0.369969 -0.747969 0.550969
vn 0.038812 -0.149375 0.988000
vn -0.974312 -0.093813 -0.204625
vn -0.997719 -0.062844 0.023937
vn -0.408812 0.912562 0.007969
vn 0.015937 0.565375 0.824656
vn 0.817219 0.565750 0.109750
vn -0.015969 0.999375 -0.030969
vn 0.172937 0.046969 0.983781
vn 0.447125 -0.329594 0.831500
vn 0.690938 0.721844 0.038875
vn 0.943500 0.306500 0.125781
vn 0.998844 0.046937 -0.007969
vn 0.815281 -0.274750 0.509687
vn 0.953406 -0.079031 0.291125
vn -0.078719 0.996594 -0.023906
vn -0.970844 0.094156 0.220406
vn -0.055219 0.980250 0.189812
vn 0.213094 0.976531 -0.031000
vn -0.962344 0.134188 0.236312
vn -0.055031 0.984719 0.165094
vn -0.235375 -0.101719 -0.966531
vn -0.702781 0.110281 -0.702781
vn -0.450844 0.261063 -0.853531
vn 0.023937 -0.935188 -0.353312
vn 0.805125 0.024062 -0.592562
vn -0.995406 -0.016031 0.094312
vn 0.007969 -0.046937 0.998844
vn 0.030938 0.054875 0.998000
vn 0.993594 0.024031 0.110156
vn 0.063125 0.978250 0.197437
vn -0.008000 -0.978594 -0.205531
vn 0.481000 -0.039063 0.875812
vn 0.497875 0.189719 0.846219
vn 0.165031 0.984250 0.063000
vn 0.030906 0.070781 0.997000
vn 0.071062 0.937969 0.339344
vn 0.150125 0.087063 0.984812
vn 0.415437 -0.164375 0.894625
vn 0.684844 -0.306937 0.660844
vn 0.156969 0.779875 -0.605906
vn 0.970500 0.236344 -0.047063
vn 0.990687 0.133813 -0.023969
vn 0.990062 0.125750 0.062875
vn 0.196250 0.023906 0.980250
vn 0.888844 0.448406 -0.093875
vn 0.818438 0.542625 -0.188844
vn -0.952219 0.062937 0.298750
vn 0.118313 0.110312 0.986812
vn -0.181750 0.079313 0.980125
vn 0.982594 -0.109812 -0.149781
vn -0.614937 -0.402594 -0.678031
vn -0.426844 -0.181781 -0.885844
vn 0.998844 -0.007969 0.046937
vn 0.528844 -0.781250 0.331531
vn 0.549281 0.777562 0.306031
vn 0.985750 -0.165281 0.031031
vn 0.956281 -0.016031 -0.292000
vn 0.677188 0.685188 -0.268063
vn 0.236594 -0.016031 0.971469
vn 0.552719 -0.079219 0.829562
vn 0.892031 -0.094187 0.442000
vn -0.133844 0.125844 -0.982969
vn 0.973969 -0.125719 -0.188594
vn 0.980656 -0.047219 0.189875
vn 0.038938 -0.023969 0.998937
vn -0.998125 -0.038906 -0.046906
vn 0.242875 -0.815281 -0.525594
vn 0.172500 -0.981156 0.086750
vn -0.796625 0.079156 -0.599219
vn -0.165094 -0.055031 0.984719
vn -0.663031 0.181531 -0.726219
vn -0.873750 -0.078969 -0.479875
vn -0.999219 0.000000 -0.038969
vn 0.023937 -0.997719 -0.062844
vn -0.023969 -0.999563 -0.015969
vn 0.015937 -0.988625 -0.149469
vn 0.047094 -0.339812 -0.939281
vn 0.063031 -0.102063 -0.992750
vn 0.030969 -0.023969 -0.999219
vn 0.086656 0.007969 -0.996188
vn 0.213188 0.016000 -0.976875
vn 0.189250 -0.094125 -0.977375
vn 0.965781 -0.007969 -0.259125
vn 0.867312 -0.031031 -0.496750
vn -0.078813 0.212531 -0.973938
vn -0.243563 0.967281 0.070844
vn -0.078875 0.990781 0.109844
vn -0.150000 0.984187 0.094000
vn -0.030969 0.030969 -0.999031
vn -0.030938 0.054875 -0.998000
vn 0.109625 0.235188 -0.965719
vn -0.978625 -0.110281 -0.173438
vn -0.981750 -0.188562 -0.023937
vn -0.836781 -0.402844 0.370781
vn 0.914656 0.087156 -0.394688
vn 0.966281 0.156531 -0.204406
vn 0.306281 0.046875 -0.950781
vn -0.101875 0.086906 -0.990969
vn 0.605687 -0.361813 -0.708656
vn -0.141469 -0.651594 -0.745250
vn -0.015969 -0.999719 -0.015969
vn 0.054844 -0.989500 -0.133656
vn 0.425875 -0.899844 0.094187
vn 0.188938 -0.842812 -0.503875
vn 0.164375 -0.109563 -0.980281
vn 0.180844 -0.023969 -0.983187
vn 0.125813 -0.251625 -0.959594
vn 0.959219 -0.275469 -0.062875
vn 0.125969 0.007969 -0.991969
vn 0.149438 -0.030875 -0.988281
vn 0.926125 -0.015937 -0.376812
vn 0.919375 0.000000 -0.393313
vn -0.793594 -0.464188 -0.393313
vn 0.581625 -0.212500 -0.785156
vn -0.156937 -0.834719 -0.527812
vn -0.039000 -0.921562 -0.386219
vn -0.219781 -0.771219 -0.597406
vn 0.276031 0.000000 -0.961125
vn -0.659969 -0.251594 -0.707875
vn -0.891156 -0.157188 0.425531
vn 0.038875 0.062812 -0.997250
vn 0.495094 -0.086844 -0.864469
vn 0.687219 -0.726375 -0.008000
vn -0.338531 -0.156781 -0.927781
vn -0.958156 -0.275156 -0.078750
vn -0.955344 -0.291687 0.047094
vn 0.322594 -0.070906 -0.943844
vn 0.298063 0.934094 0.196375
vn 0.843063 -0.102000 -0.528031
vn -0.841844 0.511281 0.172750
vn -0.815875 0.540937 0.204219
vn -0.866719 0.480375 0.134094
vn 0.070781 0.023906 -0.997187
vn -0.938031 -0.346375 -0.008000
vn 0.243969 0.038969 -0.968969
vn -0.943313 -0.330406 0.030938
vn 0.511844 0.046969 -0.857750
vn -0.133750 -0.038906 -0.990219
vn -0.078750 0.275156 -0.958156
vn 0.930719 0.362656 -0.047063
vn 0.788188 0.614937 -0.024031
vn 0.824812 0.557531 -0.093750
vn 0.843031 0.535000 -0.055000
vn 0.771812 0.629844 -0.086969
vn 0.958188 0.282156 0.046844
vn 0.046813 0.070719 0.996375
vn 0.015937 0.070813 0.997344
vn 0.038844 0.078687 0.996125
vn 0.038875 0.062812 0.997250
vn 0.966531 0.235375 -0.101719
vn 0.966719 0.251406 0.046875
vn 0.512031 0.858063 -0.039000
vn -0.117875 0.991000 -0.062937
vn 0.431125 0.902125 0.015906
vn 0.588906 0.808125 -0.007969
vn 0.070781 0.997000 0.030906
vn -0.046906 0.998594 0.023937
vn -0.125656 0.989531 -0.070813
vn 0.511844 0.857750 -0.046969
vn -0.054844 0.997375 0.046875
vn 0.668500 -0.290781 -0.684469
vn 0.669875 -0.189219 -0.717938
vn 0.773938 0.110250 -0.623563
vn 0.007969 0.997437 -0.070813
vn 0.794906 0.605906 -0.030969
vn 0.756063 0.654031 0.024000
vn 0.678656 0.733781 -0.031063
vn 0.564844 0.823844 0.046813
vn 0.023937 0.054875 0.998187
vn 0.015937 -0.062844 -0.997875
vn 0.015969 -0.046937 -0.998750
vn 0.015937 -0.078719 -0.996750
vn -0.550156 -0.833719 0.046906
vn -0.592094 -0.804469 0.047063
vn -0.126250 -0.978094 0.165344
vn -0.960219 -0.267781 -0.078906
vn -0.306594 -0.951781 -0.007969
vn 0.927625 0.369437 -0.054906
vn 0.935406 0.353406 0.007969
vn -0.424625 -0.905219 0.015969
vn 0.038906 -0.046906 -0.998125
vn 0.062844 0.030906 -0.997531
vn 0.966062 0.243250 0.086719
vn 0.993625 0.102156 -0.047063
vn -0.987656 -0.118437 -0.102375
vn 0.008031 -0.087344 -0.996125
vn 0.000000 -0.086656 -0.996219
vn -0.023937 -0.046906 -0.998594
vn -0.556281 0.000000 -0.830969
vn -0.243687 0.062906 -0.967781
vn -0.197531 0.055125 -0.978719
vn -0.933937 0.093687 -0.344875
vn 0.016031 0.956281 -0.292000
vn -0.007969 0.912562 -0.408812
vn 0.007969 -0.030969 -0.999469
vn -0.999469 -0.007969 0.030969
vn -0.213375 0.110188 -0.970719
vn 0.993531 0.094125 -0.063094
vn 0.872344 -0.393250 -0.290437
vn 0.987469 0.094312 -0.126438
vn 0.253031 0.924781 -0.284156
vn 0.986687 0.126344 -0.102250
vn 0.992219 0.118000 -0.039000
vn 0.102187 0.039063 0.993969
vn 0.173094 0.024000 0.984594
vn 0.983125 0.156844 -0.093906
vn 0.062844 -0.030906 -0.997531
vn -0.997344 -0.070813 -0.015937
vn 0.000000 -0.078750 -0.996875
vn 0.046844 0.062781 -0.996906
vn 0.997719 0.038906 -0.054875
vn -0.989625 0.141656 0.023937
vn -0.983125 -0.093906 -0.156844
vn -0.937969 -0.102094 -0.331313
vn -0.141687 0.981875 -0.125719
vn -0.819687 0.488406 -0.299250
vn -0.990969 0.101875 0.086906
vn -0.403219 0.805438 -0.434312
vn -0.589156 0.376812 -0.714750
vn -0.605531 0.550594 -0.574562
vn -0.494938 0.188594 -0.848188
vn -0.819375 0.551250 -0.157063
vn -0.861313 0.134500 -0.489875
vn -0.989156 0.141563 -0.038875
vn -0.960219 0.267781 -0.078906
vn -0.987750 0.142531 0.063219
vn -0.986219 0.165344 0.000000
vn -0.996063 0.039156 -0.079313
vn -0.811063 0.583031 -0.047000
vn -0.874625 0.346250 -0.339250
vn -0.996063 0.079313 0.039156
vn -0.623469 0.655563 -0.426000
vn -0.134125 0.165156 -0.977094
vn -0.314844 0.330844 -0.889594
vn 0.078750 -0.007969 -0.996844
vn 0.922156 -0.016000 -0.386469
vn 0.094281 0.024062 -0.995250
vn 0.956438 0.149281 -0.250781
vn 0.953156 0.236031 -0.189031
vn -0.661500 0.740562 0.118063
vn -0.966719 0.251406 0.046875
vn -0.008000 -0.900719 -0.434312
vn -0.054938 -0.243813 -0.968250
vn 0.015937 0.070813 -0.997344
vn 0.024062 0.094281 -0.995250
vn 0.087031 0.087031 -0.992375
vn 0.918688 0.038875 -0.393000
vn 0.070813 0.125656 -0.989531
vn 0.008000 0.102250 -0.994719
vn 0.086656 -0.368594 -0.925500
vn 0.946719 0.260469 -0.189344
vn 0.110188 0.993875 0.008000
vn 0.007969 0.999906 -0.007969
vn 0.000000 0.999937 0.007969
vn 0.424656 0.007969 -0.905281
vn -0.480844 -0.441781 -0.757344
vn -0.307000 -0.787031 -0.535031
vn 0.000000 0.999844 -0.015969
vn -0.023937 0.998187 -0.054875
vn 0.951156 0.078844 -0.298406
vn -0.737437 -0.030875 -0.674656
vn -0.878844 0.259062 -0.400562
vn -0.251812 -0.503625 -0.826375
vn -0.930344 0.055062 -0.362500
vn -0.773625 0.402844 -0.489031
vn -0.062969 0.613875 -0.786844
vn 0.906313 0.252062 -0.339125
vn 0.903969 0.054875 -0.424031
vn 0.094031 0.079031 -0.992406
vn 0.756156 -0.016000 -0.654156
vn -0.015969 -0.999812 -0.007969
vn -0.046813 -0.996375 -0.070719
vn -0.448687 -0.251812 -0.857437
vn -0.244125 -0.016000 -0.969594
vn -0.015969 -0.015969 -0.999719
vn -0.062844 -0.007969 -0.997969
vn 0.933000 0.055219 -0.355531
vn 0.983000 -0.030969 -0.180812
vn -0.931250 0.283688 -0.228531
vn 0.738500 -0.093813 -0.667656
vn -0.180906 0.000000 -0.983500
vn 0.835281 -0.126031 -0.535156
vn 0.976719 -0.024000 -0.213156
vn 0.893750 -0.071281 -0.442844
vn -0.955375 0.165406 -0.244594
vn -0.995969 -0.063250 -0.063250
vn -0.930719 0.047063 -0.362656
vn 0.966625 0.117688 -0.227437
vn 0.991969 0.007969 -0.125969
vn -0.181063 0.748250 -0.638219
vn -0.582687 -0.731594 0.353812
vn -0.070875 -0.982406 0.172719
vn -0.874281 -0.480156 0.071000
vn -0.030906 -0.997000 -0.070781
vn -0.046844 -0.980969 -0.188406
vn -0.572688 -0.517906 -0.635437
vn -0.354844 -0.536250 0.765813
vn -0.559219 -0.126031 0.819344
vn 0.993625 -0.071094 -0.087125
vn 0.691875 0.093844 0.715844
vn 0.219875 -0.007969 -0.975469
vn 0.102187 0.039063 -0.993969
vn 0.102156 0.047063 -0.993625
vn 0.985906 -0.118219 -0.118219
vn -0.731219 -0.527438 0.432531
vn -0.959594 -0.125813 0.251625
vn -0.987063 -0.087250 0.134406
vn -0.039063 0.993969 -0.102187
vn -0.118281 0.971469 -0.205500
vn -0.243875 0.133906 -0.960500
vn -0.219437 0.219437 -0.950594
vn 0.086844 0.164719 -0.982500
vn -0.795625 0.189125 -0.575469
vn -0.236656 -0.852375 0.466281
vn -0.149250 -0.650844 0.744375
vn 0.669594 -0.055031 -0.740656
vn 0.996750 0.078719 -0.015937
vn -0.093938 0.314813 -0.944469
vn 0.966344 0.054844 -0.251281
vn -0.023906 -0.997187 -0.070781
vn -0.133500 -0.526031 -0.839875
vn -0.117875 0.062937 -0.991000
vn -0.337969 0.290125 -0.895312
vn -0.905813 -0.133969 0.401906
vn -0.929563 -0.102063 0.354219
vn -0.990531 -0.125813 0.054906
vn -0.990531 0.125813 0.054906
vn -0.990906 -0.125844 0.046937
vn -0.046875 -0.997375 0.054844
vn 0.000000 -0.999937 -0.007969
vn 0.007969 -0.997437 -0.070813
vn -0.024031 -0.985937 -0.165312
vn -0.031000 -0.992500 0.118031
vn -0.047000 -0.937031 -0.346000
vn -0.134125 -0.953937 0.268250
vn 0.023906 -0.997187 -0.070781
vn 0.007969 -0.999188 0.038969
vn 0.541094 0.038844 -0.840031
vn 0.811969 0.000000 -0.583687
vn 0.903531 -0.062812 -0.423844
vn -0.038938 0.911906 -0.408500
vn -0.983344 -0.180875 -0.015969
vn -0.991531 -0.125938 -0.030969
vn -0.912469 -0.408750 -0.015969
vn 0.693969 -0.488687 -0.528719
vn 0.773906 -0.370906 -0.513250
vn 0.872156 -0.046875 -0.486969
vn -0.054906 0.125813 -0.990531
vn -0.447750 0.628250 -0.636219
vn -0.354781 0.489094 -0.796781
vn 0.023906 -0.078719 -0.996594
vn 0.007969 -0.038969 -0.999188
vn -0.971469 -0.236594 0.016031
vn -0.661156 -0.055000 -0.748187
vn -0.133969 -0.172937 -0.975750
vn -0.118313 -0.110312 -0.986812
vn -0.126188 -0.205313 -0.970500
vn -0.164500 -0.981094 -0.101687
vn -0.677938 -0.733031 -0.055062
vn -0.150500 -0.979406 -0.134469
vn 0.213156 -0.480406 -0.850719
vn -0.149281 -0.422969 -0.893750
vn 0.000000 -0.118094 -0.992969
vn 0.016000 -0.213188 -0.976875
vn -0.614937 -0.220313 -0.757156
vn -0.094156 -0.946813 -0.307594
vn 0.007969 0.007969 -0.999906
vn -0.023969 -0.038938 -0.998937
vn -0.471594 -0.030969 -0.881250
vn 0.991625 -0.078969 0.101938
vn 0.983344 -0.015969 0.180875
vn 0.963344 -0.197469 0.181438
vn 0.046844 -0.980969 -0.188406
vn 0.023937 -0.054875 -0.998187
vn 0.054844 -0.046875 -0.997375
vn -0.008000 -0.971563 -0.236625
vn 0.015969 -0.133844 -0.990844
vn -0.007969 -0.007969 -0.999906
vn -0.031094 -0.995687 -0.087312
vn -0.030906 -0.997531 -0.062844
vn 0.260688 0.884406 -0.387031
vn -0.585125 0.679469 -0.442594
vn -0.039063 -0.977875 -0.205375
vn -0.078719 -0.996594 -0.023906
vn -0.196250 -0.980250 -0.023906
vn 0.165031 0.063000 -0.984250
vn 0.590500 -0.086906 -0.802312
vn 0.969688 -0.244156 0.008000
vn 0.894219 -0.063281 -0.443094
vn -0.054969 -0.975500 -0.212875
vn 0.236156 -0.969656 0.063031
vn -0.965688 -0.227219 -0.125563
vn -0.063031 -0.976687 -0.205125
vn 0.007969 -0.023969 -0.999656
vn 0.023969 -0.007969 -0.999656
vn 0.031000 -0.992500 -0.118031
vn -0.031000 -0.937625 -0.346219
vn -0.016031 -0.978500 -0.205500
vn -0.992406 -0.094031 -0.079031
vn -0.996094 -0.086656 -0.015937
vn -0.987844 -0.101563 -0.117500
vn -0.039125 -0.087281 -0.995406
vn -0.015969 -0.999094 -0.038938
vn 0.000000 -0.999500 -0.030969
vn -0.996906 -0.062781 -0.046844
vn -0.961000 -0.016000 -0.276000
vn -0.956125 -0.024062 -0.291938
vn -0.967500 0.023937 -0.251594
vn -0.024000 -0.922000 -0.386406
vn 0.023937 -0.046906 -0.998594
vn 0.070781 -0.030906 -0.997000
vn -0.963344 0.063125 -0.260625
vn 0.918688 0.393000 -0.038875
vn 0.023937 0.054875 -0.998187
vn -0.070969 0.267938 -0.960813
vn 0.988281 -0.086656 -0.125500
vn 0.997719 -0.054875 -0.038906
vn -0.629844 0.771812 -0.086969
vn -0.566375 0.771156 -0.290656
vn -0.219531 0.974031 -0.054875
vn -0.544062 0.836656 0.063125
vn 0.556750 0.783844 -0.274875
vn 0.897937 0.078969 0.432969
vn 0.642812 0.760250 0.093531
vn 0.959125 0.015969 0.282438
vn 0.574437 0.503500 0.645344
vn 0.558531 0.692438 0.456625
vn 0.722281 0.691375 -0.015937
vn -0.102031 0.142063 0.984563
vn -0.204625 0.974312 0.093813
vn 0.911094 0.338281 -0.235500
vn 0.007969 -0.487469 -0.873062
vn 0.848906 0.361531 -0.385500
vn 0.707594 0.636719 -0.306375
vn 0.338656 0.464531 -0.818219
vn 0.007969 0.070813 -0.997437
vn -0.180344 0.078687 -0.980438
vn 0.959687 0.227687 -0.164750
vn 0.999906 0.007969 0.007969
vn 0.079187 0.142375 -0.986625
vn 0.731344 0.086906 -0.676406
vn 0.015937 -0.698969 -0.714938
vn -0.008000 -0.969688 -0.244156
vn 0.063094 0.339531 -0.938469
vn 0.063000 0.268063 -0.961312
vn 0.134031 0.795281 -0.591187
vn 0.055062 0.993219 0.102125
vn -0.283219 -0.291219 -0.913750
vn -0.235094 0.651531 -0.721250
vn -0.141781 -0.911750 -0.385469
vn -0.023969 -0.998937 -0.038938
vn -0.070813 -0.997344 -0.015937
vn -0.945406 0.173063 -0.276094
vn 0.597188 0.801906 0.015969
vn 0.521062 0.851719 0.055094
vn -0.046937 0.998750 -0.015969
vn -0.117750 0.989906 0.078813
vn 0.378719 0.922750 -0.071125
vn 0.966719 0.251406 -0.046875
vn 0.946219 0.323406 -0.008000
vn 0.843031 0.535000 0.055000
vn 0.023906 0.070781 -0.997187
vn 0.046813 0.070719 -0.996375
vn 0.030875 0.078687 -0.996406
vn 0.989906 0.078813 0.117750
vn 0.817781 0.574156 0.038938
vn 0.922156 0.386469 -0.016000
vn 0.834625 0.550750 0.000000
vn 0.755125 -0.054906 0.653250
vn 0.779875 0.227969 0.582906
vn 0.776719 -0.180219 0.603469
vn 0.015937 0.997344 0.070813
vn 0.984875 0.173156 0.000000
vn 0.007969 0.999812 -0.015969
vn 0.541500 0.840688 0.000000
vn 0.062781 -0.046844 0.996906
vn -0.023937 -0.062844 0.997719
vn 0.994000 0.094187 0.055094
vn 0.575063 -0.331031 0.748094
vn 0.109812 -0.377375 0.919500
vn -0.070781 0.997000 -0.030906
vn 0.038844 0.078687 -0.996125
vn 0.015937 -0.078719 0.996750
vn 0.015969 -0.054906 0.998344
vn 0.787812 0.614625 0.039031
vn 0.007969 0.030969 -0.999469
vn 0.503187 0.833656 -0.227625
vn 0.268531 0.954938 0.126250
vn 0.592406 0.796875 0.118281
vn 0.616094 0.774656 0.142469
vn 0.205313 0.970500 0.126188
vn 0.038875 -0.062812 0.997250
vn 0.023937 -0.046906 0.998594
vn -0.031063 -0.102219 0.994250
vn 0.787188 -0.150031 0.598156
vn 0.809906 -0.070875 0.582219
vn 0.764656 -0.346281 0.543469
vn 0.653469 -0.597531 0.464625
vn 0.741250 0.110156 0.662094
vn 0.780281 -0.063000 0.622219
vn 0.102250 -0.994438 0.024031
vn 0.086656 -0.996094 0.015937
vn -0.038938 -0.999094 -0.015969
vn 0.054875 -0.030938 0.998000
vn -0.030969 -0.030969 0.999031
vn 0.015969 -0.046937 0.998750
vn 0.046875 -0.046875 0.997781
vn -0.227469 -0.007969 0.973750
vn -0.007969 -0.046937 0.998844
vn 0.000000 -0.094312 0.995531
vn 0.024000 -0.858469 0.512281
vn 0.455375 0.580938 0.674594
vn -0.268594 -0.963188 -0.008000
vn 0.023906 -0.070781 0.997187
vn -0.030906 0.997531 0.062844
vn 0.023906 0.997187 0.070781
vn 0.031031 0.962750 0.268469
vn 0.023906 -0.078719 0.996594
vn 0.156719 0.982375 0.101812
vn -0.023969 0.983187 0.180844
vn -0.251594 -0.967500 0.023937
vn 0.087281 0.995406 0.039125
vn 0.188625 0.982031 0.000000
vn 0.291687 0.955344 0.047094
vn 0.165281 0.985750 0.031031
vn 0.038938 0.998469 0.038938
vn 0.150406 0.963687 -0.220594
vn -0.031063 -0.205437 -0.978156
vn -0.024031 0.268531 -0.962937
vn -0.016000 0.244125 -0.969594
vn 0.313656 0.949000 -0.030844
vn -0.024031 0.165312 -0.985937
vn 0.559719 0.828062 -0.031031
vn 0.615094 0.788406 0.000000
vn 0.764656 -0.346281 -0.543469
vn 0.780656 -0.055031 -0.622500
vn 0.738500 0.093813 -0.667656
vn -0.031063 -0.102219 -0.994250
vn 0.038875 -0.062812 -0.997250
vn 0.787188 -0.150031 -0.598156
vn 0.828469 0.000000 -0.560000
vn 0.653469 -0.597531 -0.464625
vn 0.597469 0.794312 -0.109875
vn 0.616094 0.774656 -0.142469
vn 0.086656 0.275000 0.957500
vn 0.094187 0.252500 0.962969
vn -0.055062 0.205219 0.977156
vn 0.591844 0.804156 -0.055062
vn 0.165344 0.986094 0.016031
vn 0.463000 0.886187 -0.015906
vn 0.251563 0.967344 -0.030938
vn 0.133813 0.990687 -0.023969
vn 0.054875 0.998187 -0.023937
vn 0.275813 0.960406 -0.038969
vn 0.172937 0.983781 -0.046969
vn 0.213156 0.969844 -0.118094
vn 0.156438 0.980656 -0.117594
vn 0.164719 0.982500 -0.086844
vn 0.102219 0.994250 -0.031063
vn 0.804469 0.592094 0.047063
vn 0.521594 0.852594 0.031094
vn 0.517906 0.854531 0.038812
vn 0.463000 0.886187 0.015906
vn 0.947438 0.087219 0.307781
vn -0.038906 0.997719 0.054875
vn 0.471594 0.881250 -0.030969
vn 0.094187 0.252500 -0.962969
vn 0.094312 0.276938 -0.956219
vn -0.062844 0.997531 0.030906
vn 0.024031 0.670406 0.741562
vn -0.008000 -0.853000 0.521812
vn -0.016000 -0.961000 0.276000
vn -0.015937 -0.988625 0.149469
vn 0.087344 0.016062 0.996031
vn 0.101875 -0.086906 0.990969
vn 0.691875 0.093844 -0.715844
vn 0.990937 0.007969 0.133844
vn 0.995500 0.094312 0.008000
vn -0.016031 0.268562 0.963094
vn 0.038875 0.227281 0.973031
vn -0.054875 0.180625 0.982000
vn 0.157375 -0.047094 0.986406
vn -0.023969 0.550594 0.834406
vn 0.055062 -0.899375 0.433656
vn 0.054875 -0.974031 0.219531
vn 0.243656 0.927750 0.282594
vn 0.181406 0.291656 0.939156
vn 0.598594 -0.701688 0.386375
vn 0.038938 -0.574156 0.817781
vn 0.094187 -0.962969 0.252500
vn 0.219875 -0.007969 0.975469
vn 0.985469 0.079094 0.150219
vn 0.987063 0.087250 0.134406
vn 0.980563 0.054781 0.188313
vn 0.995438 -0.063219 0.071219
vn 0.094219 0.047094 0.994406
vn 0.109531 -0.494000 0.862500
vn 0.054781 -0.188313 0.980563
vn 0.031031 -0.165281 0.985750
vn 0.875812 0.039063 -0.481000
vn 0.821250 -0.047125 -0.568563
vn 0.953594 0.102063 -0.283156
vn 0.834594 0.542750 0.093938
vn 0.094187 0.607375 0.788781
vn 0.267750 0.936156 0.227781
vn 0.402844 0.891906 0.205437
vn 0.031094 0.291875 0.955938
vn 0.007969 0.054906 0.998438
vn 0.054875 -0.219531 0.974031
vn 0.047063 -0.205313 0.977531
vn 0.016000 -0.992844 0.118094
vn 0.015937 -0.997344 0.070813
vn 0.046937 -0.998750 -0.015969
vn 0.219750 -0.401563 0.889063
vn 0.031000 -0.173063 0.984406
vn 0.094312 -0.995406 -0.016031
vn 0.000000 -0.658219 0.752813
vn 0.030875 -0.196187 0.980062
vn 0.967656 0.015969 0.251656
vn 0.960063 -0.046937 0.275719
vn 0.998344 -0.054906 0.015969
vn 0.946719 -0.118188 0.299531
vn 0.448687 -0.251812 0.857437
vn 0.282969 0.471969 0.834938
vn 0.094000 0.150000 0.984187
vn 0.071062 0.094094 0.993000
vn 0.566219 -0.101844 0.817906
vn 0.774594 0.102344 0.624094
vn 0.393125 -0.314281 0.864094
vn 0.236125 0.283156 0.929531
vn -0.079062 0.543437 0.835688
vn -0.078813 0.172594 0.981812
vn 0.903969 0.054875 0.424031
vn 0.867125 0.157188 0.472594
vn 0.934656 0.109719 0.338156
vn 0.007969 -0.990937 -0.133844
vn 0.007969 -0.991969 -0.125969
vn -0.046844 -0.996906 0.062781
vn 0.015969 -0.999719 0.015969
vn -0.007969 -0.999188 -0.038969
vn 0.016031 -0.363000 0.931625
vn 0.016031 0.205500 0.978500
vn 0.024031 0.205469 0.978344
vn 0.015969 -0.180875 0.983344
vn 0.904938 -0.086875 0.416500
vn -0.031000 -0.244062 0.969250
vn 0.197344 -0.977719 -0.071125
vn 0.031031 -0.985750 -0.165281
vn 0.030906 -0.989406 -0.141625
vn 0.000000 -0.996875 -0.078750
vn -0.007969 -0.997969 -0.062844
vn -0.046906 0.038906 0.998125
vn -0.055062 -0.362500 0.930344
vn 0.015969 0.023969 0.999563
vn 0.078813 0.117750 0.989906
vn 0.945781 -0.031000 0.323250
vn 0.997531 -0.062844 -0.030906
vn 0.055094 -0.094187 0.994000
vn -0.063094 -0.157219 0.985531
vn 0.000000 -0.141687 0.989906
vn 0.141656 -0.275344 0.950813
vn 0.094312 0.000000 0.995531
vn 0.165500 -0.118344 0.979062
vn 0.039125 -0.087281 0.995406
vn -0.023875 -0.995938 -0.086625
vn 0.030906 -0.070781 0.997000
vn 0.007969 -0.015969 0.999812
vn 0.007969 0.000000 0.999937
vn -0.023969 0.007969 0.999656
vn 0.832531 0.172469 0.526438
vn 0.816281 0.392687 0.423594
vn 0.975219 0.023969 0.219812
vn 0.999031 -0.030969 0.030969
vn 0.933000 0.055219 0.355531
vn 0.981281 -0.038875 0.188469
vn 0.000000 -0.038969 0.999219
vn 0.655875 0.560594 0.505437
vn -0.402750 0.031031 0.914750
vn -0.038844 0.706563 0.706563
vn 0.109844 0.762906 0.637094
vn 0.062969 -0.826813 0.558875
vn -0.030969 -0.960656 0.275906
vn 0.000000 -0.424688 0.905312
vn 0.920156 -0.149844 0.361656
vn 0.054750 0.713938 0.698031
vn 0.031094 0.631938 0.774375
vn -0.055031 -0.669594 0.740656
vn -0.016031 -0.236594 0.971469
vn 0.039031 -0.661656 0.748750
vn 0.980500 0.007969 0.196281
vn 0.751188 0.522219 0.403688
vn -0.023937 0.282406 0.958969
vn -0.023969 0.912344 0.408688
vn 0.371656 0.885969 0.277250
vn 0.974531 -0.212656 0.070875
vn 0.410469 -0.505813 0.758719
vn -0.008000 0.844281 0.535812
vn 0.024062 0.678781 0.733906
vn 0.149875 -0.542625 0.826469
vn -0.078750 -0.275156 0.958156
vn 0.054906 0.755125 0.653250
vn 0.094125 0.189250 0.977375
vn 0.086719 0.966062 0.243250
vn -0.008000 0.268594 0.963188
vn 0.055062 -0.102125 0.993219
vn 0.047219 -0.142656 0.988625
vn -0.008000 -0.915156 0.402938
vn 0.228281 0.472625 0.851156
vn 0.938219 -0.142188 0.315406
vn 0.937750 -0.189125 0.291219
vn 0.876094 -0.458094 0.150344
vn 0.582812 -0.802750 0.125938
vn 0.000000 0.535812 0.844312
vn 0.062781 0.251188 0.965875
vn 0.960500 0.243875 0.133906
vn 0.142531 -0.063219 0.987750
vn 0.922625 -0.291500 0.252438
vn 0.936312 -0.330750 0.117906
vn 0.000000 0.408812 0.912594
vn 0.851219 0.283406 0.441625
vn 0.164656 0.644687 0.746469
vn -0.133312 0.564125 0.814844
vn -0.793594 -0.464188 0.393313
vn -0.659969 -0.251594 0.707875
vn -0.981750 -0.188562 0.023937
vn -0.556281 0.000000 0.830969
vn -0.978625 -0.110281 0.173438
vn -0.936781 0.086969 0.338906
vn -0.836781 -0.402844 -0.370781
vn -0.891156 -0.157188 -0.425531
vn -0.987844 -0.117500 0.101563
vn 0.149438 -0.030875 0.988281
vn 0.276031 0.000000 0.961125
vn 0.581625 -0.212500 0.785156
vn 0.125969 0.007969 0.991969
vn -0.008031 -0.087344 0.996125
vn 0.306281 0.046875 0.950781
vn 0.322594 -0.070906 0.943844
vn 0.926125 -0.015937 0.376812
vn 0.966281 0.156531 0.204406
vn -0.983125 -0.093906 0.156844
vn -0.988469 0.149438 -0.023906
vn -0.935438 -0.101812 0.338437
vn -0.197531 0.055125 0.978719
vn -0.220031 0.110000 0.969250
vn -0.815875 0.540937 -0.204219
vn -0.841844 0.511281 -0.172750
vn -0.866719 0.480375 -0.134094
vn -0.243687 0.062906 0.967781
vn 0.164375 -0.109563 0.980281
vn -0.955344 -0.291687 -0.047094
vn -0.998750 -0.015969 -0.046937
vn -0.030938 0.054875 0.998000
vn -0.030969 0.030969 0.999031
vn 0.109625 0.235188 0.965719
vn -0.078875 0.990781 -0.109844
vn -0.243563 0.967281 -0.070844
vn -0.150000 0.984187 -0.094000
vn 0.914656 0.087156 0.394688
vn -0.101875 0.086906 0.990969
vn 0.298063 0.934094 -0.196375
vn -0.591844 -0.804156 -0.055062
vn -0.573438 -0.816813 -0.062812
vn -0.126250 -0.978094 -0.165344
vn -0.943313 -0.330406 -0.030938
vn -0.960219 -0.267781 0.078906
vn 0.511844 0.046969 0.857750
vn 0.243969 0.038969 0.968969
vn 0.495094 -0.086844 0.864469
vn -0.938031 -0.346375 0.008000
vn 0.919375 0.000000 0.393313
vn -0.039000 -0.921562 0.386219
vn -0.156937 -0.834719 0.527812
vn -0.219781 -0.771219 0.597406
vn 0.007969 -0.086656 0.996188
vn -0.958156 -0.275156 0.078750
vn 0.180844 -0.023969 0.983187
vn 0.959219 -0.275469 0.062875
vn 0.843063 -0.102000 0.528031
vn 0.687156 -0.726281 0.016031
vn -0.905813 -0.133969 -0.401906
vn -0.926906 -0.101750 -0.361187
vn -0.338531 -0.156781 0.927781
vn -0.795625 0.189125 0.575469
vn -0.149250 -0.650844 -0.744375
vn -0.235031 -0.854531 -0.463125
vn -0.354844 -0.536250 -0.765813
vn 0.966719 0.046875 0.251406
vn 0.985906 -0.118219 0.118219
vn 0.213188 0.016000 0.976875
vn -0.134375 -0.529594 0.837500
vn -0.023906 -0.997187 0.070781
vn -0.117875 0.062937 0.991000
vn -0.070875 -0.982406 -0.172719
vn -0.118281 0.971469 0.205500
vn -0.181063 0.748250 0.638219
vn -0.039063 0.993969 0.102187
vn -0.243875 0.133906 0.960500
vn 0.669594 -0.055031 0.740656
vn 0.086844 0.164719 0.982500
vn -0.219437 0.219437 0.950594
vn -0.030906 -0.997000 0.070781
vn 0.976719 -0.024000 0.213156
vn -0.990906 -0.125844 -0.046937
vn -0.874281 -0.480156 -0.071000
vn -0.731219 -0.527438 -0.432531
vn 0.835281 -0.126031 0.535156
vn -0.955375 0.165406 0.244594
vn 0.738500 -0.093813 0.667656
vn -0.930719 0.047063 0.362656
vn -0.930344 0.055062 0.362500
vn -0.589156 0.376812 0.714750
vn -0.623469 0.655563 0.426000
vn -0.605531 0.550594 0.574562
vn -0.960219 0.267781 0.078906
vn -0.987938 0.141406 -0.062719
vn -0.996031 -0.062750 0.062750
vn 0.966625 0.117688 0.227437
vn 0.895344 -0.070781 0.439687
vn -0.188625 0.000000 0.982031
vn -0.379031 -0.892438 0.244656
vn -0.046844 -0.980969 0.188406
vn -0.987063 -0.087250 -0.134406
vn -0.959594 -0.125813 -0.251625
vn -0.141687 0.981875 0.125719
vn -0.567281 -0.520250 0.638313
vn -0.403219 0.805438 0.434312
vn -0.819687 0.488406 0.299250
vn 0.023937 -0.997719 0.062844
vn -0.134125 -0.953937 -0.268250
vn -0.046875 -0.997375 -0.054844
vn -0.559219 -0.126031 -0.819344
vn -0.582687 -0.731594 -0.353812
vn 0.007969 -0.999188 -0.038969
vn -0.133687 -0.046875 0.989906
vn -0.078750 0.275156 0.958156
vn -0.904875 0.030938 0.424469
vn -0.937813 0.024000 0.346281
vn 0.086656 0.000000 0.996219
vn 0.030969 -0.030969 0.999031
vn 0.323719 0.900063 0.291656
vn -0.134375 0.915563 0.379031
vn 0.180844 0.968188 0.172844
vn 0.125813 -0.054906 0.990531
vn 0.125813 0.471375 0.872875
vn 0.922250 -0.110125 -0.370500
vn 0.974031 0.054875 -0.219531
vn 0.957031 0.007938 -0.289781
vn -0.078656 0.250906 0.964781
vn 0.965781 -0.007969 0.259125
vn 0.881250 -0.030969 0.471594
vn 0.054844 -0.133656 0.989500
vn 0.070719 0.046813 0.996375
vn 0.164500 -0.753812 0.636125
vn 0.965375 -0.070719 -0.251031
vn 0.986594 -0.150375 -0.063156
vn 0.925531 -0.038844 -0.376594
vn 0.000000 0.637031 0.770813
vn -0.086875 0.204750 0.974937
vn 0.298969 0.936938 0.180969
vn -0.788781 0.094187 0.607375
vn 0.110188 -0.126219 0.985844
vn 0.401469 -0.904813 0.141813
vn 0.204469 -0.973562 0.101719
vn 0.054906 0.015969 0.998344
vn -0.988281 -0.030875 0.149438
vn 0.000000 -0.722375 0.691469
vn -0.109906 -0.070937 0.991375
vn 0.990531 -0.054906 0.125813
vn 0.995250 0.024062 0.094281
vn 0.998750 -0.015969 0.046937
vn -0.915156 0.008000 0.402938
vn -0.922219 -0.008000 0.386500
vn -0.030938 0.038938 0.998750
vn 0.984125 -0.039000 0.173000
vn -0.007969 -0.997437 0.070813
vn 0.015969 0.046937 0.998750
vn 0.015937 0.062844 0.997875
vn 0.550750 -0.007969 0.834625
vn 0.990500 0.117812 0.070875
vn 0.995719 0.079281 0.047156
vn 0.062844 0.030906 0.997531
vn 0.275813 -0.038969 0.960406
vn -0.023969 -0.999563 0.015969
vn 0.015937 -0.988625 0.149469
vn -0.015969 -0.999719 0.015969
vn 0.047094 -0.339812 0.939281
vn 0.063031 -0.102063 0.992750
vn -0.023969 -0.038938 0.998937
vn 0.007938 -0.400000 0.916469
vn 0.016062 -0.197812 0.980094
vn 0.316125 -0.024062 0.948406
vn 0.007969 -0.996188 0.086656
vn -0.015969 -0.983344 0.180875
vn 0.000000 -0.975500 0.219875
vn 0.275937 -0.125969 0.952875
vn -0.023937 -0.046906 0.998594
vn 0.038938 -0.550344 0.834000
vn 0.989781 0.015937 0.141656
vn 0.425875 -0.899844 -0.094187
vn 0.188938 -0.842812 0.503875
vn 0.125813 -0.251625 0.959594
vn 0.030969 0.000000 0.999500
vn 0.024062 -0.948406 0.316125
vn 0.165438 -0.323875 0.931500
vn -0.330500 -0.943656 0.015969
vn -0.431125 -0.902125 -0.015906
vn 0.016031 -0.987375 0.157531
vn -0.007969 0.054906 0.998438
vn 0.047063 0.236344 0.970500
vn 0.087344 -0.016062 0.996031
vn 0.031000 0.299188 0.953656
vn 0.588812 0.651594 0.478219
vn 0.259438 0.746469 0.612719
vn 0.448219 0.817594 0.361375
vn 0.196094 -0.532594 0.823313
vn 0.550969 -0.464969 0.692969
vn 0.606313 -0.772406 0.189094
vn -0.030969 0.023969 0.999219
vn 0.054844 -0.989500 0.133656
vn 0.605687 -0.361813 0.708656
vn -0.141469 -0.651594 0.745250
vn 0.979469 -0.173594 -0.102344
vn -0.874625 0.346250 0.339250
vn -0.811063 0.583031 0.047000
vn -0.984844 0.173125 -0.008000
vn 0.000000 0.999844 0.015969
vn -0.023937 0.998187 0.054875
vn -0.737437 -0.030875 0.674656
vn -0.878844 0.259062 0.400562
vn -0.007969 -0.007969 0.999906
vn 0.078750 -0.007969 0.996844
vn 0.903531 -0.062812 0.423844
vn 0.808125 0.007969 0.588906
vn 0.922156 -0.016000 0.386469
vn 0.997437 -0.070813 0.007969
vn 0.999906 0.007969 -0.007969
vn 0.922156 0.386469 0.016000
vn 0.959125 0.156687 0.235531
vn 0.953156 0.236031 0.189031
vn 0.188688 0.927562 0.322500
vn 0.094281 0.024062 0.995250
vn -0.363187 0.481562 0.797594
vn -0.600062 0.695406 0.395344
vn -0.291500 0.504875 0.812437
vn -0.046937 0.125844 0.990906
vn -0.968656 0.243906 -0.046969
vn 0.000000 0.999937 -0.007969
vn 0.110188 0.993875 -0.008000
vn 0.007969 0.999906 0.007969
vn 0.946719 0.260469 0.189344
vn -0.678187 0.725281 -0.118188
vn 0.007969 -0.999469 -0.030969
vn -0.307000 -0.787031 0.535031
vn -0.023937 -0.998187 0.054875
vn -0.141781 -0.911750 0.385469
vn -0.945406 0.173063 0.276094
vn -0.070781 -0.997187 0.023906
vn 0.967781 -0.251687 0.000000
vn 0.000000 -0.999937 0.007969
vn 0.007969 -0.999906 -0.007969
vn 0.007969 -0.999906 0.007969
vn 0.541094 0.038844 0.840031
vn -0.956125 -0.024062 0.291938
vn -0.961000 -0.016000 0.276000
vn -0.967500 0.023937 0.251594
vn -0.960813 0.070969 0.267938
vn -0.031000 -0.937625 0.346219
vn -0.024000 -0.922000 0.386406
vn 0.031000 -0.992500 0.118031
vn 0.007969 -0.023969 0.999656
vn 0.007969 -0.030969 0.999469
vn 0.046844 -0.980969 0.188406
vn -0.063031 -0.976687 0.205125
vn -0.046969 -0.975906 0.212969
vn 0.007969 0.007969 0.999906
vn -0.008000 -0.971563 0.236625
vn 0.980750 -0.125563 0.149500
vn 0.975500 -0.219875 0.000000
vn 0.243594 -0.141750 0.959437
vn 0.070781 -0.030906 0.997000
vn 0.133813 -0.990687 -0.023969
vn 0.959687 0.227687 0.164750
vn 0.961094 0.008000 -0.276031
vn 0.731344 0.086906 0.676406
vn 0.969594 -0.244125 -0.016000
vn 0.991375 -0.070937 -0.109906
vn 0.983344 -0.015969 -0.180875
vn 0.046937 -0.015969 0.998750
vn 0.023937 -0.054875 0.998187
vn 0.963344 -0.197469 -0.181438
vn 0.054844 -0.046875 0.997375
vn 0.347094 0.466469 0.813563
vn 0.030906 0.062844 0.997531
vn 0.007969 0.070813 0.997437
vn 0.015937 -0.062844 0.997875
vn -0.164937 0.070969 0.983719
vn -0.990969 0.101875 -0.086906
vn -0.990531 -0.125813 -0.054906
vn 0.039000 0.953406 0.299125
vn 0.079187 0.142375 0.986625
vn -0.008000 -0.512406 0.858688
vn 0.054750 -0.673969 0.736687
vn -0.023937 -0.989625 0.141656
vn -0.047000 -0.937031 0.346000
vn -0.039000 -0.992219 -0.118000
vn 0.030969 0.125938 0.991531
vn -0.337969 0.290125 0.895312
vn -0.307625 0.331656 0.891813
vn -0.494938 0.188594 0.848188
vn -0.093938 0.314813 0.944469
vn -0.861313 0.134500 0.489875
vn -0.990531 0.125813 -0.054906
vn -0.819375 0.551250 0.157063
vn 0.063094 0.339531 0.938469
vn 0.134031 0.795281 0.591187
vn -0.251812 -0.503625 0.826375
vn -0.480844 -0.441781 0.757344
vn 0.000000 -0.023969 0.999687
vn -0.283219 -0.291219 0.913750
vn 0.008000 -0.496969 0.867719
vn 0.999656 0.007969 0.023969
vn 0.918375 0.392875 0.046844
vn 0.911094 0.338281 0.235500
vn 0.997719 0.038906 0.054875
vn 0.795187 0.606125 0.016000
vn 0.897469 0.440719 -0.015969
vn 0.456406 0.888875 0.038938
vn 0.719031 0.694969 0.000000
vn 0.560562 0.694969 -0.450250
vn -0.078750 -0.007969 -0.996844
vn -0.015969 0.046937 -0.998750
vn -0.038938 0.038938 -0.998469
vn 0.621063 0.550156 0.558156
vn 0.988094 -0.087344 0.126500
vn 0.997719 -0.054875 0.038906
vn 0.993531 0.094125 0.063094
vn 0.897937 0.078969 -0.432969
vn 0.980656 0.156438 0.117594
vn 0.988719 0.149500 0.007969
vn -0.070969 0.267938 0.960813
vn -0.544062 0.836656 -0.063125
vn -0.227125 0.972313 0.054781
vn -0.635063 0.768438 0.078625
vn -0.204625 0.974312 -0.093813
vn 0.638125 0.764156 -0.094000
vn 0.984719 0.165094 0.055031
vn 0.180844 0.023969 -0.983187
vn 0.393000 0.918688 -0.038875
vn 0.337656 0.941250 0.000000
vn 0.973781 -0.227469 0.000000
vn 0.951156 0.298406 -0.078844
vn -0.007969 0.000000 -0.999937
vn -0.007969 0.015969 -0.999812
vn 0.796875 -0.118281 -0.592406
vn 0.142031 0.921250 -0.362094
vn 0.102250 -0.016031 -0.994625
vn 0.849187 -0.023969 -0.527500
vn 0.220313 -0.614937 -0.757156
vn 0.549563 0.667250 -0.502688
vn 0.556750 0.783844 0.274875
vn 0.253031 0.924781 0.284156
vn 0.939812 -0.220656 0.260781
vn 0.880969 -0.172781 -0.440469
vn 0.969844 -0.118094 -0.213156
vn 0.574437 0.503500 -0.645344
vn -0.566375 0.771156 0.290656
vn -0.102031 0.142063 -0.984563
vn 0.086750 -0.581469 -0.808906
vn -0.250906 -0.941000 -0.227031
vn 0.709281 0.638250 0.299125
vn 0.851500 0.362625 0.378656
vn 0.149781 -0.479313 0.864750
vn -0.093656 -0.972687 0.212281
vn 0.063156 -0.505469 0.860500
vn -0.024031 -0.993594 0.110156
vn 0.086969 0.093969 0.991750
vn 0.008000 0.094312 0.995500
vn -0.039063 0.977875 0.205375
vn -0.141937 0.629750 0.763687
vn 0.008000 0.908344 0.418063
vn 0.047063 -0.102156 0.993625
vn -0.352531 -0.933094 0.070688
vn -0.948937 -0.258875 -0.180219
vn -0.496750 -0.283437 0.820281
vn -0.267219 -0.958219 0.101687
vn 0.024000 0.244094 0.969437
vn -0.975375 0.219844 -0.015969
vn -0.887844 0.416000 0.196500
vn -0.126250 0.954938 0.268531
vn -0.133969 0.975750 0.172937
vn -0.282406 0.958969 -0.023937
vn 0.023937 0.958969 0.282406
vn -0.205844 -0.822469 0.530219
vn -0.947062 -0.283594 -0.150312
vn -0.995313 -0.055156 0.079250
vn -0.985469 -0.165219 0.039031
vn -0.969844 -0.213156 0.118094
vn 0.023969 -0.038938 0.998937
vn -0.016031 -0.157531 0.987375
vn -0.449562 -0.883094 -0.134156
vn -0.094156 -0.946813 0.307594
vn -0.055156 -0.995313 0.079250
vn -0.046937 -0.990906 0.125844
vn -0.368844 -0.926125 0.078750
vn -0.078750 -0.988937 0.125594
vn -0.062750 -0.054781 0.996500
vn -0.219187 -0.352688 0.909688
vn -0.811437 -0.409219 0.417219
vn -0.110406 -0.901406 0.418594
vn 0.024031 -0.268531 0.962937
vn 0.007969 -0.078750 0.996844
vn 0.030906 -0.062844 0.997531
vn 0.016031 -0.102250 0.994625
vn 0.063156 -0.994844 0.079219
vn 0.054906 -0.990531 0.125813
vn 0.093813 -0.974312 0.204625
vn -0.031063 0.417875 0.907938
vn 0.038844 -0.070750 0.996719
vn 0.585250 -0.087312 0.806094
vn 0.165031 0.063000 0.984250
vn 0.000000 0.030969 0.999500
vn -0.987719 -0.134500 0.079281
vn -0.991875 -0.125969 0.015969
vn -0.992375 -0.110031 0.055000
vn -0.987375 -0.157531 -0.016031
vn 0.015937 -0.070813 0.997344
vn 0.118031 -0.181063 0.976344
vn 0.298594 0.141813 0.943750
vn -0.993750 -0.016000 0.110188
vn 0.897781 0.196938 0.393906
vn 0.087031 0.087031 0.992375
vn 0.424656 0.007969 0.905281
vn 0.914500 0.039063 0.402656
vn -0.126094 -0.173125 0.976781
vn -0.661156 -0.055000 0.748187
vn -0.118219 -0.118219 0.985906
vn -0.126188 -0.205313 0.970500
vn -0.663031 0.181531 0.726219
vn -0.873750 -0.078969 0.479875
vn -0.999812 0.007969 0.015969
vn 0.086656 -0.368594 0.925500
vn 0.756156 -0.016000 0.654156
vn 0.094031 0.079031 0.992406
vn 0.906313 0.252062 0.339125
vn -0.070937 0.613563 0.786438
vn -0.776812 0.400344 0.486000
vn -0.996063 0.039156 0.079313
vn -0.971469 -0.236594 -0.016031
vn -0.653906 -0.755906 0.030969
vn -0.912469 -0.408750 0.015969
vn -0.007969 0.086656 0.996188
vn 0.078750 0.125594 0.988937
vn -0.038938 0.911906 0.408500
vn 0.008000 -0.434312 0.900719
vn 0.016000 -0.213188 0.976875
vn -0.078719 -0.996594 0.023906
vn -0.047063 -0.977531 0.205313
vn -0.196250 -0.980250 0.023906
vn -0.150500 -0.979406 0.134469
vn -0.996094 -0.086656 0.015937
vn -0.992406 -0.094031 0.079031
vn -0.988750 -0.101656 0.109625
vn 0.236250 -0.970125 -0.055062
vn -0.989156 0.141563 0.038875
vn -0.031094 -0.087312 0.995687
vn -0.031094 -0.995687 0.087312
vn -0.015969 -0.999094 0.038938
vn 0.000000 -0.999500 0.030969
vn -0.983344 -0.180875 0.015969
vn -0.180875 -0.975406 0.125906
vn -0.991531 -0.125938 0.030969
vn -0.149281 -0.422969 0.893750
vn 0.213156 -0.480406 0.850719
vn 0.000000 -0.110188 0.993906
vn -0.965688 -0.227219 0.125563
vn -0.615875 -0.213625 0.758313
vn -0.931250 0.283688 0.228531
vn -0.996906 -0.062781 0.046844
vn -0.462938 -0.023875 0.886063
vn 0.694062 -0.480750 0.535812
vn 0.015969 -0.125969 0.991875
vn 0.007969 -0.038969 0.999188
vn 0.779375 -0.361688 0.511594
vn 0.872688 -0.030938 0.487250
vn -0.995062 0.087250 -0.047125
vn -0.999031 -0.030969 -0.030969
vn 0.188562 -0.981750 -0.023937
vn 0.054906 -0.990531 -0.125813
vn 0.173156 -0.984875 0.000000
vn 0.965813 -0.259125 0.000000
vn 0.971125 -0.236500 0.031063
vn 0.995687 -0.031094 -0.087312
vn 0.970125 -0.236250 0.055062
vn 0.670594 -0.741781 0.000000
vn 0.282469 -0.959219 -0.007969
vn 0.063156 -0.994844 -0.079219
vn 0.087312 -0.995875 0.024094
vn 0.070813 -0.997469 0.000000
vn 0.102156 -0.993625 0.047063
vn -0.030875 -0.840281 0.541250
vn 0.982750 0.180750 -0.038938
vn 0.995438 0.063219 -0.071219
vn 0.424625 0.905219 -0.015969
vn 0.925062 0.379656 -0.008031
vn 0.925062 0.379656 0.008031
vn 0.997469 0.070813 0.000000
vn 0.047000 0.945188 0.323063
vn 0.039000 0.937344 0.346125
vn 0.259781 -0.960250 -0.101906
vn 0.275000 -0.957500 -0.086656
vn 0.666500 0.721313 -0.188281
vn 0.992688 0.024000 -0.118063
vn 0.141781 0.974688 0.172750
vn 0.973312 -0.180500 -0.141594
vn 0.984812 -0.134094 -0.110063
vn 0.994438 0.024031 -0.102250
vn -0.015969 -0.763500 0.645563
vn -0.007969 -0.982000 0.188594
vn 0.030938 -0.943313 0.330406
vn -0.945063 -0.315000 -0.087000
vn 0.046969 -0.243906 0.968656
vn 0.039063 -0.205375 0.977875
vn 0.943750 -0.141813 0.298594
vn 0.282469 -0.959219 0.007969
vn 0.854937 -0.518125 0.023906
vn 0.180812 -0.983000 0.030969
vn 0.995062 -0.047125 0.087250
vn 0.970125 -0.236250 -0.055062
vn 0.971125 -0.236500 -0.031063
vn 0.259781 -0.960250 0.101906
vn 0.961125 -0.276031 0.000000
vn 0.275000 -0.957500 0.086656
vn 0.854937 -0.518125 -0.023906
vn 0.969688 -0.244156 -0.008000
vn 0.666500 0.721313 0.188281
vn 0.985844 -0.126219 0.110188
vn 0.805188 -0.442187 -0.395063
vn 0.007969 -0.078750 -0.996844
vn 0.038844 -0.070750 -0.996719
vn -0.078750 -0.988937 -0.125594
vn -0.046937 -0.990906 -0.125844
vn 0.039063 -0.102187 -0.993969
vn 0.093813 -0.974312 -0.204625
vn 0.243594 -0.141750 -0.959437
vn 0.008000 -0.434312 -0.900719
vn -0.055156 -0.995313 -0.079250
vn 0.030906 -0.062844 -0.997531
vn -0.142063 0.638375 -0.756469
vn 0.008000 0.908344 -0.418063
vn 0.980750 -0.125563 -0.149500
vn -0.039063 0.977875 -0.205375
vn 0.086969 0.093969 -0.991750
vn -0.134125 0.977094 -0.165156
vn 0.133813 -0.990687 0.023969
vn -0.282406 0.958969 0.023937
vn -0.016031 -0.157531 -0.987375
vn -0.204500 -0.825031 -0.526750
vn -0.228188 -0.354313 -0.906844
vn -0.071219 -0.063219 -0.995438
vn -0.808750 -0.415844 -0.415844
vn -0.368844 -0.926125 -0.078750
vn -0.449062 -0.882125 0.142000
vn -0.944875 -0.290969 0.149969
vn -0.995313 -0.055156 -0.079250
vn -0.969844 -0.213156 -0.118094
vn -0.985469 -0.165219 -0.039031
vn -0.991875 -0.125969 -0.015969
vn -0.987375 -0.157531 0.016031
vn -0.987719 -0.134500 -0.079281
vn 0.118031 -0.181063 -0.976344
vn -0.996750 -0.015937 -0.078719
vn -0.993750 -0.016000 -0.110188
vn 0.298250 0.149625 -0.942656
vn 0.896344 0.204625 -0.393250
vn -0.992375 -0.110031 -0.055000
vn 0.813344 -0.434250 0.387094
vn 0.023937 0.062844 -0.997719
vn 0.102063 -0.063031 -0.992750
vn -0.087125 -0.071094 -0.993625
vn -0.393250 0.015969 -0.919281
vn 0.109937 0.755625 -0.645688
vn 0.228281 0.472625 -0.851156
vn 0.236125 0.283156 -0.929531
vn 0.173281 0.977719 -0.118188
vn 0.031000 0.984406 -0.173063
vn 0.612688 0.754406 -0.235500
vn 0.000000 -0.038969 -0.999219
vn 0.016031 -0.363000 -0.931625
vn 0.024031 0.205469 -0.978344
vn -0.046875 -0.306281 -0.950781
vn -0.102375 0.118437 -0.987656
vn -0.063125 0.087187 -0.994187
vn 0.809781 0.314531 -0.495250
vn 0.023969 0.023969 -0.999406
vn 0.463531 -0.879250 0.109656
vn 0.449031 -0.677031 0.583031
vn 0.703937 -0.703937 0.094375
vn -0.007969 -0.999188 0.038969
vn -0.031031 -0.110156 0.993406
vn -0.031000 -0.173063 0.984406
vn -0.015937 -0.996094 -0.086656
vn -0.007969 -0.973750 -0.227469
vn -0.007969 -0.983437 0.180875
vn -0.024000 -0.606031 -0.795062
vn 0.205125 -0.063031 -0.976687
vn 0.054969 -0.322937 -0.944812
vn -0.735594 0.490406 -0.467281
vn 0.016000 0.118094 -0.992844
vn -0.315406 -0.528687 0.788031
vn -0.607281 0.323687 0.725531
vn 0.078906 0.495438 0.865031
vn 0.063156 -0.150375 0.986594
vn -0.024062 -0.995250 0.094281
vn 0.015969 -0.999719 -0.015969
vn 0.973312 -0.180500 0.141594
vn 0.993406 0.031031 0.110156
vn 0.219313 -0.070781 0.973063
vn 0.062750 0.062750 0.996031
vn -0.030906 -0.958781 -0.282344
vn -0.039063 -0.236437 -0.970844
vn -0.024000 -0.953844 -0.299250
vn -0.023906 0.070781 -0.997187
vn -0.925531 -0.371812 0.071344
vn -0.929844 -0.339312 0.142125
vn -0.765750 0.315719 0.560281
vn 0.086781 -0.385062 -0.918781
vn 0.015937 0.078719 -0.996750
vn 0.118500 -0.980344 0.157688
vn 0.023875 -0.611063 0.791188
vn 0.995687 0.087312 -0.031094
vn 0.751656 0.608969 -0.253219
vn 0.141531 -0.988813 -0.046844
vn -0.015969 -0.999563 0.023969
vn 0.015969 -0.999812 0.007969
vn 0.621344 0.747219 0.235750
vn 0.213156 0.969844 0.118094
vn 0.692469 0.684500 0.227812
vn -0.070719 -0.046813 0.996375
vn 0.000000 0.165344 0.986219
vn 0.102000 -0.071000 0.992219
vn -0.024000 0.976719 0.213156
vn -0.165063 0.969500 0.181094
vn -0.164562 0.966563 0.196500
vn -0.949437 -0.007969 0.313812
vn -0.969594 -0.244125 -0.016000
vn -0.576312 0.788813 -0.213469
vn -0.471344 -0.172750 0.864844
vn -0.117688 -0.227437 0.966625
vn -0.236031 -0.189031 0.953156
vn 0.015937 -0.997875 -0.062844
vn -0.031031 -0.843906 -0.535563
vn 0.024062 -0.931469 -0.362969
vn -0.323156 0.039000 0.945531
vn -0.038844 0.070750 0.996719
vn -0.078719 -0.015937 0.996750
vn 0.424625 0.905219 0.015969
vn -0.999906 0.007969 0.007969
vn -0.943656 0.330500 -0.015969
vn -0.939812 0.220656 -0.260781
vn -0.030906 -0.282344 0.958781
vn 0.418219 -0.845469 0.331969
vn -0.062937 -0.920438 0.385750
vn -0.371281 0.916219 0.150500
vn -0.031094 -0.094281 -0.995031
vn -0.054906 -0.369437 -0.927625
vn -0.054875 -0.440125 -0.896219
vn -0.071094 -0.087125 0.993625
vn -0.078750 0.007969 -0.996844
vn -0.993875 -0.008000 -0.110188
vn -0.990062 0.062875 -0.125750
vn -0.992781 0.047031 -0.110063
vn -0.963344 -0.181438 0.197469
vn -0.094125 -0.930281 -0.354469
vn -0.266969 -0.769031 -0.580750
vn -0.236813 -0.868969 -0.434469
vn -0.007969 0.086656 -0.996188
vn 0.016031 0.094312 0.995406
vn -0.125594 -0.078750 0.988937
vn -0.071281 0.047187 -0.996312
vn -0.078750 -0.125594 -0.988937
vn -0.212969 0.125969 -0.968875
vn -0.133687 0.046875 -0.989906
vn -0.047125 -0.087250 -0.995062
vn -0.165344 0.126250 -0.978094
vn -0.774437 0.592875 0.220687
vn -0.770437 0.636719 0.030938
vn -0.878219 0.477937 0.015906
vn 0.173281 0.977719 0.118188
vn -0.054812 0.054812 0.996969
vn -0.070750 0.038844 0.996719
vn -0.557875 0.086813 0.825344
vn -0.038938 0.038938 0.998469
vn 0.300312 -0.949125 0.094406
vn 0.393063 -0.910844 0.125687
vn -0.277250 0.885969 0.371656
vn 0.000000 0.535812 -0.844312
vn 0.062781 0.251188 -0.965875
vn -0.016000 -0.244125 -0.969594
vn 0.015969 -0.180875 -0.983344
vn 0.101875 -0.086906 -0.990969
vn -0.087250 -0.134406 0.987063
vn -0.071250 0.055188 0.995906
vn -0.219625 0.125781 0.967406
vn 0.990500 0.117812 -0.070875
vn 0.275813 -0.038969 -0.960406
vn 0.030938 -0.038938 -0.998750
vn 0.046813 0.227219 -0.972687
vn 0.024094 -0.228969 -0.973125
vn -0.086875 -0.904938 -0.416500
vn -0.015969 -0.763500 -0.645563
vn -0.149375 -0.038812 0.988000
vn -0.094125 0.189250 0.977375
vn 0.030969 0.000000 -0.999500
vn 0.046875 0.942719 -0.330187
vn 0.141781 0.974688 -0.172750
vn -0.046781 -0.964750 0.258844
vn 0.007969 -0.990937 0.133844
vn -0.047031 -0.985125 0.165187
vn 0.227125 -0.972313 0.054781
vn -0.015969 -0.999563 -0.023969
vn -0.016000 -0.110188 0.993750
vn 0.117594 -0.093656 0.988625
vn 0.031094 -0.087312 0.995687
vn 0.000000 -0.188625 0.982031
vn 0.000000 -1.000000 0.000000
vn -0.086906 -0.990969 0.101875
vn -0.094312 -0.995531 0.000000
vn -0.965688 -0.259094 0.015937
vn -0.196281 -0.980531 0.000000
vn -0.715969 0.408406 -0.566188
vn -0.023937 -0.227406 -0.973500
vn -0.086906 0.700406 -0.708406
vn -0.015969 -0.991875 -0.125969
vn -0.023969 -0.999219 -0.030969
vn 0.070781 0.030906 -0.997000
vn 0.110031 -0.055000 -0.992375
vn 0.079313 -0.039156 -0.996063
vn 0.031094 -0.995687 -0.087312
vn -0.038906 0.353125 -0.934750
vn 0.117969 -0.046969 -0.991875
vn -0.093813 0.416250 -0.904375
vn 0.007969 -0.988719 -0.149500
vn -0.024031 -0.978344 -0.205469
vn -0.030906 -0.973312 -0.227344
vn 0.000000 0.094312 -0.995531
vn -0.063094 -0.157219 -0.985531
vn 0.046906 -0.180688 -0.982406
vn -0.015937 -0.996094 0.086656
vn -0.007969 -0.973750 0.227469
vn -0.023937 -0.251594 0.967500
vn -0.007969 -0.999656 0.023969
vn 0.024031 -0.661969 -0.749094
vn 0.008031 -0.545125 -0.838281
vn -0.165000 -0.661000 -0.732000
vn -0.142531 0.063219 -0.987750
vn 0.997000 -0.030906 -0.070781
vn 0.994313 -0.071156 -0.079156
vn 0.991000 -0.062937 -0.117875
vn 0.000000 -0.165344 0.986219
vn 0.983406 0.101938 0.149906
vn 0.971438 0.087219 0.220531
vn 0.855062 -0.156438 0.494312
vn -0.165000 0.472000 0.866000
vn 0.007969 0.149500 0.988719
vn 0.038969 0.243969 0.968969
vn -0.997437 -0.007969 -0.070813
vn -0.964219 -0.047156 -0.260844
vn 0.007969 0.991969 -0.125969
vn -0.007969 0.989875 -0.141687
vn -0.062781 0.965875 -0.251188
vn -0.086656 0.007969 -0.996188
vn -0.070813 0.275344 -0.958719
vn -0.015969 -0.007969 -0.999812
vn 0.999812 -0.015969 -0.007969
vn 0.867719 0.008000 -0.496969
vn 0.938906 -0.055094 -0.339687
vn -0.989906 0.046875 -0.133687
vn -0.512406 0.008000 -0.858688
vn -0.961781 0.055031 -0.268187
vn -0.978000 0.189375 -0.087156
vn -0.744531 0.046781 -0.665906
vn -0.946719 0.260469 -0.189344
vn -0.015969 -0.054906 -0.998344
vn -0.015969 -0.030969 -0.999375
vn -0.313812 0.949469 0.000000
vn -0.449000 0.890000 0.079000
vn -0.268531 0.962937 0.024031
vn -0.023969 -0.133813 -0.990687
vn -0.030969 -0.023969 -0.999219
vn -0.039156 -0.079313 -0.996063
vn 0.031000 0.984406 0.173063
vn -0.023875 0.313719 0.949188
vn -0.125969 0.007969 0.991969
vn -0.874000 -0.165000 0.457000
vn -0.062844 -0.007969 0.997969
vn 0.907313 -0.386562 0.165219
vn 0.796375 -0.559969 0.228375
vn -0.188594 0.007969 0.982000
vn -0.897344 -0.440656 0.023969
vn -0.506469 -0.862188 -0.008031
vn -0.313781 -0.949344 -0.015937
vn 0.827844 -0.551562 0.102094
vn 0.661844 -0.748969 0.031031
vn -0.180844 0.023969 0.983187
vn -0.744531 0.046781 0.665906
vn 0.353406 -0.935406 -0.007969
vn -0.986406 0.157375 -0.047094
vn -0.953500 -0.165063 -0.252125
vn -0.995438 0.071219 -0.063219
vn 0.094219 0.047094 -0.994406
vn 0.070719 0.046813 -0.996375
vn -0.283406 0.954344 -0.094125
vn -0.141531 0.988813 -0.046844
vn -0.038938 0.550344 -0.834000
vn 0.751188 0.522219 -0.403688
vn 0.408781 -0.511750 -0.755625
vn 0.086750 0.117656 -0.989250
vn -0.078813 0.172594 -0.981812
vn 0.015937 -0.989781 0.141656
vn 0.930344 0.055062 0.362500
vn 0.953469 -0.197094 0.228094
vn 0.965375 -0.070719 0.251031
vn 0.087312 0.031094 -0.995687
vn 0.267750 0.936156 -0.227781
vn 0.094187 0.607375 -0.788781
vn 0.402844 0.891906 -0.205437
vn -0.007969 0.989875 0.141687
vn 0.007969 0.991969 0.125969
vn -0.062781 0.965875 0.251188
vn -0.015969 0.038938 0.999094
vn -0.228781 -0.181625 0.956375
vn -0.047125 -0.087250 0.995062
vn 0.007969 0.046937 -0.998844
vn 0.606313 -0.772406 -0.189094
vn 0.978063 -0.181375 0.102187
vn -0.007969 -0.078750 -0.996844
vn -0.008000 -0.853000 -0.521812
vn -0.070813 -0.275344 -0.958719
vn 0.024062 0.678781 -0.733906
vn 0.055062 -0.977156 -0.205219
vn 0.046906 -0.911594 -0.408375
vn 0.016031 -0.931625 -0.363000
vn 0.031000 0.299188 -0.953656
vn 0.007969 0.054906 -0.998438
vn -0.984406 0.031000 0.173063
vn -0.512406 0.008000 0.858688
vn -0.942719 0.046875 0.330187
vn -0.094031 0.079031 0.992406
vn -0.134219 0.639094 0.757312
vn -0.070781 -0.407781 0.910312
vn 0.316125 -0.024062 -0.948406
vn -0.110031 0.898375 -0.425156
vn -0.899344 0.244344 -0.362531
vn 0.016000 -0.993750 0.110188
vn -0.016000 -0.946125 0.323375
vn -0.015969 -0.999812 0.007969
vn 0.985750 -0.031031 0.165281
vn 0.999188 -0.038969 0.007969
vn 0.991000 -0.062937 0.117875
vn -0.965688 -0.259094 -0.015937
vn -0.063031 -0.102063 -0.992750
vn -0.079125 0.079125 -0.993688
vn -0.038906 -0.998125 0.046906
vn -0.990969 -0.133844 0.000000
vn -0.935438 -0.353406 0.000000
vn 0.118406 -0.236813 -0.964312
vn -0.023937 -0.062844 -0.997719
vn -0.243437 0.455938 0.856031
vn -0.165656 -0.110437 0.979969
vn -0.488750 0.150219 0.859344
vn 0.047031 0.614438 0.787531
vn 0.062781 0.133594 0.989031
vn 0.079031 0.772313 0.630250
vn -0.007969 -0.133844 -0.990937
vn -0.505719 -0.860906 -0.055188
vn 0.261063 0.450844 -0.853531
vn 0.015969 -0.054906 -0.998344
vn -0.919375 -0.393313 0.000000
vn 0.000000 -0.873094 -0.487500
vn 0.998750 -0.046937 -0.015969
vn 0.989875 -0.141687 0.007969
vn 0.976250 -0.213031 0.039000
vn -0.978156 -0.031063 0.205437
vn 0.023969 -0.023969 0.999406
vn -0.801906 -0.582219 0.133813
vn -0.915469 -0.354937 0.189500
vn -0.487312 -0.637094 0.597156
vn 0.832531 -0.526438 -0.172469
vn 0.434687 -0.616406 -0.656563
vn 0.608906 -0.775688 -0.165781
vn -0.038812 0.313594 -0.948750
vn 0.016031 -0.268562 -0.963094
vn 0.023969 -0.038938 -0.998937
vn -0.047156 -0.150500 -0.987469
vn -0.030969 -0.999500 0.000000
vn 0.000000 -0.998469 -0.054906
vn -0.323063 0.047000 -0.945188
vn -0.093906 0.290719 -0.952156
vn -0.321469 0.564313 -0.760375
vn -0.102250 -0.016031 -0.994625
vn 0.000000 -0.518281 -0.855187
vn 0.038938 0.030938 -0.998750
vn -0.893719 -0.110437 -0.434781
vn -0.951156 0.078844 -0.298406
vn -0.519562 -0.314719 0.794344
vn -0.197094 -0.087031 0.976500
vn 0.291625 -0.718531 0.631344
vn -0.299781 -0.742000 0.599594
vn -0.015937 -0.997875 0.062844
vn 0.000000 -0.994750 -0.102281
vn -0.039125 -0.995406 -0.087281
vn 0.007969 -0.996844 -0.078750
vn 0.133656 0.251344 -0.958594
vn -0.008000 0.402938 -0.915156
vn -0.007969 -0.991969 -0.125969
vn 0.046906 -0.030938 -0.998406
vn -0.047031 -0.110063 -0.992781
vn -0.533188 -0.510281 -0.674719
vn -0.384719 -0.784437 -0.486406
vn 0.094156 0.331594 -0.938688
vn -0.030969 0.015969 0.999375
vn -0.204719 -0.684094 0.700063
vn 0.023969 -0.030969 -0.999219
vn 0.015969 0.000000 -0.999844
vn 0.000000 -0.518281 0.855187
vn 0.030969 -0.125938 0.991531
vn -0.008000 0.102250 0.994719
vn 0.015937 0.078719 0.996750
vn 0.126062 0.244125 0.961500
vn 0.031094 -0.094281 0.995031
vn -0.078750 0.007969 0.996844
vn -0.046813 0.070719 0.996375
vn -0.023937 0.062844 0.997719
vn -0.023969 0.180844 0.983187
vn -0.030969 0.180812 0.983000
vn 0.000000 0.110188 0.993906
vn -0.054938 0.243813 0.968250
vn 0.008000 -0.276031 0.961094
vn -0.125563 0.635875 -0.761469
vn -0.094031 0.079031 -0.992406
vn -0.070688 -0.392312 -0.917094
vn -0.102156 0.047063 -0.993625
vn -0.079094 0.197219 -0.977156
vn -0.054969 0.298875 -0.952688
vn -0.994313 -0.079156 0.071156
vn -0.997781 -0.046875 0.046875
vn -0.877094 -0.079281 -0.473656
vn -0.205625 -0.655969 -0.726188
vn -0.661906 0.283375 -0.693937
vn -0.102312 -0.536625 -0.837563
vn -0.621938 0.314969 -0.716906
vn -0.667594 -0.518906 -0.533875
vn 0.998000 -0.030938 -0.054875
vn 0.960844 -0.275937 -0.023969
vn 0.998469 0.000000 -0.054906
vn 0.999219 0.030969 -0.023969
vn 0.957375 -0.204219 -0.204219
vn 0.978844 -0.094250 -0.181500
vn -0.023906 0.078719 -0.996594
vn -0.149500 -0.007969 -0.988719
vn 0.449031 -0.677031 -0.583031
vn 0.911750 -0.401437 -0.086875
vn 0.737938 -0.667125 -0.101687
vn -0.985844 0.126219 -0.110188
vn -0.855969 0.149625 -0.494812
vn 0.942656 -0.290281 -0.164594
vn 0.953937 -0.134125 0.268250
vn 0.838031 -0.426531 0.340219
vn -0.038938 0.030938 -0.998750
vn -0.054812 0.054812 -0.996969
vn -0.142063 0.102031 -0.984563
vn -0.196812 0.975125 -0.101906
vn -0.259781 0.960250 -0.101906
vn -0.442281 0.876594 -0.189531
vn -0.558594 0.826375 0.070937
vn -0.592562 0.805125 0.024062
vn -0.751969 0.657469 -0.047250
vn -0.801906 0.574219 0.164750
vn -0.841125 0.533813 -0.086781
vn 0.023937 -0.062844 -0.997719
vn 0.948406 -0.024062 0.316125
vn 0.353031 -0.046844 0.934406
vn 0.937969 -0.071062 0.339344
vn 0.189063 -0.654219 0.732250
vn 0.376938 -0.290188 0.879562
vn 0.957375 -0.204219 0.204219
vn 0.016031 -0.852906 0.521781
vn -0.236437 -0.346625 0.907687
vn -0.047063 -0.417625 0.907375
vn 0.062844 0.015937 0.997875
vn 0.063219 -0.142531 0.987750
vn -0.259813 -0.936406 0.235844
vn -0.951156 -0.298406 0.078844
vn 0.102250 -0.016031 0.994625
vn -0.023937 0.054875 0.998187
vn -0.062844 0.023937 0.997719
vn -0.101563 0.933219 0.344594
vn -0.897563 0.251875 0.361813
vn -0.969250 0.031000 0.244062
vn -0.997437 -0.007969 0.070813
vn -0.991469 -0.054969 0.117937
vn 0.117750 0.078813 0.989906
vn 0.236437 0.346625 0.907687
vn -0.007969 0.000000 0.999937
vn -0.662625 0.458125 -0.592438
vn -0.999656 0.023969 0.007969
vn -0.951813 0.306594 0.000000
vn 0.007969 -0.424656 0.905281
vn -0.955375 -0.165406 0.244594
vn -0.024031 -0.102250 0.994438
vn -0.956875 -0.253000 -0.142562
vn -0.078719 0.015937 0.996750
vn 0.938906 -0.339687 0.055094
vn 0.861063 -0.410469 -0.300063
vn 0.911156 -0.401188 0.093781
vn 0.881719 -0.424875 -0.204938
vn 0.977094 -0.134125 0.165156
vn -0.739469 0.668531 -0.078938
vn -0.866625 0.488344 0.102063
vn -0.880156 0.448063 -0.156656
vn -0.259344 0.958562 0.117688
vn -0.369906 0.912812 0.172937
vn 0.007969 -0.424656 -0.905281
vn -0.024031 -0.102250 -0.994438
vn 0.078844 -0.298406 -0.951156
vn 0.204625 0.967313 -0.149719
vn -0.662625 0.458125 0.592438
vn -0.824344 0.565188 -0.030875
vn -0.631719 0.766094 0.118313
vn -0.984875 -0.173156 0.000000
vn 0.000000 -0.424688 -0.905312
vn 0.157531 0.000000 -0.987500
vn 0.024031 0.670406 -0.741562
vn -0.054875 0.030938 -0.998000
vn -0.046844 -0.996906 -0.062781
vn -0.031000 -0.244062 -0.969250
vn 0.945781 -0.031000 -0.323250
vn 0.997531 -0.062844 0.030906
vn -0.055031 -0.669594 -0.740656
vn 0.031031 -0.661844 -0.748969
vn 0.087344 0.008031 -0.996125
vn 0.094000 0.150000 -0.984187
vn 0.071062 0.094094 -0.993000
vn -0.007969 0.259125 -0.965781
vn -0.023969 0.550594 -0.834406
vn 0.000000 -0.658219 -0.752813
vn 0.094312 -0.995406 0.016031
vn 0.030969 -0.180812 -0.983000
vn 0.282969 0.471969 -0.834938
vn -0.315406 0.071094 0.946281
vn -0.827563 -0.047031 0.559375
vn -0.946719 0.260469 0.189344
vn -0.994313 -0.079156 -0.071156
vn -0.999812 -0.007969 -0.015969
vn -0.997781 -0.046875 -0.046875
vn -0.087250 -0.047125 0.995062
vn -0.110063 -0.047031 0.992781
vn 0.133844 0.015969 0.990844
vn -0.087219 -0.900406 0.426125
vn 0.007969 0.000000 -0.999937
vn 0.268531 -0.126250 -0.954938
vn 0.550969 -0.464969 -0.692969
vn 0.196094 -0.532594 -0.823313
vn 0.605906 0.794906 0.030969
vn 0.975219 0.023969 -0.219812
vn 0.832531 0.172469 -0.526438
vn 0.016062 -0.197812 -0.980094
vn 0.007969 -0.408812 -0.912562
vn -0.007969 -0.959219 -0.282469
vn -0.015937 -0.988625 -0.149469
vn 0.024031 -0.205469 -0.978344
vn 0.448687 -0.251812 -0.857437
vn 0.821250 -0.047125 0.568563
vn 0.875812 0.039063 0.481000
vn 0.953594 0.102063 0.283156
vn -0.038938 0.180750 -0.982750
vn 0.575344 -0.102063 -0.811500
vn -0.149500 -0.007969 0.988719
vn 0.000000 -0.999844 0.015969
vn -0.015937 -0.997344 0.070813
vn -0.172188 -0.360312 0.916781
vn -0.779844 0.070969 0.621875
vn -0.038906 -0.251469 0.967062
vn -0.078813 0.243406 0.966688
vn -0.015937 0.062844 0.997875
vn -0.055125 0.947219 -0.315719
vn 0.071125 0.260500 -0.962844
vn 0.039156 0.079313 -0.996063
vn -0.016000 0.110188 0.993750
vn -0.047125 0.087250 0.995062
vn 0.000000 0.046937 0.998875
vn -0.346219 -0.126062 0.929625
vn -0.992000 -0.126000 0.000000
vn 0.534281 -0.424406 0.731000
vn 0.101656 -0.109625 0.988750
vn 0.923219 -0.346812 0.165375
vn 0.000000 0.434312 0.900750
vn 0.016031 0.995406 0.094312
vn 0.062781 0.949938 0.306000
vn 0.039000 0.937344 -0.346125
vn -0.994656 0.087219 0.055125
vn -0.963344 -0.236563 -0.126281
vn 0.997875 0.062844 0.015937
vn 0.973312 -0.227344 0.030906
vn 0.299344 0.000000 0.954125
vn -0.574562 -0.818406 -0.007969
vn -0.101531 -0.964688 -0.242906
vn -0.276000 -0.961000 -0.016000
vn -0.007969 -0.070813 0.997437
vn -0.361062 -0.259344 0.895719
vn -0.093750 -0.109719 0.989500
vn 0.015937 0.988625 0.149469
vn 0.094312 0.008000 0.995500
vn -0.087063 0.150125 0.984812
vn -0.982375 -0.156719 -0.101812
vn -0.094125 -0.977375 0.189250
vn -0.102063 -0.953594 0.283156
vn -0.434281 -0.766312 0.473406
vn -0.180875 -0.983437 -0.007969
vn -0.654219 -0.756250 -0.008000
vn -0.236625 -0.971563 0.008000
vn 0.972469 -0.125531 -0.196281
vn 0.979469 -0.039125 -0.197688
vn 0.969250 -0.110000 -0.220031
vn 0.000000 0.434312 -0.900750
vn -0.046781 -0.964750 -0.258844
vn 0.086781 -0.385062 0.918781
vn -0.494000 -0.321687 -0.807719
vn 0.030875 -0.259000 -0.965375
vn -0.031063 0.417875 -0.907938
vn 0.379031 -0.915563 -0.134375
vn 0.298906 -0.723813 -0.621844
vn 0.330438 -0.935406 -0.125781
vn -0.039063 -0.931031 -0.362781
vn 0.023937 -0.998594 -0.046906
vn -0.023969 -0.999406 -0.023969
vn 0.879031 -0.447469 -0.164438
vn 0.133844 0.000000 -0.990969
vn 0.960063 0.046937 -0.275719
vn 0.994187 -0.063125 -0.087187
vn -0.550750 -0.834625 0.007969
vn 0.307000 -0.535031 -0.787031
vn -0.039000 -0.386219 -0.921562
vn -0.046906 0.023937 -0.998594
vn -0.046906 0.030938 -0.998406
vn -0.023937 -0.141656 -0.989625
vn -0.047187 -0.071281 -0.996312
vn -0.654219 -0.756250 0.008000
vn -0.574562 -0.818406 0.007969
vn -0.921250 -0.362094 0.142031
vn 0.299344 0.000000 -0.954125
vn 0.030938 -0.849031 -0.527406
vn 0.417094 -0.843219 -0.339063
vn -0.031000 -0.173063 -0.984406
vn 0.117594 -0.093656 -0.988625
vn -0.016031 -0.102250 -0.994625
vn 0.031094 -0.087312 -0.995687
vn 0.054844 -0.251281 0.966344
vn 0.039000 -0.858063 0.512031
vn -0.093844 -0.927625 0.361469
vn 0.023937 0.046906 0.998594
vn -0.110188 -0.993875 -0.008000
vn -0.093844 -0.990344 -0.101812
vn -0.046937 -0.998750 0.015969
vn -0.015969 0.023969 -0.999563
vn -0.007969 -0.015969 -0.999812
vn 0.031094 -0.157469 -0.987031
vn 0.039000 -0.858063 -0.512031
vn 0.062937 0.117875 -0.991000
vn 0.000000 -0.157531 -0.987500
vn 0.479125 -0.448188 -0.754656
vn 0.890000 -0.425000 -0.165000
vn -0.925531 -0.371812 -0.071344
vn -0.963344 -0.181438 -0.197469
vn -0.876594 0.189531 -0.442281
vn -0.023969 -0.125938 -0.991719
vn -0.023937 -0.251594 -0.967500
vn -0.605000 -0.062875 -0.793719
vn -0.007969 -0.999937 0.000000
vn -0.117594 -0.988625 -0.093656
vn -0.023969 0.038938 -0.998937
vn -0.038938 0.023969 -0.998937
vn -0.259344 -0.431906 -0.863813
vn 0.007938 -0.814625 -0.579875
vn -0.031094 -0.316063 -0.948219
vn -0.157281 0.702281 -0.694281
vn -0.125437 -0.337500 -0.932906
vn -0.062844 0.408000 -0.910781
vn 0.141656 -0.275344 -0.950813
vn 0.165500 -0.118344 -0.979062
vn 0.039125 -0.087281 -0.995406
vn -0.007969 -0.975469 -0.219875
vn 0.000000 -0.931750 -0.363063
vn 0.070781 -0.832531 -0.549375
vn 0.030875 -0.840281 -0.541250
vn -0.030969 -0.999469 -0.007969
vn -0.275594 -0.770906 0.574188
vn -0.235969 -0.873906 0.424937
vn -0.315406 0.071094 -0.946281
vn -0.054844 0.330063 -0.942344
vn -0.529437 -0.450219 -0.718969
vn 0.188562 -0.589688 0.785281
vn 0.180406 0.352875 0.918094
vn -0.141375 0.281781 0.948969
vn -0.023906 -0.078719 0.996594
vn 0.016062 -0.087344 0.996031
vn 0.344781 0.635750 0.690562
vn 0.030875 0.078687 0.996406
vn -0.023937 0.393187 -0.919125
vn -0.007969 -0.998844 -0.046937
vn -0.030969 -0.999031 -0.030969
vn -0.038906 0.133750 -0.990219
vn -0.165656 -0.110437 -0.979969
vn -0.243437 0.455938 -0.856031
vn -0.488250 0.157063 -0.858437
vn 0.023875 0.086625 -0.995938
vn 0.000000 0.070813 -0.997469
vn -0.385375 -0.659906 -0.644938
vn -0.946688 -0.276469 -0.165281
vn -0.661281 -0.709281 -0.244094
vn -0.487312 -0.597156 -0.637094
vn 0.094156 -0.307594 -0.946813
vn 0.087031 0.260156 -0.961625
vn -0.008000 -0.994719 0.102250
vn 0.007969 -0.998438 -0.054906
vn 0.000000 -0.560000 0.828469
vn 0.015969 -0.038938 -0.999094
vn 0.062844 -0.007969 0.997969
vn 0.094156 -0.307594 0.946813
vn -0.189500 0.458250 0.868375
vn -0.038906 0.133750 0.990219
vn 0.024031 -0.661969 0.749094
vn 0.039031 0.165219 0.985469
vn 0.000000 -0.931750 0.363063
vn 0.038938 0.030938 0.998750
vn 0.054844 -0.330063 0.942344
vn 0.047000 -0.937031 0.346000
vn -0.062937 0.117875 0.991000
vn 0.094156 0.331594 0.938688
vn -0.008000 0.110188 0.993875
vn -0.046875 -0.133687 0.989906
vn 0.000000 0.118094 0.992969
vn -0.558594 -0.070937 0.826375
vn -0.306281 0.046875 0.950781
vn -0.094312 0.016031 0.995406
vn -0.030969 -0.999031 0.030969
vn 0.251406 0.046875 0.966719
vn -0.219375 0.557406 0.800719
vn -0.897469 -0.015969 -0.440719
vn 0.087094 0.598813 -0.796094
vn -0.765750 0.268594 -0.584312
vn -0.282594 0.243656 -0.927750
vn -0.925812 -0.376687 -0.030875
vn -0.819344 0.559219 0.126031
vn -0.212250 0.965688 0.149469
vn -0.087312 0.024094 -0.995875
vn -0.038938 0.015969 -0.999094
vn -0.087250 -0.047125 -0.995062
vn 0.149438 0.023906 -0.988469
vn -0.078687 -0.643656 -0.761219
vn 0.093813 0.204625 -0.974312
vn -0.024062 0.157500 -0.987219
vn 0.355094 0.142438 -0.923875
vn 0.189688 -0.134469 -0.972562
vn -0.998750 -0.030938 -0.038938
vn -0.998469 -0.054906 0.000000
vn -0.998187 -0.023937 -0.054875
vn -0.039063 -0.433969 -0.900063
vn 0.722188 -0.023937 -0.691250
vn 0.771906 -0.164969 -0.613906
vn 0.189063 -0.654219 -0.732250
vn 0.386469 -0.291344 -0.875063
vn 0.071219 -0.142438 -0.987219
vn 0.984594 -0.173094 -0.024000
vn 0.910844 -0.393063 -0.125687
vn -0.181750 -0.473969 -0.861562
vn 0.087094 0.504562 -0.858938
vn 0.993594 -0.024031 -0.110156
vn 0.969094 0.228000 -0.094000
vn 0.989906 0.133687 0.046875
vn -0.031031 0.623156 -0.781438
vn -0.942719 0.046875 -0.330187
vn -0.717594 0.063031 -0.693563
vn -0.973031 0.038875 -0.227281
vn 0.030938 0.251563 -0.967344
vn -0.117375 0.822750 -0.556125
vn -0.866781 0.047031 -0.496437
vn 0.463531 -0.879250 -0.109656
vn 0.063156 -0.150375 -0.986594
vn 0.707406 -0.699406 -0.101750
vn 0.528719 -0.488687 -0.693969
vn 0.937344 -0.346125 -0.039000
vn 0.861063 -0.410469 0.300063
vn 0.880250 -0.424156 0.212563
vn -0.827563 -0.047031 -0.559375
vn -0.181750 -0.355469 -0.916812
vn -0.219844 0.015969 -0.975375
vn -0.164937 0.070969 -0.983719
vn -0.157000 -0.150000 -0.976125
vn -0.219781 -0.172813 -0.960094
vn -0.030875 -0.376687 -0.925812
vn 0.307594 -0.946813 -0.094156
vn 0.189625 -0.979250 -0.071219
vn -0.779844 0.070969 -0.621875
vn -0.456719 0.889437 0.015969
vn -0.588906 0.808125 -0.007969
vn -0.015969 -0.038938 -0.999094
vn -0.125781 0.550062 0.825594
vn -0.150344 0.513188 0.844969
vn -0.761219 0.643656 -0.078687
vn -0.497031 0.851812 -0.165344
vn -0.923875 0.355094 0.142438
vn 0.464625 0.653469 -0.597531
vn -0.944812 0.054969 -0.322937
vn -0.970937 0.228437 0.071125
vn 0.054812 0.996969 -0.054812
vn -0.046875 -0.054844 -0.997375
vn 0.969094 0.228000 0.094000
vn 0.989500 0.133656 -0.054844
vn -0.651187 0.415188 0.635250
vn -0.825125 0.463937 0.322250
vn -0.643500 0.376531 0.666406
vn -0.141750 -0.959437 0.243594
vn -0.047031 -0.914187 0.402500
vn -0.008000 -0.386500 0.922219
vn -0.024031 0.402844 0.914937
vn 0.999219 0.030969 0.023969
vn 0.998875 0.000000 0.046937
vn -0.985750 -0.031031 0.165281
vn -0.995406 -0.094312 -0.016031
vn -0.920875 -0.054969 0.385938
vn -0.978156 0.031063 0.205437
vn -0.243406 0.078813 0.966688
vn -0.655531 0.276625 0.702625
vn -0.189344 -0.260469 0.946719
vn -0.172750 -0.660094 0.731000
vn -0.047094 -0.449906 0.891813
vn 0.134219 -0.639094 0.757312
vn 0.796875 -0.118281 0.592406
vn -0.055125 0.947219 0.315719
vn 0.055062 0.433656 0.899375
vn -1.000000 0.000000 0.000000
vn -0.991750 -0.086969 0.093969
vn -0.971531 0.102250 0.213563
vn -0.008031 0.087344 0.996125
vn 0.850656 -0.173125 0.496375
vn 0.361187 -0.589656 0.722375
vn 0.046937 -0.125844 0.990906
vn 0.047063 -0.236344 0.970500
vn -0.243875 -0.219875 0.944531
vn -0.552719 0.805500 0.213656
vn -0.274719 0.877906 -0.392156
vn 0.322219 0.934750 0.149625
vn -0.949437 -0.007969 -0.313812
vn 0.046906 -0.030938 0.998406
vn -0.946813 0.094156 0.307594
vn -0.117906 0.826375 0.550594
vn 0.030906 0.188531 0.981562
vn -0.995313 0.055156 0.079250
vn -0.988719 -0.149500 -0.007969
vn -0.063031 -0.102063 0.992750
vn -0.015937 -0.855062 0.518219
vn -0.054906 -0.369437 0.927625
vn -0.078687 -0.996125 0.038844
vn -0.133844 -0.982969 0.125844
vn -0.735594 0.490406 0.467281
vn -0.945969 -0.024000 0.323312
vn -0.980250 -0.055219 0.189812
vn -0.973031 0.038875 0.227281
vn -0.894500 0.117531 0.431313
vn -0.767062 0.258312 0.587219
vn 0.734281 -0.671063 0.102312
vn 0.385875 -0.243906 0.889719
vn 0.844000 -0.402469 0.354406
vn 0.526656 -0.494750 0.691250
vn 0.975875 -0.196969 0.093969
vn 0.015969 -0.038938 0.999094
vn -0.780969 0.622750 -0.047031
vn -0.875219 0.441625 -0.197250
vn -0.733031 0.677938 0.055062
vn -0.415969 0.895781 0.156594
vn -0.975500 0.000000 -0.219875
vn -0.989906 0.078813 -0.117750
vn -0.990969 0.000000 -0.133844
vn -0.994250 0.102219 -0.031063
vn -0.977000 0.213219 0.000000
vn -0.993750 0.110188 -0.016000
vn -0.023969 0.834406 -0.550594
vn -0.988719 -0.149500 0.007969
vn 0.055062 -0.236250 -0.970125
vn -0.235344 0.267250 -0.934438
vn 0.236437 0.346625 -0.907687
vn -0.993969 0.102187 0.039063
vn -0.967750 0.251656 -0.007969
vn -0.990125 0.109781 0.086813
vn -0.142063 0.984563 0.102031
vn -0.268531 0.962937 -0.024031
vn -0.874281 0.480156 0.071000
vn -0.363562 0.924969 0.110469
vn -0.640375 0.758844 0.118437
vn -0.992406 0.079031 -0.094031
vn -0.322031 0.330000 -0.887344
vn -0.251812 0.416719 -0.873438
vn 0.369031 0.887688 -0.275281
vn -0.023969 0.912344 -0.408688
vn 0.946719 -0.118188 -0.299531
vn 0.982000 0.007969 -0.188594
vn 0.023875 -0.995938 0.086625
vn 0.071094 -0.820094 -0.567750
vn -0.008000 0.268594 -0.963188
vn 0.030906 -0.989406 0.141625
vn 0.000000 -0.992969 0.118094
vn 0.031031 -0.985750 0.165281
vn 0.188406 0.046844 -0.980969
vn 0.062969 -0.109969 -0.991906
vn 0.047219 -0.142656 -0.988625
vn 0.819250 0.346094 -0.457125
vn 0.016062 0.197812 -0.980094
vn -0.007969 -0.997437 -0.070813
vn -0.038906 -0.990219 -0.133750
vn 0.219844 -0.968375 -0.117906
vn 0.378188 -0.913469 -0.150063
vn 0.165344 -0.757625 -0.631344
vn 0.925531 -0.038844 0.376594
vn -0.922219 -0.008000 -0.386500
vn -0.915156 0.008000 -0.402938
vn -0.784938 0.093750 -0.612406
vn 0.038938 -0.030938 -0.998750
vn 0.110188 0.008000 -0.993875
vn 0.393125 -0.314281 -0.864094
vn 0.846812 0.274938 -0.455281
vn 0.054781 -0.188313 -0.980563
vn 0.109531 -0.494000 -0.862500
vn 0.031031 -0.165281 -0.985750
vn 0.015937 -0.997344 -0.070813
vn 0.016000 -0.992844 -0.118094
vn 0.046937 -0.998750 0.015969
vn 0.777781 0.101687 -0.620219
vn 0.180594 0.966812 -0.180594
vn 0.322969 0.897937 -0.298969
vn -0.133781 0.919563 -0.369406
vn -0.133750 0.038906 0.990219
vn 0.062781 0.046844 0.996906
vn -0.094281 0.024062 0.995250
vn -0.062937 -0.322781 0.944375
vn -0.094125 -0.189250 0.977375
vn -0.038969 -0.007969 0.999188
vn -0.925812 -0.376687 0.030875
vn -0.205531 0.947563 0.244656
vn 0.038938 0.911906 0.408500
vn 0.063031 0.906563 0.417250
vn -0.998750 -0.030938 0.038938
vn -0.998187 -0.023937 0.054875
vn -0.330500 -0.943656 -0.015969
vn 0.994656 0.087219 -0.055125
vn 0.038938 -0.550344 -0.834000
vn 0.024062 -0.948406 -0.316125
vn 0.989781 0.015937 -0.141656
vn 0.984125 -0.039000 -0.173000
vn 0.990531 -0.054906 -0.125813
vn -0.054906 -0.007969 -0.998438
vn 0.920156 -0.149844 -0.361656
vn 0.117750 -0.078813 -0.989906
vn 0.110188 -0.126219 -0.985844
vn 0.054844 -0.133656 -0.989500
vn 0.070719 -0.046813 -0.996375
vn -0.023969 -0.999656 -0.007969
vn 0.181406 0.291656 -0.939156
vn 0.038875 0.227281 -0.973031
vn -0.008000 0.844281 -0.535812
vn 0.086719 0.966062 -0.243250
vn 0.971563 0.008000 -0.236625
vn -0.086875 0.204750 -0.974937
vn 0.007969 0.645625 -0.763563
vn 0.007969 -0.999937 0.000000
vn 0.007969 -0.999812 -0.015969
vn -0.987031 0.031094 0.157469
vn -0.982750 -0.038938 0.180750
vn -0.975875 -0.093969 0.196969
vn -0.078969 0.361937 0.928844
vn -0.101781 -0.448063 0.888156
vn -0.055094 0.291594 0.954938
vn -0.172813 -0.960094 0.219781
vn 0.093813 0.204625 0.974312
vn -0.463781 0.533625 0.707187
vn -0.046844 0.062781 0.996906
vn -0.070875 0.298594 0.951719
vn -0.188688 0.322500 -0.927562
vn 0.016031 -0.987375 -0.157531
vn 0.016031 -0.995406 -0.094312
vn -0.008000 -0.986188 -0.165344
vn -0.047063 -0.970500 -0.236344
vn 0.995438 0.063219 0.071219
vn 0.000000 0.007969 -0.999937
vn -0.023906 -0.078719 -0.996594
vn 0.197531 -0.978719 0.055125
vn 0.964813 -0.142562 0.220875
vn 0.973938 -0.078813 0.212531
vn 0.988813 0.046844 0.141531
vn 0.000000 -0.998000 -0.062875
vn 0.030969 -0.999031 -0.030969
vn 0.079031 0.992406 -0.094031
vn 0.062781 0.949938 -0.306000
vn -0.999844 0.000000 -0.015969
vn -0.982375 -0.156719 0.101812
vn -0.944094 0.212781 0.251750
vn 0.982031 -0.188625 0.000000
vn 0.996156 -0.087344 0.000000
vn 0.979750 -0.197750 -0.031094
vn -0.276000 -0.961000 0.016000
vn -0.063125 -0.978250 0.197437
vn -0.101531 -0.964688 0.242906
vn -0.157531 0.987375 -0.016031
vn 0.030938 0.990500 -0.133781
vn 0.008000 0.992938 -0.118094
vn -0.086906 -0.990969 -0.101875
vn -0.943656 0.330500 0.015969
vn -0.997437 -0.070813 0.007969
vn -0.165344 0.986188 0.008000
vn -0.157531 0.987375 0.016031
vn -0.149469 0.988625 -0.015937
vn -0.150656 0.988437 0.016062
vn 0.992969 -0.118094 0.000000
vn 0.976250 -0.213031 -0.039000
vn -0.126062 0.244125 0.961500
vn 0.157250 -0.796344 -0.584000
vn -0.046937 -0.998844 0.007969
vn 0.086813 0.990125 0.109781
vn 0.000000 0.997469 0.070813
vn 0.998344 -0.054906 -0.015969
vn 0.985750 -0.031031 -0.165281
vn 0.118406 -0.236813 0.964312
vn 0.181594 -0.260844 0.948125
vn -0.994000 0.094187 -0.055094
vn 0.717344 0.646312 0.260125
vn 0.969250 -0.110000 0.220031
vn -0.071062 -0.985000 -0.157156
vn -0.046937 -0.998844 -0.007969
vn 0.188562 -0.785281 0.589688
vn 0.030938 -0.849031 0.527406
vn -0.323375 -0.946125 0.016000
vn -0.990531 -0.054906 -0.125813
vn -0.897344 -0.440656 -0.023969
vn -0.030906 -0.282344 -0.958781
vn -0.008000 -0.963188 -0.268594
vn 0.030875 -0.996406 -0.078687
vn -0.038906 -0.998125 -0.046906
vn -0.047031 -0.985125 -0.165187
vn -0.220687 -0.079250 0.972094
vn 0.055031 0.417469 0.907000
vn 0.007969 -0.897563 -0.440781
vn 0.039063 -0.883906 -0.466000
vn 0.015969 -0.834531 -0.550687
vn 0.063156 -0.505469 -0.860500
vn 0.062844 -0.997969 -0.007969
vn 0.102281 -0.994750 0.000000
vn 0.047031 0.110063 0.992781
vn 0.046906 -0.038906 0.998125
vn -0.259313 0.298219 0.918594
vn 0.078750 -0.996844 0.007969
vn -0.046813 0.070719 -0.996375
vn 0.101938 -0.078969 -0.991625
vn 0.087063 0.079062 -0.993031
vn -0.204906 -0.078938 -0.975563
vn -0.038938 -0.999094 0.015969
vn -0.109719 -0.950625 -0.290250
vn -0.024031 -0.993594 -0.110156
vn -0.094125 -0.977375 -0.189250
vn -0.496875 -0.788406 -0.362625
vn 0.063125 -0.260625 -0.963344
vn 0.023969 -0.023969 -0.999406
vn -0.990500 -0.070875 -0.117812
vn 0.000000 -0.165344 -0.986219
vn -0.093750 -0.109719 -0.989500
vn 0.062844 -0.015937 -0.997875
vn 0.070813 0.000000 -0.997469
vn 0.995531 -0.094312 0.000000
vn 0.976156 -0.205031 -0.071000
vn 0.955344 -0.291687 -0.047094
vn -0.063125 -0.197437 -0.978250
vn -0.071062 -0.985000 0.157156
vn -0.934906 -0.314281 0.164625
vn -0.055062 -0.433656 0.899375
vn -0.063156 -0.986594 -0.150375
vn -0.934906 -0.314281 -0.164625
vn -0.921250 -0.362094 -0.142031
vn -0.015969 -0.125969 -0.991875
vn -0.070906 -0.919937 -0.385531
vn -0.071188 0.071188 -0.994906
vn 0.172750 0.974688 -0.141781
vn -0.047156 -0.995719 0.079281
vn -0.251844 -0.936500 -0.243875
vn -0.126344 -0.986687 0.102250
vn -0.007969 -0.998844 0.046937
vn -0.047156 -0.150500 0.987469
vn -0.063000 0.268063 0.961312
vn 0.117594 -0.980656 -0.156438
vn 0.015906 -0.932656 -0.360312
vn 0.971438 0.087219 -0.220531
vn 0.865750 -0.141937 -0.479875
vn 0.416250 -0.904375 -0.093813
vn -0.023937 0.251594 -0.967500
vn 0.016031 0.094312 -0.995406
vn -0.023937 0.062844 -0.997719
vn -0.007969 0.046937 -0.998844
vn -0.008000 0.102250 -0.994719
vn -0.023969 -0.999656 0.007969
vn -0.046875 -0.133687 -0.989906
vn 0.000000 0.118094 -0.992969
vn -0.039063 -0.914500 -0.402656
vn -0.165000 -0.866000 -0.472000
vn 0.000000 0.149500 -0.988750
vn -0.030938 0.133781 -0.990500
vn -0.030906 0.188531 -0.981562
vn 0.000000 0.110188 -0.993906
vn -0.008000 0.110188 -0.993875
vn -0.007969 -0.928969 -0.369969
vn 0.008000 -0.900719 -0.434312
vn -0.007969 -0.259125 -0.965781
vn -0.730125 -0.644344 -0.227406
vn -0.980563 -0.188313 -0.054781
vn -0.086656 0.015937 -0.996094
vn -0.054906 0.015969 -0.998344
vn 0.039125 0.987813 -0.150562
vn -0.016000 -0.984750 -0.173125
vn -0.117688 -0.958562 -0.259344
vn 0.070937 -0.826375 0.558594
vn -0.007969 -0.975469 0.219875
vn -0.008000 -0.984844 0.173125
vn -0.038844 -0.729594 0.682750
vn -0.188594 -0.973969 0.125719
vn 0.205125 -0.063031 0.976687
vn 0.024031 0.102250 0.994438
vn -0.125719 -0.188594 0.973969
vn 0.377031 -0.918656 0.117688
vn 0.330438 -0.935406 0.125781
vn -0.007938 -0.556281 0.830938
vn -0.432031 -0.833156 0.345219
vn -0.991469 -0.054969 -0.117937
vn 0.031063 -0.994250 -0.102219
vn 0.007969 -0.999656 -0.023969
vn 0.000000 0.205531 -0.978625
vn 0.031031 0.402750 -0.914750
vn -0.220687 -0.079250 -0.972094
vn 0.024062 -0.094281 -0.995250
vn -0.063219 0.142531 -0.987750
vn -0.888844 -0.259656 -0.377500
vn -0.965531 0.023906 -0.259062
vn -0.023937 0.054875 -0.998187
vn -0.936656 0.054969 -0.345875
vn -0.996125 0.087344 0.008031
vn -0.510562 -0.824687 -0.243312
vn 0.062875 0.125750 -0.990062
vn 0.047031 0.559375 -0.827563
vn 0.071000 0.732281 -0.677250
vn -0.149250 0.218906 -0.964250
vn 0.125687 0.393063 -0.910844
vn -0.164969 -0.282937 -0.944812
vn -0.023937 -0.054875 -0.998187
vn -0.165063 -0.220094 -0.961406
vn -0.015937 0.259094 -0.965688
vn -0.882531 -0.268156 0.386219
vn -0.965531 0.023906 0.259062
vn -0.093781 -0.911156 0.401188
vn 0.047000 -0.811063 0.583031
vn 0.007969 -0.998844 0.046937
vn -0.054875 -0.997719 -0.038906
vn -0.063219 -0.979781 -0.189719
vn -0.007969 -0.999469 -0.030969
vn 0.996188 0.007969 -0.086656
vn 0.949000 -0.030844 -0.313656
vn 0.999406 0.023969 -0.023969
vn 0.094000 0.260000 0.961000
vn -0.016031 0.340156 0.940219
vn 0.000000 -0.987500 0.157531
vn 0.844000 -0.402469 -0.354406
vn 0.008000 0.102250 0.994719
vn -0.998750 0.015969 0.046937
vn -0.990062 0.062875 0.125750
vn -0.999719 0.015969 0.015969
vn 0.101938 -0.078969 0.991625
vn -0.046750 -0.313469 0.948438
vn -0.914187 0.047031 0.402500
vn -0.007969 0.023969 0.999656
vn 0.031094 -0.157469 0.987031
vn -0.980563 -0.188313 0.054781
vn -0.730125 -0.644344 0.227406
vn -0.983969 0.125969 0.125969
vn -0.054875 0.023937 0.998187
vn 0.733719 -0.150344 -0.662562
vn 0.441344 -0.630469 0.638500
vn 0.604312 -0.777812 0.172500
vn 0.900750 -0.410250 0.142438
vn 0.832531 -0.526438 0.172469
vn -0.149344 -0.046781 -0.987656
vn -0.093969 0.196969 -0.975875
vn -0.007969 -0.737781 -0.674969
vn -0.015937 -0.683187 -0.730062
vn -0.102063 -0.906656 -0.409281
vn -0.016031 -0.363000 -0.931625
vn -0.070937 0.109906 -0.991375
vn -0.125719 -0.904188 -0.408156
vn -0.172813 -0.960094 -0.219781
vn -0.063000 -0.866000 -0.496000
vn -0.078813 0.243406 -0.966688
vn -0.471344 -0.172750 -0.864844
vn -0.385938 -0.920875 0.054969
vn -0.424563 -0.905062 -0.023969
vn -0.087281 -0.979469 -0.181625
vn 0.008000 0.963188 -0.268594
vn -0.188656 0.951344 -0.243563
vn 0.071031 0.890531 -0.449281
vn 0.597250 0.007969 -0.802000
vn -0.007969 0.408812 -0.912562
vn -0.282469 0.762594 -0.581906
vn 0.062844 0.015937 -0.997875
vn -0.997969 -0.062844 0.007969
vn -0.007969 0.818406 -0.574562
vn -0.172750 -0.660094 -0.731000
vn -0.038906 -0.251469 -0.967062
vn 0.999563 0.015969 -0.023969
vn 0.700125 0.668156 -0.251687
vn 0.220031 0.969250 -0.110000
vn 0.995687 -0.087312 0.031094
vn -0.692219 0.338625 -0.637281
vn -0.078719 -0.015937 -0.996750
vn -0.463781 0.533625 -0.707187
vn -0.118094 0.016000 -0.992844
vn -0.323156 0.039000 -0.945531
vn 0.030969 -0.007969 -0.999469
vn 0.433437 0.063062 -0.898938
vn 0.251656 -0.015969 -0.967656
vn 0.353031 -0.046844 -0.934406
vn -0.038844 0.078687 -0.996125
vn -0.038969 -0.007969 -0.999188
vn -0.979781 -0.063219 -0.189719
vn -0.219812 -0.023969 -0.975219
vn -0.196281 -0.007969 -0.980500
vn -0.197781 0.024094 -0.979937
vn 0.553344 -0.830531 -0.063250
vn 0.678219 -0.733312 -0.047063
vn 0.812125 -0.575781 -0.094125
vn 0.766000 -0.426125 -0.481250
vn -0.030969 -0.030969 -0.999031
vn 0.385875 -0.243906 -0.889719
vn -0.117719 -0.149625 -0.981687
vn 0.180250 -0.572656 -0.799719
vn 0.733031 -0.055062 -0.677938
vn 0.007969 -0.999812 0.015969
vn -0.985750 0.031031 -0.165281
vn -0.157281 -0.181313 -0.970750
vn 0.281781 -0.948969 -0.141375
vn -0.047031 0.165187 0.985125
vn -0.015937 -0.062844 -0.997875
vn -0.173375 0.963156 -0.205437
vn -0.165063 0.961406 -0.220094
vn -0.125500 0.988281 -0.086656
vn -0.533469 0.840594 -0.093719
vn -0.275813 0.960406 -0.038969
vn -0.244156 0.969688 -0.008000
vn -0.141656 -0.023937 -0.989625
vn -0.894781 -0.141469 -0.423469
vn -0.899375 0.433656 0.055062
vn -0.046969 0.983781 -0.172937
vn 0.062906 0.967781 -0.243687
vn -0.268594 -0.963188 0.008000
vn 0.117906 0.968375 -0.219844
vn 0.126500 0.988094 -0.087344
vn 0.997000 0.030906 0.070781
vn 0.999406 0.023969 0.023969
vn -0.692219 0.338625 0.637281
vn -0.142219 -0.851406 0.504812
vn -0.695531 -0.553000 0.458656
vn 0.086625 -0.995938 -0.023875
vn 0.023875 0.752594 0.658031
vn -0.157469 0.276844 0.947906
vn 0.024062 0.710875 0.702875
vn -0.315500 0.647031 0.694094
vn -0.134500 -0.489875 0.861313
vn -0.079062 0.835688 0.543437
vn -0.079250 0.252844 0.964250
vn 0.994187 -0.063125 0.087187
vn 0.992750 -0.063031 0.102063
vn -0.197781 -0.648594 0.734937
vn -0.054875 -0.911219 0.408188
vn -0.086875 -0.401437 0.911750
vn -0.086656 0.015937 0.996094
vn 0.855156 0.007969 0.518281
vn 0.433219 0.071031 0.898469
vn 0.251656 -0.015969 0.967656
vn -0.046844 -0.392875 0.918375
vn 0.008000 0.559969 0.828438
vn 0.039000 0.921562 0.386219
vn -0.276875 0.774437 0.568781
vn 0.007969 0.824719 0.565437
vn -0.282594 0.243656 0.927750
vn 0.087094 0.598813 0.796094
vn -0.015937 -0.683187 0.730062
vn 0.024000 -0.969437 0.244094
vn -0.063000 -0.984250 0.165031
vn 0.000000 -0.965813 0.259125
vn -0.994313 -0.071156 0.079156
vn -0.900469 -0.024062 0.434188
vn 0.039156 0.079313 0.996063
vn 0.969844 -0.118094 0.213156
vn 0.892125 -0.150344 0.426000
vn -0.765750 0.268594 0.584312
vn -0.188688 0.322500 0.927562
vn -0.244125 -0.016000 0.969594
vn 0.109656 0.926125 0.360875
vn 0.605906 0.794906 -0.030969
vn -0.999375 0.030969 -0.015969
vn -0.063219 -0.987750 0.142531
vn 0.087063 -0.969719 0.228156
vn 0.062875 -0.990062 0.125750
vn -0.999656 0.023969 -0.007969
vn -0.188938 0.975781 0.109969
vn -0.228219 0.512469 0.827781
vn -0.235344 0.267250 0.934438
vn -0.969594 -0.244125 0.016000
vn 0.079031 -0.291125 0.953406
vn -0.039063 -0.236437 0.970844
vn 0.055031 -0.907000 0.417469
vn -0.030906 -0.353250 0.935000
vn 0.314219 -0.533687 0.785094
vn -0.024031 -0.110156 0.993594
vn 0.046969 0.975906 -0.212969
vn 0.000000 0.858719 0.512406
vn -0.972188 0.165531 0.165531
vn -0.993750 0.110188 0.016000
vn -0.996375 -0.046813 0.070719
vn -0.873719 -0.117937 0.471844
vn 0.740500 -0.425281 0.520344
vn -0.261031 0.031094 0.964813
vn -0.015937 -0.062844 0.997875
vn -0.039063 -0.102187 0.993969
vn 0.835125 -0.433062 -0.339031
vn -0.724125 -0.685094 0.079000
vn -0.528656 -0.441563 0.724906
vn -0.638531 -0.764625 0.087063
vn 0.914156 -0.244312 -0.323406
vn -0.038844 -0.070750 0.996719
vn -0.984594 0.173094 -0.024000
vn 0.030938 0.038938 -0.998750
vn 0.039094 0.157438 -0.986750
vn -0.141656 0.212500 -0.966812
vn -0.030969 -0.023969 0.999219
vn -0.046906 -0.038906 0.998125
vn -0.417781 0.907687 -0.039063
vn -0.527062 0.848500 -0.046906
vn -0.967781 0.062906 0.243687
vn -0.023969 -0.133813 0.990687
vn -0.557094 0.824188 0.101625
vn -0.093687 0.322000 -0.942062
vn -0.109906 0.527594 -0.842344
vn -0.125687 0.393063 -0.910844
vn -0.999719 0.015969 -0.015969
vn 0.046969 0.975906 0.212969
vn 0.000000 0.858719 -0.512406
vn -0.998000 0.062875 0.000000
vn -0.996188 0.086656 -0.007969
vn -0.873719 -0.117937 -0.471844
vn -0.126219 -0.110188 -0.985844
vn -0.228219 0.512469 -0.827781
vn -0.568062 -0.063094 0.820531
vn 0.796375 -0.559969 -0.228375
vn 0.907313 -0.386562 -0.165219
vn -0.993000 0.071062 0.094094
vn -0.965781 0.259125 -0.007969
vn -0.989563 0.101750 0.101750
vn -0.283406 0.954344 0.094125
vn -0.038938 0.550344 0.834000
vn -0.370500 0.922250 -0.110125
vn -0.243875 -0.219875 -0.944531
vn -0.015937 -0.997344 -0.070813
vn -0.063094 -0.985531 -0.157219
vn 0.054906 0.755125 -0.653250
vn 0.914688 -0.315562 -0.252438
vn -0.086813 0.557875 -0.825344
vn -0.047063 0.710312 -0.702281
vn 0.867125 0.157188 -0.472594
vn 0.926906 0.101750 -0.361187
vn 0.974531 -0.212656 -0.070875
vn 0.567781 -0.812125 -0.134188
vn 0.655875 0.560594 -0.505437
vn 0.007969 -0.991969 0.125969
vn 0.031031 0.623156 -0.781438
vn -0.991250 -0.038969 -0.125906
vn -0.940063 0.024062 -0.340094
vn 0.987063 -0.134406 0.087250
vn 0.000000 -0.719031 -0.694969
vn -0.109906 -0.070937 -0.991375
vn 0.054906 0.015969 -0.998344
vn 0.995250 0.024062 -0.094281
vn 0.998844 -0.007969 -0.046937
vn 0.047125 -0.568563 -0.821250
vn 0.621844 -0.676844 -0.393906
vn 0.102125 -0.962219 -0.252313
vn 0.149875 -0.542625 -0.826469
vn 0.838219 0.537063 -0.094344
vn 0.953062 -0.047000 -0.299000
vn 0.331000 0.921063 -0.205000
vn 0.260750 0.931719 -0.252719
vn -0.986594 0.150375 0.063156
vn -0.986812 0.118313 0.110312
vn -0.989906 0.046875 0.133687
vn -0.875531 0.047063 0.480844
vn -0.431062 -0.901969 0.023875
vn -0.395406 -0.916313 -0.063219
vn -0.078906 -0.983125 0.164844
vn -0.031094 0.157469 0.987031
vn -0.070937 0.109906 0.991375
vn 0.197187 -0.142125 0.970000
vn -0.291031 0.228031 0.929125
vn -0.962156 -0.047031 0.268313
vn -0.994750 0.000000 0.102281
vn -0.063250 -0.063250 0.995969
vn -0.078969 -0.101938 0.991625
vn -0.997969 -0.062844 -0.007969
vn -0.030969 0.023969 -0.999219
vn -0.557875 0.086813 -0.825344
vn 0.164625 -0.314281 -0.934906
vn 0.892125 -0.150344 -0.426000
vn -0.352531 -0.933094 -0.070688
vn -0.329906 -0.941906 -0.062781
vn 0.054750 0.713938 -0.698031
vn -0.904875 0.030938 -0.424469
vn 0.268469 0.741313 -0.615094
vn 0.588812 0.651594 -0.478219
vn 0.446906 0.815219 -0.368281
vn 0.087344 -0.016062 -0.996031
vn 0.047063 0.236344 -0.970500
vn -0.431625 -0.769594 -0.470500
vn 0.988094 0.087344 -0.126500
vn 0.985469 0.079094 -0.150219
vn 0.980563 0.054781 -0.188313
vn 0.046969 -0.212969 -0.975906
vn 0.228406 -0.441781 -0.867531
vn 0.054875 -0.219531 -0.974031
vn 0.133687 0.470906 -0.871969
vn 0.965813 0.000000 0.259125
vn -0.205437 0.031063 0.978156
vn -0.983344 -0.015969 0.180875
vn -0.157531 -0.008000 0.987469
vn -0.219781 0.960094 -0.172813
vn -0.819344 0.559219 -0.126031
vn 0.030875 -0.980062 0.196187
vn 0.015937 -0.980406 0.196281
vn 0.023906 -0.980250 0.196250
vn -0.999375 0.030969 0.015969
vn 0.047063 -0.883594 0.465844
vn 0.007969 -0.897563 0.440781
vn 0.008000 -0.844281 0.535812
vn 0.078938 -0.416781 0.905563
vn -0.007969 -0.133844 0.990937
vn -0.505719 -0.860906 0.055188
vn 0.989031 -0.062781 0.133594
vn 0.102250 0.016031 0.994625
vn -0.031031 0.993406 -0.110156
vn 0.047031 0.866781 -0.496437
vn -0.008000 0.987469 -0.157531
vn -0.087125 0.071094 0.993625
vn 0.079313 -0.039156 0.996063
vn -0.283938 -0.948187 -0.142469
vn -0.978156 -0.031063 -0.205437
vn -0.063156 -0.986594 0.150375
vn -0.521844 -0.853031 0.000000
vn 0.141531 -0.988813 0.046844
vn 0.172937 -0.983781 0.046969
vn 0.000000 0.997469 -0.070813
vn 0.000000 0.086656 0.996219
vn -0.973312 0.227344 0.030906
vn -0.031094 -0.094281 0.995031
vn -0.078687 -0.996125 -0.038844
vn -0.251656 -0.967750 -0.007969
vn 0.000000 -0.188625 -0.982031
vn 0.172750 0.974688 0.141781
vn 0.982000 -0.054875 -0.180625
vn -0.030906 -0.981562 0.188531
vn 0.450281 0.024062 0.892531
vn -0.971125 0.236500 -0.031063
vn 0.180688 -0.982406 -0.046906
vn 0.995687 -0.087312 -0.031094
vn -0.996375 -0.046813 -0.070719
vn -0.956875 -0.253000 0.142562
vn 0.979750 -0.197750 0.031094
vn -0.990937 0.007969 -0.133844
vn 0.982000 -0.054875 0.180625
vn -0.007969 -0.070813 -0.997437
vn 0.078687 -0.423344 -0.902500
vn 0.000000 -0.902250 0.431188
vn -0.007969 -0.259125 0.965781
vn -0.699625 0.549937 0.456094
vn 0.102156 -0.993625 -0.047063
vn 0.086656 -0.996188 -0.007969
vn -0.008000 0.244156 0.969688
vn -0.150406 -0.252719 0.955750
vn -0.156781 -0.196750 0.967812
vn -0.330094 -0.133625 -0.934438
vn 0.181719 -0.585312 -0.790156
vn 0.030938 0.046906 -0.998406
vn -0.016000 0.118094 -0.992844
vn -0.418094 -0.291750 -0.860250
vn 0.236156 -0.969656 -0.063031
vn 0.197531 -0.978719 -0.055125
vn 0.219313 -0.070781 -0.973063
vn 0.156719 -0.101812 -0.982375
vn -0.054875 0.038906 -0.997719
vn -0.079125 0.079125 0.993688
vn -0.030906 -0.981562 -0.188531
vn -0.063125 -0.978250 -0.197437
vn 0.973938 -0.078813 -0.212531
vn -0.039156 -0.996063 0.079313
vn -0.156656 -0.880156 0.448063
vn -0.024000 -0.606031 0.795062
vn -0.126250 0.954938 -0.268531
vn -0.024031 -0.978344 0.205469
vn 0.007969 -0.988719 0.149500
vn -0.102125 0.252313 0.962219
vn -0.030906 -0.973312 0.227344
vn -0.754750 -0.542094 0.369375
vn 0.983406 0.101938 -0.149906
vn -0.511688 -0.306812 -0.802500
vn -0.126281 0.236563 -0.963344
vn -0.227781 0.267750 -0.936156
vn -0.994313 -0.071156 -0.079156
vn -0.995250 -0.024062 -0.094281
vn 0.982000 -0.007969 -0.188594
vn -0.196562 -0.872125 -0.448031
vn 0.982750 0.180750 0.038938
vn 0.015969 0.959125 -0.282438
vn -0.914187 0.047031 -0.402500
vn 0.007969 0.666625 -0.745344
vn 0.031031 0.741437 -0.670281
vn -0.932719 -0.324281 -0.157625
vn 0.024031 0.102250 -0.994438
vn -0.276875 -0.892844 0.355125
vn -0.626844 -0.626844 0.462656
vn -0.378219 -0.921594 0.087031
vn -0.891563 0.346594 -0.291500
vn -0.979062 0.165500 -0.118344
vn -0.126094 0.677531 -0.724563
vn -0.118063 0.583375 -0.803531
vn 0.000000 0.408812 -0.912594
vn 0.030969 0.763219 -0.645344
vn -0.016031 -0.165344 -0.986094
vn -0.062937 0.385750 -0.920438
vn 0.063031 -0.205125 -0.976687
vn -0.031094 0.157469 -0.987031
vn 0.023969 -0.990687 0.133813
vn -0.992781 0.047031 0.110063
vn -0.008000 -0.987469 -0.157531
vn -0.219313 -0.368844 0.903219
vn -0.936656 0.054969 0.345875
vn -0.959219 0.062875 0.275469
vn 0.023875 0.086625 0.995938
vn -0.911750 -0.393438 0.117812
vn -0.016031 -0.994625 -0.102250
vn -0.062844 -0.997875 0.015937
vn -0.887844 0.416000 -0.196500
vn 0.260938 0.324156 -0.909281
vn -0.063031 0.102063 -0.992750
vn -0.189500 0.458250 -0.868375
vn -0.906750 -0.402312 -0.126094
vn 0.086906 0.101875 -0.990969
vn -0.046844 -0.062781 -0.996906
vn -0.054969 0.322937 -0.944812
vn -0.212656 -0.369406 -0.904594
vn 0.047000 -0.937031 -0.346000
vn 0.039063 -0.205375 -0.977875
vn 0.007969 0.086656 0.996188
vn -0.985656 0.102156 -0.134219
vn 0.996375 -0.046813 -0.070719
vn -0.472969 -0.710469 0.521062
vn -0.691813 0.416281 0.589969
vn 0.345469 -0.927625 0.141781
vn 0.267375 0.314250 0.910875
vn -0.007969 -0.928969 0.369969
vn -0.008000 -0.954094 0.299344
vn -0.093750 0.109719 0.989500
vn 0.416250 -0.904375 0.093813
vn -0.023969 -0.125938 0.991719
vn 0.937125 -0.150000 -0.315031
vn -0.976875 0.213188 0.016000
vn -0.960187 -0.212812 0.180844
vn 0.071062 0.630625 0.772781
vn 0.030969 0.763219 0.645344
vn -0.062844 0.007969 0.997969
vn -0.046875 -0.872156 0.486969
vn -0.063031 0.709687 0.701656
vn 0.268562 0.417875 0.867875
vn 0.062750 -0.062750 0.996031
vn 0.030938 0.251563 0.967344
vn -0.235875 0.078938 -0.968562
vn -0.985750 -0.031031 -0.165281
vn -0.995031 -0.094281 0.031094
vn -0.995406 -0.094312 0.016031
vn -0.251656 0.007969 -0.967750
vn -0.961000 0.094000 -0.260000
vn -0.932906 0.094375 -0.347438
vn -0.078969 -0.101938 -0.991625
vn -0.982938 -0.062906 -0.172813
vn -0.984406 0.031000 -0.173063
vn -0.977156 -0.079094 -0.197219
vn -0.986094 0.016031 -0.165344
vn -0.819656 -0.181125 -0.543437
vn -0.951688 -0.015969 -0.306563
vn 0.015937 -0.980406 -0.196281
vn 0.030875 -0.980062 -0.196187
vn 0.023906 -0.980250 -0.196250
vn -0.969250 0.031000 -0.244062
vn 0.023969 -0.991719 -0.125938
vn 0.235656 0.951688 -0.196719
vn 0.038969 -0.243969 -0.968969
vn 0.038906 0.046906 -0.998125
vn 0.165406 -0.244594 -0.955375
vn -0.243938 -0.180937 -0.952750
vn -0.930719 -0.047063 -0.362656
vn -0.953406 -0.039000 -0.299125
vn 0.912469 -0.015969 -0.408750
vn -0.963188 -0.008000 -0.268594
vn -0.960813 0.070969 -0.267938
vn -0.724125 -0.685094 -0.079000
vn -0.638531 -0.764625 -0.087063
vn -0.983906 0.133969 -0.117969
vn 0.769781 -0.338000 0.541438
vn 0.958188 -0.282156 -0.046844
vn -0.063219 -0.071219 -0.995438
vn 0.000000 -0.999844 -0.015969
vn 0.378469 -0.922188 -0.079094
vn -0.086656 0.275000 0.957500
vn -0.024000 0.118063 0.992688
vn -0.180812 0.983000 -0.030969
vn -0.881250 0.471594 -0.030969
vn -0.054844 0.133656 0.989500
vn -0.039000 0.173000 0.984125
vn 0.275344 -0.141656 0.950813
vn 0.023969 -0.849187 -0.527500
vn -0.087187 0.063125 -0.994187
vn -0.879562 0.290188 -0.376938
vn -0.955656 0.291813 0.039094
vn -0.188562 0.981750 -0.023937
vn -0.927625 -0.054906 0.369437
vn 0.999844 -0.015969 0.000000
vn 0.205437 0.963156 0.173375
vn 0.649312 -0.031156 0.759875
vn 0.787531 -0.173094 0.591406
vn -0.015937 0.965688 0.259094
vn -0.078906 0.164844 0.983125
vn -0.717594 0.063031 0.693563
vn 0.030969 -0.023969 0.999219
vn 0.070781 0.030906 0.997000
vn 0.996375 -0.046813 0.070719
vn 0.991719 -0.023969 0.125938
vn 0.016000 -0.937937 0.346344
vn -0.998750 -0.015969 0.046937
vn 0.912469 -0.015969 0.408750
vn 0.023969 -0.991719 0.125938
vn -0.456750 0.007969 0.889531
vn -0.007969 -0.737781 0.674969
vn -0.251656 0.007969 0.967750
vn -0.951688 -0.015969 0.306563
vn 0.212688 -0.306563 -0.927750
vn 0.008000 0.205531 -0.978594
vn 0.339312 0.142125 0.929844
vn 0.597250 0.007969 0.802000
vn -0.251812 0.416719 0.873438
vn -0.323438 0.339469 0.883219
vn 0.024094 -0.988281 0.150625
vn -0.133563 -0.972938 -0.188406
vn -0.260125 -0.850438 -0.457219
vn 0.999094 0.038938 0.015969
vn -0.568062 -0.063094 -0.820531
vn -0.023969 -0.999406 0.023969
vn -0.015969 -0.991875 0.125969
vn -0.023969 0.834406 0.550594
vn -0.496969 -0.867719 -0.008000
vn -0.015969 -0.180875 0.983344
vn -0.070813 -0.997469 0.000000
vn -0.046813 -0.070719 0.996375
vn -0.126219 -0.110188 0.985844
vn -0.268187 -0.575437 0.772594
vn -0.117500 0.101563 0.987844
vn -0.891344 -0.102125 0.441656
vn -0.054844 0.330063 0.942344
vn -0.978000 0.189375 0.087156
vn -0.117719 -0.149625 0.981687
vn 0.189125 -0.575469 0.795625
vn -0.939812 -0.260781 -0.220656
vn -0.542750 0.834594 0.093938
vn -0.109844 0.990781 0.078875
vn -0.243969 0.968969 0.038969
vn -0.746500 0.659656 0.086813
vn -0.915563 0.379031 -0.134375
vn -0.629969 -0.621969 -0.464969
vn -0.038938 -0.023969 0.998937
vn -0.063062 0.449500 -0.891031
vn -0.023969 0.125938 -0.991719
vn -0.024000 0.118063 -0.992688
vn -0.991750 0.086969 -0.093969
vn 0.046937 -0.125844 -0.990906
vn 0.999094 0.038938 -0.015969
vn -0.054969 -0.991469 -0.117937
vn 0.117906 -0.936312 -0.330750
vn 0.070813 -0.989531 -0.125656
vn -0.991875 -0.015969 0.125969
vn -0.923031 -0.370813 -0.102219
vn 0.087219 -0.971438 -0.220531
vn 0.046906 -0.023937 -0.998594
vn -0.636500 0.762219 -0.117719
vn -0.640375 0.758844 -0.118437
vn -0.509562 0.823062 -0.250781
vn 0.094125 0.189250 -0.977375
vn 0.164656 0.644687 -0.746469
vn 0.927781 -0.338531 -0.156781
vn -0.016062 -0.087344 -0.996031
vn -0.133312 0.564125 -0.814844
vn 0.904938 -0.086875 -0.416500
vn -0.008000 -0.915156 -0.402938
vn 0.197344 -0.977719 0.071125
vn 0.936938 -0.180969 -0.298969
vn 0.938219 -0.142188 -0.315406
vn 0.875125 -0.457594 -0.157188
vn 0.000000 0.418094 -0.908375
vn 0.788406 0.339594 -0.512906
vn 0.867312 0.488719 -0.094125
vn 0.212750 0.133844 0.967875
vn 0.627375 0.509875 0.588531
vn 0.361469 -0.093844 0.927625
vn 0.786500 0.345781 0.511656
vn 0.871219 0.478469 0.109625
vn 0.616031 0.544813 -0.568875
vn 0.212750 0.133844 -0.967875
vn 0.361469 -0.093844 -0.927625
# 5114 normals

vt 1.690400 1.252400 0.000000
vt 1.702100 1.294200 0.000000
vt 1.678700 1.282700 0.000000
vt 1.656200 0.591100 0.000000
vt 1.675800 0.592300 0.000000
vt 1.660200 0.569800 0.000000
vt 1.592800 1.111800 0.000000
vt 1.608400 1.124500 0.000000
vt 1.593800 1.127900 0.000000
vt 1.666000 0.609900 0.000000
vt 1.575200 0.390600 0.000000
vt 1.576200 0.492700 0.000000
vt 1.593800 0.399900 0.000000
vt 1.638700 1.119000 0.000000
vt 1.476600 1.647500 0.000000
vt 1.475600 1.661100 0.000000
vt 1.467800 1.654300 0.000000
vt 1.638700 0.614500 0.000000
vt 1.659200 0.610400 0.000000
vt 1.660200 0.609900 0.000000
vt 1.487300 1.040100 0.000000
vt 1.498000 1.077200 0.000000
vt 1.480500 1.136400 0.000000
vt 1.587900 0.502400 0.000000
vt 1.586900 0.525400 0.000000
vt 1.597700 0.459000 0.000000
vt 1.486300 1.041900 0.000000
vt 1.438500 1.122900 0.000000
vt 1.436500 1.059300 0.000000
vt 1.932600 1.678200 0.000000
vt 1.946300 1.699700 0.000000
vt 1.927700 1.704600 0.000000
vt 1.431600 1.392600 0.000000
vt 1.450200 1.393800 0.000000
vt 1.446300 1.432400 0.000000
vt 1.540000 0.477100 0.000000
vt 1.540000 0.371100 0.000000
vt 1.514600 0.361800 0.000000
vt 1.586900 0.457500 0.000000
vt 1.481400 1.135700 0.000000
vt 1.633800 0.455600 0.000000
vt 1.647500 0.428700 0.000000
vt 1.598600 0.458000 0.000000
vt 1.518600 1.101000 0.000000
vt 1.927700 1.715300 0.000000
vt 1.019500 1.812500 0.000000
vt 1.031200 1.808100 0.000000
vt 1.017600 1.851100 0.000000
vt 1.585900 0.345700 0.000000
vt 1.598600 0.356400 0.000000
vt 1.012700 1.804200 0.000000
vt 1.030300 1.804200 0.000000
vt 1.916000 1.716800 0.000000
vt 1.333000 1.803700 0.000000
vt 1.445300 1.804200 0.000000
vt 1.430700 1.839400 0.000000
vt 1.655300 1.693800 0.000000
vt 1.657200 1.653300 0.000000
vt 1.671900 1.745100 0.000000
vt 1.587900 0.342300 0.000000
vt 1.597700 0.355000 0.000000
vt 1.629900 0.346200 0.000000
vt 0.569300 1.566400 0.000000
vt 0.689000 1.510700 0.000000
vt 0.573700 1.473400 0.000000
vt 1.381800 1.015300 0.000000
vt 1.436500 1.016300 0.000000
vt 1.387700 1.031200 0.000000
vt 1.628900 0.341300 0.000000
vt 1.640600 0.325700 0.000000
vt 1.586900 0.323200 0.000000
vt 1.437500 1.059400 0.000000
vt 1.933600 1.732900 0.000000
vt 1.542000 0.324200 0.000000
vt 1.445300 1.172600 0.000000
vt 1.446300 1.151900 0.000000
vt 1.455100 1.164300 0.000000
vt 1.515600 0.361800 0.000000
vt 1.509800 0.299300 0.000000
vt 1.502900 0.351100 0.000000
vt 1.540000 0.302200 0.000000
vt 1.621100 1.010600 0.000000
vt 1.649400 1.011300 0.000000
vt 1.610400 1.021500 0.000000
vt 1.926800 1.733900 0.000000
vt 1.435500 1.507300 0.000000
vt 0.682100 1.589400 0.000000
vt 1.684600 1.053500 0.000000
vt 1.638700 1.059300 0.000000
vt 1.600600 1.057800 0.000000
vt 0.688500 1.468500 0.000000
vt 0.578600 1.456300 0.000000
vt 1.610400 1.087300 0.000000
vt 1.640600 1.084600 0.000000
vt 1.912100 1.734400 0.000000
vt 1.692400 0.458500 0.000000
vt 1.704100 0.354000 0.000000
vt 1.671900 0.419400 0.000000
vt 1.672900 0.374500 0.000000
vt 1.684600 1.054700 0.000000
vt 1.670900 0.374500 0.000000
vt 1.597700 0.356400 0.000000
vt 1.599600 1.137700 0.000000
vt 1.631800 1.129300 0.000000
vt 1.674800 1.128400 0.000000
vt 1.929700 1.740200 0.000000
vt 1.455100 1.528800 0.000000
vt 1.650400 1.748500 0.000000
vt 1.576200 1.703600 0.000000
vt 1.656200 1.590300 0.000000
vt 1.637700 1.614300 0.000000
vt 1.580100 1.612300 0.000000
vt 1.675800 0.347200 0.000000
vt 0.695800 1.374500 0.000000
vt 0.701700 1.293200 0.000000
vt 0.590300 1.320800 0.000000
vt 1.674800 1.127800 0.000000
vt 1.676800 1.132400 0.000000
vt 1.603500 1.146200 0.000000
vt 0.595200 1.287600 0.000000
vt 1.556600 0.658200 0.000000
vt 1.575200 0.716800 0.000000
vt 1.580100 0.618900 0.000000
vt 1.679700 1.145400 0.000000
vt 1.604500 1.147000 0.000000
vt 1.677700 1.133500 0.000000
vt 1.927700 1.759800 0.000000
vt 0.583500 1.374000 0.000000
vt 1.674800 0.324700 0.000000
vt 1.601600 1.157500 0.000000
vt 1.679700 1.138700 0.000000
vt 1.647500 1.169300 0.000000
vt 0.567400 1.642600 0.000000
vt 1.659200 1.182600 0.000000
vt 1.655300 1.179400 0.000000
vt 1.647500 1.168800 0.000000
vt 1.476600 1.656200 0.000000
vt 1.467800 1.443100 0.000000
vt 1.478500 1.439900 0.000000
vt 1.477500 1.515600 0.000000
vt 1.590800 0.283700 0.000000
vt 1.541000 0.258300 0.000000
vt 1.658200 1.185500 0.000000
vt 1.608400 1.181500 0.000000
vt 1.509800 0.259300 0.000000
vt 1.461900 1.176900 0.000000
vt 1.445300 1.720200 0.000000
vt 1.447300 1.754400 0.000000
vt 1.437500 1.715300 0.000000
vt 1.476600 1.139600 0.000000
vt 1.473600 1.157200 0.000000
vt 1.677700 0.288100 0.000000
vt 1.704100 0.295900 0.000000
vt 1.704100 0.320300 0.000000
vt 1.479500 1.171900 0.000000
vt 1.485400 1.142800 0.000000
vt 1.435500 1.644500 0.000000
vt 1.508800 1.595700 0.000000
vt 1.492200 1.606400 0.000000
vt 1.489300 1.590800 0.000000
vt 0.569800 1.740700 0.000000
vt 0.677700 1.651400 0.000000
vt 1.675800 1.131600 0.000000
vt 1.702100 1.132200 0.000000
vt 1.677700 1.139500 0.000000
vt 1.690400 0.115200 0.000000
vt 1.691400 0.103000 0.000000
vt 1.672900 0.114300 0.000000
vt 1.495100 1.710400 0.000000
vt 1.452100 1.699200 0.000000
vt 1.464800 1.699700 0.000000
vt 1.683600 0.074200 0.000000
vt 1.684600 0.055200 0.000000
vt 1.676800 0.082000 0.000000
vt 1.579100 0.618900 0.000000
vt 1.574200 0.716600 0.000000
vt 1.529300 0.651600 0.000000
vt 1.535200 0.597900 0.000000
vt 1.522500 0.636500 0.000000
vt 1.685500 0.074700 0.000000
vt 1.696300 0.062500 0.000000
vt 1.683600 0.054200 0.000000
vt 1.489300 1.723600 0.000000
vt 1.451200 1.713400 0.000000
vt 1.554700 0.606000 0.000000
vt 1.481400 0.584000 0.000000
vt 1.489300 0.591300 0.000000
vt 1.503900 0.508100 0.000000
vt 0.550800 1.096100 0.000000
vt 0.569800 1.090100 0.000000
vt 0.552200 1.081600 0.000000
vt 1.508800 0.595900 0.000000
vt 1.513700 0.548600 0.000000
vt 1.508800 0.596400 0.000000
vt 1.531200 0.555900 0.000000
vt 1.675800 0.093800 0.000000
vt 1.517600 0.513700 0.000000
vt 1.703100 0.090800 0.000000
vt 1.902300 0.012700 0.000000
vt 1.879900 0.010700 0.000000
vt 1.880900 0.071300 0.000000
vt 1.640600 0.085000 0.000000
vt 1.437500 1.693400 0.000000
vt 1.452100 1.679200 0.000000
vt 1.487300 1.439700 0.000000
vt 1.629900 1.575200 0.000000
vt 1.510700 0.495600 0.000000
vt 1.707000 0.085900 0.000000
vt 1.445300 0.575400 0.000000
vt 1.460000 0.581300 0.000000
vt 1.471700 0.575400 0.000000
vt 1.400400 0.610400 0.000000
vt 1.408200 0.600600 0.000000
vt 1.403300 0.560100 0.000000
vt 1.267600 0.649200 0.000000
vt 1.283200 0.653800 0.000000
vt 1.285200 0.634000 0.000000
vt 1.268600 0.621300 0.000000
vt 1.133800 0.711200 0.000000
vt 1.133800 0.705300 0.000000
vt 1.113300 0.729500 0.000000
vt 1.141600 0.736600 0.000000
vt 1.150400 0.723900 0.000000
vt 1.295900 0.641100 0.000000
vt 1.270500 0.619400 0.000000
vt 1.278300 0.613300 0.000000
vt 1.292000 0.668000 0.000000
vt 1.265600 0.666500 0.000000
vt 1.269500 0.677000 0.000000
vt 1.265600 0.659900 0.000000
vt 1.214800 0.665000 0.000000
vt 1.255900 0.681600 0.000000
vt 1.247100 0.665000 0.000000
vt 1.248000 0.615200 0.000000
vt 1.243200 0.640900 0.000000
vt 1.189500 0.756800 0.000000
vt 1.203100 0.722700 0.000000
vt 1.188500 0.736600 0.000000
vt 1.232400 0.619600 0.000000
vt 1.130900 0.737300 0.000000
vt 1.313500 0.651900 0.000000
vt 1.323200 0.672400 0.000000
vt 1.336900 0.657200 0.000000
vt 1.214800 0.718300 0.000000
vt 1.180700 0.750500 0.000000
vt 1.486300 1.683100 0.000000
vt 1.495100 1.696800 0.000000
vt 1.247100 0.659700 0.000000
vt 1.185500 0.710200 0.000000
vt 1.168900 0.709200 0.000000
vt 1.151400 0.703400 0.000000
vt 1.219700 0.716300 0.000000
vt 1.217800 0.705800 0.000000
vt 1.202100 0.702100 0.000000
vt 1.213900 0.716800 0.000000
vt 1.228500 0.702100 0.000000
vt 1.210900 0.688000 0.000000
vt 1.185500 0.710000 0.000000
vt 1.201200 0.703100 0.000000
vt 1.212900 0.664300 0.000000
vt 1.217800 0.673800 0.000000
vt 1.218800 0.675500 0.000000
vt 1.216800 0.672400 0.000000
vt 1.170900 0.651900 0.000000
vt 1.135700 0.663800 0.000000
vt 1.191400 0.653600 0.000000
vt 1.222700 0.655000 0.000000
vt 1.220700 0.653800 0.000000
vt 1.220700 0.637200 0.000000
vt 1.222700 0.638400 0.000000
vt 1.222700 0.612100 0.000000
vt 1.160200 0.596700 0.000000
vt 1.134800 0.626700 0.000000
vt 1.202100 0.598900 0.000000
vt 1.250000 0.688000 0.000000
vt 1.252900 0.713600 0.000000
vt 1.253900 0.685800 0.000000
vt 1.277300 0.712600 0.000000
vt 1.251000 0.717000 0.000000
vt 1.252000 0.716300 0.000000
vt 1.132800 0.612500 0.000000
vt 1.133800 0.597900 0.000000
vt 1.127900 0.596200 0.000000
vt 1.140600 0.593000 0.000000
vt 1.157200 0.585400 0.000000
vt 1.127000 0.585700 0.000000
vt 1.109400 0.608200 0.000000
vt 1.104500 0.589800 0.000000
vt 1.126000 0.582000 0.000000
vt 1.126000 0.562300 0.000000
vt 1.156200 0.587200 0.000000
vt 1.279300 0.596900 0.000000
vt 1.223600 0.587900 0.000000
vt 1.251000 0.609100 0.000000
vt 1.278300 0.610800 0.000000
vt 1.595700 1.747100 0.000000
vt 1.579100 1.751000 0.000000
vt 1.894500 0.624000 0.000000
vt 1.895500 0.512200 0.000000
vt 1.868200 0.627400 0.000000
vt 1.294900 0.777200 0.000000
vt 1.288100 0.762100 0.000000
vt 1.274400 0.767800 0.000000
vt 1.257800 0.785900 0.000000
vt 1.442400 0.559600 0.000000
vt 1.264600 0.751200 0.000000
vt 1.265600 0.743700 0.000000
vt 1.247100 0.761600 0.000000
vt 1.293900 0.777100 0.000000
vt 1.297900 0.738500 0.000000
vt 1.283200 0.735100 0.000000
vt 1.279300 0.726100 0.000000
vt 1.288100 0.736100 0.000000
vt 1.263700 0.761800 0.000000
vt 1.275400 0.723600 0.000000
vt 1.652300 0.748500 0.000000
vt 1.655300 0.694100 0.000000
vt 1.650400 0.748000 0.000000
vt 1.671900 0.745400 0.000000
vt 1.790000 0.582000 0.000000
vt 1.790000 0.499500 0.000000
vt 1.895500 0.442900 0.000000
vt 1.869100 0.512000 0.000000
vt 1.211900 0.772500 0.000000
vt 1.236300 0.765900 0.000000
vt 1.219700 0.761100 0.000000
vt 1.216800 0.755700 0.000000
vt 1.218800 0.761400 0.000000
vt 1.236300 0.765300 0.000000
vt 1.409200 0.623800 0.000000
vt 1.239300 0.782600 0.000000
vt 1.222700 0.738300 0.000000
vt 1.648400 0.102100 0.000000
vt 1.676800 0.095700 0.000000
vt 1.582000 0.751000 0.000000
vt 1.278300 0.724900 0.000000
vt 1.277300 0.714800 0.000000
vt 1.267600 0.737500 0.000000
vt 1.221700 0.738300 0.000000
vt 1.270500 0.731000 0.000000
vt 1.219700 0.732700 0.000000
vt 1.276400 0.724900 0.000000
vt 1.214800 0.718000 0.000000
vt 1.776400 0.515100 0.000000
vt 1.219700 0.733900 0.000000
vt 1.220700 0.724600 0.000000
vt 1.787100 0.440400 0.000000
vt 1.757800 0.116700 0.000000
vt 1.777300 0.172900 0.000000
vt 1.787100 0.157200 0.000000
vt 1.891600 0.182600 0.000000
vt 1.781200 0.157200 0.000000
vt 1.793900 0.439500 0.000000
vt 1.783200 1.180300 0.000000
vt 1.777300 1.172500 0.000000
vt 1.783200 1.068700 0.000000
vt 1.896500 0.071300 0.000000
vt 1.752000 0.010300 0.000000
vt 1.778300 0.010300 0.000000
vt 1.783200 0.010300 0.000000
vt 1.206100 0.757100 0.000000
vt 1.189500 0.757300 0.000000
vt 1.772500 0.387200 0.000000
vt 1.888700 0.286100 0.000000
vt 1.786100 0.361800 0.000000
vt 1.776400 1.514600 0.000000
vt 1.790000 1.499300 0.000000
vt 1.791000 1.628900 0.000000
vt 1.787100 1.440200 0.000000
vt 1.787100 0.361800 0.000000
vt 1.218800 0.734600 0.000000
vt 1.570300 1.715300 0.000000
vt 1.410200 0.639900 0.000000
vt 1.788100 0.625500 0.000000
vt 1.398400 0.634800 0.000000
vt 1.638700 0.119100 0.000000
vt 1.464800 1.700700 0.000000
vt 1.494100 1.710400 0.000000
vt 1.410200 1.639600 0.000000
vt 1.410200 1.654800 0.000000
vt 1.400400 1.694300 0.000000
vt 1.895500 0.370600 0.000000
vt 1.769500 1.421100 0.000000
vt 1.756800 1.215600 0.000000
vt 1.787100 1.368700 0.000000
vt 1.492200 0.606700 0.000000
vt 1.785200 1.284400 0.000000
vt 1.419900 0.606900 0.000000
vt 1.432600 0.619600 0.000000
vt 1.441400 0.601600 0.000000
vt 1.678700 0.082500 0.000000
vt 1.618200 0.094700 0.000000
vt 1.661100 0.093300 0.000000
vt 1.217800 0.718000 0.000000
vt 1.336900 0.693400 0.000000
vt 1.320300 0.695800 0.000000
vt 1.427700 0.636000 0.000000
vt 1.452100 1.714400 0.000000
vt 1.486300 1.735400 0.000000
vt 1.785200 0.625700 0.000000
vt 1.794900 1.441900 0.000000
vt 1.477500 0.516100 0.000000
vt 1.618200 0.095200 0.000000
vt 1.455100 0.529300 0.000000
vt 1.638700 0.059600 0.000000
vt 1.450200 1.712900 0.000000
vt 1.488300 1.725100 0.000000
vt 1.485400 1.732400 0.000000
vt 1.474600 1.826700 0.000000
vt 1.686500 1.737800 0.000000
vt 1.684600 1.657700 0.000000
vt 1.702100 0.679900 0.000000
vt 1.747100 0.733900 0.000000
vt 1.752900 0.671600 0.000000
vt 1.420900 0.580300 0.000000
vt 1.428700 0.589100 0.000000
vt 1.825200 0.675500 0.000000
vt 1.746100 0.670900 0.000000
vt 1.435500 0.571500 0.000000
vt 1.618200 0.092300 0.000000
vt 1.309600 0.771700 0.000000
vt 1.329100 0.764600 0.000000
vt 1.348600 0.753200 0.000000
vt 1.428700 0.587400 0.000000
vt 1.610400 0.087400 0.000000
vt 1.481400 1.782200 0.000000
vt 1.477500 1.767600 0.000000
vt 1.487300 1.754900 0.000000
vt 1.334000 0.721400 0.000000
vt 1.286100 0.738500 0.000000
vt 1.335900 0.721700 0.000000
vt 1.712900 0.651600 0.000000
vt 1.747100 0.656200 0.000000
vt 1.335000 0.711700 0.000000
vt 1.285200 0.734100 0.000000
vt 1.333000 0.720200 0.000000
vt 1.443400 0.522500 0.000000
vt 1.749000 0.650400 0.000000
vt 1.754900 0.653800 0.000000
vt 1.756800 0.672900 0.000000
vt 1.760700 0.644300 0.000000
vt 1.487300 0.439900 0.000000
vt 1.413100 1.393800 0.000000
vt 1.405300 1.558600 0.000000
vt 1.278300 0.726600 0.000000
vt 1.286100 0.732400 0.000000
vt 1.326200 0.706300 0.000000
vt 1.308600 0.709500 0.000000
vt 1.307600 0.709200 0.000000
vt 1.467800 0.443400 0.000000
vt 1.564500 1.048400 0.000000
vt 1.695300 1.035900 0.000000
vt 1.300800 0.689500 0.000000
vt 1.306600 0.708300 0.000000
vt 1.320300 0.696500 0.000000
vt 1.758800 0.627000 0.000000
vt 1.429700 0.522900 0.000000
vt 1.320300 0.695600 0.000000
vt 1.435500 0.507600 0.000000
vt 1.694300 1.041800 0.000000
vt 1.565400 1.050000 0.000000
vt 1.695300 1.034800 0.000000
vt 1.418000 1.697300 0.000000
vt 1.424800 1.671400 0.000000
vt 1.324200 0.327600 0.000000
vt 1.340800 0.160600 0.000000
vt 1.322300 0.165000 0.000000
vt 1.232400 0.366700 0.000000
vt 1.237300 0.356900 0.000000
vt 1.207000 0.385700 0.000000
vt 1.307600 0.275400 0.000000
vt 1.313500 0.166000 0.000000
vt 1.292000 0.219700 0.000000
vt 1.512700 0.373000 0.000000
vt 1.565400 1.052600 0.000000
vt 1.694300 1.041100 0.000000
vt 1.684600 1.051800 0.000000
vt 1.252000 0.365700 0.000000
vt 1.256800 0.263700 0.000000
vt 1.237300 0.356000 0.000000
vt 1.230500 0.363800 0.000000
vt 1.498000 0.364300 0.000000
vt 1.498000 0.404300 0.000000
vt 1.286100 0.018100 0.000000
vt 1.260700 0.050300 0.000000
vt 1.286100 0.056600 0.000000
vt 1.239300 0.042000 0.000000
vt 1.263700 0.019500 0.000000
vt 1.238300 0.023900 0.000000
vt 1.461900 0.603800 0.000000
vt 1.457000 0.617200 0.000000
vt 1.482400 0.622300 0.000000
vt 1.698200 1.010800 0.000000
vt 1.401400 1.693400 0.000000
vt 1.416000 1.528300 0.000000
vt 1.660200 1.568400 0.000000
vt 1.214800 0.266600 0.000000
vt 1.247100 0.207500 0.000000
vt 1.493200 0.605500 0.000000
vt 1.746100 0.219700 0.000000
vt 1.472700 0.590600 0.000000
vt 1.686500 0.053200 0.000000
vt 1.696300 0.053200 0.000000
vt 1.693400 0.042500 0.000000
vt 1.300800 0.169900 0.000000
vt 1.314500 0.169400 0.000000
vt 1.472700 0.590800 0.000000
vt 1.291000 0.151900 0.000000
vt 1.684600 0.053700 0.000000
vt 1.409200 1.703600 0.000000
vt 1.444300 1.702100 0.000000
vt 1.291000 0.058600 0.000000
vt 1.350600 0.064900 0.000000
vt 1.339800 0.156700 0.000000
vt 1.455100 0.588900 0.000000
vt 1.255900 0.068400 0.000000
vt 1.472700 0.591800 0.000000
vt 1.454100 0.589600 0.000000
vt 1.600600 0.058100 0.000000
vt 1.243200 0.056600 0.000000
vt 1.237300 0.042500 0.000000
vt 1.211900 0.053700 0.000000
vt 1.457000 0.584200 0.000000
vt 1.478500 0.583500 0.000000
vt 1.229500 0.073200 0.000000
vt 1.696300 1.053100 0.000000
vt 1.686500 1.053100 0.000000
vt 1.693400 1.042300 0.000000
vt 1.436500 1.715300 0.000000
vt 1.405300 1.712400 0.000000
vt 1.436500 1.645500 0.000000
vt 1.234400 0.085900 0.000000
vt 1.280300 0.163600 0.000000
vt 1.270500 0.304200 0.000000
vt 1.270500 0.156200 0.000000
vt 1.696300 1.062000 0.000000
vt 1.340800 0.266100 0.000000
vt 1.286100 0.361300 0.000000
vt 1.686500 1.075400 0.000000
vt 1.683600 1.053800 0.000000
vt 1.339800 0.311000 0.000000
vt 1.508800 0.435100 0.000000
vt 1.741200 0.264200 0.000000
vt 1.743200 0.278300 0.000000
vt 1.748000 0.219700 0.000000
vt 1.750000 0.322300 0.000000
vt 1.506800 0.434600 0.000000
vt 0.699700 1.041400 0.000000
vt 0.704600 1.038700 0.000000
vt 0.538100 1.068200 0.000000
vt 1.339800 0.360400 0.000000
vt 1.343800 0.325200 0.000000
vt 1.312500 0.373000 0.000000
vt 1.280300 0.370100 0.000000
vt 0.693800 1.048800 0.000000
vt 0.699700 1.041800 0.000000
vt 0.545400 1.073200 0.000000
vt 1.508800 1.434600 0.000000
vt 1.503900 1.507800 0.000000
vt 1.742200 0.313500 0.000000
vt 1.752000 0.322300 0.000000
vt 1.435500 0.365200 0.000000
vt 1.465800 0.365700 0.000000
vt 1.455100 0.355000 0.000000
vt 0.692900 1.059000 0.000000
vt 1.333000 0.371100 0.000000
vt 1.336900 0.398400 0.000000
vt 1.340800 0.380900 0.000000
vt 1.333000 0.369600 0.000000
vt 1.294900 0.097700 0.000000
vt 1.328100 0.098100 0.000000
vt 1.311500 0.100600 0.000000
vt 1.677700 1.081200 0.000000
vt 1.619100 1.091800 0.000000
vt 1.306600 0.111300 0.000000
vt 1.226600 0.106000 0.000000
vt 1.243200 0.088900 0.000000
vt 1.243200 0.089800 0.000000
vt 1.648400 1.101600 0.000000
vt 1.619100 1.094800 0.000000
vt 1.661100 1.093200 0.000000
vt 1.297900 0.119600 0.000000
vt 1.478500 0.440400 0.000000
vt 1.727500 0.114300 0.000000
vt 1.747100 0.116200 0.000000
vt 1.748000 0.107400 0.000000
vt 1.619100 1.094400 0.000000
vt 1.679700 1.081800 0.000000
vt 1.398400 1.727100 0.000000
vt 1.443400 1.522000 0.000000
vt 1.295900 0.117200 0.000000
vt 1.260700 0.141600 0.000000
vt 1.446300 0.432600 0.000000
vt 1.329100 0.127900 0.000000
vt 1.344700 0.131800 0.000000
vt 1.674800 1.093900 0.000000
vt 1.347700 0.129900 0.000000
vt 1.331100 0.127900 0.000000
vt 1.321300 0.116200 0.000000
vt 1.458000 0.434100 0.000000
vt 1.307600 0.116200 0.000000
vt 1.332000 0.127000 0.000000
vt 1.325200 0.106900 0.000000
vt 1.320300 0.114700 0.000000
vt 1.485400 0.426300 0.000000
vt 1.485400 0.417000 0.000000
vt 1.459000 0.428700 0.000000
vt 1.672900 1.113800 0.000000
vt 1.330100 0.098600 0.000000
vt 1.314500 0.114300 0.000000
vt 1.316400 0.104500 0.000000
vt 1.296900 0.118700 0.000000
vt 1.485400 0.432600 0.000000
vt 1.488300 0.440900 0.000000
vt 1.507800 0.435500 0.000000
vt 1.675800 1.095500 0.000000
vt 1.262700 0.144000 0.000000
vt 1.266600 0.148900 0.000000
vt 1.638700 1.815900 0.000000
vt 1.644500 1.819300 0.000000
vt 1.636700 1.827600 0.000000
vt 1.636700 1.791000 0.000000
vt 1.565400 1.791500 0.000000
vt 1.675800 1.591800 0.000000
vt 1.682600 1.588900 0.000000
vt 1.662100 1.546900 0.000000
vt 1.262700 0.365200 0.000000
vt 1.410200 0.655300 0.000000
vt 1.400400 0.696500 0.000000
vt 1.277300 0.164100 0.000000
vt 1.436500 0.646000 0.000000
vt 1.683600 1.074800 0.000000
vt 1.652300 1.839400 0.000000
vt 1.290000 0.168900 0.000000
vt 1.261700 0.144000 0.000000
vt 1.253900 0.180700 0.000000
vt 1.473600 0.382300 0.000000
vt 1.450200 0.394000 0.000000
vt 1.689500 1.102100 0.000000
vt 1.718800 0.058600 0.000000
vt 1.428700 0.392100 0.000000
vt 1.699200 1.089900 0.000000
vt 1.966800 1.664600 0.000000
vt 1.976600 1.678700 0.000000
vt 1.957000 1.684100 0.000000
vt 1.399400 1.627400 0.000000
vt 1.399400 1.693400 0.000000
vt 1.346700 0.015600 0.000000
vt 1.720700 0.010300 0.000000
vt 1.752000 0.010700 0.000000
vt 1.703100 1.085400 0.000000
vt 1.326200 0.098100 0.000000
vt 1.431600 0.393100 0.000000
vt 1.608400 0.125000 0.000000
vt 1.631800 0.129400 0.000000
vt 1.645500 1.800300 0.000000
vt 1.487300 0.346200 0.000000
vt 1.085900 0.736800 0.000000
vt 1.106400 0.687700 0.000000
vt 0.678700 1.072600 0.000000
vt 0.698200 1.072600 0.000000
vt 1.409200 0.454600 0.000000
vt 1.411100 0.394500 0.000000
vt 1.409200 0.453600 0.000000
vt 1.410200 0.394500 0.000000
vt 1.401400 0.432600 0.000000
vt 1.399400 1.715300 0.000000
vt 1.583000 1.791000 0.000000
vt 1.666000 1.609400 0.000000
vt 1.398400 0.462900 0.000000
vt 1.416000 0.528600 0.000000
vt 1.598600 0.136700 0.000000
vt 1.593800 0.128400 0.000000
vt 1.588900 0.788700 0.000000
vt 1.435500 0.802100 0.000000
vt 1.410200 0.810300 0.000000
vt 1.405300 0.560100 0.000000
vt 1.686500 1.115000 0.000000
vt 1.972700 1.705600 0.000000
vt 1.399400 0.695300 0.000000
vt 1.409200 0.394500 0.000000
vt 1.408200 0.365200 0.000000
vt 1.568400 0.790600 0.000000
vt 0.538100 1.068500 0.000000
vt 1.946300 1.700700 0.000000
vt 1.674800 0.116700 0.000000
vt 1.599600 0.138200 0.000000
vt 1.672900 0.127400 0.000000
vt 1.420900 1.773900 0.000000
vt 1.481400 1.583500 0.000000
vt 1.659200 1.610800 0.000000
vt 1.688500 1.502000 0.000000
vt 1.675800 1.546900 0.000000
vt 1.677700 0.134300 0.000000
vt 1.672900 0.126500 0.000000
vt 1.600600 0.138700 0.000000
vt 1.452100 1.777800 0.000000
vt 1.435500 0.645000 0.000000
vt 1.405300 0.712900 0.000000
vt 1.444300 0.702600 0.000000
vt 1.409200 0.703900 0.000000
vt 1.951200 1.747100 0.000000
vt 1.957000 1.758800 0.000000
vt 1.418000 0.697500 0.000000
vt 1.436500 0.695300 0.000000
vt 1.697300 0.122600 0.000000
vt 1.424800 0.671900 0.000000
vt 1.437500 0.693800 0.000000
vt 1.638700 0.816300 0.000000
vt 1.637700 0.791600 0.000000
vt 1.706100 0.132300 0.000000
vt 1.427700 0.657700 0.000000
vt 1.414100 0.668500 0.000000
vt 1.423800 0.659700 0.000000
vt 1.676800 0.140100 0.000000
vt 1.705100 0.151400 0.000000
vt 1.425800 0.657000 0.000000
vt 1.424800 0.668700 0.000000
vt 1.442400 0.668500 0.000000
vt 1.951200 1.747600 0.000000
vt 1.401400 0.694600 0.000000
vt 0.681200 1.093300 0.000000
vt 0.680200 1.078700 0.000000
vt 0.573200 1.096700 0.000000
vt 1.932600 1.758800 0.000000
vt 1.647500 0.799700 0.000000
vt 1.398400 0.716600 0.000000
vt 1.398400 0.729000 0.000000
vt 1.437500 0.715800 0.000000
vt 1.928700 1.741200 0.000000
vt 1.412100 1.394000 0.000000
vt 1.403300 1.558600 0.000000
vt 1.400400 1.474400 0.000000
vt 1.447300 0.754800 0.000000
vt 1.417000 0.771500 0.000000
vt 0.686500 1.108900 0.000000
vt 0.576200 1.127000 0.000000
vt 1.452100 0.778100 0.000000
vt 1.436500 0.715300 0.000000
vt 1.452100 0.699700 0.000000
vt 1.464800 0.700000 0.000000
vt 0.576200 1.112200 0.000000
vt 1.451200 0.697000 0.000000
vt 1.445300 0.703600 0.000000
vt 1.445300 0.720500 0.000000
vt 1.928700 0.798800 0.000000
vt 1.958000 0.755900 0.000000
vt 1.935500 0.759300 0.000000
vt 1.487300 1.743700 0.000000
vt 1.496100 1.711400 0.000000
vt 1.507800 1.712400 0.000000
vt 1.546900 1.792500 0.000000
vt 1.660200 1.568800 0.000000
vt 1.955100 0.786300 0.000000
vt 1.054700 1.624000 0.000000
vt 1.053700 1.653800 0.000000
vt 1.041000 1.593300 0.000000
vt 1.071300 1.620600 0.000000
vt 1.020500 1.603000 0.000000
vt 1.106400 1.687500 0.000000
vt 1.134800 1.626500 0.000000
vt 1.446300 0.629200 0.000000
vt 0.155900 1.610400 0.000000
vt 0.154900 1.586400 0.000000
vt 0.040700 1.604000 0.000000
vt 0.040100 1.719700 0.000000
vt 1.654300 1.118400 0.000000
vt 1.670900 1.120700 0.000000
vt 1.496100 1.709500 0.000000
vt 1.502000 1.690400 0.000000
vt 1.506800 1.711400 0.000000
vt 1.055700 1.677700 0.000000
vt 1.077100 1.694300 0.000000
vt 1.467800 0.630400 0.000000
vt 1.043900 1.682600 0.000000
vt 1.055700 1.688000 0.000000
vt 1.668900 1.122900 0.000000
vt 1.029300 1.707000 0.000000
vt 1.452100 0.713600 0.000000
vt 1.450200 0.699500 0.000000
vt 1.085900 1.736300 0.000000
vt 1.437500 0.712900 0.000000
vt 1.502000 1.689000 0.000000
vt 1.429700 1.522500 0.000000
vt 1.065400 1.722200 0.000000
vt 1.045900 1.706500 0.000000
vt 1.476600 0.647900 0.000000
vt 1.447300 0.635700 0.000000
vt 1.028300 1.720700 0.000000
vt 1.046900 1.720700 0.000000
vt 1.054700 1.743200 0.000000
vt 1.452100 0.679700 0.000000
vt 0.036900 1.712400 0.000000
vt 0.051500 1.685100 0.000000
vt 0.031700 1.700200 0.000000
vt 0.053600 1.709000 0.000000
vt 1.693400 1.122200 0.000000
vt 1.135700 1.663600 0.000000
vt 1.132800 1.666000 0.000000
vt 1.133800 1.705100 0.000000
vt 1.467800 0.654500 0.000000
vt 1.512700 1.757800 0.000000
vt 1.488300 1.753900 0.000000
vt 1.151400 1.703100 0.000000
vt 1.168900 1.707500 0.000000
vt 1.475600 0.661600 0.000000
vt 1.113300 1.729000 0.000000
vt 1.476600 0.656500 0.000000
vt 1.499000 0.646500 0.000000
vt 1.475600 0.650900 0.000000
vt 1.498000 0.663600 0.000000
vt 1.527300 1.700200 0.000000
vt 1.443400 0.669900 0.000000
vt 1.473600 0.669400 0.000000
vt 0.687000 1.116500 0.000000
vt 0.577600 1.134400 0.000000
vt 1.435500 1.571300 0.000000
vt 1.130900 1.736800 0.000000
vt 1.472700 0.668900 0.000000
vt 0.684600 1.125400 0.000000
vt 0.583000 1.142000 0.000000
vt 1.473600 0.668500 0.000000
vt 1.486300 0.683300 0.000000
vt 1.958000 1.759300 0.000000
vt 1.929700 1.799300 0.000000
vt 1.932600 1.757800 0.000000
vt 1.133800 1.710900 0.000000
vt 1.141600 1.736300 0.000000
vt 1.506800 0.628700 0.000000
vt 1.151400 1.723100 0.000000
vt 1.203100 1.722200 0.000000
vt 1.188500 1.735800 0.000000
vt 1.185500 1.709500 0.000000
vt 1.525400 0.700700 0.000000
vt 1.498000 0.660600 0.000000
vt 1.502900 0.690900 0.000000
vt 0.585900 1.153300 0.000000
vt 1.955100 1.786100 0.000000
vt 1.669900 1.507300 0.000000
vt 1.216800 1.717300 0.000000
vt 1.189500 1.756300 0.000000
vt 1.499000 0.645500 0.000000
vt 1.570300 0.063000 0.000000
vt 1.180700 1.751000 0.000000
vt 0.150000 1.722700 0.000000
vt 0.046400 1.733400 0.000000
vt 1.551800 0.102500 0.000000
vt 1.579100 0.083000 0.000000
vt 1.570300 0.062500 0.000000
vt 1.939500 1.798300 0.000000
vt 1.497100 0.664100 0.000000
vt 1.502000 0.690700 0.000000
vt 0.030500 1.613300 0.000000
vt 0.146200 1.735400 0.000000
vt 1.592800 0.112300 0.000000
vt 0.050300 1.627900 0.000000
vt 0.035400 1.600600 0.000000
vt 1.478500 1.780800 0.000000
vt 1.463900 1.765100 0.000000
vt 1.442400 1.559100 0.000000
vt 1.057600 0.580600 0.000000
vt 1.063500 0.588400 0.000000
vt 1.033200 0.586400 0.000000
vt 1.018600 0.609600 0.000000
vt 1.043900 0.591600 0.000000
vt 1.495100 0.710900 0.000000
vt 1.591800 0.111300 0.000000
vt 1.042000 0.589400 0.000000
vt 1.451200 0.713900 0.000000
vt 1.489300 0.723900 0.000000
vt 1.054700 0.666700 0.000000
vt 1.054700 0.624300 0.000000
vt 1.495100 0.697000 0.000000
vt 1.071300 0.620800 0.000000
vt 1.464800 0.701200 0.000000
vt 1.494100 0.710700 0.000000
vt 1.586900 0.096700 0.000000
vt 1.452100 0.714600 0.000000
vt 1.486300 0.736100 0.000000
vt 1.576200 0.123500 0.000000
vt 1.445300 1.575200 0.000000
vt 1.054700 0.666000 0.000000
vt 1.574200 0.123000 0.000000
vt 1.590800 0.111300 0.000000
vt 1.488300 0.725300 0.000000
vt 1.450200 0.713400 0.000000
vt 1.485400 0.732900 0.000000
vt 1.520500 1.729000 0.000000
vt 1.507800 1.712900 0.000000
vt 1.055700 0.743400 0.000000
vt 1.065400 0.722400 0.000000
vt 1.055700 0.688500 0.000000
vt 1.527300 0.700700 0.000000
vt 1.506800 0.711700 0.000000
vt 1.046900 0.720900 0.000000
vt 0.052300 1.603000 0.000000
vt 1.502000 0.689500 0.000000
vt 1.045900 0.707000 0.000000
vt 1.028300 0.721200 0.000000
vt 1.496100 0.709700 0.000000
vt 1.496100 0.711900 0.000000
vt 1.487300 0.744400 0.000000
vt 1.507800 0.712900 0.000000
vt 1.571300 0.062000 0.000000
vt 1.488300 1.744600 0.000000
vt 1.486300 1.729000 0.000000
vt 1.489300 1.722700 0.000000
vt 1.471700 1.575200 0.000000
vt 1.043900 0.682900 0.000000
vt 1.028300 0.708000 0.000000
vt 1.507800 0.713400 0.000000
vt 1.519500 0.734900 0.000000
vt 1.577100 0.084000 0.000000
vt 1.463900 0.765400 0.000000
vt 1.478500 0.781000 0.000000
vt 1.939500 0.798800 0.000000
vt 1.591800 1.110800 0.000000
vt 1.477500 0.767900 0.000000
vt 1.485400 0.744900 0.000000
vt 1.488300 0.756100 0.000000
vt 1.587900 0.093300 0.000000
vt 1.486300 0.729700 0.000000
vt 1.488300 0.745600 0.000000
vt 1.489300 0.723100 0.000000
vt 1.518600 1.728000 0.000000
vt 1.487300 0.744900 0.000000
vt 1.513700 0.759000 0.000000
vt 1.675800 0.131300 0.000000
vt 1.519500 0.729700 0.000000
vt 1.555700 0.702900 0.000000
vt 1.694300 0.252900 0.000000
vt 1.678700 0.282700 0.000000
vt 1.488300 1.755900 0.000000
vt 1.481400 0.782600 0.000000
vt 1.487300 0.755100 0.000000
vt 1.711900 0.258300 0.000000
vt 1.928700 0.799400 0.000000
vt 1.933600 0.820700 0.000000
vt 1.939500 0.800200 0.000000
vt 0.597200 1.254200 0.000000
vt 0.590800 1.230600 0.000000
vt 0.587900 1.250700 0.000000
vt 1.487300 1.744100 0.000000
vt 1.513700 0.760900 0.000000
vt 1.504900 0.780200 0.000000
vt 1.698200 1.345900 0.000000
vt 1.686500 1.462900 0.000000
vt 1.671900 1.418900 0.000000
vt 1.489300 0.754400 0.000000
vt 1.672900 1.371800 0.000000
vt 1.485400 1.744100 0.000000
vt 1.570300 0.744400 0.000000
vt 1.647500 1.428500 0.000000
vt 1.670900 1.371600 0.000000
vt 1.257800 1.564900 0.000000
vt 1.244100 1.515600 0.000000
vt 1.259800 1.397700 0.000000
vt 1.272500 1.530800 0.000000
vt 1.275400 1.399200 0.000000
vt 1.287100 1.513700 0.000000
vt 1.597700 1.355700 0.000000
vt 1.290000 1.520500 0.000000
vt 1.293900 1.401400 0.000000
vt 1.675800 1.346700 0.000000
vt 1.161100 1.374500 0.000000
vt 1.130900 1.408200 0.000000
vt 1.129900 1.293000 0.000000
vt 1.238300 1.349900 0.000000
vt 1.252000 1.364500 0.000000
vt 1.230500 1.363800 0.000000
vt 1.674800 1.324500 0.000000
vt 1.042000 1.830600 0.000000
vt 1.039100 1.848600 0.000000
vt 1.460000 1.581100 0.000000
vt 1.234400 1.375200 0.000000
vt 1.230500 1.364700 0.000000
vt 1.251000 1.366700 0.000000
vt 1.250000 1.392800 0.000000
vt 1.235400 1.402300 0.000000
vt 1.231400 1.364700 0.000000
vt 1.629900 1.345900 0.000000
vt 1.028300 0.939300 0.000000
vt 1.030300 0.902800 0.000000
vt 1.019500 0.919900 0.000000
vt 1.204100 1.516600 0.000000
vt 1.207000 1.366900 0.000000
vt 1.230500 1.543900 0.000000
vt 1.640600 1.325400 0.000000
vt 1.266600 1.579100 0.000000
vt 1.042000 1.831500 0.000000
vt 1.063500 1.836900 0.000000
vt 1.682600 1.468300 0.000000
vt 1.628900 1.340800 0.000000
vt 1.232400 1.482200 0.000000
vt 0.685500 1.261200 0.000000
vt 1.441400 1.120700 0.000000
vt 1.394500 1.106600 0.000000
vt 1.202100 1.589400 0.000000
vt 1.223600 1.587400 0.000000
vt 1.222700 1.611800 0.000000
vt 1.202100 1.598600 0.000000
vt 1.270500 1.303700 0.000000
vt 1.256800 1.263900 0.000000
vt 1.270500 1.156000 0.000000
vt 1.383800 1.076700 0.000000
vt 1.238300 1.351100 0.000000
vt 1.212900 1.282700 0.000000
vt 1.678700 1.286900 0.000000
vt 1.140600 1.592800 0.000000
vt 1.157200 1.586900 0.000000
vt 1.160200 1.596200 0.000000
vt 1.129900 1.283200 0.000000
vt 1.161100 1.294400 0.000000
vt 1.384800 1.110600 0.000000
vt 1.262700 1.365000 0.000000
vt 1.292000 1.219600 0.000000
vt 1.682600 1.174000 0.000000
vt 1.681600 1.193800 0.000000
vt 1.286100 1.360600 0.000000
vt 1.701200 1.151100 0.000000
vt 1.682600 1.173000 0.000000
vt 1.110400 1.808600 0.000000
vt 1.080100 1.791000 0.000000
vt 1.113300 1.787100 0.000000
vt 1.627900 1.829100 0.000000
vt 1.311500 1.769500 0.000000
vt 1.293000 1.774400 0.000000
vt 1.308600 1.734900 0.000000
vt 1.353500 1.754400 0.000000
vt 1.247100 1.207400 0.000000
vt 1.751000 1.670400 0.000000
vt 1.744100 1.652800 0.000000
vt 1.748000 1.649400 0.000000
vt 1.335900 1.718300 0.000000
vt 1.705100 1.650900 0.000000
vt 1.128900 1.196800 0.000000
vt 1.306600 1.538600 0.000000
vt 1.294900 1.582000 0.000000
vt 1.518600 1.146100 0.000000
vt 1.540000 1.250700 0.000000
vt 1.485400 1.142500 0.000000
vt 1.288100 1.761700 0.000000
vt 1.286100 1.739700 0.000000
vt 1.237300 1.580100 0.000000
vt 1.291000 1.774900 0.000000
vt 1.257800 1.786600 0.000000
vt 1.274400 1.767600 0.000000
vt 1.224600 1.590300 0.000000
vt 1.238300 1.582500 0.000000
vt 1.267600 1.578100 0.000000
vt 1.598600 1.273400 0.000000
vt 1.602500 1.231800 0.000000
vt 1.682600 1.190900 0.000000
vt 1.239300 1.782200 0.000000
vt 1.263700 1.761700 0.000000
vt 1.284200 1.738800 0.000000
vt 1.332000 1.712400 0.000000
vt 1.334000 1.720200 0.000000
vt 1.335000 1.719700 0.000000
vt 1.585900 1.182100 0.000000
vt 1.599600 1.227800 0.000000
vt 1.582000 1.281200 0.000000
vt 1.403300 1.147500 0.000000
vt 1.397500 1.135500 0.000000
vt 1.442400 1.115800 0.000000
vt 1.396500 1.585900 0.000000
vt 1.280300 1.727100 0.000000
vt 1.264600 1.751000 0.000000
vt 1.132800 1.612300 0.000000
vt 1.601600 1.204200 0.000000
vt 1.265600 1.743200 0.000000
vt 1.133800 1.597700 0.000000
vt 1.247100 1.761200 0.000000
vt 1.127000 1.585900 0.000000
vt 1.156200 1.585000 0.000000
vt 1.658200 1.185200 0.000000
vt 1.397500 1.135000 0.000000
vt 1.274400 1.725600 0.000000
vt 1.127900 1.595700 0.000000
vt 1.269500 1.734900 0.000000
vt 1.221700 1.737800 0.000000
vt 1.267600 1.736300 0.000000
vt 1.217800 1.719700 0.000000
vt 1.269500 1.731900 0.000000
vt 1.236300 1.765600 0.000000
vt 1.144500 1.556200 0.000000
vt 1.156200 1.586900 0.000000
vt 1.126000 1.562000 0.000000
vt 1.689500 1.187600 0.000000
vt 1.128900 1.789100 0.000000
vt 1.137700 1.802200 0.000000
vt 1.420900 1.580100 0.000000
vt 1.538100 1.579600 0.000000
vt 1.531200 1.555700 0.000000
vt 1.211900 1.772000 0.000000
vt 1.236300 1.765100 0.000000
vt 1.222700 1.737800 0.000000
vt 1.206100 1.756800 0.000000
vt 1.217800 1.760700 0.000000
vt 1.109400 1.607900 0.000000
vt 1.104500 1.588900 0.000000
vt 1.691400 1.172000 0.000000
vt 1.216800 1.755400 0.000000
vt 1.218800 1.733900 0.000000
vt 1.062500 1.588400 0.000000
vt 1.690400 1.168100 0.000000
vt 1.064500 1.808100 0.000000
vt 1.219700 1.718800 0.000000
vt 1.219700 1.733400 0.000000
vt 1.127000 1.581500 0.000000
vt 1.269500 1.733400 0.000000
vt 1.219700 1.732400 0.000000
vt 1.218800 1.721700 0.000000
vt 1.695300 1.225100 0.000000
vt 1.681600 1.192000 0.000000
vt 1.428700 1.586900 0.000000
vt 1.057600 1.582000 0.000000
vt 1.127900 1.543500 0.000000
vt 1.280300 1.369600 0.000000
vt 1.312500 1.372600 0.000000
vt 1.087900 0.942800 0.000000
vt 1.198200 0.934000 0.000000
vt 1.280300 1.594700 0.000000
vt 1.286100 1.585000 0.000000
vt 0.685500 1.137000 0.000000
vt 1.279300 1.596700 0.000000
vt 1.251000 1.608900 0.000000
vt 0.684100 1.154700 0.000000
vt 0.591800 1.169700 0.000000
vt 1.040000 1.818400 0.000000
vt 1.278300 1.610400 0.000000
vt 1.302700 1.616700 0.000000
vt 1.279300 1.609400 0.000000
vt 1.305700 1.595700 0.000000
vt 0.684600 1.185700 0.000000
vt 0.591300 1.193000 0.000000
vt 0.691900 1.195800 0.000000
vt 1.287100 1.581100 0.000000
vt 1.259800 1.395300 0.000000
vt 0.600100 1.183200 0.000000
vt 1.217800 1.718300 0.000000
vt 1.275400 1.397000 0.000000
vt 0.689500 1.234700 0.000000
vt 1.040000 1.817900 0.000000
vt 1.078100 1.813000 0.000000
vt 1.293000 1.398700 0.000000
vt 1.293900 1.584500 0.000000
vt 1.305700 1.595200 0.000000
vt 1.291000 1.151700 0.000000
vt 1.280300 1.163000 0.000000
vt 1.693400 0.188000 0.000000
vt 1.695300 0.172400 0.000000
vt 1.681600 0.174800 0.000000
vt 1.285200 1.596700 0.000000
vt 1.277300 1.163900 0.000000
vt 1.682600 0.172900 0.000000
vt 1.693400 0.167500 0.000000
vt 1.112300 1.857400 0.000000
vt 1.408200 1.600100 0.000000
vt 1.540000 1.487300 0.000000
vt 1.510700 1.495100 0.000000
vt 1.506800 1.433800 0.000000
vt 1.513700 1.548300 0.000000
vt 1.154300 1.204200 0.000000
vt 1.697300 0.226100 0.000000
vt 1.681600 0.192900 0.000000
vt 1.221700 1.183800 0.000000
vt 1.119100 1.832500 0.000000
vt 1.223600 1.521500 0.000000
vt 1.498000 1.404100 0.000000
vt 1.511700 1.373300 0.000000
vt 1.394500 1.201700 0.000000
vt 1.404300 1.206700 0.000000
vt 1.400400 1.243200 0.000000
vt 1.165000 1.519500 0.000000
vt 1.538100 1.419900 0.000000
vt 1.224600 1.521500 0.000000
vt 1.229500 1.505400 0.000000
vt 1.410200 1.159400 0.000000
vt 1.421900 1.263400 0.000000
vt 1.134800 1.508300 0.000000
vt 1.127900 1.543000 0.000000
vt 1.586900 1.457000 0.000000
vt 1.579100 1.437700 0.000000
vt 1.593800 1.399400 0.000000
vt 1.598600 1.457500 0.000000
vt 1.207000 1.833000 0.000000
vt 1.152300 1.813500 0.000000
vt 1.182600 1.810100 0.000000
vt 1.042000 1.593300 0.000000
vt 1.041000 1.590800 0.000000
vt 1.050800 1.443400 0.000000
vt 1.587900 1.502000 0.000000
vt 1.184600 1.852500 0.000000
vt 1.202100 1.864700 0.000000
vt 1.633800 1.455300 0.000000
vt 1.431600 1.266800 0.000000
vt 1.434600 1.168300 0.000000
vt 1.445300 1.219800 0.000000
vt 1.600600 1.271000 0.000000
vt 1.622100 1.281000 0.000000
vt 1.586900 1.284400 0.000000
vt 1.601600 1.272700 0.000000
vt 1.183600 1.836900 0.000000
vt 1.131800 1.408200 0.000000
vt 1.597700 1.458300 0.000000
vt 1.718800 1.058200 0.000000
vt 1.750000 1.010300 0.000000
vt 1.748000 1.080000 0.000000
vt 1.784200 1.010200 0.000000
vt 1.769500 1.059100 0.000000
vt 1.750000 1.010100 0.000000
vt 1.570300 1.502400 0.000000
vt 1.508800 1.595200 0.000000
vt 1.580100 1.611800 0.000000
vt 1.557600 1.588900 0.000000
vt 1.563500 1.568800 0.000000
vt 0.670400 1.742700 0.000000
vt 1.782200 1.100500 0.000000
vt 1.586900 1.524900 0.000000
vt 1.755900 1.394000 0.000000
vt 1.745100 1.375000 0.000000
vt 1.742200 1.329300 0.000000
vt 1.498000 1.364000 0.000000
vt 1.316400 1.104100 0.000000
vt 1.325200 1.107500 0.000000
vt 1.320300 1.115100 0.000000
vt 1.314500 1.114100 0.000000
vt 1.306600 1.111100 0.000000
vt 1.296900 1.118200 0.000000
vt 1.294900 1.097500 0.000000
vt 1.329100 1.127600 0.000000
vt 1.344700 1.131600 0.000000
vt 1.336900 1.152800 0.000000
vt 1.663100 1.284900 0.000000
vt 1.400400 1.170000 0.000000
vt 1.401400 1.359600 0.000000
vt 1.328100 1.097600 0.000000
vt 1.347700 1.129500 0.000000
vt 1.331100 1.127600 0.000000
vt 1.295900 1.117600 0.000000
vt 1.321300 1.116000 0.000000
vt 1.631800 1.286400 0.000000
vt 1.307600 1.116000 0.000000
vt 1.340800 1.380400 0.000000
vt 1.337900 1.427700 0.000000
vt 1.335900 1.398700 0.000000
vt 1.707000 1.259000 0.000000
vt 1.502900 1.350800 0.000000
vt 1.750000 1.320800 0.000000
vt 1.332000 1.126500 0.000000
vt 0.695800 1.259300 0.000000
vt 1.330100 1.098400 0.000000
vt 1.411100 1.157800 0.000000
vt 1.428700 1.391800 0.000000
vt 1.411100 1.394000 0.000000
vt 1.408200 1.367200 0.000000
vt 1.745100 1.198100 0.000000
vt 1.748000 1.140000 0.000000
vt 1.320300 1.163700 0.000000
vt 1.324200 1.327600 0.000000
vt 1.313500 1.165900 0.000000
vt 1.743200 1.128700 0.000000
vt 1.509800 1.258800 0.000000
vt 1.155300 1.808100 0.000000
vt 1.339800 1.172900 0.000000
vt 1.341800 1.244600 0.000000
vt 1.307600 1.274400 0.000000
vt 1.509800 1.299100 0.000000
vt 1.749000 1.113400 0.000000
vt 1.541000 1.257100 0.000000
vt 1.540000 1.301800 0.000000
vt 1.117200 1.838900 0.000000
vt 1.746100 1.114000 0.000000
vt 1.957000 1.683100 0.000000
vt 1.936500 1.674300 0.000000
vt 1.949200 1.669900 0.000000
vt 1.914100 1.691400 0.000000
vt 1.622100 1.281200 0.000000
vt 1.734400 1.944300 0.000000
vt 1.705100 1.951700 0.000000
vt 1.738300 1.931200 0.000000
vt 1.335900 1.148900 0.000000
vt 1.300800 1.169700 0.000000
vt 1.325200 1.166900 0.000000
vt 1.314500 1.169200 0.000000
vt 1.589800 1.282700 0.000000
vt 1.914100 1.672900 0.000000
vt 1.746100 1.113300 0.000000
vt 1.727500 1.113600 0.000000
vt 1.586900 1.322800 0.000000
vt 1.729500 0.963700 0.000000
vt 1.725600 0.948000 0.000000
vt 1.705100 0.953200 0.000000
vt 1.914100 0.675300 0.000000
vt 1.914100 0.691900 0.000000
vt 1.927700 0.697300 0.000000
vt 1.643600 0.831100 0.000000
vt 1.639600 0.828700 0.000000
vt 1.649400 0.935800 0.000000
vt 1.144500 1.804200 0.000000
vt 1.457000 1.584000 0.000000
vt 1.639600 0.839400 0.000000
vt 1.653300 0.840100 0.000000
vt 1.636700 0.827100 0.000000
vt 1.644500 0.819500 0.000000
vt 1.311500 1.100200 0.000000
vt 1.542000 1.323700 0.000000
vt 1.514600 1.360800 0.000000
vt 1.951200 0.747600 0.000000
vt 1.934600 0.759200 0.000000
vt 1.958000 0.755400 0.000000
vt 1.947300 0.698500 0.000000
vt 1.968800 0.708500 0.000000
vt 1.929700 0.740700 0.000000
vt 1.908200 0.737500 0.000000
vt 1.923800 0.733200 0.000000
vt 1.957000 1.669400 0.000000
vt 1.291000 1.051500 0.000000
vt 1.747100 1.927700 0.000000
vt 1.750000 1.913100 0.000000
vt 1.643600 0.944200 0.000000
vt 1.290000 1.168500 0.000000
vt 1.515600 1.360800 0.000000
vt 1.707000 0.896100 0.000000
vt 1.748000 0.917400 0.000000
vt 1.744100 0.897900 0.000000
vt 1.742200 0.933200 0.000000
vt 1.700200 0.922100 0.000000
vt 1.315400 1.589800 0.000000
vt 1.313500 1.630900 0.000000
vt 1.540000 1.370600 0.000000
vt 1.432600 1.619100 0.000000
vt 1.441400 1.601100 0.000000
vt 1.457000 1.616700 0.000000
vt 1.329100 1.592300 0.000000
vt 1.698200 0.856900 0.000000
vt 1.587900 1.341600 0.000000
vt 1.742200 0.919600 0.000000
vt 1.834000 0.796400 0.000000
vt 1.745100 0.895900 0.000000
vt 1.951200 0.747800 0.000000
vt 1.928700 0.741700 0.000000
vt 1.931600 0.732900 0.000000
vt 1.597700 1.354700 0.000000
vt 1.849600 0.919900 0.000000
vt 1.916000 0.710900 0.000000
vt 1.927700 0.715600 0.000000
vt 1.350600 1.064500 0.000000
vt 1.946300 0.698500 0.000000
vt 1.323200 1.588900 0.000000
vt 1.446300 1.628900 0.000000
vt 1.955100 0.686500 0.000000
vt 1.329100 1.583500 0.000000
vt 1.976600 0.679000 0.000000
vt 1.314500 1.586900 0.000000
vt 1.575200 1.390400 0.000000
vt 1.585900 1.345000 0.000000
vt 1.598600 1.355700 0.000000
vt 1.639600 0.829100 0.000000
vt 1.740200 1.530300 0.000000
vt 1.752900 1.490700 0.000000
vt 1.752900 1.543500 0.000000
vt 1.430700 0.839800 0.000000
vt 1.743200 1.522900 0.000000
vt 1.661100 1.502900 0.000000
vt 1.939500 0.684600 0.000000
vt 1.326200 1.098000 0.000000
vt 1.943400 0.679900 0.000000
vt 1.958000 0.685100 0.000000
vt 1.949200 0.670900 0.000000
vt 1.929700 0.672100 0.000000
vt 1.323200 1.587900 0.000000
vt 1.960000 0.667700 0.000000
vt 1.454100 1.589400 0.000000
vt 1.478500 1.583000 0.000000
vt 1.286100 1.017800 0.000000
vt 1.312500 1.402600 0.000000
vt 1.346700 0.912000 0.000000
vt 1.419900 0.960700 0.000000
vt 1.336900 1.397700 0.000000
vt 1.663100 1.481200 0.000000
vt 1.401400 1.155900 0.000000
vt 1.334000 1.369400 0.000000
vt 1.339800 1.359600 0.000000
vt 1.641600 1.461700 0.000000
vt 1.472700 1.591300 0.000000
vt 1.461900 1.603500 0.000000
vt 1.720700 1.010000 0.000000
vt 1.742200 1.312700 0.000000
vt 1.743200 1.278100 0.000000
vt 1.633800 1.460900 0.000000
vt 1.346700 1.015200 0.000000
vt 1.339800 1.309600 0.000000
vt 1.343800 1.324700 0.000000
vt 1.682600 1.459500 0.000000
vt 1.339800 1.309800 0.000000
vt 1.750000 1.214600 0.000000
vt 1.670900 1.446800 0.000000
vt 1.421900 1.165000 0.000000
vt 1.335000 1.490700 0.000000
vt 1.744100 1.437700 0.000000
vt 1.655300 1.449200 0.000000
vt 1.667000 1.440400 0.000000
vt 1.332000 1.477500 0.000000
vt 1.728500 1.898400 0.000000
vt 1.695300 1.889600 0.000000
vt 1.745100 1.798800 0.000000
vt 1.698200 1.742200 0.000000
vt 1.699200 1.825700 0.000000
vt 1.741200 1.262900 0.000000
vt 1.415000 1.156000 0.000000
vt 1.311500 1.406000 0.000000
vt 1.641600 1.461200 0.000000
vt 1.248000 1.614700 0.000000
vt 1.232400 1.619100 0.000000
vt 1.088900 1.807600 0.000000
vt 1.268600 1.621100 0.000000
vt 1.313500 1.651400 0.000000
vt 1.295900 1.640600 0.000000
vt 1.296900 1.620100 0.000000
vt 1.472700 1.590300 0.000000
vt 1.455100 1.588400 0.000000
vt 1.283200 1.653300 0.000000
vt 1.285200 1.633800 0.000000
vt 1.677700 1.282700 0.000000
vt 1.278300 1.612800 0.000000
vt 1.622100 1.284200 0.000000
vt 1.270500 1.619100 0.000000
vt 1.756800 1.670400 0.000000
vt 1.756800 1.654800 0.000000
vt 1.759800 1.644000 0.000000
vt 1.323200 1.672400 0.000000
vt 1.336900 1.656700 0.000000
vt 1.336900 1.692900 0.000000
vt 1.687500 0.577400 0.000000
vt 1.482400 1.622100 0.000000
vt 1.493200 1.605000 0.000000
vt 1.506800 1.628400 0.000000
vt 1.734400 1.590800 0.000000
vt 1.753900 1.581500 0.000000
vt 1.741200 1.626500 0.000000
vt 1.754900 1.612800 0.000000
vt 1.758800 1.627000 0.000000
vt 1.326200 1.706100 0.000000
vt 1.320300 1.694800 0.000000
vt 1.308600 1.709000 0.000000
vt 1.039100 0.848900 0.000000
vt 1.307600 1.708500 0.000000
vt 1.300800 1.689000 0.000000
vt 1.320300 1.696300 0.000000
vt 1.243200 1.640600 0.000000
vt 1.023400 0.839200 0.000000
vt 1.267600 1.648900 0.000000
vt 1.071300 0.856400 0.000000
vt 1.435500 1.365000 0.000000
vt 1.472700 1.589800 0.000000
vt 1.265600 1.666000 0.000000
vt 1.292000 1.667500 0.000000
vt 1.269500 1.676800 0.000000
vt 1.255900 1.681200 0.000000
vt 1.033200 0.806400 0.000000
vt 1.018600 0.810100 0.000000
vt 1.265600 1.659700 0.000000
vt 1.247100 1.659200 0.000000
vt 1.436500 0.016600 0.000000
vt 1.385700 0.019000 0.000000
vt 1.391600 0.031700 0.000000
vt 1.421900 1.164600 0.000000
vt 1.279300 1.728000 0.000000
vt 1.279300 1.727100 0.000000
vt 1.045900 0.835100 0.000000
vt 1.283200 1.729000 0.000000
vt 1.041000 0.819700 0.000000
vt 1.406200 1.355700 0.000000
vt 1.499000 1.645000 0.000000
vt 1.787100 1.625000 0.000000
vt 1.320300 1.695300 0.000000
vt 1.307600 1.681200 0.000000
vt 1.041000 0.818500 0.000000
vt 1.041000 0.839200 0.000000
vt 1.078100 0.813100 0.000000
vt 1.426800 1.352100 0.000000
vt 1.312500 1.668500 0.000000
vt 1.699200 0.798200 0.000000
vt 1.748000 0.733600 0.000000
vt 1.445300 0.172900 0.000000
vt 1.446300 0.152300 0.000000
vt 1.434600 0.168900 0.000000
vt 1.345700 0.910900 0.000000
vt 1.277300 0.956800 0.000000
vt 1.247100 1.664600 0.000000
vt 1.699200 0.766800 0.000000
vt 1.455100 0.164600 0.000000
vt 1.700200 0.679700 0.000000
vt 1.747100 1.733900 0.000000
vt 1.297900 1.676300 0.000000
vt 1.276400 1.712400 0.000000
vt 1.461900 0.177200 0.000000
vt 1.288100 1.842300 0.000000
vt 1.832000 0.732400 0.000000
vt 1.284200 1.686000 0.000000
vt 1.031200 0.805500 0.000000
vt 1.039100 0.819800 0.000000
vt 1.070300 0.793900 0.000000
vt 1.282200 1.683100 0.000000
vt 1.292000 1.673800 0.000000
vt 1.435500 0.046900 0.000000
vt 1.467800 1.629900 0.000000
vt 1.529300 1.651400 0.000000
vt 1.522500 1.636200 0.000000
vt 1.217800 1.673300 0.000000
vt 1.250000 1.687500 0.000000
vt 1.228500 1.701700 0.000000
vt 1.383800 0.067400 0.000000
vt 1.214800 1.665500 0.000000
vt 1.445300 0.221200 0.000000
vt 1.435500 0.168900 0.000000
vt 1.421900 0.165500 0.000000
vt 1.430700 0.267100 0.000000
vt 1.279300 1.725600 0.000000
vt 1.277300 1.714400 0.000000
vt 1.274400 1.724600 0.000000
vt 1.446300 1.354700 0.000000
vt 1.252000 1.716800 0.000000
vt 1.217800 1.705600 0.000000
vt 1.210900 1.687500 0.000000
vt 1.252000 1.715300 0.000000
vt 1.455100 0.263200 0.000000
vt 1.473600 1.382100 0.000000
vt 1.215800 1.717300 0.000000
vt 1.252900 1.712400 0.000000
vt 1.253900 1.685100 0.000000
vt 1.202100 0.865600 0.000000
vt 1.201200 1.701700 0.000000
vt 1.179700 0.848500 0.000000
vt 1.466800 1.364000 0.000000
vt 1.556600 1.657700 0.000000
vt 1.540000 1.557600 0.000000
vt 1.201200 1.702600 0.000000
vt 1.185500 1.708500 0.000000
vt 1.213900 1.664600 0.000000
vt 1.088900 0.807700 0.000000
vt 1.215800 1.671900 0.000000
vt 1.427700 0.352100 0.000000
vt 1.218800 1.675300 0.000000
vt 1.850600 0.674300 0.000000
vt 1.191400 1.653300 0.000000
vt 1.445300 0.314900 0.000000
vt 1.487300 1.345900 0.000000
vt 1.460000 0.338400 0.000000
vt 1.170900 1.651400 0.000000
vt 1.423800 0.327600 0.000000
vt 1.428700 0.286600 0.000000
vt 1.222700 1.654800 0.000000
vt 1.220700 1.636700 0.000000
vt 1.220700 1.653300 0.000000
vt 1.085900 0.788300 0.000000
vt 1.222700 1.637700 0.000000
vt 1.394500 0.106900 0.000000
vt 1.380900 0.082500 0.000000
vt 1.464800 1.355700 0.000000
vt 1.398400 1.605000 0.000000
vt 1.110400 0.808800 0.000000
vt 1.454100 0.271500 0.000000
vt 1.433600 0.268600 0.000000
vt 1.310500 1.650400 0.000000
vt 1.113300 0.787200 0.000000
vt 1.178700 0.838300 0.000000
vt 1.282200 1.655800 0.000000
vt 1.410200 1.345700 0.000000
vt 1.384800 0.110800 0.000000
vt 1.292000 1.665500 0.000000
vt 1.441400 0.123500 0.000000
vt 1.408200 1.302000 0.000000
vt 1.436500 0.014600 0.000000
vt 1.441400 0.125500 0.000000
vt 1.445300 1.307600 0.000000
vt 1.419900 1.606400 0.000000
vt 1.025400 0.128400 0.000000
vt 1.045900 0.111300 0.000000
vt 1.024400 0.118200 0.000000
vt 1.044900 0.129900 0.000000
vt 1.046900 0.137200 0.000000
vt 1.046900 0.128400 0.000000
vt 1.127900 0.115700 0.000000
vt 1.043900 0.112300 0.000000
vt 1.045900 0.127000 0.000000
vt 1.397500 1.263700 0.000000
vt 1.116200 0.136700 0.000000
vt 0.125900 1.157600 0.000000
vt 0.031200 1.165400 0.000000
vt 0.131500 1.165000 0.000000
vt 1.397500 0.133800 0.000000
vt 0.126700 1.142300 0.000000
vt 0.128200 1.126000 0.000000
vt 0.038400 1.142500 0.000000
vt 0.125600 1.156000 0.000000
vt 0.036600 1.156400 0.000000
vt 1.137700 0.802600 0.000000
vt 1.406200 1.264600 0.000000
vt 1.409200 1.623500 0.000000
vt 1.253900 1.180500 0.000000
vt 1.152300 1.183700 0.000000
vt 1.266600 1.148800 0.000000
vt 1.127900 0.788500 0.000000
vt 1.234400 0.954900 0.000000
vt 1.261700 1.143200 0.000000
vt 1.246100 1.146400 0.000000
vt 1.144500 0.804300 0.000000
vt 1.231400 1.160900 0.000000
vt 1.152300 0.813600 0.000000
vt 1.269500 1.840800 0.000000
vt 1.427700 1.635700 0.000000
vt 1.285200 1.049300 0.000000
vt 1.295900 1.119900 0.000000
vt 1.260700 1.140900 0.000000
vt 1.021500 1.111300 0.000000
vt 1.043900 1.098700 0.000000
vt 1.045900 1.110800 0.000000
vt 1.024400 1.117900 0.000000
vt 1.026400 1.127800 0.000000
vt 1.401400 0.156200 0.000000
vt 1.400400 0.170400 0.000000
vt 1.403300 0.147900 0.000000
vt 1.428700 1.286400 0.000000
vt 1.044900 1.129800 0.000000
vt 1.046900 1.136800 0.000000
vt 1.026400 1.128100 0.000000
vt 1.046900 1.128200 0.000000
vt 1.412100 0.157200 0.000000
vt 1.262700 1.143400 0.000000
vt 1.491200 1.292500 0.000000
vt 1.517600 1.513200 0.000000
vt 1.045900 1.109600 0.000000
vt 1.041000 1.100900 0.000000
vt 1.127000 1.104000 0.000000
vt 1.043900 1.112100 0.000000
vt 1.127900 1.115400 0.000000
vt 1.045900 1.126800 0.000000
vt 1.155300 0.808600 0.000000
vt 1.116200 1.136600 0.000000
vt 1.421900 0.165000 0.000000
vt 1.242200 1.125900 0.000000
vt 1.134800 1.180400 0.000000
vt 0.036400 1.114400 0.000000
vt 0.036000 1.126300 0.000000
vt 0.128700 1.114300 0.000000
vt 0.036000 1.126000 0.000000
vt 1.395500 0.135300 0.000000
vt 1.441400 0.117700 0.000000
vt 1.135700 1.179700 0.000000
vt 1.153300 1.164900 0.000000
vt 1.152300 1.180700 0.000000
vt 1.139600 1.164900 0.000000
vt 1.415000 0.154800 0.000000
vt 1.140600 1.162100 0.000000
vt 1.153300 1.144500 0.000000
vt 1.122100 1.159400 0.000000
vt 1.139600 1.162100 0.000000
vt 1.142600 1.134600 0.000000
vt 1.115200 1.179700 0.000000
vt 1.134800 1.180300 0.000000
vt 1.127900 1.197000 0.000000
vt 1.111300 1.165200 0.000000
vt 1.402300 0.365200 0.000000
vt 1.047900 1.183000 0.000000
vt 1.113300 1.176600 0.000000
vt 1.045900 1.177500 0.000000
vt 1.256800 0.807300 0.000000
vt 1.429700 0.832300 0.000000
vt 1.122100 1.132700 0.000000
vt 1.404300 0.207000 0.000000
vt 1.459000 1.261000 0.000000
vt 1.451200 1.262200 0.000000
vt 1.116200 1.157100 0.000000
vt 1.123000 1.159700 0.000000
vt 1.114300 1.158700 0.000000
vt 1.112300 1.145300 0.000000
vt 1.195300 0.809900 0.000000
vt 1.116200 1.138100 0.000000
vt 1.428700 1.588900 0.000000
vt 1.043900 1.166000 0.000000
vt 1.043000 1.145100 0.000000
vt 1.406200 0.356000 0.000000
vt 1.042000 1.145500 0.000000
vt 1.115200 1.139500 0.000000
vt 0.038000 1.165400 0.000000
vt 0.038500 1.174900 0.000000
vt 0.150300 1.165400 0.000000
vt 1.339800 0.805200 0.000000
vt 0.036300 1.157200 0.000000
vt 1.430700 0.842300 0.000000
vt 1.114300 1.179100 0.000000
vt 1.047900 1.182300 0.000000
vt 1.411100 0.346700 0.000000
vt 1.410200 0.326700 0.000000
vt 1.211900 1.842800 0.000000
vt 1.202100 1.865200 0.000000
vt 1.133800 1.095600 0.000000
vt 1.127900 1.103800 0.000000
vt 1.042000 1.099200 0.000000
vt 1.043000 1.160400 0.000000
vt 1.126000 1.111500 0.000000
vt 1.122100 1.133800 0.000000
vt 1.408200 0.302200 0.000000
vt 1.249000 1.844700 0.000000
vt 1.122100 1.132900 0.000000
vt 1.127900 1.114600 0.000000
vt 1.152300 1.122300 0.000000
vt 1.042000 1.160500 0.000000
vt 1.135700 1.091100 0.000000
vt 1.155300 1.114700 0.000000
vt 1.131800 1.112500 0.000000
vt 1.153300 1.122400 0.000000
vt 1.399400 0.271500 0.000000
vt 1.165000 1.108700 0.000000
vt 1.031200 1.178500 0.000000
vt 1.234400 1.085400 0.000000
vt 1.226600 1.105800 0.000000
vt 1.228500 1.097500 0.000000
vt 1.210900 0.841200 0.000000
vt 1.555700 1.702100 0.000000
vt 1.243200 1.088400 0.000000
vt 1.205100 0.835100 0.000000
vt 1.029300 1.168000 0.000000
vt 1.018600 1.159700 0.000000
vt 1.395500 0.214800 0.000000
vt 1.241200 1.808100 0.000000
vt 1.229500 1.122600 0.000000
vt 1.410200 0.159200 0.000000
vt 1.418900 0.263700 0.000000
vt 1.243200 1.088900 0.000000
vt 1.203100 0.836400 0.000000
vt 1.395500 1.262500 0.000000
vt 1.018600 1.161300 0.000000
vt 1.016600 1.143100 0.000000
vt 1.045900 1.146000 0.000000
vt 1.407200 1.264400 0.000000
vt 1.404300 1.243400 0.000000
vt 1.043900 1.160300 0.000000
vt 1.122100 0.133300 0.000000
vt 0.128200 1.126600 0.000000
vt 1.122100 0.134300 0.000000
vt 1.403300 0.248500 0.000000
vt 1.112300 0.145500 0.000000
vt 1.114300 0.159200 0.000000
vt 1.122100 0.159700 0.000000
vt 1.116200 0.138700 0.000000
vt 1.407200 0.268100 0.000000
vt 1.043000 0.145500 0.000000
vt 1.115200 0.140100 0.000000
vt 1.042000 0.146000 0.000000
vt 1.405300 1.264600 0.000000
vt 1.016600 0.143600 0.000000
vt 1.122100 0.132800 0.000000
vt 1.043900 0.166500 0.000000
vt 1.116200 0.157200 0.000000
vt 1.043000 0.160600 0.000000
vt 1.042000 0.160600 0.000000
vt 1.405300 0.268100 0.000000
vt 1.447300 1.635300 0.000000
vt 1.018600 0.160600 0.000000
vt 1.396500 0.278800 0.000000
vt 1.018600 0.161600 0.000000
vt 1.043900 0.160600 0.000000
vt 1.045900 0.146500 0.000000
vt 1.029300 0.168500 0.000000
vt 1.212900 0.843500 0.000000
vt 1.210900 0.025400 0.000000
vt 1.155300 0.114700 0.000000
vt 1.135700 0.091300 0.000000
vt 1.133800 0.095700 0.000000
vt 1.248000 0.804000 0.000000
vt 1.256800 0.805800 0.000000
vt 1.127900 0.104000 0.000000
vt 1.131800 0.112800 0.000000
vt 1.153300 0.122600 0.000000
vt 1.165000 0.108900 0.000000
vt 1.430700 0.269500 0.000000
vt 1.228500 0.097700 0.000000
vt 1.171900 0.096700 0.000000
vt 1.138700 0.080100 0.000000
vt 0.129200 1.106700 0.000000
vt 0.139300 1.095900 0.000000
vt 0.035900 1.106900 0.000000
vt 1.405300 0.249000 0.000000
vt 1.152300 0.122600 0.000000
vt 1.127900 0.114700 0.000000
vt 0.141500 1.082000 0.000000
vt 0.032100 1.075900 0.000000
vt 1.397500 0.248000 0.000000
vt 1.127900 0.104500 0.000000
vt 1.045900 0.109900 0.000000
vt 1.126000 0.111800 0.000000
vt 0.143300 1.072600 0.000000
vt 0.150300 1.064900 0.000000
vt 0.030300 1.066500 0.000000
vt 0.154900 1.059800 0.000000
vt 0.017500 1.054600 0.000000
vt 0.150300 1.064600 0.000000
vt 0.156000 1.035800 0.000000
vt 0.018800 1.023100 0.000000
vt 0.154800 1.060200 0.000000
vt 1.433600 1.269000 0.000000
vt 1.660200 1.609400 0.000000
vt 1.255900 1.068300 0.000000
vt 1.136700 0.071800 0.000000
vt 1.171900 1.096200 0.000000
vt 1.138700 1.079800 0.000000
vt 1.205100 0.835900 0.000000
vt 1.212900 0.844000 0.000000
vt 1.136700 1.071600 0.000000
vt 1.132800 1.095900 0.000000
vt 1.036100 1.092300 0.000000
vt 1.430700 1.269800 0.000000
vt 1.260700 1.050000 0.000000
vt 1.243200 1.056600 0.000000
vt 1.229500 1.072800 0.000000
vt 1.677700 0.282700 0.000000
vt 1.662100 0.285200 0.000000
vt 1.239300 1.041400 0.000000
vt 1.682600 0.194300 0.000000
vt 1.042000 0.099600 0.000000
vt 1.036100 0.092800 0.000000
vt 1.133800 0.096200 0.000000
vt 1.647500 0.169900 0.000000
vt 1.680700 0.139200 0.000000
vt 1.458000 1.269000 0.000000
vt 1.159200 0.080100 0.000000
vt 1.138700 0.072300 0.000000
vt 1.657200 0.186000 0.000000
vt 1.602500 0.231900 0.000000
vt 1.682600 0.191900 0.000000
vt 1.263700 1.019100 0.000000
vt 1.598600 0.273900 0.000000
vt 1.238300 1.023700 0.000000
vt 1.622100 0.284200 0.000000
vt 1.631800 0.286600 0.000000
vt 1.211900 1.053700 0.000000
vt 1.237300 1.041500 0.000000
vt 1.481400 1.262900 0.000000
vt 1.159200 1.079900 0.000000
vt 1.210000 1.062900 0.000000
vt 1.572300 0.142100 0.000000
vt 1.138700 1.071800 0.000000
vt 1.149400 1.057500 0.000000
vt 1.476600 0.140100 0.000000
vt 1.164100 1.070000 0.000000
vt 1.210000 1.025100 0.000000
vt 1.539100 0.081500 0.000000
vt 1.154300 1.035700 0.000000
vt 1.146500 1.058900 0.000000
vt 1.498000 0.077600 0.000000
vt 1.496100 0.052700 0.000000
vt 1.480500 0.136200 0.000000
vt 1.450200 1.269000 0.000000
vt 1.498000 1.663100 0.000000
vt 1.499000 1.646000 0.000000
vt 1.176800 1.042400 0.000000
vt 1.019500 1.053000 0.000000
vt 1.150400 1.029600 0.000000
vt 1.149400 1.056400 0.000000
vt 1.683600 0.052200 0.000000
vt 1.565400 0.053200 0.000000
vt 0.031200 1.091700 0.000000
vt 1.610400 0.022000 0.000000
vt 1.564500 0.048800 0.000000
vt 1.649400 0.011700 0.000000
vt 1.042000 1.097800 0.000000
vt 1.621100 0.010700 0.000000
vt 1.564500 0.021000 0.000000
vt 1.030300 1.071000 0.000000
vt 1.025400 1.095000 0.000000
vt 1.526400 1.700200 0.000000
vt 1.498000 1.660200 0.000000
vt 1.037100 1.091700 0.000000
vt 1.032200 1.070400 0.000000
vt 1.565400 0.046900 0.000000
vt 1.020500 1.080900 0.000000
vt 1.565400 0.050300 0.000000
vt 1.567400 0.047900 0.000000
vt 1.565400 1.046300 0.000000
vt 0.022100 1.059000 0.000000
vt 0.022100 1.058700 0.000000
vt 0.017400 1.055200 0.000000
vt 1.148400 0.057600 0.000000
vt 1.553700 0.028300 0.000000
vt 1.570300 1.062600 0.000000
vt 1.136700 1.069900 0.000000
vt 1.030300 1.067700 0.000000
vt 1.150400 1.058400 0.000000
vt 1.165000 0.070300 0.000000
vt 1.473600 0.157700 0.000000
vt 1.017600 1.020900 0.000000
vt 1.022500 1.058900 0.000000
vt 1.538100 0.079600 0.000000
vt 1.529300 1.068600 0.000000
vt 1.567400 1.047300 0.000000
vt 1.539100 1.079000 0.000000
vt 1.019500 1.053300 0.000000
vt 1.023400 1.059700 0.000000
vt 1.531200 0.067900 0.000000
vt 1.210000 0.063000 0.000000
vt 1.153300 0.035600 0.000000
vt 1.146500 0.059600 0.000000
vt 1.491200 0.040500 0.000000
vt 1.564500 1.020600 0.000000
vt 1.497100 1.663600 0.000000
vt 1.473600 1.668900 0.000000
vt 1.176800 0.043000 0.000000
vt 1.484400 0.026400 0.000000
vt 1.030300 0.067900 0.000000
vt 1.136700 0.070300 0.000000
vt 1.150400 0.059100 0.000000
vt 1.151400 0.031700 0.000000
vt 1.017600 0.020500 0.000000
vt 1.150400 0.057600 0.000000
vt 1.030300 1.069000 0.000000
vt 1.017600 1.073500 0.000000
vt 1.041000 0.101100 0.000000
vt 1.521500 0.043000 0.000000
vt 1.042000 0.098100 0.000000
vt 1.030300 0.071300 0.000000
vt 1.490200 0.014200 0.000000
vt 1.022500 1.060000 0.000000
vt 1.027300 1.068700 0.000000
vt 1.043900 0.099100 0.000000
vt 1.021500 0.111800 0.000000
vt 1.480500 0.140600 0.000000
vt 1.037100 0.091800 0.000000
vt 1.025400 0.095200 0.000000
vt 1.032200 0.070800 0.000000
vt 1.479500 0.172400 0.000000
vt 1.020500 0.081100 0.000000
vt 1.023400 0.059100 0.000000
vt 1.481400 0.263200 0.000000
vt 1.502900 1.690400 0.000000
vt 1.020500 0.053700 0.000000
vt 1.023400 0.060100 0.000000
vt 1.020500 0.052700 0.000000
vt 1.506800 0.116200 0.000000
vt 1.027300 0.068800 0.000000
vt 1.022500 0.060100 0.000000
vt 1.017600 0.073700 0.000000
vt 1.030300 0.069300 0.000000
vt 1.518600 0.101600 0.000000
vt 1.434600 1.015200 0.000000
vt 1.490200 1.014000 0.000000
vt 1.745100 0.403800 0.000000
vt 1.742200 0.329600 0.000000
vt 1.314500 0.587200 0.000000
vt 1.323200 0.588600 0.000000
vt 1.306600 0.539100 0.000000
vt 1.502000 0.135700 0.000000
vt 1.752900 0.491200 0.000000
vt 1.740200 0.531500 0.000000
vt 1.752900 0.543900 0.000000
vt 1.294900 0.582500 0.000000
vt 1.293900 0.584700 0.000000
vt 1.305700 0.595700 0.000000
vt 1.280300 0.595000 0.000000
vt 1.491200 0.293000 0.000000
vt 1.287100 0.581500 0.000000
vt 1.290000 0.520800 0.000000
vt 1.266600 0.579300 0.000000
vt 1.286100 0.585400 0.000000
vt 1.315400 0.590300 0.000000
vt 1.305700 0.596200 0.000000
vt 1.302700 0.616900 0.000000
vt 1.594700 0.161600 0.000000
vt 1.587900 0.147900 0.000000
vt 1.572300 0.143600 0.000000
vt 1.313500 0.631300 0.000000
vt 1.329100 0.593500 0.000000
vt 1.574200 0.166500 0.000000
vt 1.414100 1.668000 0.000000
vt 1.753900 0.582000 0.000000
vt 1.279300 0.609900 0.000000
vt 1.285200 0.597200 0.000000
vt 1.296900 0.620400 0.000000
vt 1.134800 0.509800 0.000000
vt 1.162100 0.392100 0.000000
vt 1.131800 0.410200 0.000000
vt 1.601600 0.159700 0.000000
vt 1.252000 0.367200 0.000000
vt 1.258800 0.395500 0.000000
vt 1.622100 0.281700 0.000000
vt 1.521500 1.042800 0.000000
vt 1.553700 1.028300 0.000000
vt 1.275400 0.397500 0.000000
vt 1.293000 0.399400 0.000000
vt 1.144500 0.556600 0.000000
vt 1.165000 0.518300 0.000000
vt 1.332000 0.478000 0.000000
vt 1.323200 0.589400 0.000000
vt 1.336900 0.454100 0.000000
vt 1.267600 0.578600 0.000000
vt 1.224600 0.590800 0.000000
vt 1.604500 0.143600 0.000000
vt 1.238300 0.583300 0.000000
vt 1.329100 0.583700 0.000000
vt 1.423800 1.659200 0.000000
vt 1.257800 0.565400 0.000000
vt 1.230500 0.544200 0.000000
vt 1.237300 0.580300 0.000000
vt 1.312500 0.403300 0.000000
vt 1.622100 0.281200 0.000000
vt 1.335000 0.456500 0.000000
vt 1.335900 0.399400 0.000000
vt 1.586900 0.284700 0.000000
vt 1.601600 0.272900 0.000000
vt 1.244100 0.515900 0.000000
vt 1.231400 0.490700 0.000000
vt 1.599600 0.228000 0.000000
vt 1.582000 0.282700 0.000000
vt 1.600600 0.271500 0.000000
vt 1.496100 1.052300 0.000000
vt 1.230500 0.490700 0.000000
vt 1.238300 0.397500 0.000000
vt 1.259800 0.397500 0.000000
vt 1.203100 0.514200 0.000000
vt 1.495100 0.175800 0.000000
vt 1.229500 0.505400 0.000000
vt 1.223600 0.523400 0.000000
vt 1.493200 0.175800 0.000000
vt 1.540000 0.252000 0.000000
vt 1.424800 1.668500 0.000000
vt 1.425800 1.656700 0.000000
vt 1.442400 1.668000 0.000000
vt 1.743200 0.523200 0.000000
vt 1.658200 0.185500 0.000000
vt 1.655300 0.179700 0.000000
vt 1.608400 0.181600 0.000000
vt 1.598600 0.157200 0.000000
vt 1.571300 1.061800 0.000000
vt 1.577100 1.083600 0.000000
vt 1.287100 0.514200 0.000000
vt 1.272500 0.531200 0.000000
vt 1.659200 0.183100 0.000000
vt 1.647500 0.168900 0.000000
vt 1.224600 0.523400 0.000000
vt 1.587900 1.093000 0.000000
vt 1.459000 1.428200 0.000000
vt 1.659200 1.609900 0.000000
vt 1.734400 0.591300 0.000000
vt 1.579100 1.082500 0.000000
vt 1.551800 1.101700 0.000000
vt 1.570300 1.062100 0.000000
vt 1.202100 0.589800 0.000000
vt 1.539100 1.081100 0.000000
vt 1.443400 1.669400 0.000000
vt 1.754900 0.613000 0.000000
vt 1.741200 0.626700 0.000000
vt 1.679700 0.145500 0.000000
vt 1.678700 0.134300 0.000000
vt 1.586900 1.096500 0.000000
vt 1.311500 0.651100 0.000000
vt 1.427700 1.657200 0.000000
vt 1.311500 0.406700 0.000000
vt 1.293900 0.401900 0.000000
vt 1.519500 0.146500 0.000000
vt 1.275400 0.399900 0.000000
vt 0.532200 1.066800 0.000000
vt 0.529800 1.045500 0.000000
vt 0.531700 1.066600 0.000000
vt 0.700200 1.017500 0.000000
vt 1.231400 0.367200 0.000000
vt 1.585900 0.182600 0.000000
vt 1.575200 0.169900 0.000000
vt 1.593800 0.160200 0.000000
vt 1.575200 0.171400 0.000000
vt 1.610400 0.168500 0.000000
vt 1.445300 1.703600 0.000000
vt 1.450200 1.696800 0.000000
vt 1.485400 1.416500 0.000000
vt 1.047900 0.183600 0.000000
vt 1.034200 0.254400 0.000000
vt 1.049800 0.286100 0.000000
vt 1.452100 1.713400 0.000000
vt 1.450200 1.699200 0.000000
vt 1.028300 0.289600 0.000000
vt 1.050800 0.324200 0.000000
vt 1.026400 0.353500 0.000000
vt 1.048800 0.286100 0.000000
vt 1.064500 0.349100 0.000000
vt 1.484400 0.132300 0.000000
vt 1.576200 1.123000 0.000000
vt 1.130900 0.293900 0.000000
vt 1.129900 0.286100 0.000000
vt 1.127900 0.199200 0.000000
vt 1.161100 0.278800 0.000000
vt 1.128900 0.199200 0.000000
vt 1.129900 0.286600 0.000000
vt 1.436500 1.694800 0.000000
vt 1.129900 0.294400 0.000000
vt 1.047900 0.406700 0.000000
vt 1.601600 0.204600 0.000000
vt 1.058600 0.398900 0.000000
vt 1.028300 0.437500 0.000000
vt 1.048800 0.426800 0.000000
vt 1.070300 0.431600 0.000000
vt 1.050800 0.444300 0.000000
vt 1.572300 1.141600 0.000000
vt 1.574200 1.122900 0.000000
vt 1.485400 1.426000 0.000000
vt 1.127000 0.544200 0.000000
vt 0.704600 1.038200 0.000000
vt 1.032200 0.564700 0.000000
vt 1.058600 0.580600 0.000000
vt 1.127900 0.543700 0.000000
vt 1.028300 1.433300 0.000000
vt 1.048800 1.426800 0.000000
vt 1.933600 1.820300 0.000000
vt 1.928700 1.800800 0.000000
vt 1.939500 1.799800 0.000000
vt 1.070300 1.431400 0.000000
vt 0.036600 1.433100 0.000000
vt 0.038800 1.566400 0.000000
vt 0.153900 1.435100 0.000000
vt 1.032200 1.564500 0.000000
vt 1.695300 0.036100 0.000000
vt 1.033200 1.585900 0.000000
vt 1.693400 0.041500 0.000000
vt 0.038400 1.588900 0.000000
vt 0.154400 1.563000 0.000000
vt 1.022500 1.603500 0.000000
vt 1.694300 0.042000 0.000000
vt 1.695300 0.034700 0.000000
vt 1.698200 0.011200 0.000000
vt 0.038100 1.606900 0.000000
vt 0.145300 1.353500 0.000000
vt 1.064500 1.348900 0.000000
vt 1.130900 1.292700 0.000000
vt 1.058600 1.398400 0.000000
vt 1.657200 0.653800 0.000000
vt 1.047900 1.406500 0.000000
vt 1.691400 0.739000 0.000000
vt 1.598600 1.159300 0.000000
vt 1.587900 1.147500 0.000000
vt 1.602500 1.158400 0.000000
vt 1.026400 1.353300 0.000000
vt 0.041900 1.353500 0.000000
vt 1.688500 0.658200 0.000000
vt 1.050800 1.324000 0.000000
vt 1.599600 1.138700 0.000000
vt 0.147700 1.287800 0.000000
vt 0.150800 1.254200 0.000000
vt 0.038600 1.278800 0.000000
vt 1.658200 0.611300 0.000000
vt 1.048800 1.285400 0.000000
vt 1.598600 1.136700 0.000000
vt 1.033200 1.278300 0.000000
vt 1.048800 1.285200 0.000000
vt 1.242200 0.126000 0.000000
vt 1.572300 1.143100 0.000000
vt 1.229500 0.123000 0.000000
vt 1.661100 0.503200 0.000000
vt 1.669900 0.507600 0.000000
vt 1.663100 0.481400 0.000000
vt 1.034200 1.184300 0.000000
vt 1.038100 1.191900 0.000000
vt 1.047900 1.183200 0.000000
vt 1.685500 0.479000 0.000000
vt 1.511700 1.761200 0.000000
vt 1.503900 1.780300 0.000000
vt 1.458000 1.433800 0.000000
vt 0.038400 1.182100 0.000000
vt 0.149800 1.175000 0.000000
vt 0.037200 1.191200 0.000000
vt 0.149800 1.182100 0.000000
vt 1.641600 0.461900 0.000000
vt 1.632800 0.460900 0.000000
vt 1.574200 1.166000 0.000000
vt 0.150400 1.192300 0.000000
vt 1.655300 0.449700 0.000000
vt 1.670900 0.447300 0.000000
vt 1.667000 0.440900 0.000000
vt 1.596700 1.157300 0.000000
vt 1.610400 1.168100 0.000000
vt 1.246100 0.147000 0.000000
vt 1.682600 0.460000 0.000000
vt 1.140600 0.162600 0.000000
vt 1.153300 0.165500 0.000000
vt 1.153300 0.145000 0.000000
vt 1.142600 0.135300 0.000000
vt 1.687500 0.461400 0.000000
vt 1.575200 1.170900 0.000000
vt 1.031200 0.178700 0.000000
vt 1.047900 0.182600 0.000000
vt 1.034200 0.184600 0.000000
vt 1.045900 0.177700 0.000000
vt 1.575200 1.169800 0.000000
vt 1.437500 1.712900 0.000000
vt 1.485400 1.432400 0.000000
vt 1.652300 1.748000 0.000000
vt 1.038100 0.193400 0.000000
vt 1.111300 0.165500 0.000000
vt 1.114300 0.179700 0.000000
vt 1.139600 0.162600 0.000000
vt 1.123000 0.160200 0.000000
vt 1.113300 0.176800 0.000000
vt 1.641600 0.461400 0.000000
vt 1.115200 0.180200 0.000000
vt 1.134800 0.180700 0.000000
vt 1.473600 1.668000 0.000000
vt 1.139600 0.165000 0.000000
vt 1.134800 0.180200 0.000000
vt 1.152300 0.181200 0.000000
vt 1.231400 0.161100 0.000000
vt 1.152300 0.184100 0.000000
vt 1.134800 0.181200 0.000000
vt 1.563500 0.569300 0.000000
vt 1.221700 0.185100 0.000000
vt 1.537100 0.567100 0.000000
vt 1.540000 0.558100 0.000000
vt 1.154300 0.205600 0.000000
vt 1.629900 0.575400 0.000000
vt 1.472700 1.668500 0.000000
vt 1.157200 0.587400 0.000000
vt 1.284200 0.686300 0.000000
vt 1.282200 0.683600 0.000000
vt 1.292000 0.674100 0.000000
vt 1.488300 1.440400 0.000000
vt 1.307600 0.681400 0.000000
vt 1.297900 0.676500 0.000000
vt 1.675800 0.547100 0.000000
vt 1.662100 0.547100 0.000000
vt 1.132800 0.666300 0.000000
vt 1.320300 0.696800 0.000000
vt 1.312500 0.668700 0.000000
vt 1.506800 1.115600 0.000000
vt 1.292000 0.665800 0.000000
vt 1.282200 0.656200 0.000000
vt 1.659200 0.569300 0.000000
vt 1.502000 1.135100 0.000000
vt 1.590800 1.111100 0.000000
vt 1.475600 1.650400 0.000000
vt 1.507800 1.435100 0.000000
vt 1.568400 1.743200 0.000000
vt 1.275400 0.724100 0.000000
vt 2.746100 1.375700 0.000000
vt 2.761700 1.328100 0.000000
vt 2.755900 1.368200 0.000000
vt 2.632800 1.673800 0.000000
vt 2.681600 1.679200 0.000000
vt 2.638700 1.687000 0.000000
vt 2.693400 1.677700 0.000000
vt 2.634800 1.673300 0.000000
vt 2.664100 1.662600 0.000000
vt 2.712900 1.587900 0.000000
vt 2.742200 1.610400 0.000000
vt 2.707000 1.655300 0.000000
vt 2.705100 1.581500 0.000000
vt 2.685500 1.583000 0.000000
vt 2.744100 1.664100 0.000000
vt 2.742200 1.654800 0.000000
vt 2.761700 1.667500 0.000000
vt 2.732400 1.665500 0.000000
vt 2.742200 1.652300 0.000000
vt 2.761700 1.668000 0.000000
vt 2.746100 1.692900 0.000000
vt 2.738300 1.683100 0.000000
vt 2.740200 1.652300 0.000000
vt 2.724600 1.664100 0.000000
vt 2.738300 1.682600 0.000000
vt 2.695300 1.667500 0.000000
vt 2.664100 1.663100 0.000000
vt 2.675800 1.692900 0.000000
vt 2.685500 1.692900 0.000000
vt 2.693400 1.681200 0.000000
vt 2.707000 1.683100 0.000000
vt 2.695300 1.696300 0.000000
vt 2.699200 1.707500 0.000000
vt 2.707000 1.698200 0.000000
vt 2.718800 1.682600 0.000000
vt 2.710900 1.693400 0.000000
vt 2.728500 1.683600 0.000000
vt 2.734400 1.694800 0.000000
vt 2.728500 1.690900 0.000000
vt 2.732400 1.693400 0.000000
vt 2.724600 1.711400 0.000000
vt 2.722700 1.712900 0.000000
vt 2.709000 1.728500 0.000000
vt 2.724600 1.713400 0.000000
vt 2.720700 1.731000 0.000000
vt 2.753900 1.749500 0.000000
vt 2.744100 1.638200 0.000000
vt 2.752000 1.657700 0.000000
vt 2.752000 1.656700 0.000000
vt 2.742200 1.652800 0.000000
vt 2.740200 1.639600 0.000000
vt 2.693400 1.773900 0.000000
vt 2.714800 1.749000 0.000000
vt 2.703100 1.765100 0.000000
vt 2.679700 1.651900 0.000000
vt 2.695300 1.667000 0.000000
vt 2.847700 1.058900 0.000000
vt 2.777300 1.052000 0.000000
vt 2.787100 1.022700 0.000000
vt 2.843800 1.860400 0.000000
vt 2.802700 1.862800 0.000000
vt 2.855500 1.798800 0.000000
vt 2.884800 1.804700 0.000000
vt 2.841800 1.877900 0.000000
vt 2.843800 1.860800 0.000000
vt 2.902300 1.787100 0.000000
vt 2.873000 1.034500 0.000000
vt 2.695300 1.045000 0.000000
vt 2.693400 1.036400 0.000000
vt 2.712900 1.013600 0.000000
vt 2.775400 1.919900 0.000000
vt 2.761700 1.921900 0.000000
vt 2.738300 1.897500 0.000000
vt 2.755900 1.925800 0.000000
vt 2.691400 1.903800 0.000000
vt 2.755900 1.897900 0.000000
vt 2.687500 1.016600 0.000000
vt 2.689500 1.046800 0.000000
vt 2.726600 1.938500 0.000000
vt 2.765600 0.170400 0.000000
vt 2.763700 0.109400 0.000000
vt 2.740200 0.169400 0.000000
vt 2.746100 1.051500 0.000000
vt 2.716800 1.013500 0.000000
vt 2.767600 1.929700 0.000000
vt 2.773400 1.921900 0.000000
vt 2.687500 1.896500 0.000000
vt 2.798800 1.864700 0.000000
vt 2.757800 1.897900 0.000000
vt 2.736300 1.897900 0.000000
vt 2.722700 1.789600 0.000000
vt 2.720700 1.790000 0.000000
vt 2.695300 1.774400 0.000000
vt 2.724600 1.788600 0.000000
vt 2.640600 1.837400 0.000000
vt 2.837900 0.175300 0.000000
vt 2.843800 0.126500 0.000000
vt 2.658200 1.794400 0.000000
vt 2.640600 1.837900 0.000000
vt 2.875000 0.064000 0.000000
vt 2.937500 0.127000 0.000000
vt 2.787100 1.690900 0.000000
vt 2.787100 1.691900 0.000000
vt 2.753900 1.750000 0.000000
vt 2.835900 1.706100 0.000000
vt 2.769500 1.640100 0.000000
vt 2.759800 1.667500 0.000000
vt 2.752000 1.659200 0.000000
vt 2.794900 1.622100 0.000000
vt 2.789100 1.691400 0.000000
vt 2.793000 1.688000 0.000000
vt 2.834000 1.704600 0.000000
vt 2.867200 1.648900 0.000000
vt 2.794900 1.687500 0.000000
vt 2.816400 1.637200 0.000000
vt 2.781200 1.614300 0.000000
vt 2.888700 1.723600 0.000000
vt 2.916000 1.667000 0.000000
vt 2.898400 1.722200 0.000000
vt 2.916000 1.738300 0.000000
vt 2.896500 1.721200 0.000000
vt 2.937500 1.692400 0.000000
vt 2.888700 1.724100 0.000000
vt 2.916000 1.739300 0.000000
vt 2.886700 1.740200 0.000000
vt 2.916000 1.738800 0.000000
vt 2.898400 1.720700 0.000000
vt 2.947300 1.064900 0.000000
vt 2.959000 1.042400 0.000000
vt 2.918000 1.739300 0.000000
vt 2.939500 1.692400 0.000000
vt 2.904300 1.060800 0.000000
vt 2.886700 1.739700 0.000000
vt 2.849600 1.643600 0.000000
vt 2.855500 1.799300 0.000000
vt 2.814500 1.639600 0.000000
vt 2.935500 0.183100 0.000000
vt 2.904300 0.180700 0.000000
vt 2.918000 1.667500 0.000000
vt 2.752000 1.658700 0.000000
vt 2.746100 1.640100 0.000000
vt 2.785200 1.614700 0.000000
vt 2.783200 1.524400 0.000000
vt 2.808600 1.502900 0.000000
vt 2.806600 1.512700 0.000000
vt 2.775400 1.511200 0.000000
vt 2.775400 1.485100 0.000000
vt 2.755900 1.496300 0.000000
vt 2.828100 1.498800 0.000000
vt 2.814500 1.488500 0.000000
vt 2.822300 1.530300 0.000000
vt 2.109400 1.783200 0.000000
vt 2.111300 1.805700 0.000000
vt 2.054700 1.792500 0.000000
vt 2.752000 1.432100 0.000000
vt 2.736300 1.392300 0.000000
vt 2.777300 1.428500 0.000000
vt 2.765600 1.460000 0.000000
vt 2.789100 1.425800 0.000000
vt 2.759800 1.465100 0.000000
vt 2.841800 1.505900 0.000000
vt 2.837900 1.539600 0.000000
vt 2.789100 1.426800 0.000000
vt 2.816400 1.425500 0.000000
vt 2.793000 1.443600 0.000000
vt 2.820300 1.427700 0.000000
vt 2.802700 1.449500 0.000000
vt 2.818400 1.460000 0.000000
vt 2.806600 1.469200 0.000000
vt 2.791000 1.424600 0.000000
vt 2.794900 1.445800 0.000000
vt 2.623000 1.371300 0.000000
vt 2.619100 1.378400 0.000000
vt 2.589800 1.369900 0.000000
vt 2.671900 1.336900 0.000000
vt 2.668000 1.368200 0.000000
vt 2.759800 1.328600 0.000000
vt 2.742200 1.353000 0.000000
vt 2.757800 1.321000 0.000000
vt 2.664100 1.372600 0.000000
vt 2.802700 1.451400 0.000000
vt 2.798800 1.468000 0.000000
vt 2.793000 1.444600 0.000000
vt 2.744100 1.369100 0.000000
vt 2.808600 1.469200 0.000000
vt 2.787100 1.471700 0.000000
vt 2.816400 1.464600 0.000000
vt 2.798800 1.472200 0.000000
vt 2.800800 1.470200 0.000000
vt 2.755900 1.476100 0.000000
vt 2.736300 1.382800 0.000000
vt 2.744100 1.371800 0.000000
vt 2.736300 1.384300 0.000000
vt 2.730500 1.371300 0.000000
vt 2.666000 1.386200 0.000000
vt 2.675800 1.379900 0.000000
vt 2.668000 1.394800 0.000000
vt 2.834000 1.463900 0.000000
vt 2.820300 1.460400 0.000000
vt 2.834000 1.464100 0.000000
vt 2.449200 1.631800 0.000000
vt 2.486300 1.629900 0.000000
vt 2.445300 1.656200 0.000000
vt 2.044900 1.755900 0.000000
vt 2.056600 1.762200 0.000000
vt 2.017600 1.775400 0.000000
vt 2.062500 1.762200 0.000000
vt 2.072300 1.765600 0.000000
vt 2.062500 1.830600 0.000000
vt 2.070300 1.815900 0.000000
vt 2.062500 1.852100 0.000000
vt 2.050800 1.828100 0.000000
vt 2.062500 1.816900 0.000000
vt 2.066400 1.815400 0.000000
vt 2.105500 1.816400 0.000000
vt 2.062500 1.790000 0.000000
vt 2.025400 1.811500 0.000000
vt 2.101600 1.837400 0.000000
vt 2.068400 1.858900 0.000000
vt 2.076200 1.923800 0.000000
vt 2.054700 1.925800 0.000000
vt 2.072300 1.907700 0.000000
vt 2.085900 1.903300 0.000000
vt 2.052700 1.896000 0.000000
vt 2.070300 1.897900 0.000000
vt 2.070300 1.896500 0.000000
vt 2.777300 1.589400 0.000000
vt 2.781200 1.574700 0.000000
vt 2.794900 1.591800 0.000000
vt 2.011700 1.877900 0.000000
vt 2.013700 1.842300 0.000000
vt 2.738300 1.536100 0.000000
vt 2.738300 1.577100 0.000000
vt 2.728500 1.557100 0.000000
vt 2.025400 1.901900 0.000000
vt 2.099600 1.914600 0.000000
vt 2.798800 1.576700 0.000000
vt 2.093800 1.881300 0.000000
vt 2.125000 1.880900 0.000000
vt 2.093800 1.882300 0.000000
vt 2.097700 1.859900 0.000000
vt 2.097700 1.880900 0.000000
vt 2.087900 1.897500 0.000000
vt 2.062500 1.867200 0.000000
vt 2.070300 1.897000 0.000000
vt 2.785200 1.616700 0.000000
vt 2.767600 1.610400 0.000000
vt 2.015600 1.908200 0.000000
vt 2.048800 1.895500 0.000000
vt 2.015600 1.820300 0.000000
vt 2.824200 1.540000 0.000000
vt 2.023400 1.920400 0.000000
vt 2.031200 1.908200 0.000000
vt 2.019500 1.917500 0.000000
vt 2.853500 1.537600 0.000000
vt 2.767600 1.612300 0.000000
vt 2.752000 1.621100 0.000000
vt 2.119100 1.859400 0.000000
vt 2.753900 1.622600 0.000000
vt 2.796900 1.547900 0.000000
vt 2.125000 1.912600 0.000000
vt 2.798800 1.619600 0.000000
vt 2.835900 1.620600 0.000000
vt 2.814500 1.640100 0.000000
vt 2.849600 1.643100 0.000000
vt 2.851600 1.625500 0.000000
vt 2.863300 1.640600 0.000000
vt 2.793000 1.605000 0.000000
vt 2.818400 1.593300 0.000000
vt 2.830100 1.387200 0.000000
vt 2.826200 1.420700 0.000000
vt 2.822300 1.393800 0.000000
vt 2.759800 1.329800 0.000000
vt 2.759800 1.319800 0.000000
vt 2.785200 1.324700 0.000000
vt 2.802700 1.380600 0.000000
vt 2.802700 1.389600 0.000000
vt 2.781200 1.378400 0.000000
vt 2.822300 1.375500 0.000000
vt 2.826200 1.385500 0.000000
vt 2.824200 1.394300 0.000000
vt 2.863300 1.456100 0.000000
vt 2.835900 1.464600 0.000000
vt 2.830100 1.420900 0.000000
vt 2.822300 1.377400 0.000000
vt 2.824200 1.392600 0.000000
vt 2.798800 1.389200 0.000000
vt 2.794900 1.387500 0.000000
vt 2.765600 1.356000 0.000000
vt 2.783200 1.324700 0.000000
vt 2.767600 1.354200 0.000000
vt 2.759800 1.330100 0.000000
vt 2.757800 1.366900 0.000000
vt 2.796900 1.391100 0.000000
vt 2.757800 1.368700 0.000000
vt 2.818400 1.348600 0.000000
vt 2.826200 1.351800 0.000000
vt 2.814500 1.352500 0.000000
vt 2.810500 1.374000 0.000000
vt 2.841800 1.348600 0.000000
vt 2.830100 1.348400 0.000000
vt 2.832000 1.344000 0.000000
vt 2.937500 1.450200 0.000000
vt 2.832000 1.411600 0.000000
vt 2.834000 1.372100 0.000000
vt 2.832000 1.374800 0.000000
vt 2.974600 1.393300 0.000000
vt 2.959000 1.427000 0.000000
vt 2.957000 1.397000 0.000000
vt 2.957000 1.389900 0.000000
vt 2.949200 1.396200 0.000000
vt 2.824200 1.375000 0.000000
vt 2.796900 1.389400 0.000000
vt 2.822300 1.394000 0.000000
vt 2.808600 1.372600 0.000000
vt 2.820300 1.460200 0.000000
vt 2.816400 1.459000 0.000000
vt 2.785200 1.321000 0.000000
vt 2.798800 1.313000 0.000000
vt 2.793000 1.328100 0.000000
vt 2.791000 1.310300 0.000000
vt 2.798800 1.315900 0.000000
vt 2.787100 1.324200 0.000000
vt 2.834000 1.391600 0.000000
vt 2.955100 1.381800 0.000000
vt 2.957000 1.390600 0.000000
vt 2.832000 1.391400 0.000000
vt 2.812500 1.321800 0.000000
vt 2.808600 1.321000 0.000000
vt 2.832000 1.343800 0.000000
vt 2.830100 1.349900 0.000000
vt 2.830100 1.386700 0.000000
vt 2.955100 1.381100 0.000000
vt 2.945300 1.374300 0.000000
vt 2.777300 1.350100 0.000000
vt 2.775400 1.349600 0.000000
vt 2.777300 1.351100 0.000000
vt 2.765600 1.355700 0.000000
vt 2.808600 1.373300 0.000000
vt 2.832000 1.390900 0.000000
vt 2.830100 1.376700 0.000000
vt 2.830100 1.377700 0.000000
vt 2.857400 1.359100 0.000000
vt 2.945300 1.374500 0.000000
vt 2.830100 1.421400 0.000000
vt 2.982400 1.048700 0.000000
vt 2.949200 1.472700 0.000000
vt 2.949200 1.512700 0.000000
vt 2.923800 1.516100 0.000000
vt 2.933600 1.519000 0.000000
vt 2.949200 1.469700 0.000000
vt 2.959000 1.504400 0.000000
vt 2.947300 1.514200 0.000000
vt 2.929700 1.523400 0.000000
vt 2.921900 1.517100 0.000000
vt 2.943400 1.524900 0.000000
vt 2.955100 1.541500 0.000000
vt 2.949200 1.514600 0.000000
vt 2.968800 1.514200 0.000000
vt 2.964800 1.523400 0.000000
vt 2.986300 1.484600 0.000000
vt 2.982400 1.526400 0.000000
vt 2.957000 1.541000 0.000000
vt 2.978500 1.540500 0.000000
vt 2.959000 1.532700 0.000000
vt 2.949200 1.665500 0.000000
vt 2.925800 1.668500 0.000000
vt 2.896500 1.658700 0.000000
vt 2.951200 1.549300 0.000000
vt 2.921900 1.542000 0.000000
vt 2.931600 1.523400 0.000000
vt 2.918000 1.539100 0.000000
vt 2.892600 1.538100 0.000000
vt 2.859400 1.538100 0.000000
vt 2.861300 1.470500 0.000000
vt 2.953100 1.465300 0.000000
vt 2.978500 1.450400 0.000000
vt 2.916000 1.469200 0.000000
vt 2.949200 1.462200 0.000000
vt 2.957000 1.438500 0.000000
vt 2.929700 1.468800 0.000000
vt 2.949200 1.473100 0.000000
vt 2.953100 1.466100 0.000000
vt 2.953100 1.467300 0.000000
vt 2.953100 1.463600 0.000000
vt 2.929700 1.467800 0.000000
vt 2.839800 1.481700 0.000000
vt 2.853500 1.465300 0.000000
vt 2.845700 1.475800 0.000000
vt 2.861300 1.469500 0.000000
vt 2.863300 1.456500 0.000000
vt 2.863300 1.468500 0.000000
vt 2.775400 0.920100 0.000000
vt 2.755900 0.897900 0.000000
vt 2.738300 0.897900 0.000000
vt 2.763700 0.922400 0.000000
vt 2.691400 0.903700 0.000000
vt 2.755900 0.925800 0.000000
vt 2.884800 0.804900 0.000000
vt 2.849600 0.808800 0.000000
vt 2.845700 0.859900 0.000000
vt 2.877000 0.832800 0.000000
vt 2.843800 0.861000 0.000000
vt 2.916000 0.740500 0.000000
vt 2.921900 0.743200 0.000000
vt 2.779300 0.049300 0.000000
vt 2.832000 0.029300 0.000000
vt 2.783200 0.022500 0.000000
vt 2.679700 0.036600 0.000000
vt 2.689500 0.017100 0.000000
vt 2.664100 0.016100 0.000000
vt 2.728500 0.938800 0.000000
vt 2.914100 0.039100 0.000000
vt 2.695300 0.035600 0.000000
vt 2.703100 0.043000 0.000000
vt 2.712900 0.013700 0.000000
vt 2.849600 0.804800 0.000000
vt 2.882800 0.752400 0.000000
vt 2.835900 0.706500 0.000000
vt 2.918000 0.740200 0.000000
vt 2.695300 0.036100 0.000000
vt 2.697300 0.045400 0.000000
vt 2.687500 0.017100 0.000000
vt 2.722700 0.790000 0.000000
vt 2.835900 0.881600 0.000000
vt 2.687500 0.896200 0.000000
vt 2.738300 0.898100 0.000000
vt 2.755900 0.898800 0.000000
vt 2.804700 0.861200 0.000000
vt 2.804700 0.861300 0.000000
vt 2.769500 0.928500 0.000000
vt 2.775400 0.921800 0.000000
vt 2.718800 0.013700 0.000000
vt 2.662100 0.946900 0.000000
vt 2.693400 0.964000 0.000000
vt 2.679700 0.940800 0.000000
vt 2.650400 0.980500 0.000000
vt 2.664100 0.946800 0.000000
vt 2.679700 0.919800 0.000000
vt 2.699200 0.941700 0.000000
vt 2.709000 0.951300 0.000000
vt 2.681600 0.918300 0.000000
vt 2.728500 0.936400 0.000000
vt 2.687500 0.903900 0.000000
vt 2.441400 0.811300 0.000000
vt 2.439500 0.841300 0.000000
vt 2.550800 0.847200 0.000000
vt 2.543000 0.873300 0.000000
vt 2.548800 0.846900 0.000000
vt 2.439500 0.841400 0.000000
vt 2.476600 0.889000 0.000000
vt 2.628900 0.842500 0.000000
vt 2.554700 0.845800 0.000000
vt 2.560500 0.885600 0.000000
vt 2.537100 0.896200 0.000000
vt 2.552700 0.879200 0.000000
vt 2.548800 0.879400 0.000000
vt 2.550800 0.878800 0.000000
vt 2.627000 0.812000 0.000000
vt 2.568400 0.820900 0.000000
vt 2.474600 0.958000 0.000000
vt 2.478500 0.991400 0.000000
vt 2.521500 0.991300 0.000000
vt 2.529300 0.958800 0.000000
vt 2.529300 0.961000 0.000000
vt 2.615200 0.955200 0.000000
vt 2.615200 0.956000 0.000000
vt 2.630900 0.840800 0.000000
vt 2.572300 0.987600 0.000000
vt 2.570300 0.110800 0.000000
vt 2.625000 0.035200 0.000000
vt 2.548800 0.010300 0.000000
vt 2.503900 0.016100 0.000000
vt 2.591800 0.011700 0.000000
vt 2.572300 0.991900 0.000000
vt 2.625000 0.988700 0.000000
vt 2.650400 0.981000 0.000000
vt 2.628900 0.013700 0.000000
vt 2.673800 0.983900 0.000000
vt 2.691400 0.169400 0.000000
vt 2.701200 0.105500 0.000000
vt 2.681600 1.917500 0.000000
vt 2.689500 1.903300 0.000000
vt 2.728500 1.935500 0.000000
vt 2.679700 1.918900 0.000000
vt 2.656200 1.947800 0.000000
vt 2.679700 1.940400 0.000000
vt 2.699200 1.941400 0.000000
vt 2.709000 1.951200 0.000000
vt 2.693400 1.963400 0.000000
vt 2.693400 1.962900 0.000000
vt 2.642600 1.992200 0.000000
vt 2.664100 1.015300 0.000000
vt 2.685500 1.047200 0.000000
vt 2.603500 1.013000 0.000000
vt 2.615200 0.169900 0.000000
vt 2.552700 0.170400 0.000000
vt 2.509800 0.171400 0.000000
vt 2.609400 1.051000 0.000000
vt 2.558600 1.010400 0.000000
vt 2.552700 1.051700 0.000000
vt 2.654300 1.948700 0.000000
vt 2.640600 1.983400 0.000000
vt 2.609400 1.962900 0.000000
vt 2.585900 1.987300 0.000000
vt 2.502000 1.052200 0.000000
vt 2.697300 0.044400 0.000000
vt 2.683600 0.081100 0.000000
vt 2.703100 0.083500 0.000000
vt 2.701200 0.084000 0.000000
vt 2.664100 1.049700 0.000000
vt 2.709000 0.951500 0.000000
vt 2.693400 0.962900 0.000000
vt 2.668000 0.168000 0.000000
vt 2.466800 0.016600 0.000000
vt 2.712900 0.523900 0.000000
vt 2.722700 0.507300 0.000000
vt 2.677700 0.522900 0.000000
vt 2.710900 0.521000 0.000000
vt 2.707000 0.532200 0.000000
vt 2.732400 0.514200 0.000000
vt 2.726600 0.534900 0.000000
vt 2.013700 0.842800 0.000000
vt 2.027300 0.809200 0.000000
vt 2.015600 0.822300 0.000000
vt 2.709000 0.534700 0.000000
vt 2.697300 0.558100 0.000000
vt 2.720700 0.555200 0.000000
vt 2.668000 0.573000 0.000000
vt 2.707000 0.576900 0.000000
vt 2.671900 0.562000 0.000000
vt 2.707000 0.577100 0.000000
vt 2.668000 0.573200 0.000000
vt 2.685500 0.578600 0.000000
vt 2.724600 0.559300 0.000000
vt 2.720700 0.567600 0.000000
vt 2.712900 0.584500 0.000000
vt 2.712900 0.524900 0.000000
vt 2.707000 0.535400 0.000000
vt 2.724600 0.536400 0.000000
vt 2.738300 0.536400 0.000000
vt 2.728500 0.557400 0.000000
vt 2.720700 0.539100 0.000000
vt 2.726600 0.556600 0.000000
vt 2.724600 0.535400 0.000000
vt 2.011700 0.876300 0.000000
vt 2.738300 0.575700 0.000000
vt 2.636700 0.527300 0.000000
vt 2.650400 0.531700 0.000000
vt 2.677700 0.526400 0.000000
vt 2.640600 0.553200 0.000000
vt 2.650400 0.554900 0.000000
vt 2.642600 0.538300 0.000000
vt 2.652300 0.534400 0.000000
vt 2.630900 0.560800 0.000000
vt 2.648400 0.559300 0.000000
vt 2.597700 0.558600 0.000000
vt 2.630900 0.562500 0.000000
vt 2.632800 0.572000 0.000000
vt 2.625000 0.575900 0.000000
vt 2.636700 0.574500 0.000000
vt 2.593800 0.569800 0.000000
vt 2.595700 0.570800 0.000000
vt 2.644500 0.536900 0.000000
vt 2.650400 0.533700 0.000000
vt 2.627000 0.531200 0.000000
vt 2.593800 0.529500 0.000000
vt 2.587900 0.574200 0.000000
vt 2.595700 0.573500 0.000000
vt 2.597700 0.559300 0.000000
vt 2.587900 0.528100 0.000000
vt 2.593800 0.524200 0.000000
vt 2.642600 0.565200 0.000000
vt 2.650400 0.558300 0.000000
vt 2.650400 0.534400 0.000000
vt 2.636700 0.573000 0.000000
vt 2.628900 0.562700 0.000000
vt 2.632800 0.524900 0.000000
vt 2.648400 0.462400 0.000000
vt 2.722700 0.462400 0.000000
vt 2.705100 0.459000 0.000000
vt 2.730500 0.424800 0.000000
vt 2.724600 0.460000 0.000000
vt 2.726600 0.463400 0.000000
vt 2.691400 0.414100 0.000000
vt 2.640600 0.410600 0.000000
vt 2.683600 0.431600 0.000000
vt 2.718800 0.451200 0.000000
vt 2.642600 0.436500 0.000000
vt 2.589800 0.441900 0.000000
vt 2.611300 0.441400 0.000000
vt 2.632800 0.463400 0.000000
vt 2.591800 0.474100 0.000000
vt 2.638700 0.443800 0.000000
vt 2.642600 0.462900 0.000000
vt 2.716800 0.437500 0.000000
vt 2.689500 0.437000 0.000000
vt 2.710900 0.435500 0.000000
vt 2.582000 0.449200 0.000000
vt 2.544900 0.420900 0.000000
vt 2.500000 0.420900 0.000000
vt 2.636700 0.396000 0.000000
vt 2.611300 0.376500 0.000000
vt 2.591800 0.372100 0.000000
vt 2.648400 0.438500 0.000000
vt 2.587900 0.393100 0.000000
vt 2.543000 0.375000 0.000000
vt 2.566400 0.360800 0.000000
vt 2.570300 0.391600 0.000000
vt 2.502000 0.376000 0.000000
vt 2.529300 0.394500 0.000000
vt 2.498000 0.397000 0.000000
vt 2.476600 0.387700 0.000000
vt 2.457000 0.401900 0.000000
vt 2.646500 0.436500 0.000000
vt 2.474600 0.448700 0.000000
vt 2.621100 0.414600 0.000000
vt 2.576200 0.415000 0.000000
vt 2.580100 0.471200 0.000000
vt 2.580100 0.448200 0.000000
vt 2.474600 0.449700 0.000000
vt 2.585900 0.489700 0.000000
vt 2.548800 0.546600 0.000000
vt 2.587900 0.448700 0.000000
vt 2.580100 0.450200 0.000000
vt 2.589800 0.475600 0.000000
vt 2.056600 0.762500 0.000000
vt 2.044900 0.756100 0.000000
vt 2.015600 0.775600 0.000000
vt 2.585900 0.573700 0.000000
vt 2.552700 0.576400 0.000000
vt 2.554700 0.607400 0.000000
vt 2.710900 0.473100 0.000000
vt 2.648400 0.477100 0.000000
vt 2.648400 0.476100 0.000000
vt 2.687500 0.484400 0.000000
vt 2.595700 0.482900 0.000000
vt 2.623000 0.478000 0.000000
vt 2.591800 0.492200 0.000000
vt 2.623000 0.483400 0.000000
vt 2.595700 0.515600 0.000000
vt 2.646500 0.500200 0.000000
vt 2.638700 0.503900 0.000000
vt 2.638700 0.512200 0.000000
vt 2.654300 0.508800 0.000000
vt 2.654300 0.498500 0.000000
vt 2.640600 0.492200 0.000000
vt 2.681600 0.516100 0.000000
vt 2.681600 0.509500 0.000000
vt 2.640600 0.519000 0.000000
vt 2.681600 0.515600 0.000000
vt 2.654300 0.508300 0.000000
vt 2.640600 0.518800 0.000000
vt 2.679700 0.498000 0.000000
vt 2.646500 0.485800 0.000000
vt 2.646500 0.486300 0.000000
vt 2.634800 0.465300 0.000000
vt 2.650400 0.475600 0.000000
vt 2.630900 0.467800 0.000000
vt 2.646500 0.483400 0.000000
vt 2.646500 0.482900 0.000000
vt 2.627000 0.509800 0.000000
vt 2.593800 0.514900 0.000000
vt 2.732400 0.512900 0.000000
vt 2.724600 0.489700 0.000000
vt 2.732400 0.479000 0.000000
vt 2.011700 0.792700 0.000000
vt 2.642600 0.519300 0.000000
vt 2.595700 0.516400 0.000000
vt 2.732400 0.477500 0.000000
vt 2.734400 0.695300 0.000000
vt 2.722700 0.713100 0.000000
vt 2.746100 0.693100 0.000000
vt 2.769500 0.640600 0.000000
vt 2.761700 0.668500 0.000000
vt 2.794900 0.622800 0.000000
vt 2.738300 0.683600 0.000000
vt 2.744100 0.664300 0.000000
vt 2.791000 0.692400 0.000000
vt 2.710900 0.693800 0.000000
vt 2.724600 0.711700 0.000000
vt 2.728500 0.691200 0.000000
vt 2.718800 0.683100 0.000000
vt 2.755900 0.748500 0.000000
vt 2.724600 0.664600 0.000000
vt 2.744100 0.638900 0.000000
vt 2.707000 0.655800 0.000000
vt 2.732400 0.665800 0.000000
vt 2.746100 0.640600 0.000000
vt 2.752000 0.659200 0.000000
vt 2.785200 0.615000 0.000000
vt 2.752000 0.659400 0.000000
vt 2.781200 0.614700 0.000000
vt 2.742200 0.653300 0.000000
vt 2.752000 0.657200 0.000000
vt 2.740200 0.640400 0.000000
vt 2.759800 0.668000 0.000000
vt 2.707000 0.683300 0.000000
vt 2.755900 0.747800 0.000000
vt 2.816400 0.638700 0.000000
vt 2.742200 0.652800 0.000000
vt 2.742200 0.655000 0.000000
vt 2.761700 0.667700 0.000000
vt 2.740200 0.652800 0.000000
vt 2.738300 0.682900 0.000000
vt 2.752000 0.658000 0.000000
vt 2.695300 0.774400 0.000000
vt 2.722700 0.792400 0.000000
vt 2.703100 0.765400 0.000000
vt 2.722700 0.789700 0.000000
vt 2.714800 0.749300 0.000000
vt 2.709000 0.729000 0.000000
vt 2.695300 0.773800 0.000000
vt 2.728500 0.683800 0.000000
vt 2.732400 0.693600 0.000000
vt 2.789100 0.691200 0.000000
vt 2.720700 0.731200 0.000000
vt 2.699200 0.707800 0.000000
vt 2.707000 0.699000 0.000000
vt 2.675800 0.693100 0.000000
vt 2.724600 0.713600 0.000000
vt 2.767600 0.612500 0.000000
vt 2.753900 0.622600 0.000000
vt 2.787100 0.616900 0.000000
vt 2.767600 0.611100 0.000000
vt 2.785200 0.617200 0.000000
vt 2.777300 0.589800 0.000000
vt 2.023400 0.920700 0.000000
vt 2.025400 0.901700 0.000000
vt 2.015600 0.908300 0.000000
vt 2.031200 0.908200 0.000000
vt 2.025400 0.901900 0.000000
vt 2.019500 0.918000 0.000000
vt 2.054700 0.926300 0.000000
vt 2.742200 0.610800 0.000000
vt 2.752000 0.621600 0.000000
vt 2.097700 0.860400 0.000000
vt 2.068400 0.859100 0.000000
vt 2.093800 0.882600 0.000000
vt 2.062500 0.867600 0.000000
vt 2.097700 0.881100 0.000000
vt 2.048800 0.895800 0.000000
vt 2.070300 0.897100 0.000000
vt 2.087900 0.897700 0.000000
vt 2.052700 0.896400 0.000000
vt 2.050800 0.828600 0.000000
vt 2.125000 0.912900 0.000000
vt 2.085900 0.903400 0.000000
vt 2.099600 0.914900 0.000000
vt 2.062500 0.852400 0.000000
vt 2.062500 0.830700 0.000000
vt 2.105500 0.816800 0.000000
vt 2.755900 0.476600 0.000000
vt 2.775400 0.485400 0.000000
vt 2.759800 0.465300 0.000000
vt 2.755900 0.496600 0.000000
vt 2.101600 0.837900 0.000000
vt 2.111300 0.806000 0.000000
vt 2.054700 0.792000 0.000000
vt 2.066400 0.815700 0.000000
vt 2.062500 0.789700 0.000000
vt 2.062500 0.817100 0.000000
vt 2.070300 0.816000 0.000000
vt 2.072300 0.907900 0.000000
vt 2.070300 0.898300 0.000000
vt 2.125000 0.881000 0.000000
vt 2.093800 0.881700 0.000000
vt 2.070300 0.896600 0.000000
vt 2.775400 0.511500 0.000000
vt 2.783200 0.524900 0.000000
vt 2.808600 0.503400 0.000000
vt 2.119100 0.859500 0.000000
vt 2.818400 0.593500 0.000000
vt 2.794900 0.592300 0.000000
vt 2.793000 0.605200 0.000000
vt 2.798800 0.620100 0.000000
vt 2.781200 0.575200 0.000000
vt 2.798800 0.576900 0.000000
vt 2.076200 0.924100 0.000000
vt 2.685500 0.583300 0.000000
vt 2.679700 0.651900 0.000000
vt 2.695300 0.667500 0.000000
vt 2.687500 0.583300 0.000000
vt 2.681600 0.587900 0.000000
vt 2.634800 0.587400 0.000000
vt 2.675800 0.651400 0.000000
vt 2.683600 0.588400 0.000000
vt 2.638700 0.576200 0.000000
vt 2.683600 0.589100 0.000000
vt 2.634800 0.587900 0.000000
vt 2.632800 0.643600 0.000000
vt 2.625000 0.580100 0.000000
vt 2.630900 0.643800 0.000000
vt 2.636700 0.588600 0.000000
vt 2.623000 0.579600 0.000000
vt 2.707000 0.581500 0.000000
vt 2.707000 0.582000 0.000000
vt 2.712900 0.585400 0.000000
vt 2.601600 0.645500 0.000000
vt 2.623000 0.606400 0.000000
vt 2.605500 0.587200 0.000000
vt 2.621100 0.640900 0.000000
vt 2.623000 0.650400 0.000000
vt 2.621100 0.639900 0.000000
vt 2.619100 0.650400 0.000000
vt 2.595700 0.575000 0.000000
vt 2.595700 0.584500 0.000000
vt 2.587900 0.573700 0.000000
vt 2.603500 0.587600 0.000000
vt 2.638700 0.650900 0.000000
vt 2.638700 0.651100 0.000000
vt 2.628900 0.641800 0.000000
vt 2.599600 0.604000 0.000000
vt 2.675800 0.650400 0.000000
vt 2.591800 0.646200 0.000000
vt 2.595700 0.646500 0.000000
vt 2.591800 0.647700 0.000000
vt 2.582000 0.575900 0.000000
vt 2.601600 0.644800 0.000000
vt 2.515600 0.673800 0.000000
vt 2.585900 0.673300 0.000000
vt 2.599600 0.643600 0.000000
vt 2.677700 0.652600 0.000000
vt 2.677700 0.647700 0.000000
vt 2.638700 0.652600 0.000000
vt 2.621100 0.748800 0.000000
vt 2.625000 0.811900 0.000000
vt 2.628900 0.777100 0.000000
vt 2.638700 0.744100 0.000000
vt 2.627000 0.731000 0.000000
vt 2.660200 0.794300 0.000000
vt 2.638700 0.744400 0.000000
vt 2.636700 0.778400 0.000000
vt 2.681600 0.679700 0.000000
vt 2.638700 0.687500 0.000000
vt 2.685500 0.693400 0.000000
vt 2.693400 0.678000 0.000000
vt 2.634800 0.674100 0.000000
vt 2.664100 0.663100 0.000000
vt 2.638700 0.653100 0.000000
vt 2.627000 0.662100 0.000000
vt 2.634800 0.804600 0.000000
vt 2.587900 0.675800 0.000000
vt 2.515600 0.674100 0.000000
vt 2.568400 0.685500 0.000000
vt 2.517600 0.684100 0.000000
vt 2.623000 0.662800 0.000000
vt 2.593800 0.653800 0.000000
vt 2.591800 0.665800 0.000000
vt 2.591800 0.666500 0.000000
vt 2.695300 0.696500 0.000000
vt 2.638700 0.691900 0.000000
vt 2.607400 0.675000 0.000000
vt 2.587900 0.675500 0.000000
vt 2.660200 0.794200 0.000000
vt 2.613300 0.691900 0.000000
vt 2.568400 0.819100 0.000000
vt 2.623000 0.652300 0.000000
vt 2.591800 0.651100 0.000000
vt 2.621100 0.662800 0.000000
vt 2.623000 0.660400 0.000000
vt 2.638700 0.654500 0.000000
vt 2.625000 0.655000 0.000000
vt 2.619100 0.676500 0.000000
vt 2.634800 0.673800 0.000000
vt 2.628900 0.696800 0.000000
vt 2.693400 0.681600 0.000000
vt 2.695300 0.667700 0.000000
vt 2.664100 0.663600 0.000000
vt 2.568400 0.685800 0.000000
vt 2.765600 0.460400 0.000000
vt 2.777300 0.428700 0.000000
vt 2.752000 0.433100 0.000000
vt 2.787100 0.472200 0.000000
vt 2.798800 0.472700 0.000000
vt 2.822300 0.394500 0.000000
vt 2.789100 0.428200 0.000000
vt 2.816400 0.425800 0.000000
vt 2.826200 0.421400 0.000000
vt 2.820300 0.428200 0.000000
vt 0.967800 0.452100 0.000000
vt 0.965800 0.392100 0.000000
vt 0.829600 0.450700 0.000000
vt 0.960000 0.475100 0.000000
vt 0.837400 0.473100 0.000000
vt 2.816400 0.464800 0.000000
vt 2.806600 0.469700 0.000000
vt 2.793000 0.444300 0.000000
vt 2.818400 0.465300 0.000000
vt 2.802700 0.449700 0.000000
vt 2.830100 0.421900 0.000000
vt 2.814500 0.463900 0.000000
vt 2.849600 0.465300 0.000000
vt 2.863300 0.456500 0.000000
vt 2.832000 0.412100 0.000000
vt 2.794900 0.446300 0.000000
vt 2.793000 0.445300 0.000000
vt 2.798800 0.468300 0.000000
vt 2.802700 0.451700 0.000000
vt 2.791000 0.425800 0.000000
vt 2.818400 0.464400 0.000000
vt 2.808600 0.469700 0.000000
vt 2.849600 0.466300 0.000000
vt 2.845700 0.476100 0.000000
vt 2.861300 0.468800 0.000000
vt 2.863300 0.457000 0.000000
vt 2.853500 0.468800 0.000000
vt 2.861300 0.469700 0.000000
vt 0.960000 0.384800 0.000000
vt 0.825700 0.389600 0.000000
vt 0.958500 0.377000 0.000000
vt 0.832500 0.376500 0.000000
vt 2.970700 1.372600 0.000000
vt 2.830100 0.387700 0.000000
vt 2.834000 0.391600 0.000000
vt 2.834000 0.372600 0.000000
vt 2.830100 0.377400 0.000000
vt 2.955100 0.381800 0.000000
vt 2.832000 0.387200 0.000000
vt 2.830100 0.378400 0.000000
vt 0.834500 0.369600 0.000000
vt 2.945300 0.375000 0.000000
vt 2.957000 0.390100 0.000000
vt 2.830100 0.387200 0.000000
vt 2.832000 0.392100 0.000000
vt 2.937500 0.450700 0.000000
vt 2.834000 0.392100 0.000000
vt 2.949200 0.396500 0.000000
vt 2.953100 0.372600 0.000000
vt 2.968800 0.364700 0.000000
vt 2.943400 0.354500 0.000000
vt 2.970700 0.373000 0.000000
vt 2.978500 0.450700 0.000000
vt 2.953100 0.465800 0.000000
vt 2.984400 0.483400 0.000000
vt 2.957000 0.439000 0.000000
vt 2.955100 0.382300 0.000000
vt 2.974600 0.394500 0.000000
vt 2.957000 0.391100 0.000000
vt 2.959000 0.427200 0.000000
vt 2.957000 0.397500 0.000000
vt 2.919900 0.470700 0.000000
vt 2.918000 0.539100 0.000000
vt 2.923800 0.516800 0.000000
vt 2.892600 0.538300 0.000000
vt 2.861300 0.470700 0.000000
vt 2.841800 0.506300 0.000000
vt 2.863300 0.539300 0.000000
vt 2.806600 0.513200 0.000000
vt 2.796900 0.548300 0.000000
vt 2.923800 0.468300 0.000000
vt 2.949200 0.462400 0.000000
vt 2.949200 0.471200 0.000000
vt 2.847700 0.642800 0.000000
vt 2.869100 0.650400 0.000000
vt 2.863300 0.640900 0.000000
vt 2.851600 0.625700 0.000000
vt 2.816400 0.637200 0.000000
vt 2.847700 0.642600 0.000000
vt 2.835900 0.621100 0.000000
vt 2.814500 0.641100 0.000000
vt 2.853500 0.537800 0.000000
vt 2.837900 0.540000 0.000000
vt 2.828100 0.499000 0.000000
vt 2.824200 0.540500 0.000000
vt 2.822300 0.530500 0.000000
vt 2.814500 0.488800 0.000000
vt 2.793000 0.689900 0.000000
vt 2.953100 0.466300 0.000000
vt 2.953100 0.464400 0.000000
vt 2.800800 0.470700 0.000000
vt 2.888700 0.725300 0.000000
vt 2.839800 0.481900 0.000000
vt 2.916000 0.667000 0.000000
vt 2.896500 0.659200 0.000000
vt 2.937500 0.692100 0.000000
vt 2.949200 0.666000 0.000000
vt 2.925800 0.668700 0.000000
vt 2.918000 0.667700 0.000000
vt 0.849600 0.537600 0.000000
vt 0.897500 0.537400 0.000000
vt 0.848600 0.525100 0.000000
vt 2.951200 0.549800 0.000000
vt 2.980500 0.540300 0.000000
vt 2.957000 0.541700 0.000000
vt 2.441400 1.566400 0.000000
vt 2.470700 1.449000 0.000000
vt 2.484400 1.547400 0.000000
vt 2.998000 0.060500 0.000000
vt 2.982400 0.048800 0.000000
vt 2.972700 0.066400 0.000000
vt 2.947300 0.473600 0.000000
vt 2.949200 0.470700 0.000000
vt 2.959000 0.504900 0.000000
vt 2.896500 0.721700 0.000000
vt 2.968800 0.514600 0.000000
vt 2.949200 0.513200 0.000000
vt 2.947300 0.069800 0.000000
vt 2.959000 0.043000 0.000000
vt 2.933600 0.519300 0.000000
vt 2.947300 0.514600 0.000000
vt 2.955100 0.542000 0.000000
vt 2.943400 0.525400 0.000000
vt 2.929700 0.524200 0.000000
vt 2.959000 0.533200 0.000000
vt 2.964800 0.523900 0.000000
vt 2.916000 0.739300 0.000000
vt 2.939500 0.691900 0.000000
vt 2.898400 0.722400 0.000000
vt 0.948700 0.525900 0.000000
vt 0.948700 0.508300 0.000000
vt 0.948700 0.485800 0.000000
vt 0.848600 0.507600 0.000000
vt 2.968800 0.129400 0.000000
vt 2.962900 0.185500 0.000000
vt 0.947800 0.538300 0.000000
vt 2.548800 1.546400 0.000000
vt 2.476600 1.561000 0.000000
vt 2.480500 1.562500 0.000000
vt 2.494100 1.551800 0.000000
vt 2.972700 1.066200 0.000000
vt 2.482400 1.596200 0.000000
vt 2.488300 1.603000 0.000000
vt 2.492200 1.628400 0.000000
vt 2.996100 1.060100 0.000000
vt 0.848600 0.485400 0.000000
vt 2.949200 0.515100 0.000000
vt 2.890600 0.724100 0.000000
vt 2.898400 0.720900 0.000000
vt 2.888700 0.726300 0.000000
vt 2.498000 1.617200 0.000000
vt 2.496100 1.608400 0.000000
vt 2.982400 0.526900 0.000000
vt 2.921900 0.517300 0.000000
vt 2.964800 0.523700 0.000000
vt 2.498000 1.617700 0.000000
vt 2.527300 1.626000 0.000000
vt 2.931600 0.523900 0.000000
vt 2.921900 0.542500 0.000000
vt 2.810500 0.235800 0.000000
vt 2.800800 0.222200 0.000000
vt 2.798800 0.234900 0.000000
vt 2.697300 0.249500 0.000000
vt 2.673800 0.265100 0.000000
vt 2.693400 0.265100 0.000000
vt 2.703100 0.289600 0.000000
vt 2.671900 0.337900 0.000000
vt 2.837900 0.276900 0.000000
vt 2.841800 0.284700 0.000000
vt 2.884800 0.284700 0.000000
vt 2.927700 0.286100 0.000000
vt 2.824200 0.232400 0.000000
vt 2.816400 0.235800 0.000000
vt 2.835900 0.247100 0.000000
vt 2.830100 0.223600 0.000000
vt 2.812500 0.261200 0.000000
vt 2.810500 0.261200 0.000000
vt 2.830100 0.255900 0.000000
vt 2.834000 0.260700 0.000000
vt 2.810500 0.265100 0.000000
vt 2.812500 0.281200 0.000000
vt 2.828100 0.285600 0.000000
vt 2.855500 0.261700 0.000000
vt 2.843800 0.286100 0.000000
vt 2.828100 0.286100 0.000000
vt 2.841800 0.293000 0.000000
vt 2.824200 0.306600 0.000000
vt 2.839800 0.314500 0.000000
vt 2.837900 0.314000 0.000000
vt 2.812500 0.322800 0.000000
vt 2.832000 0.344200 0.000000
vt 2.832000 0.335900 0.000000
vt 2.820300 0.306200 0.000000
vt 2.834000 0.321800 0.000000
vt 2.822300 0.307100 0.000000
vt 2.826200 0.283700 0.000000
vt 2.814500 0.286600 0.000000
vt 2.847700 0.225600 0.000000
vt 2.853500 0.236800 0.000000
vt 2.939500 0.340800 0.000000
vt 2.931600 0.325200 0.000000
vt 2.834000 0.320800 0.000000
vt 2.927700 0.312500 0.000000
vt 2.843800 0.256300 0.000000
vt 2.832000 0.336900 0.000000
vt 2.798800 0.316400 0.000000
vt 2.791000 0.310500 0.000000
vt 2.787100 0.324700 0.000000
vt 2.837900 0.323700 0.000000
vt 2.812500 0.323700 0.000000
vt 2.830100 0.336400 0.000000
vt 2.701200 0.328600 0.000000
vt 2.925800 0.312000 0.000000
vt 2.806600 0.321300 0.000000
vt 2.800800 0.262700 0.000000
vt 2.798800 0.314000 0.000000
vt 2.810500 0.321800 0.000000
vt 2.808600 0.283200 0.000000
vt 2.742200 0.353500 0.000000
vt 2.744100 0.369600 0.000000
vt 2.759800 0.329600 0.000000
vt 2.765600 0.355000 0.000000
vt 2.783200 0.325200 0.000000
vt 2.759800 0.331100 0.000000
vt 2.757800 0.367700 0.000000
vt 2.746100 0.376000 0.000000
vt 2.761700 0.329100 0.000000
vt 2.757800 0.369600 0.000000
vt 2.664100 0.373000 0.000000
vt 2.675800 0.380400 0.000000
vt 2.668000 0.368700 0.000000
vt 2.666000 0.386700 0.000000
vt 2.730500 0.371600 0.000000
vt 2.736300 0.384800 0.000000
vt 2.744100 0.372100 0.000000
vt 2.736300 0.383300 0.000000
vt 2.736300 0.392600 0.000000
vt 2.668000 0.395000 0.000000
vt 2.765600 0.356400 0.000000
vt 2.781200 0.378900 0.000000
vt 2.611300 0.373000 0.000000
vt 2.757800 0.321300 0.000000
vt 2.759800 0.320300 0.000000
vt 2.759800 0.330600 0.000000
vt 2.785200 0.325200 0.000000
vt 2.921900 0.348600 0.000000
vt 2.841800 0.349100 0.000000
vt 2.857400 0.359400 0.000000
vt 2.798800 0.313500 0.000000
vt 2.785200 0.321300 0.000000
vt 2.793000 0.328600 0.000000
vt 2.818400 0.349100 0.000000
vt 2.814500 0.353000 0.000000
vt 2.777300 0.350600 0.000000
vt 2.109400 0.783600 0.000000
vt 2.072300 0.765900 0.000000
vt 2.775400 0.350100 0.000000
vt 2.808600 0.373000 0.000000
vt 2.777300 0.351600 0.000000
vt 2.765600 0.356000 0.000000
vt 2.802700 0.380900 0.000000
vt 2.796900 0.391100 0.000000
vt 2.802700 0.390600 0.000000
vt 2.826200 0.352100 0.000000
vt 2.810500 0.374500 0.000000
vt 2.808600 0.321800 0.000000
vt 2.830100 0.350600 0.000000
vt 2.830100 0.349100 0.000000
vt 2.062500 0.762300 0.000000
vt 2.808600 0.374000 0.000000
vt 2.832000 0.375500 0.000000
vt 2.822300 0.376000 0.000000
vt 2.824200 0.375500 0.000000
vt 2.796900 0.390100 0.000000
vt 2.794900 0.388200 0.000000
vt 2.824200 0.393100 0.000000
vt 2.822300 0.377900 0.000000
vt 2.826200 0.386200 0.000000
vt 2.826200 0.395000 0.000000
vt 2.789100 0.427200 0.000000
vt 2.798800 0.389200 0.000000
vt 2.949200 1.314500 0.000000
vt 2.927700 1.311800 0.000000
vt 2.949200 1.304400 0.000000
vt 0.955100 0.357400 0.000000
vt 2.931600 1.325000 0.000000
vt 2.947300 1.313200 0.000000
vt 2.943400 1.331100 0.000000
vt 0.946300 0.351100 0.000000
vt 0.945300 0.334000 0.000000
vt 0.845200 0.349100 0.000000
vt 2.535200 1.634800 0.000000
vt 2.959000 0.238800 0.000000
vt 2.939500 0.222200 0.000000
vt 2.935500 0.241700 0.000000
vt 2.918000 0.233900 0.000000
vt 2.957000 0.271500 0.000000
vt 2.959000 0.238300 0.000000
vt 0.851600 0.281200 0.000000
vt 0.852500 0.291500 0.000000
vt 0.940400 0.292500 0.000000
vt 0.850600 0.315400 0.000000
vt 2.927700 0.283200 0.000000
vt 2.931600 0.265100 0.000000
vt 2.953100 1.320600 0.000000
vt 0.944300 0.325200 0.000000
vt 0.844700 0.323700 0.000000
vt 0.942900 0.318400 0.000000
vt 2.962900 1.326200 0.000000
vt 2.955100 1.338400 0.000000
vt 2.943400 0.281700 0.000000
vt 2.953100 0.282200 0.000000
vt 2.925800 0.263700 0.000000
vt 2.935500 0.272000 0.000000
vt 2.927700 0.309600 0.000000
vt 2.949200 0.304700 0.000000
vt 2.927700 0.284200 0.000000
vt 2.873000 0.234900 0.000000
vt 2.914100 0.231400 0.000000
vt 2.888700 0.239300 0.000000
vt 2.541000 1.602100 0.000000
vt 2.927700 0.247600 0.000000
vt 2.888700 0.240700 0.000000
vt 2.925800 0.249000 0.000000
vt 2.929700 0.268600 0.000000
vt 0.844700 0.332000 0.000000
vt 2.947300 1.346400 0.000000
vt 2.959000 1.341300 0.000000
vt 2.968800 1.364500 0.000000
vt 2.947300 0.315400 0.000000
vt 2.947300 0.314000 0.000000
vt 2.943400 0.331500 0.000000
vt 2.953100 0.320800 0.000000
vt 2.962900 0.326700 0.000000
vt 0.836400 0.355000 0.000000
vt 2.955100 0.338400 0.000000
vt 2.947300 0.346700 0.000000
vt 2.957000 0.340800 0.000000
vt 2.927700 1.283900 0.000000
vt 2.943400 1.281500 0.000000
vt 2.927700 1.308800 0.000000
vt 2.953100 1.282000 0.000000
vt 2.937500 0.343800 0.000000
vt 2.834000 1.320100 0.000000
vt 2.939500 1.340100 0.000000
vt 2.832000 1.336200 0.000000
vt 2.834000 1.321300 0.000000
vt 2.837900 1.313500 0.000000
vt 2.925800 1.311300 0.000000
vt 2.925800 1.285900 0.000000
vt 2.939500 1.340300 0.000000
vt 2.943400 1.354000 0.000000
vt 2.921900 1.348100 0.000000
vt 2.832000 1.335400 0.000000
vt 2.841800 1.284400 0.000000
vt 2.884800 1.284200 0.000000
vt 2.953100 1.372100 0.000000
vt 2.837900 1.276600 0.000000
vt 2.703100 1.288800 0.000000
vt 2.673800 1.264900 0.000000
vt 2.810500 1.264400 0.000000
vt 2.828100 1.285200 0.000000
vt 2.812500 1.280800 0.000000
vt 2.841800 1.292700 0.000000
vt 2.843800 1.285600 0.000000
vt 2.826200 1.283400 0.000000
vt 2.822300 1.306400 0.000000
vt 2.814500 1.285900 0.000000
vt 2.820300 1.305400 0.000000
vt 2.828100 1.285600 0.000000
vt 2.839800 1.313700 0.000000
vt 2.824200 1.305900 0.000000
vt 2.812500 1.322800 0.000000
vt 2.837900 1.323000 0.000000
vt 2.808600 1.320600 0.000000
vt 2.810500 1.321000 0.000000
vt 2.798800 1.313500 0.000000
vt 2.800800 1.262000 0.000000
vt 2.808600 1.282200 0.000000
vt 2.701200 1.328100 0.000000
vt 2.830100 1.335700 0.000000
vt 2.937500 1.342500 0.000000
vt 2.562500 1.607400 0.000000
vt 2.585900 1.673300 0.000000
vt 2.496100 1.607900 0.000000
vt 2.529300 1.604000 0.000000
vt 2.552700 1.582000 0.000000
vt 2.648400 1.476600 0.000000
vt 2.634800 1.465100 0.000000
vt 2.648400 1.461700 0.000000
vt 2.210900 1.502400 0.000000
vt 2.195300 1.504900 0.000000
vt 2.201200 1.497800 0.000000
vt 2.587900 1.448500 0.000000
vt 2.611300 1.441200 0.000000
vt 2.591800 1.473900 0.000000
vt 2.271500 1.380900 0.000000
vt 2.296900 1.400600 0.000000
vt 2.269500 1.402100 0.000000
vt 2.187500 1.492400 0.000000
vt 2.181600 1.505400 0.000000
vt 2.353500 0.778800 0.000000
vt 2.337900 0.755100 0.000000
vt 2.322300 0.757800 0.000000
vt 2.589800 1.441700 0.000000
vt 2.066400 0.390600 0.000000
vt 2.146500 0.393100 0.000000
vt 2.179700 0.381800 0.000000
vt 2.320300 1.437000 0.000000
vt 2.298800 1.449000 0.000000
vt 2.291000 1.445100 0.000000
vt 2.482400 1.300500 0.000000
vt 2.498000 1.290000 0.000000
vt 2.488300 1.304000 0.000000
vt 2.201200 1.497100 0.000000
vt 2.300800 0.500000 0.000000
vt 2.293000 0.517600 0.000000
vt 2.312500 0.518100 0.000000
vt 2.359400 0.770800 0.000000
vt 2.609400 1.412600 0.000000
vt 2.642600 1.436300 0.000000
vt 2.935500 1.271700 0.000000
vt 2.925800 1.262200 0.000000
vt 2.957000 1.271200 0.000000
vt 2.246100 0.414100 0.000000
vt 2.228500 0.400900 0.000000
vt 2.240200 0.411600 0.000000
vt 2.107400 1.441700 0.000000
vt 2.130900 1.441700 0.000000
vt 2.123000 1.446500 0.000000
vt 2.269500 1.369100 0.000000
vt 2.302700 1.374300 0.000000
vt 2.298800 0.449200 0.000000
vt 2.293000 0.444300 0.000000
vt 2.283200 0.482900 0.000000
vt 2.468800 1.295400 0.000000
vt 2.488300 1.306200 0.000000
vt 2.373000 0.355000 0.000000
vt 2.357400 0.366200 0.000000
vt 2.386700 0.368700 0.000000
vt 2.224600 1.480200 0.000000
vt 2.205100 1.479000 0.000000
vt 2.433600 1.809600 0.000000
vt 2.543000 1.819800 0.000000
vt 2.470700 1.844700 0.000000
vt 2.199200 0.497600 0.000000
vt 2.238300 0.505600 0.000000
vt 2.238300 0.495100 0.000000
vt 2.529300 0.604000 0.000000
vt 2.515600 0.561500 0.000000
vt 2.496100 0.608900 0.000000
vt 2.476600 0.958500 0.000000
vt 2.418000 0.948500 0.000000
vt 2.408200 0.978600 0.000000
vt 2.025400 1.569300 0.000000
vt 2.046900 1.552700 0.000000
vt 2.048800 1.570300 0.000000
vt 2.437500 0.656500 0.000000
vt 2.400400 0.658700 0.000000
vt 2.431600 0.668700 0.000000
vt 2.914100 1.230800 0.000000
vt 2.918000 1.233500 0.000000
vt 2.888700 1.238500 0.000000
vt 2.330100 0.604000 0.000000
vt 2.302700 0.588100 0.000000
vt 2.302700 0.648900 0.000000
vt 0.940900 0.281700 0.000000
vt 2.052700 1.372600 0.000000
vt 2.050800 1.347700 0.000000
vt 2.076200 1.349100 0.000000
vt 2.168000 0.400900 0.000000
vt 2.179700 0.396000 0.000000
vt 2.570300 0.270500 0.000000
vt 2.572300 0.273900 0.000000
vt 2.584000 0.278800 0.000000
vt 2.130900 1.426300 0.000000
vt 2.101600 1.427200 0.000000
vt 2.084000 1.408200 0.000000
vt 2.443400 0.370600 0.000000
vt 2.345700 0.376500 0.000000
vt 2.341800 1.367700 0.000000
vt 2.441400 1.520000 0.000000
vt 2.435500 1.445800 0.000000
vt 2.445300 1.451200 0.000000
vt 2.300800 0.454100 0.000000
vt 2.425800 1.300800 0.000000
vt 2.457000 1.290800 0.000000
vt 2.447300 1.306400 0.000000
vt 2.447300 1.307600 0.000000
vt 2.418000 0.311000 0.000000
vt 2.421900 0.352500 0.000000
vt 2.445300 0.308100 0.000000
vt 2.355500 0.366200 0.000000
vt 2.406200 1.650900 0.000000
vt 2.414100 1.644500 0.000000
vt 2.439500 1.652800 0.000000
vt 2.205100 1.478500 0.000000
vt 2.341800 1.747600 0.000000
vt 2.373000 1.683100 0.000000
vt 2.384800 1.754400 0.000000
vt 2.363300 1.648400 0.000000
vt 2.402300 1.656700 0.000000
vt 2.335900 1.661100 0.000000
vt 2.203100 1.024200 0.000000
vt 2.214800 1.053300 0.000000
vt 2.148400 1.054900 0.000000
vt 2.210900 0.502700 0.000000
vt 2.400400 0.738800 0.000000
vt 2.517600 0.683600 0.000000
vt 2.402300 0.687500 0.000000
vt 2.537100 0.580800 0.000000
vt 2.052700 0.503400 0.000000
vt 2.113300 0.499000 0.000000
vt 2.125000 0.445300 0.000000
vt 2.343800 0.748500 0.000000
vt 2.388700 0.793700 0.000000
vt 2.357400 0.820200 0.000000
vt 2.029300 1.581500 0.000000
vt 2.627000 1.509300 0.000000
vt 2.593800 1.514600 0.000000
vt 2.591800 1.491900 0.000000
vt 2.638700 1.443400 0.000000
vt 2.726600 1.534200 0.000000
vt 2.414100 0.645000 0.000000
vt 2.406200 0.651100 0.000000
vt 2.439500 0.653600 0.000000
vt 2.638700 1.743200 0.000000
vt 2.636700 1.778300 0.000000
vt 2.628900 1.776900 0.000000
vt 2.584000 1.382300 0.000000
vt 2.587900 1.392600 0.000000
vt 2.558600 1.392100 0.000000
vt 2.861300 1.224200 0.000000
vt 2.873000 1.234600 0.000000
vt 2.328100 0.577400 0.000000
vt 2.310500 0.565900 0.000000
vt 2.638700 1.691400 0.000000
vt 2.927700 1.283000 0.000000
vt 2.113300 0.306600 0.000000
vt 2.142600 0.304700 0.000000
vt 2.109400 0.293900 0.000000
vt 2.236300 0.413600 0.000000
vt 2.193400 0.424800 0.000000
vt 2.195300 0.433600 0.000000
vt 2.177700 0.426300 0.000000
vt 2.189500 0.405300 0.000000
vt 2.181600 0.394000 0.000000
vt 2.142600 1.304400 0.000000
vt 2.156200 1.290800 0.000000
vt 2.160200 1.304200 0.000000
vt 2.052700 1.309800 0.000000
vt 2.035200 1.303700 0.000000
vt 2.035200 1.291300 0.000000
vt 2.408200 1.273400 0.000000
vt 2.402300 1.288100 0.000000
vt 2.398400 1.262700 0.000000
vt 2.158200 1.431900 0.000000
vt 2.236300 1.340600 0.000000
vt 2.226600 1.337900 0.000000
vt 2.218800 1.307900 0.000000
vt 2.564500 0.219700 0.000000
vt 2.525400 0.219200 0.000000
vt 2.548800 0.251000 0.000000
vt 2.320300 1.253400 0.000000
vt 2.369100 1.251000 0.000000
vt 2.363300 1.267300 0.000000
vt 2.316400 1.380400 0.000000
vt 2.343800 1.379600 0.000000
vt 2.339800 1.370400 0.000000
vt 2.441400 1.519000 0.000000
vt 2.566400 1.360600 0.000000
vt 2.541000 1.371600 0.000000
vt 2.320300 0.437500 0.000000
vt 2.320300 0.449700 0.000000
vt 2.412100 1.249600 0.000000
vt 2.423800 1.239000 0.000000
vt 2.431600 1.246700 0.000000
vt 2.523400 1.300500 0.000000
vt 2.541000 1.302200 0.000000
vt 2.535200 1.309800 0.000000
vt 2.535200 1.289300 0.000000
vt 2.289100 1.563500 0.000000
vt 2.265600 1.590800 0.000000
vt 2.283200 1.517100 0.000000
vt 2.445300 0.354500 0.000000
vt 2.359400 0.299300 0.000000
vt 2.349600 0.303700 0.000000
vt 2.365200 0.348600 0.000000
vt 2.361300 0.266100 0.000000
vt 2.343800 0.252400 0.000000
vt 2.345700 0.272500 0.000000
vt 2.433600 1.572800 0.000000
vt 2.433600 1.555700 0.000000
vt 2.443400 1.567400 0.000000
vt 2.402300 1.658200 0.000000
vt 2.406200 1.650400 0.000000
vt 2.437500 1.654800 0.000000
vt 2.310500 1.541500 0.000000
vt 2.378900 1.535200 0.000000
vt 2.380900 1.556600 0.000000
vt 2.175800 1.445800 0.000000
vt 2.216800 1.614700 0.000000
vt 2.253900 1.591800 0.000000
vt 2.283200 1.670900 0.000000
vt 2.388700 1.721700 0.000000
vt 2.390600 1.685500 0.000000
vt 2.396500 1.697300 0.000000
vt 2.318400 1.713900 0.000000
vt 2.316400 1.689900 0.000000
vt 2.328100 1.722200 0.000000
vt 2.470700 1.844200 0.000000
vt 2.371100 1.872100 0.000000
vt 2.425800 1.836900 0.000000
vt 2.355500 1.052800 0.000000
vt 2.308600 1.016300 0.000000
vt 2.371100 1.015900 0.000000
vt 2.294900 1.773900 0.000000
vt 2.261700 1.888200 0.000000
vt 2.189500 1.824700 0.000000
vt 2.195300 0.505400 0.000000
vt 2.351600 0.516100 0.000000
vt 2.308600 0.535600 0.000000
vt 2.486300 0.630400 0.000000
vt 2.531200 0.637700 0.000000
vt 2.445300 0.672400 0.000000
vt 2.439500 0.644500 0.000000
vt 2.445300 0.656500 0.000000
vt 2.080100 0.591300 0.000000
vt 2.091800 0.591300 0.000000
vt 2.089800 0.565700 0.000000
vt 2.044900 0.481000 0.000000
vt 2.048800 0.451200 0.000000
vt 2.041000 0.422400 0.000000
vt 2.029300 0.444300 0.000000
vt 2.048800 0.447800 0.000000
vt 2.308600 0.770500 0.000000
vt 2.296900 0.776900 0.000000
vt 2.304700 0.675000 0.000000
vt 2.308600 0.701700 0.000000
vt 2.316400 0.690200 0.000000
vt 2.382800 0.783700 0.000000
vt 2.046900 1.502400 0.000000
vt 2.046900 1.508300 0.000000
vt 2.021500 1.508800 0.000000
vt 2.068400 1.584000 0.000000
vt 2.046900 1.571800 0.000000
vt 2.089800 1.550300 0.000000
vt 0.059000 0.551500 0.000000
vt 0.062200 0.540000 0.000000
vt 0.056900 0.534900 0.000000
vt 2.646500 1.500000 0.000000
vt 2.638700 1.503400 0.000000
vt 2.640600 1.491700 0.000000
vt 2.648400 1.438200 0.000000
vt 2.705100 1.458700 0.000000
vt 2.646500 1.436300 0.000000
vt 2.636700 1.586900 0.000000
vt 2.630900 1.643100 0.000000
vt 2.621100 1.639600 0.000000
vt 2.734400 1.511700 0.000000
vt 2.648400 1.559100 0.000000
vt 2.628900 1.560500 0.000000
vt 2.640600 1.552700 0.000000
vt 2.408200 0.650600 0.000000
vt 2.400400 0.659400 0.000000
vt 2.439500 0.655300 0.000000
vt 2.334000 0.604200 0.000000
vt 2.337900 0.653100 0.000000
vt 2.363300 0.648700 0.000000
vt 2.625000 1.811500 0.000000
vt 2.619100 1.742200 0.000000
vt 2.628900 1.696300 0.000000
vt 2.589800 1.372100 0.000000
vt 2.677700 1.522500 0.000000
vt 2.681600 1.515100 0.000000
vt 2.681600 1.509300 0.000000
vt 2.664100 1.572800 0.000000
vt 2.705100 1.576200 0.000000
vt 2.685500 1.578100 0.000000
vt 2.597700 1.558600 0.000000
vt 2.404300 0.692900 0.000000
vt 2.390600 0.685800 0.000000
vt 2.398400 0.696800 0.000000
vt 2.433600 0.556600 0.000000
vt 2.404300 0.560100 0.000000
vt 2.431600 0.571300 0.000000
vt 2.634800 1.804200 0.000000
vt 2.537100 1.549800 0.000000
vt 2.544900 1.557600 0.000000
vt 2.175800 0.294400 0.000000
vt 2.168000 0.284700 0.000000
vt 2.156200 0.291000 0.000000
vt 2.035200 0.291500 0.000000
vt 2.052700 0.310100 0.000000
vt 2.076200 0.278300 0.000000
vt 2.162100 1.317900 0.000000
vt 2.177700 1.293500 0.000000
vt 2.166000 1.322000 0.000000
vt 0.376700 0.490700 0.000000
vt 0.304700 0.509500 0.000000
vt 0.377700 0.506600 0.000000
vt 2.056600 1.423800 0.000000
vt 2.058600 1.409900 0.000000
vt 2.179700 0.425300 0.000000
vt 2.035200 0.304200 0.000000
vt 2.177700 0.398400 0.000000
vt 0.041700 0.415000 0.000000
vt 0.041000 0.428200 0.000000
vt 0.173700 0.409700 0.000000
vt 2.160200 1.303500 0.000000
vt 2.140600 1.304400 0.000000
vt 2.488300 0.264200 0.000000
vt 2.490200 0.285600 0.000000
vt 2.498000 0.290500 0.000000
vt 2.603500 0.259300 0.000000
vt 2.585900 0.264200 0.000000
vt 2.597700 0.268600 0.000000
vt 2.085900 1.317600 0.000000
vt 2.099600 1.314700 0.000000
vt 2.074200 1.323200 0.000000
vt 2.384800 1.268100 0.000000
vt 2.380900 1.287600 0.000000
vt 0.176400 0.423800 0.000000
vt 2.087900 1.431200 0.000000
vt 2.060500 0.411100 0.000000
vt 2.048800 0.401400 0.000000
vt 2.175800 1.384800 0.000000
vt 2.201200 1.368400 0.000000
vt 2.201200 1.378200 0.000000
vt 2.056600 0.424300 0.000000
vt 2.396500 0.309100 0.000000
vt 2.607400 0.277800 0.000000
vt 2.605500 0.259300 0.000000
vt 2.597700 0.267600 0.000000
vt 2.328100 1.264900 0.000000
vt 2.341800 1.278300 0.000000
vt 2.324200 1.287400 0.000000
vt 2.412100 1.251200 0.000000
vt 2.398400 1.260000 0.000000
vt 2.388700 1.248400 0.000000
vt 2.367200 1.441200 0.000000
vt 2.334000 1.445300 0.000000
vt 2.371100 1.433300 0.000000
vt 2.343800 1.377000 0.000000
vt 2.339800 1.394800 0.000000
vt 2.363300 1.471400 0.000000
vt 2.377000 1.485600 0.000000
vt 2.361300 1.486300 0.000000
vt 2.433600 1.477500 0.000000
vt 2.503900 1.339400 0.000000
vt 2.498000 1.354500 0.000000
vt 2.474600 1.351100 0.000000
vt 2.337900 1.752400 0.000000
vt 2.332000 1.745100 0.000000
vt 2.337900 1.737800 0.000000
vt 2.377000 0.301300 0.000000
vt 2.377000 0.288600 0.000000
vt 2.359400 0.291500 0.000000
vt 2.584000 0.281200 0.000000
vt 2.462900 1.251200 0.000000
vt 2.607400 1.253200 0.000000
vt 2.669900 1.231900 0.000000
vt 2.611300 1.264900 0.000000
vt 2.462900 1.260500 0.000000
vt 2.462900 1.250200 0.000000
vt 2.488300 1.247100 0.000000
vt 2.537100 1.289100 0.000000
vt 2.558600 1.288800 0.000000
vt 2.570300 1.285400 0.000000
vt 2.564500 1.301000 0.000000
vt 2.509800 1.265100 0.000000
vt 2.564500 0.306200 0.000000
vt 2.558600 0.301300 0.000000
vt 2.535200 0.310100 0.000000
vt 2.130900 1.715300 0.000000
vt 2.158200 1.632800 0.000000
vt 2.214800 1.618700 0.000000
vt 2.503900 0.339800 0.000000
vt 2.498000 0.355000 0.000000
vt 2.513700 0.357900 0.000000
vt 2.560500 0.354000 0.000000
vt 2.488300 0.306600 0.000000
vt 2.464800 0.260700 0.000000
vt 2.492200 0.253400 0.000000
vt 2.339800 0.369100 0.000000
vt 2.271500 0.369600 0.000000
vt 2.343800 0.280300 0.000000
vt 2.345700 0.378400 0.000000
vt 2.341800 0.397000 0.000000
vt 2.414100 0.384800 0.000000
vt 2.410200 0.252000 0.000000
vt 2.398400 0.260300 0.000000
vt 2.410200 0.271000 0.000000
vt 2.404300 1.559600 0.000000
vt 2.433600 1.556200 0.000000
vt 2.431600 1.570800 0.000000
vt 2.378900 1.579100 0.000000
vt 2.394500 1.574200 0.000000
vt 2.398400 1.581500 0.000000
vt 2.396500 1.647900 0.000000
vt 2.410200 1.651900 0.000000
vt 2.402300 1.656200 0.000000
vt 2.439500 1.644000 0.000000
vt 2.369100 1.528300 0.000000
vt 2.373000 1.515600 0.000000
vt 2.304700 1.497300 0.000000
vt 2.293000 1.516600 0.000000
vt 2.294900 1.493900 0.000000
vt 2.248000 1.481400 0.000000
vt 2.216800 1.432400 0.000000
vt 2.238300 1.502400 0.000000
vt 2.201200 1.546400 0.000000
vt 2.210900 1.505400 0.000000
vt 2.240200 1.683100 0.000000
vt 2.134800 1.506800 0.000000
vt 2.101600 1.498500 0.000000
vt 2.337900 1.754900 0.000000
vt 2.320300 1.744600 0.000000
vt 2.332000 1.745600 0.000000
vt 2.345700 1.681200 0.000000
vt 2.341800 1.748000 0.000000
vt 2.289100 1.704100 0.000000
vt 2.302700 1.696300 0.000000
vt 2.314500 1.716300 0.000000
vt 2.543000 1.819300 0.000000
vt 2.404300 1.732400 0.000000
vt 2.388700 1.790000 0.000000
vt 2.386700 1.940400 0.000000
vt 2.343800 1.956500 0.000000
vt 2.298800 1.910200 0.000000
vt 2.261700 1.019500 0.000000
vt 2.261700 1.053400 0.000000
vt 2.228500 1.866700 0.000000
vt 2.185500 1.866700 0.000000
vt 2.191400 1.825200 0.000000
vt 2.544900 1.873500 0.000000
vt 2.558600 1.884300 0.000000
vt 2.587900 1.958000 0.000000
vt 2.293000 0.652100 0.000000
vt 2.279300 0.636500 0.000000
vt 2.283200 0.670700 0.000000
vt 2.199200 0.516100 0.000000
vt 2.210900 0.505600 0.000000
vt 2.404300 0.487800 0.000000
vt 2.378900 0.495600 0.000000
vt 2.433600 0.492700 0.000000
vt 2.355500 0.528300 0.000000
vt 2.181600 0.506600 0.000000
vt 2.201200 0.594000 0.000000
vt 2.201200 0.546600 0.000000
vt 2.527300 0.626500 0.000000
vt 2.543000 0.602300 0.000000
vt 2.482400 0.596400 0.000000
vt 2.476600 0.561500 0.000000
vt 2.441400 0.572500 0.000000
vt 2.443400 0.475600 0.000000
vt 2.443400 0.517800 0.000000
vt 2.537100 0.551500 0.000000
vt 2.544900 0.558100 0.000000
vt 2.447300 0.603500 0.000000
vt 2.443400 0.573500 0.000000
vt 2.437500 0.627000 0.000000
vt 2.070300 0.587400 0.000000
vt 2.078100 0.591100 0.000000
vt 2.089800 0.550800 0.000000
vt 0.174700 0.530800 0.000000
vt 0.179300 0.514200 0.000000
vt 0.168600 0.531000 0.000000
vt 2.060500 0.512500 0.000000
vt 2.046900 0.508800 0.000000
vt 2.050800 0.522200 0.000000
vt 2.050800 0.439900 0.000000
vt 2.148400 0.568100 0.000000
vt 2.142600 0.584500 0.000000
vt 2.279300 0.733200 0.000000
vt 2.300800 0.721200 0.000000
vt 2.322300 0.745400 0.000000
vt 2.320300 0.725600 0.000000
vt 2.244100 0.694800 0.000000
vt 2.203100 0.883500 0.000000
vt 2.185500 0.818400 0.000000
vt 2.162100 0.837300 0.000000
vt 2.357400 0.932700 0.000000
vt 2.306600 0.944800 0.000000
vt 2.109400 1.655300 0.000000
vt 2.060500 1.512200 0.000000
vt 2.050800 1.522000 0.000000
vt 2.084000 1.514200 0.000000
vt 2.068400 1.585900 0.000000
vt 2.017600 1.577100 0.000000
vt 0.070600 0.563000 0.000000
vt 0.048900 0.555400 0.000000
vt 0.163600 0.536900 0.000000
vt 2.687500 1.484100 0.000000
vt 2.724600 1.490000 0.000000
vt 2.722700 1.506800 0.000000
vt 2.630900 1.395300 0.000000
vt 2.683600 1.431200 0.000000
vt 2.689500 1.436800 0.000000
vt 2.595700 1.482400 0.000000
vt 2.621100 1.482700 0.000000
vt 2.675800 1.650900 0.000000
vt 2.634800 1.587400 0.000000
vt 2.681600 1.587900 0.000000
vt 2.650400 1.557600 0.000000
vt 2.650400 1.534200 0.000000
vt 2.707000 1.534200 0.000000
vt 2.697300 1.558600 0.000000
vt 2.671900 1.562000 0.000000
vt 2.627000 1.530800 0.000000
vt 2.650400 1.533200 0.000000
vt 2.642600 1.536600 0.000000
vt 2.642600 1.564900 0.000000
vt 2.330100 0.726600 0.000000
vt 2.328100 0.688500 0.000000
vt 2.328100 0.722700 0.000000
vt 2.410200 0.652300 0.000000
vt 2.396500 0.647500 0.000000
vt 2.402300 0.656700 0.000000
vt 2.365200 0.646700 0.000000
vt 2.400400 0.644500 0.000000
vt 2.361300 0.584700 0.000000
vt 2.404300 0.571800 0.000000
vt 2.638700 1.743700 0.000000
vt 2.621100 1.662600 0.000000
vt 2.619100 1.676300 0.000000
vt 2.490200 1.562500 0.000000
vt 2.589800 1.475300 0.000000
vt 2.580100 1.470700 0.000000
vt 2.627000 1.661600 0.000000
vt 2.638700 1.652300 0.000000
vt 2.710900 1.520500 0.000000
vt 2.707000 1.532200 0.000000
vt 2.593800 1.528800 0.000000
vt 2.593800 1.523900 0.000000
vt 2.650400 1.554200 0.000000
vt 2.642600 1.538100 0.000000
vt 2.636700 1.572800 0.000000
vt 2.388700 0.722200 0.000000
vt 2.373000 0.683600 0.000000
vt 2.402300 0.691400 0.000000
vt 2.431600 0.667000 0.000000
vt 2.390600 0.683300 0.000000
vt 2.335900 0.679700 0.000000
vt 2.318400 0.676800 0.000000
vt 2.435500 0.532500 0.000000
vt 2.404300 0.559600 0.000000
vt 2.435500 0.555200 0.000000
vt 2.386700 0.552500 0.000000
vt 2.384800 0.536400 0.000000
vt 2.566400 1.684100 0.000000
vt 2.527300 1.559100 0.000000
vt 2.509800 1.560500 0.000000
vt 2.269500 0.329600 0.000000
vt 2.306600 0.266600 0.000000
vt 2.269500 0.271500 0.000000
vt 2.232400 0.303700 0.000000
vt 2.242200 0.273400 0.000000
vt 2.222700 0.280800 0.000000
vt 2.027300 0.327100 0.000000
vt 2.058600 0.317400 0.000000
vt 2.242200 0.426300 0.000000
vt 2.246100 0.415500 0.000000
vt 2.238300 0.415000 0.000000
vt 2.154300 0.326200 0.000000
vt 2.162100 0.337900 0.000000
vt 2.166000 0.322300 0.000000
vt 2.931600 1.263700 0.000000
vt 2.043000 1.338400 0.000000
vt 2.058600 1.317100 0.000000
vt 2.074200 1.340600 0.000000
vt 2.224600 0.480000 0.000000
vt 2.197300 0.432600 0.000000
vt 0.371800 0.483400 0.000000
vt 0.304400 0.493700 0.000000
vt 2.240200 0.381800 0.000000
vt 2.046900 1.387700 0.000000
vt 2.064500 1.399900 0.000000
vt 2.048800 1.401100 0.000000
vt 2.123000 0.332000 0.000000
vt 2.140600 0.304700 0.000000
vt 2.179700 0.429200 0.000000
vt 2.177700 0.443400 0.000000
vt 2.197300 0.434100 0.000000
vt 2.070300 0.339400 0.000000
vt 2.074200 0.350600 0.000000
vt 2.205100 0.479000 0.000000
vt 2.177700 0.445800 0.000000
vt 2.201200 0.495100 0.000000
vt 2.074200 1.382800 0.000000
vt 2.669900 0.232400 0.000000
vt 2.675800 0.218300 0.000000
vt 0.054500 0.390600 0.000000
vt 0.050200 0.400900 0.000000
vt 0.159100 0.387700 0.000000
vt 2.171900 1.373800 0.000000
vt 2.162100 1.336700 0.000000
vt 2.191400 1.363300 0.000000
vt 2.154300 1.325700 0.000000
vt 2.113300 1.306400 0.000000
vt 2.468800 0.295900 0.000000
vt 2.835900 1.245700 0.000000
vt 2.855500 1.236700 0.000000
vt 2.843800 1.255900 0.000000
vt 2.357400 1.297600 0.000000
vt 2.359400 1.291500 0.000000
vt 2.373000 1.302700 0.000000
vt 2.369100 1.251700 0.000000
vt 2.322300 1.252200 0.000000
vt 2.304700 1.264200 0.000000
vt 2.408200 1.272900 0.000000
vt 2.248000 1.450400 0.000000
vt 2.250000 1.481200 0.000000
vt 0.038500 0.446800 0.000000
vt 2.177700 1.426800 0.000000
vt 2.175800 1.445100 0.000000
vt 2.158200 1.431200 0.000000
vt 2.048800 1.501500 0.000000
vt 2.123000 1.446800 0.000000
vt 2.107400 1.441400 0.000000
vt 2.048800 1.446300 0.000000
vt 2.048800 1.437700 0.000000
vt 2.050800 0.374500 0.000000
vt 2.046900 0.388200 0.000000
vt 2.066400 0.391600 0.000000
vt 2.240200 1.381300 0.000000
vt 2.228500 1.400100 0.000000
vt 2.220700 1.381300 0.000000
vt 2.179700 1.395800 0.000000
vt 2.144500 1.393100 0.000000
vt 2.066400 1.390400 0.000000
vt 2.179700 1.381300 0.000000
vt 2.193400 1.424600 0.000000
vt 2.177700 1.426500 0.000000
vt 2.189500 1.405000 0.000000
vt 2.412100 0.299800 0.000000
vt 2.425800 0.301300 0.000000
vt 2.377000 0.303700 0.000000
vt 2.605500 0.188500 0.000000
vt 2.580100 0.205600 0.000000
vt 2.628900 0.203600 0.000000
vt 2.365200 1.346900 0.000000
vt 2.423800 1.351800 0.000000
vt 2.373000 1.354200 0.000000
vt 2.418000 1.310800 0.000000
vt 2.382800 1.266400 0.000000
vt 2.248000 1.415500 0.000000
vt 2.244100 1.425500 0.000000
vt 2.240200 1.417700 0.000000
vt 2.300800 1.453900 0.000000
vt 2.291000 1.475300 0.000000
vt 2.320300 1.449200 0.000000
vt 2.345700 1.397200 0.000000
vt 2.437500 1.443100 0.000000
vt 2.470700 1.449700 0.000000
vt 2.443400 1.451200 0.000000
vt 2.500000 1.420700 0.000000
vt 2.377000 1.470000 0.000000
vt 2.377000 1.448500 0.000000
vt 2.390600 1.445300 0.000000
vt 2.435500 1.444300 0.000000
vt 2.378900 1.496300 0.000000
vt 2.406200 1.487500 0.000000
vt 2.433600 1.495600 0.000000
vt 2.431600 1.478800 0.000000
vt 2.429700 1.487500 0.000000
vt 2.406200 1.486100 0.000000
vt 2.502000 1.375700 0.000000
vt 2.498000 1.396700 0.000000
vt 2.476600 1.387200 0.000000
vt 2.462900 1.365200 0.000000
vt 2.472700 1.355200 0.000000
vt 2.496100 1.366700 0.000000
vt 2.515600 1.359900 0.000000
vt 2.593800 0.246100 0.000000
vt 2.457000 0.291500 0.000000
vt 2.445300 0.307100 0.000000
vt 2.330100 1.726100 0.000000
vt 2.330100 1.746100 0.000000
vt 2.322300 1.723100 0.000000
vt 2.378900 0.292500 0.000000
vt 2.334000 0.445800 0.000000
vt 2.548800 0.265100 0.000000
vt 2.574200 0.252000 0.000000
vt 2.558600 0.289100 0.000000
vt 2.570300 0.278300 0.000000
vt 2.574200 0.306200 0.000000
vt 2.412100 1.213400 0.000000
vt 2.386700 1.510700 0.000000
vt 2.595700 1.246700 0.000000
vt 2.632800 1.205600 0.000000
vt 2.421900 1.267600 0.000000
vt 2.648400 1.210200 0.000000
vt 2.490200 1.285400 0.000000
vt 2.488300 1.263900 0.000000
vt 2.498000 1.289800 0.000000
vt 2.570300 1.342000 0.000000
vt 2.603500 1.283200 0.000000
vt 2.582000 1.284700 0.000000
vt 2.605500 1.254600 0.000000
vt 2.603500 1.283400 0.000000
vt 2.595700 1.267600 0.000000
vt 2.527300 1.250700 0.000000
vt 2.531200 1.249800 0.000000
vt 2.410200 0.250000 0.000000
vt 2.423800 0.238800 0.000000
vt 2.388700 0.248500 0.000000
vt 2.349600 0.210400 0.000000
vt 2.320300 0.235400 0.000000
vt 2.343800 0.251500 0.000000
vt 2.523400 0.301300 0.000000
vt 2.466800 0.215300 0.000000
vt 2.488300 0.248000 0.000000
vt 2.240200 1.683600 0.000000
vt 2.537100 0.287600 0.000000
vt 2.527300 0.251000 0.000000
vt 2.525400 0.267100 0.000000
vt 2.419900 0.269000 0.000000
vt 2.431600 0.247100 0.000000
vt 2.419900 0.250000 0.000000
vt 2.472700 0.355500 0.000000
vt 2.474600 0.351600 0.000000
vt 2.488300 0.304700 0.000000
vt 2.488300 0.250000 0.000000
vt 2.509800 0.265600 0.000000
vt 2.324200 0.288600 0.000000
vt 2.298800 0.473600 0.000000
vt 2.371100 0.434100 0.000000
vt 2.345700 0.397900 0.000000
vt 2.343800 0.377400 0.000000
vt 2.339800 0.395000 0.000000
vt 2.390600 0.445800 0.000000
vt 2.437500 0.443800 0.000000
vt 2.377000 0.449200 0.000000
vt 2.377000 0.469200 0.000000
vt 2.367200 0.252900 0.000000
vt 2.320300 0.252900 0.000000
vt 2.437500 1.530800 0.000000
vt 2.400400 1.514200 0.000000
vt 2.433600 1.512700 0.000000
vt 2.431600 1.522000 0.000000
vt 2.400400 1.567400 0.000000
vt 2.408200 1.564500 0.000000
vt 2.406200 1.569300 0.000000
vt 2.400400 1.567900 0.000000
vt 2.382800 1.557100 0.000000
vt 2.402300 1.647000 0.000000
vt 2.396500 1.582000 0.000000
vt 2.365200 1.646500 0.000000
vt 2.361300 1.584500 0.000000
vt 2.367200 1.574700 0.000000
vt 2.363300 1.578600 0.000000
vt 2.427700 1.576200 0.000000
vt 2.431600 1.573700 0.000000
vt 2.435500 1.643100 0.000000
vt 2.378900 1.556600 0.000000
vt 2.384800 1.536100 0.000000
vt 2.388700 1.551300 0.000000
vt 2.386700 1.524900 0.000000
vt 2.291000 1.495100 0.000000
vt 2.273400 1.496600 0.000000
vt 2.199200 1.515600 0.000000
vt 2.181600 1.506300 0.000000
vt 2.199200 1.437500 0.000000
vt 2.240200 1.417200 0.000000
vt 2.375000 1.489300 0.000000
vt 2.312500 1.518100 0.000000
vt 2.201200 1.590300 0.000000
vt 2.302700 1.668900 0.000000
vt 2.304700 1.673800 0.000000
vt 2.347700 1.510300 0.000000
vt 2.287100 1.564000 0.000000
vt 2.302700 1.557600 0.000000
vt 2.302700 1.585900 0.000000
vt 2.093800 1.506300 0.000000
vt 2.117200 1.509300 0.000000
vt 2.398400 1.741200 0.000000
vt 2.402300 1.708500 0.000000
vt 2.353500 1.778300 0.000000
vt 2.359400 1.770500 0.000000
vt 2.322300 1.757300 0.000000
vt 2.322300 1.744600 0.000000
vt 2.277300 1.731400 0.000000
vt 2.300800 1.720700 0.000000
vt 2.318400 1.725100 0.000000
vt 2.328100 1.688000 0.000000
vt 2.334000 1.678700 0.000000
vt 2.310500 1.702600 0.000000
vt 2.304700 1.674800 0.000000
vt 2.402300 1.657700 0.000000
vt 2.431600 1.668000 0.000000
vt 2.335900 1.662600 0.000000
vt 2.386700 1.789600 0.000000
vt 2.318400 1.676300 0.000000
vt 2.267600 0.175800 0.000000
vt 2.314500 0.174800 0.000000
vt 2.267600 0.116200 0.000000
vt 2.298800 1.910600 0.000000
vt 2.414100 1.978000 0.000000
vt 2.361300 1.968800 0.000000
vt 2.343800 1.956100 0.000000
vt 2.263700 1.887200 0.000000
vt 2.265600 1.925800 0.000000
vt 2.244100 1.913600 0.000000
vt 2.476600 1.888700 0.000000
vt 2.552700 1.846200 0.000000
vt 2.550800 1.879900 0.000000
vt 2.162100 1.788100 0.000000
vt 2.125000 1.781700 0.000000
vt 2.474600 1.956500 0.000000
vt 2.503900 1.012400 0.000000
vt 2.302700 0.669400 0.000000
vt 2.304700 0.674600 0.000000
vt 2.298800 0.490200 0.000000
vt 2.298800 0.480500 0.000000
vt 2.293000 0.490200 0.000000
vt 2.378900 0.484400 0.000000
vt 2.363300 0.485800 0.000000
vt 2.341800 0.495600 0.000000
vt 2.386700 0.511000 0.000000
vt 2.238300 0.503400 0.000000
vt 2.306600 0.536100 0.000000
vt 2.312500 0.566400 0.000000
vt 2.312500 0.540800 0.000000
vt 2.287100 0.564500 0.000000
vt 2.294900 0.642600 0.000000
vt 2.369100 0.508300 0.000000
vt 2.373000 0.516400 0.000000
vt 2.378900 0.535400 0.000000
vt 2.382800 0.536400 0.000000
vt 2.386700 0.525100 0.000000
vt 2.494100 0.620600 0.000000
vt 2.486300 0.547600 0.000000
vt 2.480500 0.563000 0.000000
vt 2.527300 0.559300 0.000000
vt 2.505900 0.559800 0.000000
vt 2.443400 0.473600 0.000000
vt 2.431600 0.492700 0.000000
vt 2.443400 0.517600 0.000000
vt 2.445300 0.453100 0.000000
vt 2.490200 0.625700 0.000000
vt 2.117200 0.511200 0.000000
vt 2.101600 0.541300 0.000000
vt 2.136700 0.512200 0.000000
vt 2.048800 0.571000 0.000000
vt 2.027300 0.583000 0.000000
vt 2.070300 0.586200 0.000000
vt 2.025400 0.569600 0.000000
vt 2.017600 0.577600 0.000000
vt 2.054700 0.555400 0.000000
vt 2.113300 0.661400 0.000000
vt 2.101600 0.653600 0.000000
vt 2.138700 0.734600 0.000000
vt 2.136700 0.508100 0.000000
vt 2.117200 0.510000 0.000000
vt 2.091800 0.506600 0.000000
vt 2.019500 0.512000 0.000000
vt 2.017600 0.534200 0.000000
vt 2.091800 0.431200 0.000000
vt 2.101600 0.427700 0.000000
vt 2.048800 0.438500 0.000000
vt 2.056600 0.429200 0.000000
vt 2.179700 0.505400 0.000000
vt 2.402300 0.740700 0.000000
vt 2.384800 0.759000 0.000000
vt 2.382800 0.781500 0.000000
vt 2.341800 0.748500 0.000000
vt 2.335900 0.738800 0.000000
vt 2.337900 0.752900 0.000000
vt 2.332000 0.745800 0.000000
vt 2.296900 0.729700 0.000000
vt 2.287100 0.696800 0.000000
vt 2.244100 0.695600 0.000000
vt 2.216800 0.621600 0.000000
vt 2.140600 0.734900 0.000000
vt 2.218800 0.064000 0.000000
vt 2.220700 0.023400 0.000000
vt 2.171900 0.027800 0.000000
vt 2.232400 0.870100 0.000000
vt 2.302700 0.911700 0.000000
vt 2.357400 0.931900 0.000000
vt 2.371100 0.872300 0.000000
vt 2.111300 1.654300 0.000000
vt 2.103500 1.716800 0.000000
vt 2.084000 1.658700 0.000000
vt 2.046900 0.183100 0.000000
vt 2.097700 0.181200 0.000000
vt 2.044900 0.124000 0.000000
vt 2.046900 1.509800 0.000000
vt 2.017600 1.533700 0.000000
vt 2.054700 1.555200 0.000000
vt 2.101600 1.541000 0.000000
vt 2.138700 1.575200 0.000000
vt 2.078100 1.590800 0.000000
vt 2.044900 0.068800 0.000000
vt 2.101600 0.035600 0.000000
vt 2.070300 0.031200 0.000000
vt 0.114100 0.559600 0.000000
vt 0.156400 0.558800 0.000000
vt 2.033200 1.604500 0.000000
vt 2.003900 1.073200 0.000000
vt 2.003900 1.048000 0.000000
vt 2.007800 1.035000 0.000000
vt 2.140600 1.587400 0.000000
vt 2.089800 1.591800 0.000000
vt 2.652300 1.508300 0.000000
vt 2.638700 1.511700 0.000000
vt 2.587900 1.527300 0.000000
vt 2.595700 1.515100 0.000000
vt 2.470700 1.448500 0.000000
vt 2.544900 1.420700 0.000000
vt 2.580100 1.448500 0.000000
vt 2.712900 1.473600 0.000000
vt 2.679700 1.497800 0.000000
vt 2.710900 1.435300 0.000000
vt 2.685500 1.413800 0.000000
vt 2.730500 1.424300 0.000000
vt 2.718800 1.450900 0.000000
vt 2.646500 1.485600 0.000000
vt 2.654300 1.498300 0.000000
vt 2.580100 1.450200 0.000000
vt 2.632800 1.462900 0.000000
vt 2.677700 1.647500 0.000000
vt 2.677700 1.652300 0.000000
vt 2.630900 1.642600 0.000000
vt 2.638700 1.650400 0.000000
vt 2.623000 1.649900 0.000000
vt 2.623000 1.606000 0.000000
vt 2.601600 1.644500 0.000000
vt 2.599600 1.603500 0.000000
vt 2.603500 1.586900 0.000000
vt 2.710900 1.522900 0.000000
vt 2.707000 1.578100 0.000000
vt 2.632800 1.524400 0.000000
vt 2.640600 1.519000 0.000000
vt 2.650400 1.531200 0.000000
vt 2.636700 1.526900 0.000000
vt 2.677700 1.525900 0.000000
vt 2.636700 1.574200 0.000000
vt 2.625000 1.575700 0.000000
vt 2.593800 1.569300 0.000000
vt 2.628900 1.562500 0.000000
vt 2.632800 1.587900 0.000000
vt 2.638700 1.575700 0.000000
vt 2.683600 1.588900 0.000000
vt 2.345700 0.682100 0.000000
vt 2.384800 0.759500 0.000000
vt 2.400400 0.655500 0.000000
vt 2.404300 0.647700 0.000000
vt 2.335900 0.663600 0.000000
vt 2.334000 0.676500 0.000000
vt 2.357400 0.583500 0.000000
vt 2.408200 0.565400 0.000000
vt 2.400400 0.567600 0.000000
vt 2.406200 0.569600 0.000000
vt 2.396500 0.583500 0.000000
vt 2.371100 0.581300 0.000000
vt 2.359400 0.586200 0.000000
vt 2.384800 0.536900 0.000000
vt 2.378900 0.556900 0.000000
vt 2.388700 0.551500 0.000000
vt 2.627000 1.731900 0.000000
vt 2.613300 1.691400 0.000000
vt 2.593800 1.653300 0.000000
vt 2.591800 1.665500 0.000000
vt 2.607400 1.674800 0.000000
vt 2.591800 1.666000 0.000000
vt 2.585900 1.672900 0.000000
vt 2.591800 1.647500 0.000000
vt 2.443400 1.670900 0.000000
vt 2.585900 1.489300 0.000000
vt 2.630900 1.643600 0.000000
vt 2.601600 1.645000 0.000000
vt 2.621100 1.640600 0.000000
vt 2.605500 1.586400 0.000000
vt 2.974600 0.225100 0.000000
vt 2.720700 1.567400 0.000000
vt 2.720700 1.554700 0.000000
vt 2.681600 1.515600 0.000000
vt 2.640600 1.518600 0.000000
vt 2.597700 1.559600 0.000000
vt 2.587900 1.572800 0.000000
vt 2.595700 1.584000 0.000000
vt 2.595700 1.574200 0.000000
vt 2.334000 0.673600 0.000000
vt 2.371100 0.683100 0.000000
vt 2.406200 0.572500 0.000000
vt 2.402300 0.645300 0.000000
vt 2.414100 0.644800 0.000000
vt 2.400400 0.569800 0.000000
vt 2.371100 0.576700 0.000000
vt 2.398400 0.581300 0.000000
vt 2.400400 0.568100 0.000000
vt 2.363300 0.579100 0.000000
vt 2.335900 0.588600 0.000000
vt 2.357400 0.538600 0.000000
vt 2.380900 0.556900 0.000000
vt 2.537100 1.562000 0.000000
vt 2.585900 1.674800 0.000000
vt 2.566400 1.682600 0.000000
vt 2.443400 1.670400 0.000000
vt 2.935500 1.241200 0.000000
vt 2.164100 1.337900 0.000000
vt 2.072300 1.383500 0.000000
vt 2.074200 1.348400 0.000000
vt 2.230500 0.403300 0.000000
vt 2.171900 0.372100 0.000000
vt 2.183600 0.334000 0.000000
vt 2.162100 0.336900 0.000000
vt 2.351600 0.210400 0.000000
vt 2.318400 0.213900 0.000000
vt 2.183600 1.322500 0.000000
vt 2.162100 1.337600 0.000000
vt 2.052700 0.373500 0.000000
vt 2.074200 0.382800 0.000000
vt 2.076200 0.350600 0.000000
vt 2.027300 1.326900 0.000000
vt 2.218800 0.383300 0.000000
vt 2.189500 0.404800 0.000000
vt 2.230500 0.400400 0.000000
vt 2.060500 0.410600 0.000000
vt 2.064500 0.400400 0.000000
vt 2.044900 1.339800 0.000000
vt 2.070300 1.339100 0.000000
vt 2.078100 1.351800 0.000000
vt 2.160200 0.304700 0.000000
vt 0.156500 0.368200 0.000000
vt 0.054500 0.392600 0.000000
vt 0.159100 0.388700 0.000000
vt 2.044900 0.340300 0.000000
vt 2.050800 0.348100 0.000000
vt 0.055900 0.366200 0.000000
vt 0.055400 0.372100 0.000000
vt 0.154900 0.362300 0.000000
vt 2.199200 0.367700 0.000000
vt 2.175800 0.385300 0.000000
vt 2.201200 0.378400 0.000000
vt 2.265600 0.340300 0.000000
vt 0.164100 0.396500 0.000000
vt 2.205100 1.371600 0.000000
vt 2.201200 1.377700 0.000000
vt 2.185500 0.319800 0.000000
vt 2.179700 0.293900 0.000000
vt 2.162100 0.318400 0.000000
vt 2.160200 0.303700 0.000000
vt 2.197300 0.433600 0.000000
vt 2.099600 0.314500 0.000000
vt 2.043000 0.338900 0.000000
vt 2.205100 0.479500 0.000000
vt 2.195300 0.366200 0.000000
vt 2.189500 0.407700 0.000000
vt 2.201200 0.377900 0.000000
vt 2.179700 0.397500 0.000000
vt 2.199200 0.369100 0.000000
vt 2.220700 0.381800 0.000000
vt 2.048800 1.447300 0.000000
vt 2.048800 1.450900 0.000000
vt 0.164100 0.403300 0.000000
vt 0.050800 0.408200 0.000000
vt 2.060500 1.410600 0.000000
vt 2.041000 1.420900 0.000000
vt 2.168000 1.400600 0.000000
vt 2.166000 1.285900 0.000000
vt 2.175800 1.293900 0.000000
vt 2.195300 1.431900 0.000000
vt 2.179700 1.425800 0.000000
vt 2.107400 1.293700 0.000000
vt 2.074200 1.277300 0.000000
vt 2.425800 0.302200 0.000000
vt 2.457000 0.292500 0.000000
vt 2.433600 0.261200 0.000000
vt 2.271500 1.257300 0.000000
vt 2.304700 1.265900 0.000000
vt 2.269500 1.270800 0.000000
vt 2.693400 1.264600 0.000000
vt 0.315900 0.463400 0.000000
vt 0.308600 0.485800 0.000000
vt 0.362800 0.461900 0.000000
vt 2.382800 0.267100 0.000000
vt 2.369100 0.252400 0.000000
vt 2.043000 0.257300 0.000000
vt 2.349600 1.303500 0.000000
vt 2.357400 1.352300 0.000000
vt 2.343800 1.280000 0.000000
vt 2.377000 1.288100 0.000000
vt 2.099600 1.314000 0.000000
vt 2.699200 1.248500 0.000000
vt 2.669900 1.232300 0.000000
vt 2.671900 1.216800 0.000000
vt 2.412100 1.299300 0.000000
vt 2.396500 1.308800 0.000000
vt 2.429700 1.487100 0.000000
vt 2.445300 1.354000 0.000000
vt 2.175800 1.443100 0.000000
vt 2.197300 1.438500 0.000000
vt 2.236300 1.409700 0.000000
vt 2.087900 1.431600 0.000000
vt 2.054700 1.428200 0.000000
vt 2.189500 1.407200 0.000000
vt 2.084000 0.408700 0.000000
vt 2.074200 1.383500 0.000000
vt 2.050800 1.388700 0.000000
vt 2.054700 1.367400 0.000000
vt 2.066400 1.390600 0.000000
vt 2.175800 1.397900 0.000000
vt 2.228500 1.302200 0.000000
vt 2.183600 1.333500 0.000000
vt 2.601600 1.189500 0.000000
vt 2.619100 1.192600 0.000000
vt 2.443400 0.451200 0.000000
vt 2.619100 0.248000 0.000000
vt 2.367200 0.441400 0.000000
vt 2.369100 0.471200 0.000000
vt 2.373000 1.354500 0.000000
vt 2.367200 1.366500 0.000000
vt 2.365200 1.347400 0.000000
vt 2.343800 1.270300 0.000000
vt 2.345700 1.376000 0.000000
vt 2.269500 1.271700 0.000000
vt 2.242200 1.273200 0.000000
vt 2.560500 1.353300 0.000000
vt 0.940400 0.256300 0.000000
vt 0.940900 0.238800 0.000000
vt 0.852100 0.255900 0.000000
vt 2.298800 1.473400 0.000000
vt 2.361300 1.485600 0.000000
vt 2.296900 1.489000 0.000000
vt 2.445300 1.370100 0.000000
vt 2.339800 1.396200 0.000000
vt 2.345700 1.377900 0.000000
vt 2.414100 1.384500 0.000000
vt 2.455100 1.402100 0.000000
vt 2.369100 1.428700 0.000000
vt 2.345700 1.376200 0.000000
vt 2.459000 1.378400 0.000000
vt 2.447300 1.385300 0.000000
vt 2.369100 1.439700 0.000000
vt 2.369100 1.473900 0.000000
vt 2.433600 1.475800 0.000000
vt 2.402300 1.481000 0.000000
vt 2.421900 1.352800 0.000000
vt 2.556600 1.355200 0.000000
vt 2.496100 0.367200 0.000000
vt 2.462900 0.365700 0.000000
vt 2.605500 0.257800 0.000000
vt 2.619100 0.192900 0.000000
vt 2.529300 0.292000 0.000000
vt 2.459000 0.377900 0.000000
vt 2.502000 0.420400 0.000000
vt 2.402300 0.288600 0.000000
vt 2.357400 0.298300 0.000000
vt 2.373000 0.303200 0.000000
vt 2.572300 0.275900 0.000000
vt 2.574200 0.305700 0.000000
vt 2.609400 0.265600 0.000000
vt 2.611300 0.264600 0.000000
vt 2.494100 1.217000 0.000000
vt 2.554700 1.219700 0.000000
vt 2.437500 1.626500 0.000000
vt 2.572300 1.253900 0.000000
vt 2.546900 1.250700 0.000000
vt 2.429700 1.507300 0.000000
vt 2.433600 1.260500 0.000000
vt 2.457000 1.291700 0.000000
vt 2.492200 1.253200 0.000000
vt 2.488300 1.250200 0.000000
vt 2.560500 1.354000 0.000000
vt 2.611300 1.264200 0.000000
vt 2.574200 1.305400 0.000000
vt 2.564500 1.302200 0.000000
vt 2.585900 1.263400 0.000000
vt 2.605500 1.256800 0.000000
vt 2.574200 1.274700 0.000000
vt 2.550800 1.263900 0.000000
vt 2.546900 1.249000 0.000000
vt 2.574200 1.252400 0.000000
vt 2.548800 1.261700 0.000000
vt 2.548800 1.250700 0.000000
vt 2.560500 0.355000 0.000000
vt 2.570300 0.342300 0.000000
vt 2.554700 0.356400 0.000000
vt 2.513700 0.361300 0.000000
vt 2.527300 0.251500 0.000000
vt 2.531200 0.249500 0.000000
vt 2.435500 0.214400 0.000000
vt 2.462900 0.252000 0.000000
vt 2.294900 1.641100 0.000000
vt 2.293000 1.650900 0.000000
vt 2.279300 1.636200 0.000000
vt 2.531200 0.250000 0.000000
vt 2.462900 0.250500 0.000000
vt 2.421900 0.353000 0.000000
vt 2.296900 1.729500 0.000000
vt 2.455100 0.403300 0.000000
vt 2.443400 0.474100 0.000000
vt 2.437500 0.446800 0.000000
vt 2.433600 0.481000 0.000000
vt 2.357400 0.352500 0.000000
vt 2.302700 0.374500 0.000000
vt 2.271500 0.380900 0.000000
vt 2.316400 0.380900 0.000000
vt 2.296900 0.400900 0.000000
vt 2.365200 0.348100 0.000000
vt 2.369100 0.440400 0.000000
vt 2.367200 0.470200 0.000000
vt 2.377000 0.467800 0.000000
vt 2.435500 0.444800 0.000000
vt 2.410200 0.251500 0.000000
vt 2.341800 0.278800 0.000000
vt 2.306600 0.267600 0.000000
vt 2.328100 0.265100 0.000000
vt 2.367200 1.572800 0.000000
vt 2.328100 1.577100 0.000000
vt 2.310500 1.565900 0.000000
vt 2.431600 1.522500 0.000000
vt 2.435500 1.529300 0.000000
vt 2.308600 1.534200 0.000000
vt 2.406200 1.571800 0.000000
vt 2.406200 1.569800 0.000000
vt 2.386700 1.552200 0.000000
vt 2.437500 1.656200 0.000000
vt 2.412100 1.642600 0.000000
vt 2.406200 1.649400 0.000000
vt 2.402300 1.645500 0.000000
vt 2.400400 1.644500 0.000000
vt 2.396500 1.584000 0.000000
vt 2.359400 1.585000 0.000000
vt 2.347700 1.512200 0.000000
vt 2.367200 1.510700 0.000000
vt 2.355500 1.527800 0.000000
vt 2.386700 1.523900 0.000000
vt 2.382800 1.535600 0.000000
vt 2.435500 1.531700 0.000000
vt 2.253900 1.494600 0.000000
vt 2.234400 1.494400 0.000000
vt 2.238300 1.504900 0.000000
vt 2.207000 1.478000 0.000000
vt 2.148400 1.567900 0.000000
vt 2.142600 1.587400 0.000000
vt 2.302700 1.647900 0.000000
vt 2.335900 1.588400 0.000000
vt 2.308600 1.535200 0.000000
vt 2.332000 1.654300 0.000000
vt 2.330100 1.604000 0.000000
vt 2.281200 1.515600 0.000000
vt 2.265600 1.591300 0.000000
vt 2.253900 1.573200 0.000000
vt 2.357400 1.583500 0.000000
vt 2.334000 1.604000 0.000000
vt 2.384800 1.753900 0.000000
vt 2.400400 1.688500 0.000000
vt 2.386700 1.785200 0.000000
vt 2.375000 1.781200 0.000000
vt 2.335900 1.738300 0.000000
vt 2.328100 1.800800 0.000000
vt 2.294900 1.774900 0.000000
vt 2.308600 1.770000 0.000000
vt 2.293000 1.772000 0.000000
vt 2.175800 1.802200 0.000000
vt 2.267600 1.739700 0.000000
vt 2.314500 1.715800 0.000000
vt 2.429700 1.667500 0.000000
vt 2.390600 1.683100 0.000000
vt 2.369100 1.682600 0.000000
vt 2.334000 1.673300 0.000000
vt 2.402300 1.691900 0.000000
vt 2.332000 1.675800 0.000000
vt 2.400400 1.691400 0.000000
vt 2.377000 1.824200 0.000000
vt 2.265600 1.927700 0.000000
vt 2.416000 1.949200 0.000000
vt 2.414100 1.981000 0.000000
vt 2.242200 1.913100 0.000000
vt 2.232400 1.904300 0.000000
vt 2.261700 1.884800 0.000000
vt 2.416000 0.174300 0.000000
vt 2.386700 0.018100 0.000000
vt 2.357400 0.174300 0.000000
vt 2.556600 1.846200 0.000000
vt 2.548800 1.880400 0.000000
vt 2.418000 1.948200 0.000000
vt 2.168000 1.819800 0.000000
vt 2.521500 1.990200 0.000000
vt 2.474600 1.957500 0.000000
vt 2.539100 1.960400 0.000000
vt 2.625000 1.812000 0.000000
vt 2.554700 1.846700 0.000000
vt 2.589800 1.958500 0.000000
vt 2.609400 1.963400 0.000000
vt 2.296900 0.642800 0.000000
vt 2.300800 0.490200 0.000000
vt 2.293000 0.491700 0.000000
vt 2.960900 1.238200 0.000000
vt 2.939500 1.221700 0.000000
vt 2.966800 1.225800 0.000000
vt 2.298800 0.489700 0.000000
vt 2.369100 0.474100 0.000000
vt 2.361300 0.486800 0.000000
vt 2.378900 0.485400 0.000000
vt 2.433600 0.480500 0.000000
vt 2.404300 0.486800 0.000000
vt 2.265600 0.593800 0.000000
vt 2.287100 0.563700 0.000000
vt 2.283200 0.517600 0.000000
vt 2.369100 0.529100 0.000000
vt 2.308600 0.534700 0.000000
vt 2.310500 0.541300 0.000000
vt 2.310500 0.541000 0.000000
vt 2.253900 0.593300 0.000000
vt 2.265600 0.593300 0.000000
vt 2.253900 0.573500 0.000000
vt 2.339800 0.537600 0.000000
vt 2.339800 0.510300 0.000000
vt 2.351600 0.515100 0.000000
vt 2.367200 0.510700 0.000000
vt 2.386700 0.524400 0.000000
vt 2.431600 0.522200 0.000000
vt 2.400400 0.514400 0.000000
vt 2.435500 0.529500 0.000000
vt 2.515600 0.672600 0.000000
vt 2.517600 0.682400 0.000000
vt 2.437500 0.531500 0.000000
vt 2.490200 0.563000 0.000000
vt 2.496100 0.609400 0.000000
vt 2.433600 0.513200 0.000000
vt 2.537100 0.562500 0.000000
vt 2.449200 0.632100 0.000000
vt 2.494100 0.551300 0.000000
vt 2.156200 0.626500 0.000000
vt 2.103500 0.631100 0.000000
vt 2.105500 0.641800 0.000000
vt 0.177000 0.502000 0.000000
vt 0.044800 0.518800 0.000000
vt 2.054700 0.601600 0.000000
vt 2.091800 0.565200 0.000000
vt 2.138700 0.575400 0.000000
vt 2.021500 0.550000 0.000000
vt 2.046900 0.553200 0.000000
vt 2.084000 0.514400 0.000000
vt 2.158200 0.630400 0.000000
vt 2.130900 0.441900 0.000000
vt 2.125000 0.444800 0.000000
vt 2.177700 0.444300 0.000000
vt 2.158200 0.431600 0.000000
vt 2.091800 0.432100 0.000000
vt 2.084000 0.512200 0.000000
vt 2.050800 0.503400 0.000000
vt 2.027300 0.444800 0.000000
vt 2.050800 0.452100 0.000000
vt 2.048800 0.542200 0.000000
vt 2.046900 0.572500 0.000000
vt 2.294900 0.774400 0.000000
vt 2.382800 0.783400 0.000000
vt 0.852100 0.238300 0.000000
vt 2.474600 0.958200 0.000000
vt 2.314500 0.716800 0.000000
vt 2.322300 0.723600 0.000000
vt 2.318400 0.714100 0.000000
vt 2.271500 0.746300 0.000000
vt 2.185500 0.819300 0.000000
vt 2.158200 0.775000 0.000000
vt 2.197300 0.887600 0.000000
vt 2.242200 0.916300 0.000000
vt 2.232400 0.905300 0.000000
vt 2.261700 0.888900 0.000000
vt 2.232400 0.870200 0.000000
vt 2.314500 0.019000 0.000000
vt 2.261700 0.020000 0.000000
vt 2.390600 0.792100 0.000000
vt 2.296900 0.776200 0.000000
vt 2.261700 0.919600 0.000000
vt 2.296900 0.950200 0.000000
vt 2.380900 0.974800 0.000000
vt 2.306600 0.944500 0.000000
vt 2.005900 0.102100 0.000000
vt 2.154300 0.179200 0.000000
vt 2.084000 1.511700 0.000000
vt 0.177500 0.486300 0.000000
vt 0.179000 0.441400 0.000000
vt 0.043500 0.489300 0.000000
vt 2.048800 1.542000 0.000000
vt 2.091800 1.564900 0.000000
vt 0.040500 0.534700 0.000000
vt 0.050900 0.535200 0.000000
vt 2.091800 1.590800 0.000000
vt 2.080100 1.590800 0.000000
vt 2.089800 1.564900 0.000000
vt 2.005900 0.034700 0.000000
vt 2.119100 0.765500 0.000000
vt 2.107400 0.728800 0.000000
vt 0.167500 0.548100 0.000000
vt 2.003900 0.073700 0.000000
vt 2.015600 0.602500 0.000000
vt 2.031200 0.605200 0.000000
vt 2.134800 1.510700 0.000000
vt 2.130900 1.646000 0.000000
vt 2.156200 1.626000 0.000000
vt 0.046100 0.506800 0.000000
vt 2.003900 0.125000 0.000000
vt 2.732400 1.478000 0.000000
vt 2.734400 1.511200 0.000000
vt 2.722700 1.462900 0.000000
vt 2.712900 1.473400 0.000000
vt 2.724600 1.459500 0.000000
vt 2.726600 1.462200 0.000000
vt 2.646500 1.475600 0.000000
vt 2.585900 1.527800 0.000000
vt 2.646500 1.482400 0.000000
vt 2.642600 1.462200 0.000000
vt 2.640600 1.410400 0.000000
vt 2.621100 1.477500 0.000000
vt 2.675800 1.649900 0.000000
vt 2.681600 1.587400 0.000000
vt 2.619100 1.650400 0.000000
vt 2.591800 1.646000 0.000000
vt 2.599600 1.643100 0.000000
vt 2.595700 1.646000 0.000000
vt 2.582000 1.574700 0.000000
vt 2.707000 1.534700 0.000000
vt 2.712900 1.523900 0.000000
vt 2.724600 1.535600 0.000000
vt 2.652300 1.534200 0.000000
vt 2.595700 1.572800 0.000000
vt 2.587900 1.573700 0.000000
vt 2.726600 1.559600 0.000000
vt 2.335900 0.679200 0.000000
vt 2.345700 0.682400 0.000000
vt 2.398400 0.740200 0.000000
vt 2.406200 0.649700 0.000000
vt 2.412100 0.642600 0.000000
vt 2.402300 0.644300 0.000000
vt 2.427700 0.576400 0.000000
vt 2.406200 0.571800 0.000000
vt 2.435500 0.643300 0.000000
vt 2.341800 0.683100 0.000000
vt 2.335900 0.663800 0.000000
vt 2.433600 0.555900 0.000000
vt 2.431600 0.573200 0.000000
vt 2.332000 0.654100 0.000000
vt 2.371100 0.574000 0.000000
vt 2.400400 0.568600 0.000000
vt 2.537100 1.580600 0.000000
vt 2.587900 1.674800 0.000000
vt 2.585900 1.572800 0.000000
vt 2.824200 1.232300 0.000000
vt 2.830100 1.223800 0.000000
vt 2.687500 1.583000 0.000000
vt 2.638700 1.654800 0.000000
vt 2.623000 1.660200 0.000000
vt 2.625000 1.654800 0.000000
vt 2.591800 1.650400 0.000000
vt 2.623000 1.651900 0.000000
vt 2.675800 1.217500 0.000000
vt 2.720700 1.538600 0.000000
vt 2.724600 1.534200 0.000000
vt 2.632800 1.571800 0.000000
vt 2.595700 1.570300 0.000000
vt 2.630900 1.562000 0.000000
vt 2.625000 1.580100 0.000000
vt 2.621100 1.579100 0.000000
vt 2.396500 0.582800 0.000000
vt 2.382800 0.557600 0.000000
vt 2.400400 0.568400 0.000000
vt 2.371100 0.573200 0.000000
vt 2.328100 0.576200 0.000000
vt 2.363300 0.576900 0.000000
vt 2.271500 0.257800 0.000000
vt 2.269500 0.271000 0.000000
vt 2.259800 0.269000 0.000000
vt 2.101600 0.314900 0.000000
vt 2.085900 0.317900 0.000000
vt 2.074200 0.323700 0.000000
vt 2.185500 1.320800 0.000000
vt 2.230500 0.340300 0.000000
vt 2.240200 1.383500 0.000000
vt 2.203100 1.369600 0.000000
vt 2.246100 1.377400 0.000000
vt 2.218800 0.308100 0.000000
vt 2.054700 1.429900 0.000000
vt 2.072300 0.341800 0.000000
vt 2.169900 0.373000 0.000000
vt 2.074200 0.383800 0.000000
vt 2.029300 1.443600 0.000000
vt 2.201200 1.367200 0.000000
vt 2.179700 1.381600 0.000000
vt 2.191400 1.363000 0.000000
vt 2.123000 1.331800 0.000000
vt 2.183600 0.323700 0.000000
vt 2.169900 0.371600 0.000000
vt 2.164100 0.337900 0.000000
vt 2.074200 0.351600 0.000000
vt 2.257800 0.489700 0.000000
vt 2.074200 0.341300 0.000000
vt 0.291500 0.511500 0.000000
vt 0.940400 0.256800 0.000000
vt 2.130900 0.426800 0.000000
vt 2.048800 1.438200 0.000000
vt 2.052700 0.371600 0.000000
vt 2.181600 1.393600 0.000000
vt 2.160200 0.302700 0.000000
vt 2.074200 0.384300 0.000000
vt 2.250000 0.450200 0.000000
vt 0.390600 0.507300 0.000000
vt 2.197300 0.364300 0.000000
vt 2.207000 0.478500 0.000000
vt 2.029300 1.444600 0.000000
vt 2.050800 1.451200 0.000000
vt 2.050800 1.439700 0.000000
vt 2.189500 1.404300 0.000000
vt 2.218800 1.382600 0.000000
vt 2.230500 1.399900 0.000000
vt 2.248000 1.413100 0.000000
vt 2.240200 1.381600 0.000000
vt 2.066400 1.389900 0.000000
vt 2.160200 1.302200 0.000000
vt 2.259800 1.268600 0.000000
vt 2.459000 0.378900 0.000000
vt 2.447300 0.385700 0.000000
vt 2.043000 1.262000 0.000000
vt 2.546900 0.250500 0.000000
vt 2.548800 0.248500 0.000000
vt 2.548800 0.263700 0.000000
vt 2.359400 1.298800 0.000000
vt 2.324200 1.287600 0.000000
vt 2.320300 1.209700 0.000000
vt 2.072300 1.341300 0.000000
vt 2.222700 1.280300 0.000000
vt 2.378900 1.292500 0.000000
vt 2.377000 1.303200 0.000000
vt 2.302700 1.264200 0.000000
vt 2.267600 1.337600 0.000000
vt 2.179700 1.428700 0.000000
vt 2.179700 1.397200 0.000000
vt 2.236300 1.409200 0.000000
vt 2.230500 1.403100 0.000000
vt 2.246100 1.413300 0.000000
vt 2.236300 1.408400 0.000000
vt 2.048800 1.450400 0.000000
vt 2.058600 0.410200 0.000000
vt 2.060500 1.410400 0.000000
vt 2.169900 1.374000 0.000000
vt 2.169900 1.372800 0.000000
vt 2.675800 0.217800 0.000000
vt 2.650400 0.208000 0.000000
vt 2.482400 0.300800 0.000000
vt 2.834000 1.260300 0.000000
vt 2.378900 0.288100 0.000000
vt 2.343800 0.380400 0.000000
vt 2.337900 0.371100 0.000000
vt 2.572300 0.279300 0.000000
vt 2.584000 0.281700 0.000000
vt 2.359400 1.298600 0.000000
vt 2.377000 1.300800 0.000000
vt 2.378900 1.287800 0.000000
vt 2.369100 1.252200 0.000000
vt 2.443400 1.521000 0.000000
vt 2.410200 1.250500 0.000000
vt 2.410200 1.273200 0.000000
vt 2.843800 1.230100 0.000000
vt 2.960900 1.238000 0.000000
vt 2.853500 1.261000 0.000000
vt 2.298800 1.473100 0.000000
vt 2.296900 1.478500 0.000000
vt 2.296900 1.492200 0.000000
vt 2.293000 1.443800 0.000000
vt 2.459000 1.377700 0.000000
vt 2.814500 0.233900 0.000000
vt 2.816400 0.216800 0.000000
vt 2.832000 0.224600 0.000000
vt 2.371100 1.473600 0.000000
vt 2.377000 1.468300 0.000000
vt 2.373000 1.474400 0.000000
vt 2.433600 1.476300 0.000000
vt 2.373000 1.475300 0.000000
vt 2.377000 1.468800 0.000000
vt 2.402300 1.480000 0.000000
vt 2.402300 1.482700 0.000000
vt 2.609400 1.413800 0.000000
vt 2.515600 1.357200 0.000000
vt 2.556600 1.356000 0.000000
vt 2.574200 0.253900 0.000000
vt 2.587900 0.266100 0.000000
vt 2.572300 0.305700 0.000000
vt 2.560500 0.305700 0.000000
vt 2.613300 0.266100 0.000000
vt 2.531200 1.249300 0.000000
vt 2.527300 1.251000 0.000000
vt 2.830100 1.255600 0.000000
vt 2.425800 1.301800 0.000000
vt 2.423800 1.268600 0.000000
vt 2.525400 1.266600 0.000000
vt 2.613300 1.265600 0.000000
vt 2.564500 1.302500 0.000000
vt 2.570300 1.283400 0.000000
vt 2.587900 1.265600 0.000000
vt 2.888700 1.240100 0.000000
vt 2.552700 0.354500 0.000000
vt 2.240200 1.573200 0.000000
vt 2.529300 0.290500 0.000000
vt 2.318400 0.254900 0.000000
vt 2.423800 0.270000 0.000000
vt 2.345700 0.377000 0.000000
vt 2.273400 0.402300 0.000000
vt 2.369100 0.429200 0.000000
vt 2.925800 1.248300 0.000000
vt 2.810500 1.260500 0.000000
vt 2.816400 1.237100 0.000000
vt 2.373000 0.474100 0.000000
vt 2.390600 0.479000 0.000000
vt 2.433600 0.478500 0.000000
vt 2.435500 0.479000 0.000000
vt 2.369100 0.253400 0.000000
vt 2.396500 0.262700 0.000000
vt 2.384800 0.268600 0.000000
vt 2.380900 0.288100 0.000000
vt 2.369100 1.507300 0.000000
vt 2.447300 1.603000 0.000000
vt 2.404300 1.559100 0.000000
vt 2.435500 1.554700 0.000000
vt 2.306600 1.535600 0.000000
vt 2.312500 1.539600 0.000000
vt 2.439500 1.531200 0.000000
vt 2.402300 1.574200 0.000000
vt 2.400400 1.568400 0.000000
vt 2.402300 1.644000 0.000000
vt 2.396500 1.581500 0.000000
vt 2.414100 1.644000 0.000000
vt 2.406200 1.572300 0.000000
vt 2.443400 1.671900 0.000000
vt 2.328100 1.575700 0.000000
vt 2.367200 1.572300 0.000000
vt 2.363300 1.576700 0.000000
vt 2.355500 1.526900 0.000000
vt 2.253900 1.493900 0.000000
vt 2.927700 1.246300 0.000000
vt 2.929700 1.266800 0.000000
vt 2.197300 1.439500 0.000000
vt 2.277300 1.492400 0.000000
vt 2.337900 1.653300 0.000000
vt 2.304700 1.647000 0.000000
vt 2.294900 1.640600 0.000000
vt 2.242200 1.585000 0.000000
vt 2.398400 1.756800 0.000000
vt 2.388700 1.786100 0.000000
vt 2.398400 1.755900 0.000000
vt 2.345700 1.681600 0.000000
vt 2.335900 1.677700 0.000000
vt 2.265600 1.739700 0.000000
vt 2.328100 1.801300 0.000000
vt 2.341800 1.682600 0.000000
vt 2.293000 1.945800 0.000000
vt 2.308600 1.052800 0.000000
vt 2.244100 1.914100 0.000000
vt 2.416000 1.052600 0.000000
vt 2.416000 1.013300 0.000000
vt 2.220700 0.177200 0.000000
vt 2.150400 0.071800 0.000000
vt 2.232400 1.905300 0.000000
vt 2.240200 1.916500 0.000000
vt 2.177700 1.874000 0.000000
vt 2.550800 1.880400 0.000000
vt 2.177700 1.801800 0.000000
vt 2.117200 1.033400 0.000000
vt 2.539100 1.960900 0.000000
vt 2.410200 0.011200 0.000000
vt 2.304700 0.648400 0.000000
vt 2.216800 0.617900 0.000000
vt 2.253900 0.495600 0.000000
vt 2.291000 0.491700 0.000000
vt 2.273400 0.497600 0.000000
vt 2.390600 0.480500 0.000000
vt 2.390600 0.481400 0.000000
vt 2.302700 0.557900 0.000000
vt 2.281200 0.516800 0.000000
vt 2.277300 0.493200 0.000000
vt 2.240200 0.573700 0.000000
vt 2.357400 0.539100 0.000000
vt 2.433600 0.481900 0.000000
vt 2.242200 0.585700 0.000000
vt 2.355500 0.527300 0.000000
vt 2.429700 0.507800 0.000000
vt 2.431600 0.522900 0.000000
vt 2.441400 0.531500 0.000000
vt 2.808600 1.235500 0.000000
vt 2.812500 1.260300 0.000000
vt 2.798800 1.234700 0.000000
vt 2.431600 0.574200 0.000000
vt 2.089800 0.592300 0.000000
vt 2.140600 0.587900 0.000000
vt 2.134800 0.642300 0.000000
vt 2.103500 0.650600 0.000000
vt 2.800800 1.220800 0.000000
vt 2.810500 1.231000 0.000000
vt 2.091800 0.550300 0.000000
vt 0.184900 0.529500 0.000000
vt 2.136700 0.642600 0.000000
vt 2.158200 0.432100 0.000000
vt 2.046900 0.510000 0.000000
vt 2.125000 0.440900 0.000000
vt 2.048800 0.451700 0.000000
vt 2.048800 0.446800 0.000000
vt 2.046900 0.553000 0.000000
vt 2.103500 0.651900 0.000000
vt 2.269500 0.746600 0.000000
vt 2.390600 0.791900 0.000000
vt 2.443400 0.811900 0.000000
vt 2.332000 0.745600 0.000000
vt 2.330100 0.746300 0.000000
vt 2.314500 0.716300 0.000000
vt 2.810500 1.231400 0.000000
vt 2.156200 0.775400 0.000000
vt 2.232400 0.904500 0.000000
vt 2.242200 0.913800 0.000000
vt 2.263700 0.885600 0.000000
vt 2.263700 0.888100 0.000000
vt 2.244100 0.914300 0.000000
vt 2.816400 1.216100 0.000000
vt 2.357400 0.819100 0.000000
vt 2.408200 0.979400 0.000000
vt 2.244100 0.914600 0.000000
vt 2.058600 1.031100 0.000000
vt 2.043000 1.057900 0.000000
vt 2.085900 1.056500 0.000000
vt 2.117200 1.510700 0.000000
vt 2.021500 1.549800 0.000000
vt 2.091800 1.549800 0.000000
vt 2.109400 1.657200 0.000000
vt 2.097700 1.656200 0.000000
vt 2.105500 1.641100 0.000000
vt 2.084000 0.657500 0.000000
vt 2.103500 1.649400 0.000000
vt 2.103500 1.630900 0.000000
vt 2.130900 1.645000 0.000000
vt 0.177100 0.552200 0.000000
vt 2.009800 0.580800 0.000000
vt 2.003900 0.048300 0.000000
vt 2.052700 1.603500 0.000000
vt 2.015600 1.602100 0.000000
vt 2.009800 1.580600 0.000000
vt 2.654300 1.507800 0.000000
vt 2.595700 1.516100 0.000000
vt 2.013700 1.792000 0.000000
vt 2.580100 1.448000 0.000000
vt 2.730500 1.476800 0.000000
vt 2.716800 1.437300 0.000000
vt 2.646500 1.485800 0.000000
vt 2.630900 1.467000 0.000000
vt 2.650400 1.474900 0.000000
vt 2.644500 1.482900 0.000000
vt 2.646500 1.482700 0.000000
vt 3.113300 0.885300 0.000000
vt 3.127000 0.874300 0.000000
vt 3.113300 0.856100 0.000000
vt 3.128900 0.902700 0.000000
vt 3.111300 0.892600 0.000000
vt 3.109400 0.908400 0.000000
vt 3.127000 1.874000 0.000000
vt 3.111300 1.884800 0.000000
vt 3.115200 1.860800 0.000000
vt 3.097700 1.915000 0.000000
vt 3.111300 1.892600 0.000000
vt 3.109400 1.908200 0.000000
vt 3.128900 1.902300 0.000000
vt 3.097700 0.915200 0.000000
# 5285 texture coordinates

g taobaodianpu_CFSC147
usemtl mi_TempleEntrance_01_02
f 2163/3/3 2146/2/2 2162/1/1
f 2479/6/6 2439/5/5 2481/4/4
f 1976/9/9 1977/8/8 1978/7/7
f 2438/10/10 2481/4/4 2439/5/5
f 2463/13/13 2477/12/12 2482/11/11
f 1977/8/8 1958/14/14 1978/7/7
f 1664/17/17 1698/16/16 1557/15/15
f 2484/19/19 2435/18/18 2481/4/4
f 2481/4/4 2438/10/10 2485/20/20
f 1967/23/23 1905/22/22 1898/21/21
f 2472/25/25 2477/12/12 2486/24/24
f 2486/24/24 2448/26/27 2470/25/26
f 1900/29/30 1971/28/29 1897/27/28
f 1703/32/33 1704/31/32 1702/30/31
f 1559/35/36 1558/34/35 1571/33/34
f 2487/38/39 2488/37/38 2478/36/37
f 2486/24/24 2489/39/40 2448/26/27
f 1971/28/29 1966/40/41 1897/27/28
f 2486/24/24 2477/12/12 2489/39/40
f 2490/43/44 2460/42/43 2462/41/42
f 1967/23/23 1969/44/45 1905/22/22
f 1703/32/33 1688/45/46 1704/31/32
f 2463/13/13 2460/42/43 2490/43/44
f 2463/13/13 2490/43/44 2489/39/40
f 1771/48/49 1801/47/48 1979/46/47
f 2463/13/13 2489/39/40 2477/12/12
f 2483/50/51 2482/11/11 2491/49/50
f 1980/46/54 1798/52/53 1981/51/52
f 1703/32/33 1705/53/56 1706/45/55
f 1573/56/58 1574/55/57 1575/54/57
f 1523/59/61 1525/58/60 1521/57/59
f 2492/62/64 2493/61/63 2494/60/62
f 2495/65/67 2496/64/66 2497/63/65
f 1791/68/70 1982/67/69 1983/66/68
f 2498/69/71 2492/62/64 2494/60/62
f 2499/71/73 2383/70/72 2498/69/71
f 1982/67/69 1791/68/70 1784/72/74
f 1689/73/75 1706/45/55 1705/53/56
f 2494/60/62 2499/71/73 2498/69/71
f 2500/74/76 2488/37/38 2487/38/39
f 1925/77/79 1906/76/78 1924/75/77
f 2377/80/82 2501/79/81 2502/78/80
f 2500/74/76 2503/79/83 2504/81/73
f 1882/84/86 1892/83/85 1890/82/84
f 1689/73/75 1705/53/56 1690/85/87
f 1577/86/88 1559/35/36 1571/33/34
f 2503/79/83 2500/74/76 2487/38/39
f 2497/63/65 2496/64/66 1527/87/89
f 1884/90/92 1893/89/91 1984/88/90
f 2495/65/67 2505/91/93 2496/64/66
f 2505/91/93 2495/65/67 2506/92/93
f 1933/94/96 1930/89/95 1909/93/94
f 1707/95/97 1690/85/87 1705/53/56
f 2457/98/100 2507/97/99 2455/96/98
f 2508/99/101 2507/97/99 2457/98/100
f 1930/89/95 1933/94/96 1985/100/102
f 2509/101/104 2459/98/103 2460/42/43
f 2464/102/104 2509/101/104 2460/42/43
f 1986/105/107 1951/104/106 1952/103/105
f 1707/95/97 1708/106/108 1690/85/87
f 1578/107/109 1559/35/36 1577/86/88
f 1447/109/111 1448/108/110 1521/57/59
f 1490/112/114 1529/111/113 1482/110/112
f 2510/113/115 2507/97/99 2508/99/101
f 2511/116/118 2145/115/117 2519/114/116
f 1940/119/121 1987/118/120 1955/117/119
f 2145/115/117 2511/116/118 2144/120/122
f 2512/123/125 2513/122/124 2514/121/123
f 1988/126/128 1956/125/127 1957/124/126
f 1709/127/129 1708/106/108 1707/95/97
f 2511/116/118 2519/114/116 2515/128/99
f 2510/113/115 2509/101/104 2516/129/130
f 1918/132/133 1917/131/132 1946/130/131
f 2510/113/115 2516/129/130 2507/97/99
f 2497/63/65 1527/87/89 1526/133/134
f 1989/136/137 1961/135/136 1990/134/135
f 1698/16/16 1645/137/138 1557/15/15
f 1579/140/141 1567/139/140 1566/138/139
f 2385/141/142 2383/70/72 2499/71/73
f 2504/81/73 2503/79/83 2517/142/143
f 1963/144/146 1964/143/145 1991/135/144
f 2387/145/147 2501/79/81 2377/80/82
f 2518/145/148 2517/142/143 2503/79/83
f 1899/146/149 1925/77/79 1924/75/77
f 1712/149/152 1710/148/151 1711/147/150
f 2519/114/116 2506/92/93 2515/128/99
f 2506/92/93 2519/114/116 2505/91/93
f 1907/151/154 1972/150/153 1925/77/79
f 2516/129/130 2383/70/72 2332/152/155
f 2520/154/118 2332/152/155 2123/153/156
f 1880/156/158 1907/151/154 1875/155/157
f 1557/15/15 1643/157/159 1664/17/17
f 1580/160/162 1548/159/161 1498/158/160
f 1463/162/164 1462/161/163 1526/133/134
f 2516/129/130 2332/152/155 2520/154/118
f 2492/62/64 2498/69/71 2521/70/165
f 1922/165/168 1921/164/167 1992/163/166
f 2383/70/72 2509/101/104 2522/62/169
f 2509/101/104 2383/70/72 2516/129/130
f 1995/168/172 1994/167/171 1996/166/170
f 1678/171/175 1676/170/174 1713/169/173
f 2509/101/104 2464/102/104 2522/62/169
f 2516/129/130 2520/154/118 2507/97/99
f 2005/174/178 1997/173/177 1998/172/176
f 2433/176/180 2441/175/179 2435/18/18
f 2523/179/182 2468/178/181 2524/177/123
f 1999/182/185 2000/181/184 2001/180/183
f 1676/170/174 1714/184/187 1715/183/186
f 1566/138/139 1559/35/36 1578/107/109
f 2512/123/125 2514/121/123 2466/185/188
f 2525/188/191 2526/187/190 2527/186/189
f 2002/191/184 2003/190/193 2004/189/192
f 2528/192/194 2526/187/190 2525/188/191
f 2474/195/197 2473/194/196 2529/193/195
f 1993/196/198 2005/174/178 2001/180/183
f 1715/183/186 1713/169/173 1676/170/174
f 2525/188/191 2529/193/195 2528/192/194
f 2474/195/197 2529/193/195 2530/197/199
f 1993/196/198 2001/180/183 2006/198/200
f 2478/36/37 2474/195/197 2530/197/199
f 3679/201/203 3686/200/202 3688/199/201
f 2525/188/191 2530/197/199 2529/193/195
f 2005/174/178 2007/202/204 1997/173/177
f 1678/171/175 1665/204/206 1716/203/205
f 1579/140/141 1585/205/207 1567/139/140
f 1526/133/134 1527/87/89 1463/162/164
f 1491/206/95 1490/112/114 1482/110/112
f 2531/207/208 2478/36/37 2530/197/199
f 2530/197/199 2525/188/191 2532/207/209
f 2008/208/193 2006/198/200 2001/180/183
f 2533/211/212 2534/210/211 2535/209/210
f 2536/214/215 2537/213/214 2538/212/213
f 1994/167/171 1993/196/198 2006/198/200
f 3401/217/218 3568/216/217 3571/215/216
f 3571/215/216 3572/218/219 3401/217/218
f 3566/221/222 3556/220/221 3570/219/220
f 3570/219/220 3569/223/224 3573/222/223
f 3401/217/218 3398/224/225 3568/216/217
f 3400/226/227 3401/217/218 3574/225/226
f 3534/229/230 3562/228/229 3565/227/228
f 3571/215/216 3568/216/217 3567/230/231
f 3575/233/234 3554/232/233 3576/231/232
f 3572/218/219 3579/235/236 3526/234/235
f 3580/238/239 3581/237/238 3582/236/237
f 3526/234/235 3579/235/236 3524/239/240
f 3570/219/220 3583/240/241 3566/221/222
f 3388/243/244 3548/242/243 3389/241/242
f 3581/237/238 3560/244/245 3582/236/237
f 3584/245/246 3580/238/239 3582/236/237
f 1678/171/175 1717/247/248 1649/246/247
f 3573/222/223 3583/240/241 3570/219/220
f 3572/218/219 3571/215/216 3579/235/236
f 3579/235/236 3571/215/216 3577/248/249
f 3562/228/229 3554/232/233 3575/233/234
f 3577/248/249 3571/215/216 3567/230/231
f 3554/232/233 3562/228/229 3534/229/230
f 3589/249/251 3590/237/250 3580/238/239
f 3569/223/224 3558/251/253 3557/250/252
f 3591/254/256 3592/253/255 3561/252/254
f 3591/254/256 3593/255/257 3590/237/250
f 3561/252/254 3593/255/257 3591/254/256
f 3594/257/259 3550/256/258 3592/253/255
f 3594/257/259 3592/253/255 3591/254/256
f 3596/260/262 3595/259/261 3597/258/260
f 3591/254/256 3590/237/250 3589/249/251
f 3550/256/258 3594/257/259 3551/261/263
f 3596/260/262 3594/257/259 3595/259/261
f 3576/231/232 3554/232/233 3553/262/264
f 3596/260/262 3598/263/265 3594/257/259
f 3543/265/267 3544/264/266 3557/250/252
f 3599/266/268 3596/260/262 3597/258/260
f 3576/231/232 3578/267/269 3575/233/234
f 3596/260/262 3600/269/271 3601/268/270
f 3577/248/249 3578/267/269 3602/270/272
f 3596/260/262 3599/266/268 3525/271/273
f 3579/235/236 3577/248/249 3602/270/272
f 3524/239/240 3579/235/236 3602/270/272
f 3600/269/271 3596/260/262 3525/271/273
f 3600/269/271 3525/271/273 3524/239/240
f 3542/273/275 3527/272/274 3544/264/266
f 3537/274/276 3525/271/273 3599/266/268
f 3603/276/278 3550/256/258 3552/275/277
f 3603/276/278 3552/275/277 3549/277/279
f 3549/277/279 3531/278/280 3603/276/278
f 3592/253/255 3559/279/281 3561/252/254
f 3604/280/282 3592/253/255 3550/256/258
f 3541/281/283 3527/272/274 3542/273/275
f 3605/282/284 3527/272/274 3541/281/283
f 3606/283/285 3605/282/284 3541/281/283
f 3606/283/285 3528/284/286 3605/282/284
f 3605/282/284 3528/284/286 3527/272/274
f 3528/284/286 3607/286/288 3608/285/287
f 3606/283/285 3541/281/283 3540/287/179
f 3606/283/285 3609/288/289 3607/286/288
f 3606/283/285 3540/287/179 3609/288/289
f 3528/284/286 3606/283/285 3607/286/288
f 3381/290/291 3610/289/290 3609/288/289
f 3610/289/290 3381/290/291 3382/291/292
f 3525/271/273 3391/293/294 3611/292/293
f 3526/234/235 3525/271/273 3612/294/295
f 3611/292/293 3612/294/295 3525/271/273
f 3572/218/219 3526/234/235 3612/294/295
f 3613/295/296 3612/294/295 3611/292/293
f 3612/294/295 3613/295/296 3572/218/219
f 1444/297/297 1446/296/58 1447/109/111
f 3670/300/203 3694/299/201 3700/298/298
f 3617/303/301 3618/302/300 3619/301/299
f 3617/303/301 3619/301/299 3621/304/302
f 2535/209/210 2539/305/303 2533/211/212
f 3625/308/306 3626/307/305 3627/306/304
f 3628/310/309 3629/309/308 3630/302/307
f 3631/312/311 3632/311/310 3618/302/300
f 3633/313/312 3628/310/309 3630/302/307
f 3617/303/301 3634/314/313 3627/306/304
f 3625/308/306 3627/306/304 3634/314/313
f 3617/303/301 3621/304/302 3634/314/313
f 3617/303/301 3627/306/304 3635/307/314
f 3617/303/301 3635/307/314 3636/315/315
f 3618/302/300 3617/303/301 3631/312/311
f 1319/318/318 1316/317/317 1318/316/316
f 1316/317/317 1317/319/319 1318/316/316
f 3671/321/320 3670/300/203 3701/320/116
f 3672/323/322 3702/322/321 3694/299/201
f 3641/326/325 3638/325/324 3642/324/323
f 3643/329/328 3644/328/327 3645/327/326
f 2542/330/329 2538/212/213 2537/213/214
f 3638/325/324 3637/331/330 3642/324/323
f 3646/332/331 3626/307/305 3625/308/306
f 3634/314/313 3637/331/330 3625/308/306
f 3625/308/306 3643/329/328 3646/332/331
f 3645/327/326 3646/332/331 3643/329/328
f 2009/334/334 2010/168/333 2011/333/332
f 1319/318/318 2458/335/335 1316/317/317
f 3617/303/301 3653/315/336 3631/312/311
f 3653/315/336 3654/337/338 3655/336/337
f 3656/307/341 3657/339/340 3658/338/339
f 3659/341/343 3660/340/342 3661/338/342
f 3662/340/346 3663/343/345 3664/342/344
f 3559/279/281 3654/337/338 3653/315/336
f 3338/344/213 3665/321/348 3666/320/347
f 3657/339/340 3667/345/349 3658/338/339
f 3668/346/350 3660/340/342 3659/341/343
f 3662/340/346 3669/346/351 3663/343/345
f 3559/279/281 3653/315/336 3560/244/245
f 3670/300/203 3671/321/320 3672/323/322
f 3665/321/348 3338/344/213 3673/347/37
f 3675/350/354 3676/349/353 3678/348/352
f 3674/352/356 3679/201/203 3677/351/355
f 3671/321/320 3680/353/357 3672/323/322
f 2841/356/360 2882/355/359 3681/354/358
f 3677/351/355 3679/201/203 3682/357/360
f 3675/350/354 3678/348/352 3683/358/361
f 3674/352/356 3684/359/362 3679/201/203
f 3675/350/354 3683/358/361 3685/360/363
f 3684/359/362 3686/200/202 3679/201/203
f 3671/321/320 3703/347/364 3680/353/357
f 3679/201/203 3688/199/201 3682/357/360
f 3689/361/365 3645/327/326 3641/326/325
f 3642/324/323 3689/361/365 3641/326/325
f 3642/324/323 3690/362/366 3689/361/365
f 3338/344/213 3396/363/331 3673/347/37
f 3691/365/368 3692/364/367 3680/353/357
f 2985/368/370 3693/367/201 2939/366/369
f 3694/299/201 3670/300/203 3672/323/322
f 3693/367/201 3695/369/371 2939/366/369
f 3696/370/348 3396/363/331 3676/349/353
f 3645/327/326 3689/361/365 3697/371/372
f 3697/371/372 3646/332/331 3645/327/326
f 1441/109/374 1443/372/373 1444/297/297
f 2542/330/329 2543/373/375 2538/212/213
f 3338/344/213 3666/320/347 3704/374/376
f 3680/353/357 3703/347/364 3691/365/368
f 2538/212/213 2543/373/375 2544/375/377
f 2012/376/378 2011/333/332 2010/168/333
f 1718/378/381 1719/247/380 1720/377/379
f 1581/381/384 1582/380/383 1583/379/382
f 3705/382/367 3702/322/321 3692/364/367
f 3706/385/387 2901/384/386 2900/383/385
f 2545/187/389 2473/194/196 2546/386/388
f 3706/385/387 3707/387/390 2901/384/386
f 3396/363/331 3696/370/348 3673/347/37
f 2547/390/393 2548/389/392 2549/388/391
f 2013/393/396 2014/392/395 2015/391/394
f 3708/346/398 3697/371/372 3699/394/397
f 3709/395/399 3548/242/243 3388/243/244
f 2549/388/391 2548/389/392 2550/330/400
f 3548/242/243 3709/395/399 3710/396/401
f 3675/350/354 3696/370/348 3676/349/353
f 2550/330/400 2551/397/403 2552/373/402
f 2016/333/404 2013/393/396 1993/196/198
f 1723/399/406 1724/398/405 1711/147/150
f 3711/400/407 3701/320/116 3670/300/203
f 3672/323/322 3680/353/357 3692/364/367
f 2551/397/403 2550/330/400 2548/389/392
f 3693/367/201 3712/401/321 3695/369/371
f 2939/366/369 3695/369/371 2900/383/385
f 2553/402/408 2527/186/189 2533/211/212
f 2013/393/396 2016/333/404 2017/403/409
f 3672/323/322 3692/364/367 3702/322/321
f 3692/364/367 3691/365/368 3677/351/355
f 2554/404/410 2533/211/212 2539/305/303
f 3691/365/368 3674/352/356 3677/351/355
f 3712/401/321 3713/385/367 3695/369/371
f 2553/402/408 2533/211/212 2554/404/410
f 2018/405/411 1997/173/177 2007/202/204
f 1722/408/414 1725/407/413 1721/406/412
f 1574/55/57 1573/56/58 1586/409/95
f 1528/411/164 1525/58/60 1524/410/163
f 2900/383/385 3695/369/371 3706/385/387
f 3714/414/417 3715/413/416 3716/412/415
f 2555/416/419 2537/213/214 2556/415/418
f 3717/413/422 3718/418/421 3719/417/420
f 3707/387/390 2882/355/359 2901/384/386
f 2539/305/303 2535/209/210 2558/419/423
f 2019/420/424 2007/202/204 2005/174/178
f 2882/355/359 3707/387/390 3681/354/358
f 3721/423/427 3722/422/426 3723/421/425
f 2557/424/428 2558/419/423 2535/209/210
f 3628/310/309 3723/421/425 3629/309/308
f 2537/213/214 2555/416/419 2547/390/393
f 2007/202/204 2020/425/429 2018/405/411
f 1695/428/432 1726/427/431 1692/426/430
f 3723/421/425 3628/310/309 3721/423/427
f 3727/310/435 3728/430/434 3729/429/433
f 2556/415/418 2558/419/423 2557/424/428
f 3730/431/436 3721/423/427 3628/310/309
f 3716/412/415 3731/432/437 3714/414/417
f 2554/404/410 2539/305/303 2558/419/423
f 1995/168/172 1993/196/198 1994/167/171
f 3731/432/437 3732/433/438 3714/414/417
f 3733/436/439 3734/435/440 3735/434/439
f 2558/419/423 2559/437/441 2554/404/410
f 3736/438/442 3714/414/417 3732/433/438
f 3737/441/445 3738/440/444 3739/439/443
f 2527/186/189 2560/442/446 2525/188/191
f 2015/391/394 1993/196/198 2013/393/396
f 1723/399/406 1711/147/150 1710/148/151
f 1588/444/448 1571/33/34 1572/443/447
f 3740/434/451 3741/446/450 3742/445/449
f 3631/312/311 3743/448/453 3744/447/452
f 2553/402/408 2560/442/446 2527/186/189
f 3654/337/338 3745/449/454 3655/336/337
f 3742/445/449 3744/447/452 3740/434/451
f 2553/402/408 2554/404/410 2561/450/455
f 2021/452/457 1892/83/85 1881/451/456
f 3539/455/460 3746/454/459 3530/453/458
f 3704/374/376 3395/456/461 3338/344/213
f 2562/457/462 2559/437/441 2558/419/423
f 3531/278/280 3530/453/458 3746/454/459
f 3747/395/464 3744/447/452 3748/458/463
f 2559/437/441 2563/459/465 2554/404/410
f 2022/462/468 1902/461/467 2023/460/466
f 1716/203/205 1654/464/470 1679/463/469
f 3743/448/453 3748/458/463 3744/447/452
f 3750/467/473 3768/466/472 3751/465/471
f 2563/459/465 2559/437/441 2562/457/462
f 3372/470/476 3753/469/475 3373/468/474
f 3754/473/479 3755/472/478 3756/471/477
f 2478/36/37 2564/474/480 2487/38/39
f 1894/477/483 2024/476/482 1885/475/481
f 3757/480/486 3758/479/485 3346/478/484
f 3405/481/487 3757/480/486 3346/478/484
f 2565/483/489 2566/482/488 2564/474/480
f 3778/486/492 3759/485/491 3760/484/490
f 3761/489/495 3762/488/494 3763/487/493
f 2567/492/498 2568/491/497 2569/490/496
f 2025/493/499 1892/83/85 2021/452/457
f 1656/494/500 1679/463/469 1654/464/470
f 1577/86/88 1571/33/34 1589/495/501
f 1529/111/113 1521/57/59 1530/58/502
f 1491/206/95 1482/110/112 1492/496/503
f 3372/470/476 3523/497/504 3753/469/475
f 3522/498/505 3753/469/475 3523/497/504
f 2569/490/496 2570/499/506 2567/492/498
f 3758/479/485 3757/480/486 3764/498/507
f 3676/349/353 3749/500/508 3678/348/352
f 2546/386/388 2571/501/509 2545/187/389
f 2026/504/512 2027/503/511 2028/502/510
f 3765/506/515 3766/505/514 3767/467/513
f 3766/505/514 3755/472/478 3754/473/479
f 2572/507/516 2527/186/189 2526/187/190
f 3769/508/517 3767/467/513 3766/505/514
f 3762/488/494 3760/484/490 3759/485/491
f 2534/210/211 2533/211/212 2527/186/189
f 2029/503/519 2030/181/519 2031/509/518
f 1674/511/521 1679/463/469 1727/510/520
f 3770/513/524 3771/512/523 3772/484/522
f 3767/467/513 3769/508/517 3807/514/525
f 2573/515/526 2527/186/189 2572/507/516
f 3762/488/494 3759/485/491 3763/487/493
f 3773/516/527 3759/485/491 3778/486/492
f 2574/518/530 2575/517/529 2576/490/528
f 2032/519/532 2031/509/518 2033/405/531
f 3763/487/493 3759/485/491 3774/520/533
f 3277/522/536 3179/521/535 3775/520/534
f 2577/524/538 2574/518/530 2578/523/537
f 3278/525/540 3277/522/536 3776/520/539
f 3774/520/533 3759/485/491 3773/516/527
f 2571/501/509 2546/386/388 2579/490/541
f 2034/528/544 2035/527/543 2036/526/542
f 1674/511/521 1728/530/546 1675/529/545
f 1590/531/547 1583/379/382 1582/380/383
f 3773/516/527 3278/525/540 3776/520/539
f 3278/525/540 3773/516/527 3188/532/548
f 2574/518/530 2576/490/528 2547/390/393
f 3766/505/514 3777/533/549 3769/508/517
f 3780/535/551 3781/534/550 3758/479/485
f 2547/390/393 2569/490/496 2568/491/497
f 2037/526/519 1984/88/90 2038/536/519
f 3751/465/471 3768/466/472 3752/537/552
f 3755/472/478 3751/465/471 3756/471/477
f 2547/390/393 2555/416/419 2574/518/530
f 3749/500/508 3676/349/353 3396/363/331
f 3754/473/479 3756/471/477 3783/538/553
f 2574/518/530 2557/424/428 2578/523/537
f 2039/540/556 2058/539/555 2040/536/554
f 1727/510/520 1728/530/546 1674/511/521
f 3781/534/550 3346/478/484 3758/479/485
f 3751/465/471 3752/537/552 3784/541/557
f 2580/542/558 2532/207/209 2525/188/191
f 3785/544/560 3782/543/559 3749/500/508
f 3786/546/563 3787/544/562 3788/545/561
f 2581/547/564 2478/36/37 2531/207/208
f 2041/550/565 2042/549/566 2043/548/565
f 3789/552/560 3790/551/568 3791/541/567
f 3784/541/557 3790/551/568 3751/465/471
f 2568/491/497 2548/389/392 2547/390/393
f 3364/553/569 3756/471/477 3751/465/471
f 3783/538/553 3364/553/569 3350/554/570
f 2535/209/210 2578/523/537 2557/424/428
f 2044/557/511 2045/556/542 2046/555/542
f 1679/463/469 1656/494/500 1727/510/520
f 1510/559/572 1538/558/571 1585/205/207
f 1529/111/113 1447/109/111 1521/57/59
f 3787/544/562 3786/546/563 3792/560/573
f 3749/500/508 3396/363/331 3793/561/574
f 2260/564/577 2582/563/576 2261/562/575
f 3751/465/471 3790/551/568 3364/553/569
f 3756/471/477 3364/553/569 3783/538/553
f 2525/188/191 2560/442/446 2580/542/558
f 2047/191/519 2048/555/519 2049/565/519
f 3370/568/580 3368/567/579 3794/566/578
f 3790/551/568 3795/569/581 3364/553/569
f 2566/482/488 2377/80/82 2564/474/480
f 3771/512/523 3796/571/583 3797/570/582
f 3796/571/583 3798/572/584 3797/570/582
f 2564/474/480 2377/80/82 2502/78/80
f 1932/574/586 2050/573/585 1933/94/96
f 1728/530/546 1727/510/520 1656/494/500
f 3364/553/569 3794/566/578 3368/567/579
f 3799/575/587 3797/570/582 3798/572/584
f 2581/547/564 2564/474/480 2478/36/37
f 3188/532/548 3466/577/589 3189/576/588
f 3188/532/548 3773/516/527 3800/578/590
f 2581/547/564 2565/483/489 2564/474/480
f 2051/581/593 1936/580/592 2052/579/591
f 3800/578/590 3773/516/527 3778/486/492
f 3778/486/492 3779/570/595 3801/582/594
f 2553/402/408 2583/583/596 2560/442/446
f 3777/533/549 3802/535/597 3769/508/517
f 3803/586/600 3804/585/599 3805/584/598
f 2553/402/408 2561/450/455 2583/583/596
f 2051/581/593 2053/588/602 1934/587/601
f 1729/589/603 1710/148/151 1712/149/152
f 1591/590/604 1578/107/109 1577/86/88
f 3769/508/517 3806/591/605 3807/514/525
f 3808/592/606 3800/578/590 3778/486/492
f 2561/450/455 2554/404/410 2584/593/607
f 3806/591/605 3809/594/608 3807/514/525
f 3807/514/525 3809/594/608 3810/595/609
f 2554/404/410 2563/459/465 2584/593/607
f 2052/579/591 2057/596/610 2051/581/593
f 3811/598/104 3796/571/583 3812/597/611
f 3813/599/605 3809/594/608 3806/591/605
f 2586/600/612 2583/583/596 2561/450/455
f 3806/591/605 3814/601/613 3813/599/605
f 3821/604/616 3815/603/615 3816/602/614
f 2595/607/619 2587/606/618 2588/605/617
f 1958/14/14 2054/608/621 2055/579/620
f 1730/530/622 1729/589/603 1712/149/152
f 3817/609/623 3816/602/614 3815/603/615
f 3814/601/613 3818/610/624 3813/599/605
f 2547/390/393 2589/388/625 2537/213/214
f 3819/610/627 3799/575/587 3820/611/626
f 3797/570/582 3799/575/587 3822/612/628
f 2590/615/631 2585/614/630 2591/613/629
f 2056/616/632 2055/579/620 2054/608/621
f 3808/592/606 3778/486/492 3801/582/594
f 3755/472/478 3750/467/473 3751/465/471
f 2542/330/329 2537/213/214 2589/388/625
f 3806/591/605 3769/508/517 3823/617/633
f 3769/508/517 3824/618/634 3823/617/633
f 2585/614/630 2583/583/596 2591/613/629
f 2050/573/585 1985/100/102 1933/94/96
f 1731/621/637 1732/620/636 1593/619/635
f 1592/623/639 1593/619/635 1594/622/638
f 1528/411/164 1488/625/641 1485/624/640
f 1492/496/503 1493/626/642 1491/206/95
f 3802/535/597 3824/618/634 3769/508/517
f 3350/554/570 3347/627/643 3783/538/553
f 2586/600/612 2591/613/629 2583/583/596
f 3821/604/616 3820/611/626 3815/603/615
f 3347/627/643 3346/478/484 3781/534/550
f 2592/629/646 2593/373/645 2594/628/644
f 2057/596/610 2058/539/555 2050/573/585
f 3347/627/643 3754/473/479 3783/538/553
f 3754/473/479 3347/627/643 3781/534/550
f 2584/593/607 2586/600/612 2561/450/455
f 3754/473/479 3781/534/550 3826/630/647
f 3821/604/616 3819/610/627 3820/611/626
f 2596/631/648 2594/628/644 2593/373/645
f 2050/573/585 2059/632/649 1985/100/102
f 1731/621/637 1733/633/650 1732/620/636
f 3825/634/651 3777/533/549 3766/505/514
f 3518/636/654 3471/635/653 3827/618/652
f 2587/606/618 2597/637/655 2565/483/489
f 3780/535/551 3518/636/654 3827/618/652
f 3780/535/551 3764/498/507 3518/636/654
f 2582/563/576 2598/638/656 2261/562/575
f 2057/596/610 2060/639/657 2058/539/555
f 3678/348/352 3828/586/658 3683/358/361
f 3805/584/598 3829/640/659 3803/586/600
f 2595/607/619 2597/637/655 2587/606/618
f 3770/513/524 3812/597/611 3796/571/583
f 3780/535/551 3758/479/485 3764/498/507
f 2599/641/660 2261/562/575 2598/638/656
f 2058/539/555 2060/639/657 2061/642/661
f 1701/645/663 1734/644/636 1735/643/662
f 1595/647/666 1596/379/665 1597/646/664
f 3781/534/550 3780/535/551 3826/630/647
f 3772/484/522 3831/648/667 3770/513/524
f 2597/637/655 2595/607/619 2598/638/656
f 3832/650/669 3829/640/659 3833/649/668
f 3754/473/479 3826/630/647 3825/634/651
f 2587/606/618 2565/483/489 2588/605/617
f 2062/651/193 2058/539/555 2061/642/661
f 3766/505/514 3754/473/479 3825/634/651
f 3796/571/583 3771/512/523 3770/513/524
f 2565/483/489 2581/547/564 2588/605/617
f 3803/586/600 3829/640/659 3832/650/669
f 3830/652/671 3815/603/615 3834/611/670
f 2563/459/465 2600/653/672 2584/593/607
f 2012/376/378 2063/655/674 2064/654/673
f 1593/619/635 1732/620/636 1736/656/675
f 3834/611/670 3835/572/676 3830/652/671
f 3836/572/677 3820/611/626 3799/575/587
f 2582/563/576 2260/564/577 2375/657/678
f 3555/659/680 3566/221/222 3837/658/679
f 3566/221/222 3583/240/241 3837/658/679
f 2375/657/678 2566/482/488 2582/563/576
f 2065/565/554 2066/661/681 2067/660/193
f 2601/663/683 2600/653/672 2602/662/682
f 2298/666/686 2297/665/685 2603/664/684
f 2053/588/602 2051/581/593 2057/596/610
f 1656/494/500 1737/667/687 1728/530/546
f 1594/622/638 1598/668/688 1592/623/639
f 1525/58/60 1528/411/164 1484/669/689
f 2603/664/684 2604/670/690 2298/666/686
f 2607/671/691 2602/662/682 2600/653/672
f 2068/672/692 2064/654/673 2063/655/674
f 2563/459/465 2607/671/691 2600/653/672
f 2603/664/684 2536/214/215 2604/670/690
f 2068/672/692 2069/673/693 2064/654/673
f 1594/622/638 1593/619/635 1736/656/675
f 2606/676/696 2605/675/695 2540/674/694
f 2608/677/697 2602/662/682 2607/671/691
f 2070/608/698 2060/639/657 2057/596/610
f 2563/459/465 2562/457/462 2607/671/691
f 2604/670/690 2536/214/215 2538/212/213
f 2070/608/698 2071/678/699 2060/639/657
f 1738/679/701 1739/644/700 1701/645/663
f 1579/140/141 1566/138/139 1578/107/109
f 2609/680/702 2544/375/377 2543/373/375
f 2303/682/704 2599/641/660 2610/681/703
f 2002/191/184 2065/565/554 2067/660/193
f 2261/562/575 2599/641/660 2303/682/704
f 2540/674/694 2605/675/695 2541/683/411
f 2072/684/511 2045/556/542 2044/557/511
f 1740/685/705 1738/679/701 1701/645/663
f 2608/677/697 2607/671/691 2562/457/462
f 2608/677/697 2562/457/462 2558/419/423
f 2073/686/706 2063/655/674 2012/376/378
f 2558/419/423 2556/415/418 2608/677/697
f 2608/677/697 2556/415/418 2537/213/214
f 2074/688/709 2075/687/708 2076/655/707
f 1710/148/151 1729/589/603 1741/689/710
f 1579/140/141 1584/690/711 1585/205/207
f 1531/691/712 1529/111/113 1530/58/502
f 1489/693/100 1488/625/641 1494/692/713
f 2375/657/678 2377/80/82 2566/482/488
f 2566/482/488 2597/637/655 2582/563/576
f 2073/686/706 2012/376/378 2010/168/333
f 2597/637/655 2598/638/656 2582/563/576
f 2565/483/489 2597/637/655 2566/482/488
f 2077/696/716 2078/695/715 2079/694/714
f 1742/697/717 1710/148/151 1741/689/710
f 2584/593/607 2600/653/672 2598/638/656
f 2595/607/619 2584/593/607 2598/638/656
f 2078/695/715 2063/655/674 2073/686/706
f 2612/698/718 2552/373/402 2551/397/403
f 2613/701/721 2614/700/720 2615/699/719
f 2080/557/519 2048/555/519 2047/191/519
f 1743/703/723 1738/679/701 1744/702/722
f 1584/690/711 1510/559/572 1585/205/207
f 2614/700/720 2613/701/721 2616/704/724
f 2617/705/725 2614/700/720 2616/704/724
f 2081/706/726 2073/686/706 1996/166/170
f 2618/708/728 2616/704/724 2619/707/727
f 2540/674/694 2611/710/730 2622/709/729
f 2079/694/714 2081/706/726 2082/711/287
f 1738/679/701 1740/685/705 1744/702/722
f 2596/631/648 2623/712/731 2594/628/644
f 2624/628/734 2625/714/733 2626/713/732
f 2083/716/737 2084/715/736 2085/711/735
f 2625/714/733 2619/707/727 2626/713/732
f 2627/719/740 2628/718/739 2629/717/738
f 2073/686/706 1995/168/172 1996/166/170
f 1704/31/32 1688/45/46 1687/720/741
f 1589/495/501 1571/33/34 1588/444/448
f 1485/624/640 1484/669/689 1528/411/164
f 2630/713/743 2609/680/702 2631/628/742
f 2619/707/727 2632/721/744 2626/713/732
f 2073/686/706 2081/706/726 2078/695/715
f 2632/721/744 2619/707/727 2616/704/724
f 2616/704/724 2613/701/721 2632/721/744
f 2086/724/746 2087/723/661 2088/722/745
f 1743/703/723 1744/702/722 1745/725/747
f 2615/699/719 2632/721/744 2613/701/721
f 2611/710/730 2633/726/748 2622/709/729
f 2081/706/726 2079/694/714 2078/695/715
f 2632/721/744 2615/699/719 2635/727/749
f 2636/699/752 2658/729/751 2637/728/750
f 2086/724/746 2067/660/193 2087/723/661
f 1746/725/754 1687/720/741 1691/730/753
f 1587/733/757 1599/732/756 1576/731/755
f 2637/728/750 2658/729/751 2638/734/758
f 2638/734/758 2639/735/759 2637/728/750
f 2090/737/170 2088/722/745 2091/736/699
f 2640/738/760 2639/735/759 2638/734/758
f 2614/700/720 2620/739/761 2615/699/719
f 2067/660/193 2086/724/746 2003/190/193
f 1704/31/32 1701/645/663 1702/30/31
f 2641/740/762 2614/700/720 2617/705/725
f 2641/740/762 2617/705/725 2642/741/763
f 2088/722/745 2089/742/764 2086/724/746
f 2643/745/767 2644/744/766 2645/743/765
f 2646/748/770 2647/747/769 2648/746/768
f 2002/191/184 2067/660/193 2003/190/193
f 1747/751/773 1748/750/772 1749/749/771
f 1600/752/774 1574/55/57 1586/409/95
f 1525/58/60 1484/669/689 1531/691/712
f 1489/693/100 1493/626/642 1487/753/775
f 2649/754/760 2648/746/768 2647/747/769
f 3981/757/778 3982/756/777 2822/755/776
f 3983/756/780 2820/758/779 2822/755/776
f 2088/722/745 2090/737/170 2089/742/764
f 3981/757/778 3984/759/781 3982/756/777
f 2783/761/782 2820/758/779 3985/760/114
f 2548/389/392 2653/762/783 2551/397/403
f 3986/765/786 3451/764/785 3987/763/784
f 3987/763/784 3988/766/787 3986/765/786
f 2568/491/497 2653/762/783 2548/389/392
f 1953/104/790 2092/768/789 2093/767/788
f 1750/771/793 1653/770/792 1751/769/791
f 2820/758/779 3983/756/780 3989/772/794
f 3990/773/795 2820/758/779 3989/772/794
f 2568/491/497 2654/774/796 2653/762/783
f 3991/772/798 3982/756/777 3992/775/797
f 3991/772/798 3992/775/797 3993/776/799
f 2567/492/498 2654/774/796 2568/491/497
f 1986/105/107 2094/777/800 1951/104/106
f 3989/772/794 3993/776/799 3990/773/795
f 3994/778/801 3982/756/777 3984/759/781
f 2655/780/804 2656/779/803 2657/745/802
f 3992/775/797 3982/756/777 3994/778/801
f 3993/776/799 3995/781/805 3990/773/795
f 2643/745/767 2659/782/806 2644/744/766
f 2093/767/788 1958/14/14 1953/104/790
f 1719/247/380 1718/378/381 1752/783/807
f 1577/86/88 1601/784/808 1591/590/604
f 3996/785/809 3995/781/805 3993/776/799
f 3997/786/810 3993/776/799 3992/775/797
f 2654/774/796 2567/492/498 2662/787/811
f 3992/775/797 3994/778/801 3998/786/812
f 3996/785/809 3993/776/799 3997/786/810
f 2660/788/813 2551/397/403 2653/762/783
f 2093/767/788 2054/608/621 1958/14/14
f 3998/786/812 3994/778/801 3999/789/814
f 3998/786/812 4000/790/815 3996/785/809
f 2551/397/403 2660/788/813 2612/698/718
f 3999/789/814 4000/790/815 3998/786/812
f 3996/785/809 4000/790/815 4001/791/816
f 2661/792/817 2618/708/728 2619/707/727
f 2092/768/789 2054/608/621 2093/767/788
f 1649/246/247 1717/247/248 1653/770/792
f 3996/785/809 4001/791/816 3995/781/805
f 2653/762/783 2654/774/796 2660/788/813
f 4004/795/814 4005/794/818 4006/793/815
f 4007/796/819 4006/793/815 4005/794/818
f 2662/787/811 2612/698/718 2660/788/813
f 2095/797/820 1955/117/119 1987/118/120
f 3985/760/114 2820/758/779 3990/773/795
f 4008/799/822 3021/798/821 2783/761/782
f 2654/774/796 2662/787/811 2660/788/813
f 4008/799/822 2783/761/782 3985/760/114
f 4008/799/822 4009/800/823 3021/798/821
f 2612/698/718 2663/801/824 2629/717/738
f 2092/768/789 2071/678/699 2070/608/698
f 1755/803/371 1756/802/825 1749/749/771
f 1577/86/88 1589/495/501 1601/784/808
f 4009/800/823 4008/799/822 3985/760/114
f 4009/800/823 4010/804/826 3021/798/821
f 2662/787/811 2663/801/824 2612/698/718
f 3021/798/821 4010/804/826 3022/805/827
f 3985/760/114 3990/773/795 3995/781/805
f 2663/801/824 2662/787/811 2664/806/828
f 2095/797/820 2071/678/699 2092/768/789
f 3985/760/114 3995/781/805 4011/807/829
f 2665/810/832 2666/809/831 2667/808/830
f 2664/806/828 2667/808/830 2668/811/833
f 2092/768/789 1955/117/119 2095/797/820
f 1750/771/793 1754/812/834 1653/770/792
f 2664/806/828 2662/787/811 2667/808/830
f 2661/792/817 2619/707/727 2669/813/835
f 1987/118/120 2096/164/836 2095/797/820
f 2663/801/824 2627/719/740 2629/717/738
f 2661/792/817 2669/813/835 2670/814/837
f 2097/816/726 2091/736/699 2098/815/820
f 1665/204/206 1654/464/470 1716/203/205
f 1601/784/808 1603/817/838 1591/590/604
f 4011/807/829 3995/781/805 4026/818/839
f 2663/801/824 2671/819/840 2627/719/740
f 2671/819/840 2663/801/824 2664/806/828
f 2099/821/287 2098/815/820 2100/820/836
f 2672/822/841 2664/806/828 2668/811/833
f 4009/800/823 3985/760/114 4011/807/829
f 2673/823/842 2661/792/817 2670/814/837
f 2090/737/170 2091/736/699 2097/816/726
f 1757/826/845 1682/825/844 1758/824/843
f 4009/800/823 4032/827/846 4010/804/826
f 4011/807/829 4032/827/846 4009/800/823
f 2642/741/763 2661/792/817 2673/823/842
f 4032/827/846 4011/807/829 4026/818/839
f 4033/828/847 4032/827/846 4026/818/839
f 2473/194/196 2674/829/848 2546/386/388
f 2097/816/726 2098/815/820 2099/821/287
f 4032/827/846 4033/828/847 4035/830/849
f 2473/194/196 2468/178/181 2674/829/848
f 4010/804/826 4032/827/846 4035/830/849
f 3016/833/852 4036/832/851 3017/831/850
f 2675/836/855 2681/835/854 2621/834/853
f 2101/821/735 2102/820/167 2103/837/737
f 1681/838/717 1758/824/843 1682/825/844
f 1603/817/838 1578/107/109 1591/590/604
f 1495/839/856 1493/626/642 1489/693/100
f 4035/830/849 3022/805/827 4010/804/826
f 4037/831/859 4038/841/858 4039/840/857
f 2676/829/860 2567/492/498 2570/499/506
f 4036/832/851 4038/841/858 4037/831/859
f 2523/179/182 2677/842/268 2674/829/848
f 2032/519/532 2033/405/531 2104/843/861
f 4042/844/862 4038/841/858 4036/832/851
f 4043/845/863 3988/766/787 3987/763/784
f 2567/492/498 2676/829/860 2678/842/864
f 3988/766/787 4043/845/863 4044/846/814
f 2523/179/182 2674/829/848 2468/178/181
f 2105/849/867 2106/848/866 2107/847/865
f 1682/825/844 1759/850/868 1681/838/717
f 2679/852/870 2673/823/842 2680/851/869
f 4004/795/814 4049/853/871 4005/794/818
f 4044/846/814 4043/845/863 4050/854/871
f 2670/814/837 2680/851/869 2673/823/842
f 2011/333/332 2012/376/378 2108/855/872
f 4005/794/818 4049/853/871 4051/856/818
f 2524/177/123 2621/834/853 2523/179/182
f 4049/853/871 4052/857/873 4051/856/818
f 2658/729/751 2682/745/874 2638/734/758
f 2109/654/875 2108/855/872 2012/376/378
f 1760/859/878 1761/858/877 1762/427/876
f 1578/107/109 1603/817/838 1602/860/879
f 2642/741/763 2618/708/728 2661/792/817
f 4055/862/881 4056/861/880 3381/290/291
f 4057/865/883 4058/864/882 3436/863/785
f 2642/741/763 2683/866/884 2641/740/762
f 2017/403/409 2016/333/404 2110/867/885
f 4057/865/883 3436/863/785 4059/861/886
f 4060/868/887 4056/861/880 4055/862/881
f 2641/740/762 2684/870/889 2685/869/888
f 4057/865/883 4061/871/890 4058/864/882
f 4055/862/881 4062/872/891 4057/865/883
f 2642/741/763 2673/823/842 2686/873/892
f 2111/673/893 2108/855/872 2109/654/875
f 1760/859/878 1742/697/717 1761/858/877
f 4063/874/894 4062/872/891 4055/862/881
f 2687/876/897 2688/875/896 2689/873/895
f 2684/870/889 2641/740/762 2683/866/884
f 2112/877/898 2017/403/409 2110/867/885
f 2690/879/900 2682/745/874 2691/878/899
f 3540/287/179 4063/874/894 4055/862/881
f 4057/865/883 4062/872/891 4061/871/890
f 2523/179/182 2681/835/854 2677/842/268
f 2112/877/898 2110/867/885 2113/880/901
f 1760/859/878 1710/148/151 1742/697/717
f 1602/860/879 1603/817/838 1604/881/902
f 2662/787/811 2567/492/498 2678/842/864
f 4068/882/411 4062/872/891 4063/874/894
f 2690/879/900 2638/734/758 2682/745/874
f 2114/884/904 2069/673/693 2115/883/903
f 3609/288/289 4055/862/881 3381/290/291
f 3540/287/179 4055/862/881 3609/288/289
f 2693/887/907 2692/886/906 2694/885/905
f 3555/659/680 3837/658/679 4068/882/411
f 3555/659/680 4068/882/411 4063/874/894
f 2673/823/842 2679/852/870 2686/873/892
f 2007/202/204 2019/420/424 2116/425/908
f 1754/812/834 1753/889/910 1763/888/909
f 4069/891/912 3837/658/679 4070/890/911
f 4069/891/912 4071/892/913 3837/658/679
f 2695/894/915 2679/852/870 2696/893/914
f 4069/891/912 4070/890/911 4072/895/873
f 4053/896/916 4051/856/818 4052/857/873
f 2689/873/895 2698/897/917 2687/876/897
f 2116/425/908 2019/420/424 2112/877/898
f 4073/898/918 4069/891/912 4072/895/873
f 4074/899/871 4073/898/918 4072/895/873
f 2695/894/915 2699/900/919 2679/852/870
f 4071/892/913 4068/882/411 3837/658/679
f 4069/891/912 4075/898/920 4071/892/913
f 2700/903/923 2701/902/922 2702/901/921
f 2020/425/429 2117/904/43 2018/405/411
f 1764/907/926 1765/906/925 1766/905/924
f 1579/140/141 1578/107/109 1605/908/927
f 4075/898/920 4076/909/928 4071/892/913
f 4073/898/918 4074/899/871 4077/910/929
f 2666/809/831 2668/811/833 2667/808/830
f 4076/909/928 4073/898/918 4077/910/929
f 4061/871/890 4071/892/913 4076/909/928
f 2696/893/914 2703/912/931 2697/911/930
f 2118/913/932 2117/904/43 2020/425/429
f 4076/909/928 4077/910/929 4061/871/890
f 4077/910/929 4058/864/882 4061/871/890
f 2704/914/933 2640/738/760 2638/734/758
f 3542/273/275 3555/659/680 4063/874/894
f 3542/273/275 4063/874/894 3540/287/179
f 2681/835/854 2523/179/182 2621/834/853
f 2055/579/620 1978/7/7 1958/14/14
f 1764/907/926 1766/905/924 1713/169/173
f 2704/914/933 2705/915/934 2640/738/760
f 2648/746/768 2649/754/760 2706/916/935
f 1936/580/592 1935/917/936 2052/579/591
f 2704/914/933 2707/918/937 2705/915/934
f 2708/919/938 2704/914/933 2638/734/758
f 2106/848/866 2112/877/898 2107/847/865
f 1756/802/825 1747/751/773 1749/749/771
f 1578/107/109 1602/860/879 1605/908/927
f 1495/839/856 1489/693/100 1494/692/713
f 2709/920/939 2707/918/937 2704/914/933
f 2708/919/938 2638/734/758 2690/879/900
f 2020/425/429 2119/921/940 2118/913/932
f 2710/924/943 2711/923/942 2712/922/941
f 2710/924/943 2683/866/884 2711/923/942
f 2112/877/898 2113/880/901 2107/847/865
f 1767/925/944 1747/751/773 1756/802/825
f 2713/926/945 2709/920/939 2704/914/933
f 2714/927/946 2701/902/922 2700/903/923
f 2084/715/736 2120/928/947 2085/711/735
f 2715/929/948 2714/927/946 2700/903/923
f 2716/930/949 2514/121/123 2513/122/124
f 2121/932/951 2122/931/950 2123/153/156
f 1768/933/952 1760/859/878 1762/427/876
f 1579/140/141 1605/908/927 1584/690/711
f 2718/935/955 2719/934/954 2720/918/953
f 2124/936/956 2123/153/156 2122/931/950
f 2721/939/959 2722/938/958 2723/937/957
f 2125/942/950 2126/941/960 2127/940/956
f 1769/943/961 1760/859/878 1768/933/952
f 2727/944/962 2719/934/954 2718/935/955
f 2719/934/954 2727/944/962 2728/945/963
f 2128/948/965 2129/947/964 2130/946/101
f 2730/949/966 2701/902/922 2714/927/946
f 2131/950/965 2128/948/965 2130/946/101
f 1770/951/967 1710/148/151 1760/859/878
f 1604/881/902 1605/908/927 1602/860/879
f 2458/335/335 2717/952/968 2433/176/180
f 2132/954/970 2133/953/969 2134/948/110
f 2731/957/973 2732/956/972 2733/955/971
f 2734/960/976 2735/959/975 2736/958/974
f 2135/961/970 2133/953/969 2132/954/970
f 1770/951/967 1723/399/406 1710/148/151
f 2736/958/974 2731/957/973 2733/955/971
f 2737/963/978 2734/960/976 2753/962/977
f 2136/964/979 2131/950/965 2130/946/101
f 2738/967/982 2739/966/981 2740/965/980
f 2744/970/985 2746/969/984 2745/968/983
f 2136/964/979 2137/971/986 2132/954/970
f 1771/48/49 1772/973/988 1773/972/987
f 1605/908/927 1604/881/902 1606/974/989
f 2747/977/992 2748/976/991 2749/975/990
f 2747/977/992 2749/975/990 2750/978/993
f 2136/964/979 2130/946/101 2137/971/986
f 2741/980/995 2751/979/994 2749/975/990
f 2751/979/994 2750/978/993 2749/975/990
f 2132/954/970 2138/981/996 2135/961/970
f 1774/984/998 1775/983/997 1776/982/988
f 2743/986/1000 2781/985/999 2741/980/995
f 2780/987/1001 2733/955/971 2732/956/972
f 2132/954/970 2137/971/986 2139/988/1002
f 2752/989/1003 2753/962/977 2736/958/974
f 2733/955/971 2752/989/1003 2736/958/974
f 2139/988/1002 2138/981/996 2132/954/970
f 1777/991/1006 1778/990/1005 1779/973/1004
f 1588/444/448 1601/784/808 1589/495/501
f 1496/992/1007 1495/839/856 1494/692/713
f 2736/958/974 2753/962/977 2734/960/976
f 2731/957/973 2736/958/974 2735/959/975
f 2140/981/1010 2141/988/1009 2142/993/1008
f 2732/956/972 2731/957/973 2754/994/1011
f 2734/960/976 2737/963/978 2735/959/975
f 2143/995/1012 2144/120/122 2127/940/956
f 1782/997/1014 1783/996/1013 1784/72/74
f 2756/1000/1016 2757/999/387 2758/998/1015
f 2758/998/1015 2759/1001/1017 2756/1000/1016
f 2143/995/1012 2127/940/956 2126/941/960
f 2760/1004/1019 2761/1003/1018 2762/1002/297
f 2745/968/983 2746/969/984 2761/1003/1018
f 2144/120/122 2143/995/1012 2145/115/117
f 1782/997/1014 1784/72/74 1786/1005/1020
f 1588/444/448 1603/817/838 1601/784/808
f 2743/986/1000 2741/980/995 2742/1006/1021
f 2743/986/1000 2742/1006/1021 2763/1007/1022
f 2130/946/101 2146/2/2 2147/1008/1023
f 2764/1011/1026 2765/1010/1025 2766/1009/1024
f 2740/965/980 2767/1013/1028 2768/1012/1027
f 2137/971/986 2130/946/101 2147/1008/1023
f 1785/1014/1029 1782/997/1014 1786/1005/1020
f 2769/1016/1031 2762/1002/297 2770/1015/1030
f 2738/967/982 2740/965/980 2768/1012/1027
f 1990/134/135 2148/1018/1033 2149/1017/1032
f 2762/1002/297 2761/1003/1018 2746/969/984
f 2770/1015/1030 2771/1019/1034 2769/1016/1031
f 1918/132/133 2150/1021/1035 1919/1020/565
f 1787/1024/1038 1788/1023/1037 1789/1022/1036
f 1573/56/58 1607/1025/1039 1586/409/95
f 4222/1028/1042 4220/1027/1041 4221/1026/1040
f 4221/1026/1040 4223/1029/1043 4222/1028/1042
f 2772/1030/1044 2763/1007/1022 2742/1006/1021
f 4226/1033/1046 4227/1032/114 4228/1031/1045
f 2761/1003/1018 2774/1030/1047 2745/968/983
f 1989/136/137 1990/134/135 2149/1017/1032
f 4222/1028/1042 4223/1029/1043 4229/1034/1048
f 4230/1035/1049 4228/1031/1045 4227/1032/114
f 2768/1012/1027 2767/1013/1028 2775/1036/1050
f 2753/962/977 2776/1038/1052 2755/1037/1051
f 1973/1041/1055 2151/1040/1054 1974/1039/1053
f 1786/1005/1020 1784/72/74 1791/68/70
f 4222/1028/1042 4232/1042/1056 4220/1027/1041
f 4233/1043/1057 4232/1042/1056 4222/1028/1042
f 2773/1044/1058 2733/955/971 2780/987/1001
f 4234/1047/1061 4235/1046/1060 4236/1045/1059
f 2777/1050/1064 2778/1049/1063 2779/1048/1062
f 2152/1053/969 2153/1052/829 2154/1051/779
f 4241/1055/1066 4242/1054/1065 4235/1046/1060
f 2773/1044/1058 2752/989/1003 2733/955/971
f 4245/1058/1069 4246/1057/1068 4247/1056/1067
f 4243/1028/1072 4244/1059/1071 4248/1056/1070
f 2757/999/387 2773/1044/1058 2780/987/1001
f 2155/1062/1074 2156/1061/659 1950/1060/1073
f 1792/1065/1077 1793/1064/1076 1794/1063/1075
f 1587/733/757 1608/1066/1078 1599/732/756
f 4234/1047/1061 4236/1045/1059 4251/1042/1079
f 2757/999/387 2781/985/999 2758/998/1015
f 4251/1042/1079 4252/1067/1080 4234/1047/1061
f 4234/1047/1061 4253/1068/1081 4241/1055/1066
f 2782/1069/1082 2783/761/782 2764/1011/1026
f 1962/1070/1083 2156/1061/659 2153/1052/829
f 4234/1047/1061 4254/1071/1084 4253/1068/1081
f 4234/1047/1061 4241/1055/1066 4235/1046/1060
f 2784/1072/1085 2782/1069/1082 2764/1011/1026
f 4241/1055/1066 4255/1073/1086 4242/1054/1065
f 4255/1073/1086 4241/1055/1066 4253/1068/1081
f 2766/1009/1024 2785/1075/1088 2786/1074/1087
f 2153/1052/829 1965/1076/1089 1962/1070/1083
f 1795/1077/1090 1783/996/1013 1782/997/1014
f 4255/1073/1086 4253/1068/1081 4256/1071/1091
f 4252/1067/1080 4251/1042/1079 4257/1056/1092
f 2784/1072/1085 2764/1011/1026 2766/1009/1024
f 4234/1047/1061 4258/1078/1093 4254/1071/1084
f 4234/1047/1061 4252/1067/1080 4259/1078/1094
f 2787/1079/1095 2782/1069/1082 2784/1072/1085
f 1962/1070/1083 1950/1060/1073 2156/1061/659
f 4260/1071/1096 4261/1078/1096 4262/1080/1096
f 4263/1071/1099 4264/1082/1098 4265/1081/1097
f 2787/1079/1095 2784/1072/1085 2766/1009/1024
f 4268/1084/1102 4269/1078/1101 4270/1083/1100
f 4255/1073/1086 4271/1085/1103 4242/1054/1065
f 2788/1088/1106 2789/1087/1105 2790/1086/1104
f 2149/1017/1032 2148/1018/1033 2157/1089/1107
f 1796/1091/1109 1797/1090/1108 1787/1024/1038
f 1603/817/838 1588/444/448 1609/1092/1110
f 1499/1094/1112 1498/158/160 1497/1093/1111
f 4271/1085/1103 4272/1095/323 4242/1054/1065
f 4255/1073/1086 4273/1097/1114 4274/1096/1113
f 2766/1009/1024 2786/1074/1087 2787/1079/1095
f 4272/1095/323 4275/1099/1116 4276/1098/1115
f 4271/1085/1103 4275/1099/1116 4272/1095/323
f 2787/1079/1095 2791/1101/1117 2792/1100/795
f 2149/1017/1032 2157/1089/1107 2158/1102/1118
f 4272/1095/323 4276/1098/1115 4277/841/1119
f 4276/1098/1115 4275/1099/1116 4278/1103/1120
f 2787/1079/1095 2786/1074/1087 2791/1101/1117
f 4278/1103/1120 4328/1104/1121 4276/1098/1115
f 4279/1099/1090 4274/1096/1113 4278/1103/1120
f 2792/1100/795 2791/1101/1117 2793/1105/1122
f 2159/1106/565 1919/1020/565 2150/1021/1035
f 1788/1023/1037 1798/52/53 1799/1107/1123
f 4276/1098/1115 4328/1104/1121 4280/1108/1124
f 4278/1103/1120 4274/1096/1113 4273/1097/1114
f 2787/1079/1095 2792/1100/795 2782/1069/1082
f 4328/1104/1121 4278/1103/1120 4273/1097/1114
f 4265/1081/1097 4264/1082/1098 4281/1109/1125
f 2794/1110/1126 2789/1087/1105 2788/1088/1106
f 2152/1053/969 1965/1076/1089 2153/1052/829
f 4273/1097/1114 4255/1073/1086 4256/1071/1091
f 4282/1113/1128 4266/1112/1055 4267/1111/1127
f 2788/1088/1106 2791/1101/1117 2794/1110/1126
f 2791/1101/1117 2788/1088/1106 2793/1105/1122
f 2160/1115/1130 2161/1114/1129 2157/1089/1107
f 1782/997/1014 1785/1014/1029 1795/1077/1090
f 1626/1116/1131 1604/881/902 1603/817/838
f 2788/1088/1106 2795/1118/1133 2796/1117/1132
f 2770/1015/1030 2762/1002/297 2746/969/984
f 2161/1114/1129 2160/1115/1130 2162/1/1
f 2797/1119/1134 2771/1019/1034 2770/1015/1030
f 2771/1019/1034 2797/1119/1134 2798/1120/1135
f 2160/1115/1130 2163/3/3 2162/1/1
f 1775/983/997 1780/1122/1137 1781/1121/1136
f 2779/1048/1062 2799/1123/1138 2777/1050/1064
f 2799/1123/1138 2800/1124/1139 2777/1050/1064
f 2103/837/737 2102/820/167 2164/1125/737
f 2756/1000/1016 2801/1126/1140 2757/999/387
f 2801/1126/1140 2756/1000/1016 2802/1127/1141
f 2165/1129/565 2166/1125/565 2167/1128/565
f 1800/1130/1142 1771/48/49 1773/972/987
f 1609/1092/1110 1626/1116/1131 1603/817/838
f 2803/1131/1143 2801/1126/1140 2802/1127/1141
f 2804/1134/1146 2805/1133/1145 2806/1132/1144
f 2168/1137/1107 2169/1136/1148 2170/1135/1147
f 2753/962/977 2752/989/1003 2807/1138/1149
f 2753/962/977 2807/1138/1149 2776/1038/1052
f 2171/837/565 2166/1125/565 2165/1129/565
f 1771/48/49 1800/1130/1142 1801/47/48
f 2750/978/993 2770/1015/1030 2747/977/992
f 2797/1119/1134 2770/1015/1030 2808/1139/1150
f 2170/1135/1147 2169/1136/1148 2172/1140/1151
f 3008/1141/14 4039/840/857 4326/1098/1152
f 2750/978/993 2808/1139/1150 2770/1015/1030
f 2809/1142/1153 2797/1119/1134 2808/1139/1150
f 2126/941/960 2168/1137/1107 2173/1143/368
f 1802/1145/1155 1803/1144/1154 1778/990/1005
f 1586/409/95 1592/623/639 1600/752/774
f 4039/840/857 4038/841/858 4326/1098/1152
f 2797/1119/1134 2809/1142/1153 2810/1146/1156
f 2750/978/993 2751/979/994 2808/1139/1150
f 2126/941/960 2173/1143/368 2143/995/1012
f 2797/1119/1134 2810/1146/1156 2798/1120/1135
f 2799/1123/1138 2811/1147/1157 2800/1124/1139
f 2169/1136/1148 2168/1137/1107 2126/941/960
f 1781/1121/1136 1804/982/1158 1775/983/997
f 2812/1148/1159 2811/1147/1157 2799/1123/1138
f 2813/1150/1160 2814/1149/597 2815/1004/517
f 2174/1153/1162 2175/1152/1161 2176/1151/1148
f 2816/1154/1163 2805/1133/1145 2804/1134/1146
f 2762/1002/297 2817/1155/1164 2760/1004/1019
f 2177/1157/565 2178/1156/1165 2179/716/565
f 1779/973/1004 1805/1158/1166 1777/991/1006
f 1588/444/448 1634/1159/1167 1609/1092/1110
f 1537/1162/1170 1515/1161/1169 1514/1160/1168
f 1499/1094/1112 1500/1163/1171 1498/158/160
f 2769/1016/1031 2817/1155/1164 2762/1002/297
f 2818/1164/1172 2775/1036/1050 2767/1013/1028
f 2180/1166/1174 2176/1151/1148 2181/1165/1173
f 2763/1007/1022 2772/1030/1044 2819/1167/1175
f 2760/1004/1019 2774/1030/1047 2761/1003/1018
f 2181/1165/1173 2122/931/950 2180/1166/1174
f 1778/990/1005 1777/991/1006 1806/1168/1176
f 2783/761/782 2792/1100/795 2820/758/779
f 2757/999/387 2780/987/1001 2821/1169/822
f 2180/1166/1174 2122/931/950 2121/932/951
f 2792/1100/795 2783/761/782 2782/1069/1082
f 2820/758/779 2793/1105/1122 2822/755/776
f 1537/1162/1170 1823/1171/1178 1563/1170/1177
f 1807/1174/1181 1808/1173/1180 1809/1172/1179
f 1599/732/756 1608/1066/1078 1634/1159/1167
f 2821/1169/822 2781/985/999 2757/999/387
f 2824/1175/1182 2790/1086/1104 2789/1087/1105
f 1537/1162/1170 2182/1176/1183 1823/1171/1178
f 2780/987/1001 2732/956/972 2823/1177/1184
f 2732/956/972 2825/1178/1185 2823/1177/1184
f 2182/1176/1183 1537/1162/1170 1514/1160/1168
f 1810/1173/1188 1811/1180/1187 1812/1179/1186
f 2824/1175/1182 2826/1181/244 2790/1086/1104
f 2790/1086/1104 2826/1181/244 2827/1182/1189
f 2183/1185/1192 2184/1184/1191 2185/1183/1190
f 2827/1182/1189 2788/1088/1106 2790/1086/1104
f 2792/1100/795 2793/1105/1122 2820/758/779
f 2183/1185/1192 2185/1183/1190 2186/1186/1193
f 1813/1189/1196 1814/1188/1195 1815/1187/1194
f 1610/621/1197 1593/619/635 1607/1025/1039
f 1538/558/571 1510/559/572 1516/1161/1198
f 2793/1105/1122 2828/1190/1199 2822/755/776
f 2829/1191/1200 2793/1105/1122 2796/1117/1132
f 2183/1185/1192 2186/1186/1193 2133/953/969
f 2793/1105/1122 2788/1088/1106 2796/1117/1132
f 2796/1117/1132 2795/1118/1133 2830/1192/1201
f 2188/1193/1202 2185/1183/1190 2184/1184/1191
f 1816/1195/1205 1817/1187/1204 1818/1194/1203
f 2825/1178/1185 2781/985/999 2821/1169/822
f 2732/956/972 2754/994/1011 2825/1178/1185
f 2186/1186/1193 2189/1196/1206 2133/953/969
f 2831/994/1207 2781/985/999 2825/1178/1185
f 2739/966/981 2826/1181/244 2824/1175/1182
f 2154/1051/779 2153/1052/829 2156/1061/659
f 1819/1199/1210 1820/1198/1209 1821/1197/1208
f 1510/559/572 1584/690/711 1611/160/1211
f 2830/1192/1201 2795/1118/1133 2832/1181/1089
f 2833/979/1212 2781/985/999 2831/994/1207
f 2191/1200/1213 2156/1061/659 2155/1062/1074
f 2731/957/973 2751/979/994 2754/994/1011
f 2781/985/999 2833/979/1212 2741/980/995
f 2192/1203/1216 2193/1202/1215 2194/1201/1214
f 1822/1204/1217 1815/1187/1194 1814/1188/1195
f 2739/966/981 2824/1175/1182 2740/965/980
f 2830/1192/1201 2832/1181/1089 2834/1205/1089
f 2188/1193/1202 2187/1206/1218 2185/1183/1190
f 2835/1209/1221 2836/1208/1220 2837/1207/1219
f 2838/1212/1224 2839/1211/1223 2840/1210/1222
f 2188/1193/1202 2184/1184/1191 1513/1213/1225
f 1818/1194/1203 1817/1187/1204 1822/1204/1217
f 1511/1214/1226 1510/559/572 1611/160/1211
f 1501/1217/1229 1502/1216/1228 1503/1215/1227
f 1462/161/163 1463/162/164 1464/1218/163
f 2841/356/360 2840/1210/1222 2839/1211/1223
f 2839/1211/1223 2838/1212/1224 2842/1219/1230
f 2188/1193/1202 1506/1220/1231 2187/1206/1218
f 2842/1219/1230 2838/1212/1224 2843/1209/1232
f 2844/1223/1235 2845/1222/1234 2846/1221/1233
f 1505/1220/1236 2188/1193/1202 1513/1213/1225
f 1563/1170/1177 1823/1171/1178 1824/1224/1237
f 2849/1227/1240 2850/1226/1239 2853/1225/1238
f 2849/1227/1240 2853/1225/1238 2854/1228/1241
f 2137/971/986 2147/1008/1023 2139/988/1002
f 2855/1231/1244 2856/1230/1243 2857/1229/1242
f 2858/1234/1247 2859/1233/1246 2860/1232/1245
f 2195/1235/1248 2139/988/1002 2147/1008/1023
f 1809/1172/1179 1808/1173/1180 1825/1236/1249
f 1612/1237/1078 1587/733/757 1576/731/755
f 2861/1240/970 2862/1239/1251 2892/1238/1250
f 2852/1242/1253 2863/1241/1252 2860/1232/1245
f 2139/988/1002 2195/1235/1248 2196/1243/1254
f 2863/1241/1252 2852/1242/1253 2864/1244/1255
f 2865/1247/927 2866/1246/1234 2867/1245/1235
f 2197/1248/1012 2162/1/1 2146/2/2
f 1824/1224/1237 1823/1171/1178 1826/1249/1256
f 2846/1221/1233 2868/1250/1257 2844/1223/1235
f 2869/1251/1258 2850/1226/1239 2849/1227/1240
f 2198/1252/1 2143/995/1012 2173/1143/368
f 2870/1253/1259 2850/1226/1239 2869/1251/1258
f 2864/1244/1255 2852/1242/1253 2851/1228/1260
f 2163/3/3 2147/1008/1023 2146/2/2
f 1827/1254/1261 1825/1236/1249 1808/1173/1180
f 1613/1257/1264 1614/1256/1263 1615/1255/1262
f 2854/1228/1241 2853/1225/1238 2857/1229/1242
f 2901/384/386 2871/1259/1266 2872/1258/1265
f 2154/1051/779 2194/1201/1214 2195/1235/1248
f 2875/1262/1269 2874/1261/1268 2873/1260/1267
f 2871/1259/1266 2876/1263/1270 2872/1258/1265
f 2151/1040/1054 1973/1041/1055 2199/1264/1271
f 1813/1189/1196 1828/1265/1249 1814/1188/1195
f 2873/1260/1267 2877/1267/1272 2878/1266/1270
f 2769/1016/1031 2879/1268/1273 2875/1262/1269
f 1879/1264/1275 1826/1249/1256 2200/1269/1274
f 2882/355/359 2883/1270/1276 2871/1259/1266
f 2842/1219/1230 2883/1270/1276 2882/355/359
f 2201/1272/1278 2202/1271/1277 2203/1269/111
f 1818/1194/1203 1829/1273/1279 1805/1158/1166
f 1576/731/755 1616/1257/1280 1612/1237/1078
f 2876/1263/1270 2871/1259/1266 2884/1274/1281
f 4467/1277/1284 4466/1276/1283 4468/1275/1282
f 1705/53/56 1703/32/33 4469/1278/1285
f 2882/355/359 2841/356/360 2842/1219/1230
f 2139/988/1002 2196/1243/1254 2204/1279/1286
f 4465/1282/1289 4604/1281/1288 4464/1280/1287
f 2873/1260/1267 2878/1266/1270 2885/1283/1290
f 2886/1286/1293 2887/1285/1292 2888/1284/1291
f 2205/1287/1294 2139/988/1002 2204/1279/1286
f 1796/1091/1109 1787/1024/1038 1789/1022/1036
f 2863/1241/1252 2887/1285/1292 2858/1234/1247
f 1702/30/31 4478/1288/1295 4469/1278/1285
f 1702/30/31 4469/1278/1285 1703/32/33
f 2835/1209/1221 2889/1290/1297 2890/1289/1296
f 2205/1287/1294 2206/1291/1278 2139/988/1002
f 4479/1294/1300 4480/1293/1299 4481/1292/1298
f 4482/1297/1302 4483/1296/1301 4484/1295/1300
f 2863/1241/1252 2858/1234/1247 2860/1232/1245
f 4488/1300/188 4489/1299/1304 4490/1298/1303
f 2814/1149/597 2887/1285/1292 2863/1241/1252
f 2207/1264/1305 2203/1269/111 2202/1271/1277
f 1814/1188/1195 1830/1301/1306 1789/1022/1036
f 1604/881/902 1626/1116/1131 1621/1302/537
f 1501/1217/1229 1503/1215/1227 1505/1220/1236
f 4491/1305/1309 4492/1304/1308 4493/1303/1307
f 4491/1305/1309 4494/1306/1310 4492/1304/1308
f 2857/1229/1242 2891/1307/1311 2855/1231/1244
f 4491/1305/1309 2622/709/729 4494/1306/1310
f 2892/1238/1250 2855/1231/1244 2891/1307/1311
f 2203/1269/111 2208/1309/1313 2209/1308/1312
f 4497/1312/1316 4498/1311/1315 4499/1310/1314
f 2814/1149/597 2888/1284/1291 2887/1285/1292
f 2634/1314/1318 4499/1310/1314 4500/1313/1317
f 4501/1311/1321 4502/1316/1320 4503/1315/1319
f 2888/1284/1291 2769/1016/1031 2875/1262/1269
f 2209/1308/1312 2201/1272/1278 2203/1269/111
f 1830/1301/1306 1796/1091/1109 1789/1022/1036
f 4502/1316/1320 4504/1317/1322 4503/1315/1319
f 1735/643/662 4506/1318/1324 4507/1275/1323
f 2893/1319/1325 2855/1231/1244 2892/1238/1250
f 4508/1321/1327 4465/1282/1289 4505/1320/1326
f 4509/1322/1328 4488/1300/188 4490/1298/1303
f 2888/1284/1291 2894/1323/1329 2769/1016/1031
f 1826/1249/1256 2210/1324/1330 2200/1269/1274
f 4510/1327/1333 4511/1326/1332 4512/1325/1331
f 2769/1016/1031 2894/1323/1329 2817/1155/1164
f 4513/1329/1335 4512/1325/1331 4544/1328/1334
f 4514/1294/1336 4513/1329/1335 4544/1328/1334
f 2895/1331/1338 2896/1330/1337 2806/1132/1144
f 2209/1308/1312 2208/1309/1313 2211/1332/1339
f 1818/1194/1203 1831/1158/1136 1816/1195/1205
f 1617/1335/1342 1618/1334/1341 1619/1333/1340
f 4512/1325/1331 4511/1326/1332 4544/1328/1334
f 2896/1330/1337 2895/1331/1338 2897/1336/1343
f 4510/1327/1333 4512/1325/1331 4516/1337/1344
f 2806/1132/1144 2896/1330/1337 2804/1134/1146
f 2212/1338/1345 2142/993/1008 2206/1291/1278
f 4518/1341/1348 4519/1340/1347 4520/1339/1346
f 4521/1311/1351 4522/1343/1350 4523/1342/1349
f 2888/1284/1291 2814/1149/597 2813/1150/1160
f 4524/1344/1352 4523/1342/1349 4522/1343/1350
f 4504/1317/1322 4524/1344/1352 4522/1343/1350
f 2894/1323/1329 2888/1284/1291 2813/1150/1160
f 2140/981/1010 2212/1338/1345 2213/1345/1353
f 1818/1194/1203 1822/1204/1217 1829/1273/1279
f 4519/1340/1347 4525/1346/1354 4520/1339/1346
f 2899/1250/1355 2900/383/385 2901/384/386
f 4526/1347/1356 4504/1317/1322 4502/1316/1320
f 4504/1317/1322 4526/1347/1356 4527/1348/1357
f 2902/1349/1358 2892/1238/1250 2862/1239/1251
f 2206/1291/1278 2142/993/1008 2139/988/1002
f 4482/1297/1302 4527/1348/1357 4526/1347/1356
f 4523/1342/1349 4524/1344/1352 4528/1348/1359
f 2889/1290/1297 2835/1209/1221 2837/1207/1219
f 4529/1350/1360 4523/1342/1349 4528/1348/1359
f 4524/1344/1352 4504/1317/1322 4527/1348/1357
f 2896/1330/1337 2897/1336/1343 2903/1351/1361
f 2142/993/1008 2212/1338/1345 2140/981/1010
f 1822/1204/1217 1806/1168/1176 1829/1273/1279
f 1617/1335/1342 1619/1333/1340 1620/1352/1362
f 4497/1312/1316 4499/1310/1314 2634/1314/1318
f 4500/1313/1317 4530/1353/1363 2634/1314/1318
f 2906/1354/1364 2903/1351/1361 2897/1336/1343
f 2634/1314/1318 4530/1353/1363 4532/1355/1365
f 2812/1148/1159 2904/1356/1366 2811/1147/1157
f 2214/1359/1369 2215/1358/1368 2216/1357/1367
f 2622/709/729 4533/1360/1370 2606/676/696
f 2606/676/696 2540/674/694 2622/709/729
f 2908/1363/1373 2909/1362/1372 2910/1361/1371
f 4489/1299/1304 4488/1300/188 4534/1364/1374
f 4535/1364/1375 2606/676/696 4533/1360/1370
f 2910/1361/1371 2909/1362/1372 2911/1365/1376
f 1493/626/642 2217/1366/1021 1491/206/95
f 1822/1204/1217 1789/1022/1036 1806/1168/1176
f 4482/1297/1302 4529/1350/1360 4528/1348/1359
f 4482/1297/1302 4536/1367/1377 4529/1350/1360
f 2907/1368/1379 2912/1225/1378 2850/1226/1239
f 4529/1350/1360 4536/1367/1377 4530/1353/1363
f 4537/1371/1382 4538/1370/1381 4539/1369/1380
f 2913/1307/1383 2857/1229/1242 2853/1225/1238
f 2187/1206/1218 1491/206/95 2217/1366/1021
f 4526/1347/1356 4483/1296/1301 4482/1297/1302
f 4540/1372/1299 4536/1367/1377 4482/1297/1302
f 2755/1037/1051 2904/1356/1366 2905/1373/1384
f 4530/1353/1363 4541/1374/1386 4531/1355/1385
f 2912/1225/1378 2907/1368/1379 2914/1307/1387
f 1823/1171/1178 2210/1324/1330 1826/1249/1256
f 1825/1236/1249 1827/1254/1261 1832/1063/1388
f 1622/1376/1390 1621/1302/537 1623/1375/1389
f 4542/1372/1391 4537/1371/1382 4539/1369/1380
f 2902/1349/1358 2915/1377/1392 2893/1319/1325
f 4544/1328/1334 4543/1293/1393 4514/1294/1336
f 2622/709/729 2633/726/748 4494/1306/1310
f 2881/1378/1394 2798/1120/1135 2810/1146/1156
f 2217/1366/1021 1493/626/642 1495/839/856
f 4534/1364/1374 4488/1300/188 4545/1379/1395
f 4488/1300/188 1840/1380/1396 4545/1379/1395
f 2798/1120/1135 2881/1378/1394 2880/1381/1397
f 2755/1037/1051 2776/1038/1052 2904/1356/1366
f 2218/1382/1398 1495/839/856 1496/992/1007
f 1832/1063/1388 1833/1383/1399 1825/1236/1249
f 2898/1245/1401 2916/1384/1400 2880/1381/1397
f 2798/1120/1135 2880/1381/1397 2916/1384/1400
f 2218/1382/1398 2217/1366/1021 1495/839/856
f 2892/1238/1250 2902/1349/1358 2893/1319/1325
f 2923/1385/1403 2798/1120/1135 2917/1384/1402
f 2217/1366/1021 2218/1382/1398 2219/1386/1404
f 1814/1188/1195 1789/1022/1036 1822/1204/1217
f 1623/1375/1389 1624/1388/1406 1625/1387/1405
f 1506/1220/1231 1490/112/114 1491/206/95
f 2836/1208/1220 2918/1389/1407 2837/1207/1219
f 2919/1391/1410 2920/1390/1409 2921/1250/1408
f 2219/1386/1404 2190/1392/1411 2217/1366/1021
f 2915/1377/1392 2902/1349/1358 2922/1393/1412
f 2874/1261/1268 2798/1120/1135 2923/1385/1403
f 2190/1392/1411 2187/1206/1218 2217/1366/1021
f 1830/1301/1306 1814/1188/1195 1828/1265/1249
f 2879/1268/1273 2771/1019/1034 2798/1120/1135
f 2924/1395/1414 2925/1394/1413 2923/1385/1403
f 2220/1396/1415 2218/1382/1398 1496/992/1007
f 2926/1397/1416 2874/1261/1268 2923/1385/1403
f 2921/1250/1408 2927/1398/1417 2919/1391/1410
f 2129/947/964 2221/1399/1419 2222/1396/1418
f 1811/1180/1187 1834/1400/1420 1812/1179/1186
f 1623/1375/1389 1621/1302/537 1626/1116/1131
f 2906/1354/1364 2934/1401/1421 2903/1351/1361
f 2935/1402/1422 2911/1365/1376 2909/1362/1372
f 2223/1403/1423 2222/1396/1418 2221/1399/1419
f 2883/1270/1276 2842/1219/1230 2843/1209/1232
f 2909/1362/1372 2928/1363/1424 2900/383/385
f 2224/1404/1425 2223/1403/1423 2221/1399/1419
f 1821/1197/1208 1820/1198/1209 1834/1400/1420
f 2755/1037/1051 2905/1373/1384 2929/1405/1426
f 4590/1408/1429 4591/1407/1428 4592/1406/1427
f 2798/1120/1135 2874/1261/1268 2879/1268/1273
f 2221/1399/1419 2129/947/964 2128/948/965
f 4593/1410/1431 4590/1408/1429 4594/1409/1430
f 2930/1391/1414 2901/384/386 2931/1411/1432
f 4591/1407/1428 4590/1408/1429 4593/1410/1431
f 4508/1321/1327 4590/1408/1429 4592/1406/1427
f 2874/1261/1268 2926/1397/1416 2877/1267/1272
f 2221/1399/1419 2128/948/965 2225/1404/1433
f 1792/1065/1077 1794/1063/1075 1835/1412/1434
f 1618/1334/1341 1617/1335/1342 1627/1388/1435
f 2934/1401/1421 2932/1405/1436 2903/1351/1361
f 4508/1321/1327 4592/1406/1427 4591/1407/1428
f 2769/1016/1031 2771/1019/1034 2879/1268/1273
f 2134/948/110 2133/953/969 2224/1404/1425
f 2931/1411/1432 2901/384/386 2872/1258/1265
f 2871/1259/1266 2901/384/386 2882/355/359
f 2218/1382/1398 2220/1396/1415 2219/1386/1404
f 1803/1144/1154 1802/1145/1155 1799/1107/1123
f 2874/1261/1268 2877/1267/1272 2873/1260/1267
f 4591/1407/1428 4465/1282/1289 4508/1321/1327
f 4604/1281/1288 4465/1282/1289 4591/1407/1428
f 2875/1262/1269 2879/1268/1273 2874/1261/1268
f 1491/206/95 2187/1206/1218 1506/1220/1231
f 2842/1219/1230 2841/356/360 2839/1211/1223
f 2848/1413/1437 2737/963/978 2753/962/977
f 2223/1403/1423 2226/1414/1438 2222/1396/1418
f 1799/1107/1123 1798/52/53 1803/1144/1154
f 1623/1375/1389 1618/1334/1341 1624/1388/1406
f 2900/383/385 2899/1250/1355 2846/1221/1233
f 2865/1247/927 2933/1405/1439 2866/1246/1234
f 2224/1404/1425 2133/953/969 2223/1403/1423
f 2847/1247/1440 2848/1413/1437 2929/1405/1426
f 2935/1402/1422 2909/1362/1372 2846/1221/1233
f 2189/1196/1206 2226/1414/1438 2223/1403/1423
f 1829/1273/1279 1777/991/1006 1805/1158/1166
f 2753/962/977 2755/1037/1051 2848/1413/1437
f 2909/1362/1372 2900/383/385 2846/1221/1233
f 2133/953/969 2189/1196/1206 2223/1403/1423
f 2929/1405/1426 2848/1413/1437 2755/1037/1051
f 2845/1222/1234 2935/1402/1422 2846/1221/1233
f 2182/1176/1183 2208/1309/1313 1823/1171/1178
f 1778/990/1005 1806/1168/1176 1802/1145/1155
f 1606/974/989 1584/690/711 1605/908/927
f 2932/1405/1436 2934/1401/1421 2936/1246/1441
f 2937/1416/1443 2938/1415/1442 2756/1000/1016
f 2208/1309/1313 2182/1176/1183 2211/1332/1339
f 2939/366/369 2900/383/385 2928/1363/1424
f 2938/1415/1442 2802/1127/1141 2756/1000/1016
f 2183/1185/1192 2216/1357/1367 2184/1184/1191
f 1790/1417/1444 1799/1107/1123 1802/1145/1155
f 2940/1418/1445 2802/1127/1141 2938/1415/1442
f 2897/1336/1343 2895/1331/1338 2941/1419/1446
f 2183/1185/1192 2214/1359/1369 2216/1357/1367
f 2942/1331/1449 2943/1421/1448 2944/1420/1447
f 2942/1331/1449 2806/1132/1144 2943/1421/1448
f 2183/1185/1192 2133/953/969 2135/961/970
f 1790/1417/1444 1788/1023/1037 1799/1107/1123
f 1628/1423/1451 1629/1422/1450 1584/690/711
f 2945/1425/1453 2946/1424/1452 2944/1420/1447
f 2945/1425/1453 2944/1420/1447 2943/1421/1448
f 2154/1051/779 2227/1426/1454 2152/1053/969
f 2802/1127/1141 2940/1418/1445 2803/1131/1143
f 2947/1427/1455 2945/1425/1453 2943/1421/1448
f 2196/1243/1254 2195/1235/1248 2228/1428/1456
f 1802/1145/1155 1789/1022/1036 1790/1417/1444
f 2947/1427/1455 2948/1429/1457 2945/1425/1453
f 2949/1431/1460 2950/1031/1459 2951/1430/1458
f 2147/1008/1023 2227/1426/1454 2195/1235/1248
f 2952/1432/1461 2949/1431/1460 2951/1430/1458
f 2953/1435/1464 2954/1434/1463 2955/1433/1462
f 2479/6/6 2440/1436/61 2439/5/5
f 1829/1273/1279 1806/1168/1176 1777/991/1006
f 1629/1422/1450 1611/160/1211 1584/690/711
f 1541/1439/1467 1542/1438/1466 1543/1437/1465
f 2956/1442/1470 2957/1441/1469 2958/1440/1468
f 2956/1442/1470 2959/1444/1472 2960/1443/1471
f 2227/1426/1454 2154/1051/779 2195/1235/1248
f 2961/1435/1475 2962/1446/1474 2963/1445/1473
f 2964/1447/1476 2963/1445/1473 2962/1446/1474
f 2229/1448/1477 1775/983/997 1774/984/998
f 1789/1022/1036 1802/1145/1155 1806/1168/1176
f 2965/1451/1480 2966/1450/1479 2967/1449/1478
f 2938/1415/1442 2937/1416/1443 2970/1452/1481
f 2229/1448/1477 1774/984/998 2230/1453/1482
f 2945/1425/1453 2971/1454/1483 2946/1424/1452
f 2971/1454/1483 2945/1425/1453 2940/1418/1445
f 2229/1448/1477 2231/1455/1484 1775/983/997
f 1615/1255/1262 1558/34/35 1836/1456/1485
f 1630/1457/1487 1631/1388/1486 1548/159/161
f 2972/1460/1490 2973/1459/1489 2974/1458/1488
f 2975/1461/1491 2972/1460/1490 2974/1458/1488
f 2230/1453/1482 2233/1463/1493 2234/1462/1492
f 2971/1454/1483 2977/1464/1494 2946/1424/1452
f 2969/1465/1495 2977/1464/1494 2971/1454/1483
f 2235/1468/1497 2236/1467/1496 2237/1466/213
f 1792/1065/1077 1835/1412/1434 1837/1469/1498
f 2978/1470/1499 2979/1057/1046 2963/1445/1473
f 2980/1471/1500 2963/1445/1473 2964/1447/1476
f 2230/1453/1482 2238/1472/1501 2229/1448/1477
f 2943/1421/1448 2806/1132/1144 2805/1133/1145
f 2981/1473/1502 2982/1056/1067 2983/1057/1068
f 2230/1453/1482 2234/1462/1492 2240/1474/1503
f 1838/1475/1504 1612/1237/1078 1616/1257/1280
f 1548/159/161 1580/160/162 1630/1457/1487
f 1543/1437/1465 1544/1476/1505 1541/1439/1467
f 1447/109/111 1446/296/58 1448/108/110
f 2939/366/369 2984/1477/1506 2985/368/370
f 2986/1441/1507 2960/1443/1471 2959/1444/1472
f 2240/1474/1503 2238/1472/1501 2230/1453/1482
f 2955/1433/1462 2987/1478/1508 2953/1435/1464
f 2966/1450/1479 2965/1451/1480 2988/1479/1509
f 2241/1482/1511 2239/1481/1510 2242/1480/354
f 1838/1475/1504 1613/1257/1264 1839/1483/1512
f 2989/1484/1514 2988/1479/1509 2990/1451/1513
f 2960/1443/1471 2957/1441/1469 2956/1442/1470
f 2239/1481/1510 2231/1455/1484 2229/1448/1477
f 4516/1337/1344 4688/1485/328 4510/1327/1333
f 2955/1433/1462 2989/1484/1514 2990/1451/1513
f 4688/1485/328 4689/1486/1515 4510/1327/1333
f 2984/1477/1506 2939/366/369 2959/1444/1472
f 2243/1489/1518 2244/1488/1517 2245/1487/1516
f 1840/1380/1396 1841/1491/1520 1842/1490/1519
f 1543/1437/1465 1627/1388/1435 1617/1335/1342
f 4518/1341/1348 4690/413/1521 4519/1340/1347
f 2974/1458/1488 2968/1492/1522 2975/1461/1491
f 4688/1485/328 4691/1493/1523 4689/1486/1515
f 2986/1441/1507 2939/366/369 2928/1363/1424
f 2246/1494/1524 2245/1487/1516 2244/1488/1517
f 4691/1493/1523 4692/1495/1525 4689/1486/1515
f 4594/1409/1430 4590/1408/1429 4693/1496/1526
f 2989/1484/1514 2991/1497/1527 2988/1479/1509
f 2992/1498/1528 2967/1449/1478 2966/1450/1479
f 2247/1499/1529 2245/1487/1516 2246/1494/1524
f 1843/1500/1520 1573/56/58 1575/54/57
f 4519/1340/1347 4690/413/1521 4698/1501/1530
f 2966/1450/1479 2993/1502/1531 2992/1498/1528
f 2988/1479/1509 2993/1502/1531 2966/1450/1479
f 2248/1505/1534 2249/1504/1533 2232/1503/1532
f 2994/1506/1535 2988/1479/1509 2991/1497/1527
f 2994/1506/1535 2991/1497/1527 2995/1507/1536
f 2237/1466/213 2251/1508/1537 2235/1468/1497
f 1836/1456/1485 1613/1257/1264 1615/1255/1262
f 1617/1335/1342 1620/1352/1362 1632/1509/1538
f 1545/1511/1540 1546/1510/1539 1497/1093/1111
f 2995/1507/1536 2972/1460/1490 2994/1506/1535
f 2996/1514/1543 2997/1513/1542 2998/1512/1541
f 2252/1515/1544 2235/1468/1497 2251/1508/1537
f 2968/1492/1522 2999/1516/1545 2975/1461/1491
f 2970/1452/1481 2969/1465/1495 2971/1454/1483
f 2253/1518/1547 2245/1487/1516 2254/1517/1546
f 1836/1456/1485 1839/1483/1512 1613/1257/1264
f 2940/1418/1445 2970/1452/1481 2971/1454/1483
f 2940/1418/1445 2938/1415/1442 2970/1452/1481
f 2255/1520/1549 2256/1519/1548 2253/1518/1547
f 3000/1522/1552 3001/1521/1551 3002/1449/1550
f 3005/1523/1553 3001/1521/1551 3000/1522/1552
f 2254/1517/1546 2255/1520/1549 2253/1518/1547
f 1844/1524/1554 1839/1483/1512 1836/1456/1485
f 1627/1388/1435 1543/1437/1465 1542/1438/1466
f 3007/1525/1555 3008/1141/14 3005/1523/1553
f 2245/1487/1516 2247/1499/1529 2254/1517/1546
f 3004/1527/1557 3009/1526/1556 2996/1514/1543
f 3006/1528/1558 2996/1514/1543 3009/1526/1556
f 2247/1499/1529 2274/1529/1559 2254/1517/1546
f 1563/1170/1177 1824/1224/1237 1561/1530/1560
f 3009/1526/1556 3010/1531/1561 3007/1525/1555
f 3011/1533/1563 3012/1532/1562 2992/1498/1528
f 2231/1455/1484 2257/1534/1564 1775/983/997
f 3004/1527/1557 3013/1535/1565 3009/1526/1556
f 2239/1481/1510 2258/1536/1566 2231/1455/1484
f 1561/1530/1560 1845/1537/1567 1558/34/35
f 1543/1437/1465 1617/1335/1342 1632/1509/1538
f 1503/1215/1227 1502/1216/1228 1547/1538/1539
f 1504/1539/1229 1499/1094/1112 1497/1093/1111
f 3012/1532/1562 3011/1533/1563 2997/1513/1542
f 3014/1542/1570 3015/1541/1569 3003/1540/1568
f 2259/1543/1571 2249/1504/1533 2248/1505/1534
f 3013/1535/1565 3016/833/852 3017/831/850
f 3014/1542/1570 3003/1540/1568 3004/1527/1557
f 2259/1543/1571 2250/1482/1572 2249/1504/1533
f 1824/1224/1237 1845/1537/1567 1561/1530/1560
f 2996/1514/1543 2998/1512/1541 3004/1527/1557
f 3014/1542/1570 3004/1527/1557 3018/1544/1573
f 2260/564/577 2261/562/575 2262/1545/1574
f 2999/1516/1545 3019/1546/1575 2975/1461/1491
f 4732/417/420 4733/1547/1576 4698/1501/1530
f 4693/1496/1526 4228/1031/1045 4230/1035/1049
f 3020/1548/1577 3015/1541/1569 3014/1542/1570
f 2263/1549/1578 2260/564/577 2262/1545/1574
f 1846/1550/1579 1824/1224/1237 1826/1249/1256
f 1632/1509/1538 1557/15/15 1543/1437/1465
f 4732/417/420 4698/1501/1530 4690/413/1521
f 4230/1035/1049 4594/1409/1430 4693/1496/1526
f 3013/1535/1565 3010/1531/1561 3009/1526/1556
f 3013/1535/1565 3017/831/850 3010/1531/1561
f 2264/1551/1580 2260/564/577 2263/1549/1578
f 3007/1525/1555 3010/1531/1561 3008/1141/14
f 3021/798/821 3022/805/827 3023/1552/1581
f 2265/1554/1583 2263/1549/1578 2266/1553/1582
f 1846/1550/1579 1845/1537/1567 1824/1224/1237
f 2999/1516/1545 2968/1492/1522 3024/1555/1584
f 3014/1542/1570 3026/1557/1586 3027/1556/1585
f 2248/1505/1534 2267/1558/1587 2259/1543/1571
f 2969/1465/1495 3025/1559/1588 3024/1555/1584
f 3014/1542/1570 2756/1000/1016 3020/1548/1577
f 2268/1561/1590 2252/1515/1544 2269/1560/1589
f 1845/1537/1567 1846/1550/1579 1847/1562/1591
f 1633/1563/1592 1634/1159/1167 1608/1066/1078
f 1498/158/160 1548/159/161 1549/1439/1593
f 3027/1556/1585 2756/1000/1016 3014/1542/1570
f 2970/1452/1481 3025/1559/1588 2969/1465/1495
f 2250/1482/1572 2259/1543/1571 2271/1564/1594
f 2937/1416/1443 3025/1559/1588 2970/1452/1481
f 3027/1556/1585 2937/1416/1443 2756/1000/1016
f 2273/1565/1595 2264/1551/1580 2263/1549/1578
f 1845/1537/1567 1836/1456/1485 1558/34/35
f 2759/1001/1017 3020/1548/1577 2756/1000/1016
f 3021/798/821 3023/1552/1581 2783/761/782
f 2263/1549/1578 2272/1566/1596 2273/1565/1595
f 2783/761/782 3023/1552/1581 2764/1011/1026
f 2972/1460/1490 2975/1461/1491 2994/1506/1535
f 2272/1566/1596 2263/1549/1578 2265/1554/1583
f 1844/1524/1554 1836/1456/1485 1845/1537/1567
f 1586/409/95 1593/619/635 1592/623/639
f 3012/1532/1562 2997/1513/1542 2996/1514/1543
f 2908/1363/1373 2910/1361/1371 2957/1441/1469
f 2274/1529/1559 2255/1520/1549 2254/1517/1546
f 3019/1546/1575 2997/1513/1542 2975/1461/1491
f 2942/1331/1449 2944/1420/1447 3028/1567/1597
f 2275/1568/1598 2271/1564/1594 2267/1558/1587
f 1847/1562/1591 1844/1524/1554 1845/1537/1567
f 2989/1484/1514 2955/1433/1462 2941/1419/1446
f 2954/1434/1463 2897/1336/1343 2941/1419/1446
f 2239/1481/1510 2241/1482/1511 2270/1569/1599
f 2954/1434/1463 2941/1419/1446 2955/1433/1462
f 2989/1484/1514 2941/1419/1446 2976/1570/1600
f 2271/1564/1594 2259/1543/1571 2267/1558/1587
f 1839/1483/1512 1848/1571/1601 1838/1475/1504
f 1597/646/664 1634/1159/1167 1633/1563/1592
f 1498/158/160 1549/1439/1593 1497/1093/1111
f 1510/559/572 1511/1214/1226 1500/1163/1171
f 2939/366/369 2986/1441/1507 2959/1444/1472
f 2958/1440/1468 2957/1441/1469 2910/1361/1371
f 2276/1572/1602 2268/1561/1590 2269/1560/1589
f 2944/1420/1447 2946/1424/1452 3028/1567/1597
f 2974/1458/1488 3029/1573/1603 2976/1570/1600
f 2252/1515/1544 2251/1508/1537 2277/1574/1604
f 1849/1575/1605 1838/1475/1504 1848/1571/1601
f 2973/1459/1489 2972/1460/1490 2995/1507/1536
f 2989/1484/1514 2976/1570/1600 3029/1573/1603
f 2269/1560/1589 2252/1515/1544 2277/1574/1604
f 2989/1484/1514 2973/1459/1489 2995/1507/1536
f 2989/1484/1514 2995/1507/1536 2991/1497/1527
f 2279/1577/1608 2280/1508/1607 2278/1576/1606
f 1855/1578/1609 1839/1483/1512 1844/1524/1554
f 1618/1334/1341 1635/1579/1610 1619/1333/1340
f 3030/1582/1613 3216/1581/1612 3031/1580/1611
f 3216/1581/1612 3032/1583/1614 3031/1580/1611
f 1780/1122/1137 1775/983/997 2257/1534/1564
f 3033/1585/1617 3038/1584/1616 3034/1580/1615
f 3035/1588/1620 3036/1587/1619 3037/1586/1618
f 2258/1536/1566 2239/1481/1510 2270/1569/1599
f 1612/1237/1078 1838/1475/1504 1869/1589/1621
f 3038/1584/1616 3033/1585/1617 3039/1590/1622
f 3040/1593/1625 3041/1592/1624 3043/1591/1623
f 2269/1560/1589 2281/1594/1626 2276/1572/1602
f 3044/1597/1629 3045/1596/1628 3046/1595/1627
f 3047/1599/1631 3048/1595/1630 3049/1598/1630
f 2282/1600/1632 2271/1564/1594 2275/1568/1598
f 1850/1601/1633 1848/1571/1601 1839/1483/1512
f 1635/1579/1610 1636/1602/1634 1619/1333/1340
f 1545/1511/1540 1549/1439/1593 1550/1476/1577
f 2772/1030/1044 3050/1603/1635 2819/1167/1175
f 2818/1164/1172 3051/1604/1636 2775/1036/1050
f 2271/1564/1594 2270/1569/1599 2241/1482/1511
f 2760/1004/1019 3050/1603/1635 2774/1030/1047
f 2760/1004/1019 3052/1605/1637 3050/1603/1635
f 2282/1600/1632 2275/1568/1598 2283/1606/1638
f 1851/1607/1639 1842/1490/1519 1841/1491/1520
f 3050/1603/1635 3052/1605/1637 3053/1608/1640
f 3053/1608/1640 3054/1609/1641 3050/1603/1635
f 2284/1610/1642 2271/1564/1594 2282/1600/1632
f 3050/1603/1635 3055/1611/1643 2819/1167/1175
f 3050/1603/1635 3054/1609/1641 3055/1611/1643
f 2285/1612/1644 2271/1564/1594 2284/1610/1642
f 1843/1500/1520 1575/54/57 1852/1613/1645
f 1619/1333/1340 1637/1614/1646 1620/1352/1362
f 3056/1617/1649 3057/1616/1648 3058/1615/1647
f 3059/1620/1652 3060/1619/1651 3061/1618/1650
f 2258/1536/1566 2257/1534/1564 2231/1455/1484
f 3061/1618/1650 3062/1621/1653 3059/1620/1652
f 3062/1621/1653 3063/1622/1654 3059/1620/1652
f 2286/1625/1657 2287/1624/1656 2288/1623/1655
f 1853/1626/1658 1839/1483/1512 1855/1578/1609
f 3059/1620/1652 3063/1622/1654 3064/1627/1659
f 3065/1630/1662 3066/1629/1661 3075/1628/1660
f 2287/1624/1656 2286/1625/1657 2289/1631/1663
f 2863/1241/1252 3067/1632/1664 2814/1149/597
f 2814/1149/597 3067/1632/1664 3068/1605/1665
f 2285/1612/1644 2270/1569/1599 2271/1564/1594
f 1846/1550/1579 1854/1633/1666 1847/1562/1591
f 1637/1614/1646 1619/1333/1340 1636/1602/1634
f 1545/1511/1540 1497/1093/1111 1549/1439/1593
f 1499/1094/1112 1512/1634/1667 1500/1163/1171
f 3069/1637/1670 3070/1636/1669 3071/1635/1668
f 3072/1640/1673 3073/1639/1672 3074/1638/1671
f 2284/1610/1642 2290/1641/1656 2285/1612/1644
f 3075/1628/1660 3076/1642/1674 3065/1630/1662
f 2815/1004/517 2814/1149/597 3068/1605/1665
f 2243/1489/1518 2291/1643/1675 2244/1488/1517
f 1854/1633/1666 1846/1550/1579 1826/1249/1256
f 3054/1609/1641 3053/1608/1640 3077/1644/1676
f 2775/1036/1050 3051/1604/1636 3078/1645/1677
f 2281/1594/1626 2269/1560/1589 2277/1574/1604
f 3079/1648/1613 3080/1647/1678 3081/1646/1653
f 3045/1596/1628 3044/1597/1629 3082/1649/1679
f 2292/1651/1682 2293/1625/1681 2294/1650/1680
f 1847/1562/1591 1855/1578/1609 1844/1524/1554
f 1638/1602/1683 1634/1159/1167 1597/646/664
f 3083/1654/1686 3084/1653/1685 3085/1652/1684
f 3085/1652/1684 3084/1653/1685 3086/1655/1687
f 2292/1651/1682 2295/1656/1688 2293/1625/1681
f 3087/1658/1690 3088/1657/1689 3084/1653/1685
f 3091/1660/1693 3089/1658/1692 3090/1659/1691
f 2292/1651/1682 2291/1643/1675 2295/1656/1688
f 1851/1607/1639 1780/1122/1137 1842/1490/1519
f 3090/1659/1691 3089/1658/1692 3092/1661/1694
f 3093/1664/999 3094/1663/1696 3095/1662/1695
f 2292/1651/1682 2244/1488/1517 2291/1643/1675
f 3091/1660/1693 3095/1662/1695 3094/1663/1696
f 3095/1662/1695 3091/1660/1693 3096/1665/1697
f 2296/1666/1698 2297/665/685 2298/666/686
f 1789/1022/1036 1788/1023/1037 1790/1417/1444
f 1636/1602/1634 1639/379/1699 1637/1614/1646
f 3093/1664/999 3095/1662/1695 3097/1667/1700
f 3098/1669/1703 3099/1668/1702 3100/1665/1701
f 2299/1671/1705 2300/1670/1704 2606/676/696
f 3096/1665/1697 3091/1660/1693 3090/1659/1691
f 3090/1659/1691 3092/1661/1694 3101/1672/1706
f 2289/1631/1663 2301/1673/1707 2287/1624/1656
f 1819/1199/1210 1856/1675/1709 1857/1674/1708
f 3102/1665/132 3103/1677/1711 3104/1676/1710
f 3090/1659/1691 3105/1679/1712 3106/1678/1425
f 2302/1680/523 2285/1612/1644 2290/1641/1656
f 3090/1659/1691 3101/1672/1706 3109/1681/1713
f 3105/1679/1712 3090/1659/1691 3109/1681/1713
f 2261/562/575 2303/682/704 2262/1545/1574
f 1856/1675/1709 1819/1199/1210 1821/1197/1208
f 1618/1334/1341 1623/1375/1389 1640/1682/1714
f 3107/1683/1715 3102/1665/132 3104/1676/1710
f 3108/1684/1716 3106/1678/1425 3105/1679/1712
f 2304/1685/1717 2262/1545/1574 2303/682/704
f 3110/1679/1720 3111/1687/1719 3112/1686/1718
f 3113/1690/29 3114/1689/1396 3115/1688/1396
f 2300/1670/1704 2305/1691/1721 2606/676/696
f 1821/1197/1208 1834/1400/1420 1811/1180/1187
f 3043/1591/1623 3041/1592/1624 3042/1692/1722
f 3048/1595/1630 3047/1599/1631 3116/1597/1631
f 1842/1490/1519 1780/1122/1137 2306/1693/1723
f 3117/1695/1726 3118/1694/1725 3119/1669/1724
f 3100/1665/1701 3120/1683/1727 3098/1669/1703
f 2307/1697/1729 2308/1696/1728 2304/1685/1717
f 1858/1699/1730 1859/1698/1730 1860/1187/1730
f 1640/1682/1714 1609/1092/1110 1634/1159/1167
f 1513/1213/1225 1501/1217/1229 1505/1220/1236
f 3121/1702/1733 3122/1701/1732 3123/1700/1731
f 3124/1703/1734 3107/1683/1715 3104/1676/1710
f 2307/1697/1729 2266/1553/1582 2308/1696/1728
f 3126/1704/390 3069/1637/1670 3071/1635/1668
f 3076/1642/1674 3127/1705/1735 3065/1630/1662
f 2309/1706/1736 2307/1697/1729 2304/1685/1717
f 1861/1698/1737 1816/1195/1205 1862/1707/1639
f 3072/1640/1673 3128/1708/1738 3073/1639/1672
f 3101/1672/1706 3129/1710/1740 3125/1709/1739
f 2262/1545/1574 2304/1685/1717 2308/1696/1728
f 3101/1672/1706 3092/1661/1694 3129/1710/1740
f 3106/1678/1425 3108/1684/1716 3130/1711/1741
f 2308/1696/1728 2266/1553/1582 2262/1545/1574
f 1813/1189/1196 1815/1187/1194 1852/1613/1645
f 1634/1159/1167 1618/1334/1341 1640/1682/1714
f 3123/1700/1731 3131/1713/1743 3132/1712/1742
f 3112/1686/1718 3111/1687/1719 3075/1628/1660
f 2266/1553/1582 2263/1549/1578 2262/1545/1574
f 3133/1715/1745 3122/1701/1732 3134/1714/1744
f 3122/1701/1732 3131/1713/1743 3123/1700/1731
f 2296/1666/1698 2310/1716/1746 2304/1685/1717
f 1852/1613/1645 1815/1187/1194 1863/1698/1747
f 3132/1712/1742 3131/1713/1743 3135/1717/1748
f 3133/1715/1745 3131/1713/1743 3122/1701/1732
f 2302/1680/523 2300/1670/1704 2299/1671/1705
f 3117/1695/1726 3119/1669/1724 3136/1718/1749
f 3137/1721/1743 3138/1720/1751 3139/1719/1750
f 1780/1122/1137 2311/1722/1752 2306/1693/1723
f 1861/1698/1737 1862/1707/1639 1852/1613/1645
f 1618/1334/1341 1634/1159/1167 1641/1579/1753
f 1442/1723/1754 1441/109/374 1547/1538/1539
f 3139/1719/1750 3138/1720/1751 3140/1724/1755
f 3141/1669/1757 3142/1683/1756 3143/1718/1396
f 2270/1569/1599 2285/1612/1644 2312/1725/504
f 3144/1726/1396 3143/1718/1396 3142/1683/1756
f 3107/1683/1715 3145/1727/1758 3146/1726/1624
f 2313/1728/1759 2287/1624/1656 2301/1673/1707
f 1813/1189/1196 1852/1613/1645 1864/1729/1760
f 3140/1724/1755 3138/1720/1751 3077/1644/1676
f 3149/1730/1761 3077/1644/1676 3138/1720/1751
f 2314/1732/1763 2315/1731/1762 2256/1519/1548
f 3056/1617/1649 3058/1615/1647 3150/1733/1764
f 3077/1644/1676 3053/1608/1640 3140/1724/1755
f 2258/1536/1566 2270/1569/1599 2316/1734/1765
f 1807/1174/1181 1809/1172/1179 1865/1735/1766
f 1638/1602/1683 1641/1579/1753 1634/1159/1167
f 3148/1738/1768 3151/1737/1631 3147/1736/1767
f 3075/1628/1660 3066/1629/1661 3152/1737/1629
f 2257/1534/1564 2258/1536/1566 2316/1734/1765
f 3152/1737/1629 3112/1686/1718 3075/1628/1660
f 3107/1683/1715 3124/1703/1734 3145/1727/1758
f 2302/1680/523 2312/1725/504 2285/1612/1644
f 1866/1173/455 1867/1740/455 1868/1739/455
f 3148/1738/1768 3147/1736/1767 3153/1741/1769
f 3035/1588/1620 3037/1586/1618 3154/1742/1770
f 2317/1673/1771 2315/1731/1762 2314/1732/1763
f 3080/1647/1678 3079/1648/1613 3155/1743/1611
f 3039/1590/1622 3033/1585/1617 3156/1744/1772
f 2318/1745/1773 2313/1728/1759 2301/1673/1707
f 1850/1601/1633 1811/1180/1187 1810/1173/1188
f 1638/1602/1683 1597/646/664 1596/379/665
f 1441/109/374 1503/1215/1227 1547/1538/1539
f 1514/1160/1168 1499/1094/1112 1504/1539/1229
f 3159/1748/1776 3160/1747/1775 3161/1746/1774
f 3161/1746/1774 3157/1749/1777 3159/1748/1776
f 2319/1750/1778 2266/1553/1582 2307/1697/1729
f 3162/1751/1779 3161/1746/1774 3160/1747/1775
f 3163/1746/1782 3164/1753/1781 3165/1752/1780
f 2310/1716/1746 2309/1706/1736 2304/1685/1717
f 1807/1174/1181 1869/1589/1621 1870/1754/1783
f 3038/1584/1616 3166/1755/1627 3034/1580/1615
f 3159/1748/1776 3157/1749/1777 3158/1756/1784
f 2307/1697/1729 2320/1706/1785 2319/1750/1778
f 3167/1759/1788 3168/1758/1787 3169/1757/1786
f 3160/1747/1775 3170/1760/1789 3162/1751/1779
f 2310/1716/1746 2321/1761/1790 2309/1706/1736
f 1848/1571/1601 1850/1601/1633 1871/1575/1791
f 1642/1762/1792 1620/1352/1362 1637/1614/1646
f 3164/1753/1781 3038/1584/1616 3165/1752/1780
f 3169/1757/1786 3171/1763/1793 3167/1759/1788
f 2310/1716/1746 2322/1764/1794 2321/1761/1790
f 3172/1767/1797 3173/1766/1796 3175/1765/1795
f 3169/1757/1786 3174/1768/1625 3171/1763/1793
f 2265/1554/1583 2266/1553/1582 2319/1750/1778
f 1869/1589/1621 1872/1575/1297 1870/1754/1783
f 3166/1755/1627 3038/1584/1616 3164/1753/1781
f 3172/1767/1797 3175/1765/1795 3176/1755/1630
f 2299/1671/1705 2323/1769/39 2312/1725/504
f 3177/1770/1799 3178/489/1798 3179/521/535
f 3180/1773/1802 3181/1772/1801 3182/1771/1800
f 2305/1691/1721 2324/1775/1803 2325/1774/1746
f 1869/1589/1621 1838/1475/1504 1849/1575/1605
f 1620/1352/1362 1642/1762/1792 1632/1509/1538
f 1447/109/111 1529/111/113 1490/112/114
f 3183/1776/1804 3180/1773/1802 3182/1771/1800
f 3184/1778/1806 3185/1777/1805 3183/1776/1804
f 2302/1680/523 2299/1671/1705 2312/1725/504
f 3181/1772/1801 3186/1779/1807 3182/1771/1800
f 3184/1778/1806 3183/1776/1804 3182/1771/1800
f 2265/1554/1583 2314/1732/1763 2326/1780/1808
f 1852/1613/1645 1575/54/57 1864/1729/1760
f 3187/1781/1800 3188/532/548 3189/576/588
f 3181/1772/1801 3190/1783/1810 3191/1782/1809
f 2314/1732/1763 2265/1554/1583 2319/1750/1778
f 3186/1779/1807 3181/1772/1801 3191/1782/1809
f 3192/1786/1650 3193/1785/1653 3194/1784/1650
f 2314/1732/1763 2319/1750/1778 2327/1787/1811
f 1843/1500/1520 1852/1613/1645 1862/1707/1639
f 1632/1509/1538 1642/1762/1792 1557/15/15
f 3158/1756/1784 3195/1789/1813 3196/1788/1812
f 3197/1791/1328 3198/1790/1328 3193/1785/1653
f 2318/1745/1773 2321/1761/1790 2328/1792/1814
f 3081/1646/1653 3194/1784/1650 3079/1648/1613
f 3199/1795/1817 3200/1794/1816 3201/1793/1815
f 2327/1787/1811 2317/1673/1771 2314/1732/1763
f 1853/1626/1658 1850/1601/1633 1839/1483/1512
f 3202/1791/1818 3203/1796/1818 3204/1790/1818
f 3205/1798/1821 3206/1797/1820 3207/1796/1819
f 2322/1764/1794 2328/1792/1814 2321/1761/1790
f 3208/1801/1823 3209/1800/1822 3210/1799/1822
f 3211/1804/1825 3212/1803/1824 3213/1802/1824
f 2328/1792/1814 2322/1764/1794 2313/1728/1759
f 1873/1805/1826 1853/1626/1658 1855/1578/1609
f 1557/15/15 1642/1762/1792 1643/157/159
f 1514/1160/1168 1512/1634/1667 1499/1094/1112
f 1482/110/112 1483/1806/1827 1484/669/689
f 3058/1615/1647 3057/1616/1648 3214/1231/1828
f 3215/1807/1829 3150/1733/1764 3058/1615/1647
f 2328/1792/1814 2313/1728/1759 2318/1745/1773
f 3150/1733/1764 3215/1807/1829 3139/1719/1750
f 3217/1783/1832 3218/1772/1831 3272/1808/1830
f 2256/1519/1548 2255/1520/1549 2314/1732/1763
f 1811/1180/1187 1850/1601/1633 1853/1626/1658
f 3135/1717/1748 3220/1809/1833 3132/1712/1742
f 3132/1712/1742 3220/1809/1833 3221/1810/1810
f 2329/1812/1836 2330/1534/1835 2331/1811/1834
f 3222/1810/1838 3223/1813/780 3224/1712/1837
f 3224/1712/1837 3225/1815/1840 3226/1814/1839
f 2311/1722/1752 1780/1122/1137 2257/1534/1564
f 1853/1626/1658 1874/1816/1841 1811/1180/1187
f 1637/1614/1646 1643/157/159 1642/1762/1792
f 3224/1712/1837 3223/1813/780 3225/1815/1840
f 3215/1807/1829 3058/1615/1647 3227/1817/1473
f 2121/932/951 2123/153/156 2332/152/155
f 3228/1818/1842 3215/1807/1829 3227/1817/1473
f 3215/1807/1829 3219/1819/1843 3139/1719/1750
f 2332/152/155 2333/1821/1845 2334/1820/1844
f 1854/1633/1666 1826/1249/1256 1875/155/157
f 3219/1819/1843 3215/1807/1829 3229/1818/1846
f 3230/1822/1847 3228/1818/1842 3227/1817/1473
f 2174/1153/1162 2176/1151/1148 2335/1823/1848
f 3231/1824/1849 3180/1773/1802 3183/1776/1804
f 3218/1772/1831 3232/1826/1851 3233/1825/1850
f 2336/1828/1853 2179/716/565 2337/1827/1852
f 1854/1633/1666 1876/1829/1854 1847/1562/1591
f 1643/157/159 1637/1614/1646 1639/379/1699
f 3218/1772/1831 3233/1825/1850 3272/1808/1830
f 3190/1783/1810 3236/1831/1856 3237/1830/1855
f 2338/1834/1857 2339/1833/222 2340/1832/39
f 3058/1615/1647 3238/1377/1858 3227/1817/1473
f 3239/1835/1859 3227/1817/1473 3238/1377/1858
f 2334/1820/1844 2333/1821/1845 2343/1836/894
f 1876/1829/1854 1855/1578/1609 1847/1562/1591
f 3239/1835/1859 3230/1822/1847 3227/1817/1473
f 3240/1837/1860 3230/1822/1847 3239/1835/1859
f 2344/1839/1862 2345/1838/1861 2333/1821/1845
f 3241/1840/1863 3219/1819/1843 3229/1818/1846
f 3242/1818/1865 3243/1841/1864 3241/1840/1863
f 2343/1836/894 2338/1834/1857 2334/1820/1844
f 1877/1842/1866 1854/1633/1666 1875/155/157
f 1593/619/635 1586/409/95 1607/1025/1039
f 3244/1843/1867 3221/1810/1810 3220/1809/1833
f 3219/1819/1843 3241/1840/1863 3245/1844/1868
f 2115/883/903 2069/673/693 2346/1845/1869
f 3221/1810/1810 3244/1843/1867 3248/1846/1870
f 3248/1846/1870 3244/1843/1867 3247/1847/1871
f 2244/1488/1517 2347/1848/1872 2246/1494/1524
f 1854/1633/1666 1877/1842/1866 1876/1829/1854
f 3246/1849/1873 3247/1847/1871 3244/1843/1867
f 3241/1840/1863 3243/1841/1864 3251/1850/1874
f 2105/849/867 2107/847/865 2348/1851/1875
f 3251/1850/1874 3243/1841/1864 3252/1837/1876
f 3253/1853/1878 3246/1849/1873 3254/1852/1877
f 2341/1856/1881 2349/1855/1880 2342/1854/1879
f 1855/1578/1609 1878/1857/1882 1873/1805/1826
f 1644/1859/1884 1645/137/138 1646/1858/1883
f 1510/559/572 1500/1163/1171 1512/1634/1667
f 3254/1852/1877 3246/1849/1873 3255/1860/1885
f 3257/1863/102 3258/1862/85 3259/1861/1886
f 2032/519/532 2350/1865/1888 2351/1864/1887
f 3194/1784/1650 3081/1646/1653 3192/1786/1650
f 3260/1866/1613 3193/1785/1653 3192/1786/1650
f 2354/1869/1891 2355/1868/1890 2356/1867/1889
f 1855/1578/1609 1876/1829/1854 1878/1857/1882
f 3193/1785/1653 3260/1866/1613 3197/1791/1328
f 3226/1814/1839 3225/1815/1840 3261/1870/1892
f 2356/1867/1889 2357/1872/1894 2358/1871/1893
f 3262/1873/483 3225/1815/1840 3223/1813/780
f 3061/1618/1650 3121/1702/1733 3263/1874/1613
f 2032/519/532 2104/843/861 2350/1865/1888
f 1879/1264/1275 1880/156/158 1875/155/157
f 1651/1876/1896 1647/1875/1895 1545/1511/1540
f 3121/1702/1733 3264/1877/1897 3263/1874/1613
f 3265/1878/1898 3263/1874/1613 3264/1877/1897
f 2355/1868/1890 2359/1879/1899 2356/1867/1889
f 3265/1878/1898 3266/1880/1328 3263/1874/1613
f 3203/1796/1818 3202/1791/1818 3267/1798/1818
f 2360/1882/1901 2353/1881/1900 2104/843/861
f 1881/451/456 1882/84/86 1883/1883/1902
f 3206/1797/1820 3205/1798/1821 3268/1884/1903
f 3209/1800/1822 3208/1801/1823 3269/1885/1823
f 2359/1879/1899 2357/1872/1894 2356/1867/1889
f 3212/1803/1824 3211/1804/1825 3270/1886/1904
f 3236/1831/1856 3235/1887/1905 3237/1830/1855
f 2357/1872/1894 2359/1879/1899 2361/1888/1906
f 1884/90/92 1885/475/481 1886/1889/1907
f 1546/1510/1539 1545/1511/1540 1647/1875/1895
f 3249/1892/1910 3271/1891/1909 3250/1890/1908
f 3234/1893/1911 3237/1830/1855 3235/1887/1905
f 2362/1894/1912 2246/1494/1524 2347/1848/1872
f 3259/1861/1886 3258/1862/85 3274/1895/74
f 3271/1891/1909 3249/1892/1910 3275/1896/1909
f 2360/1882/1901 2104/843/861 2363/1897/1913
f 1887/1900/1916 1888/1899/1915 1889/1898/1914
f 3276/1902/1918 3247/1847/1871 3256/1901/1917
f 3237/1830/1855 3191/1782/1809 3190/1783/1810
f 2363/1897/1913 2364/1903/1773 2360/1882/1901
f 3277/522/536 3278/525/540 3279/1904/1919
f 3280/1906/1921 3281/1905/1920 3234/1893/1911
f 2349/1855/1880 2341/1856/1881 2365/1907/1922
f 1882/84/86 1890/82/84 1891/1908/1923
f 1648/1910/1925 1649/246/247 1650/1909/1924
f 3281/1905/1920 3282/1911/1926 3234/1893/1911
f 3277/522/536 3177/1770/1799 3179/521/535
f 2365/1907/1922 2341/1856/1881 2366/1912/1927
f 3283/1915/1930 3284/1914/1929 3285/1913/1928
f 3287/1918/1932 3288/1917/408 3289/1916/1931
f 2360/1882/1901 2364/1903/1773 2361/1888/1906
f 1892/83/85 1882/84/86 1881/451/456
f 3290/1920/1818 3291/1880/1818 3273/1919/1933
f 3201/1793/1815 3200/1794/1816 3292/1921/1934
f 2364/1903/1773 2367/1922/1935 2361/1888/1906
f 3232/1826/1851 3293/1923/1936 3233/1825/1850
f 3294/1924/1333 3272/1808/1830 3233/1825/1850
f 2366/1912/1927 2368/1925/1937 2365/1907/1922
f 1884/90/92 1886/1889/1907 1893/89/91
f 1653/770/792 1650/1909/1924 1649/246/247
f 1515/1161/1169 1512/1634/1667 1514/1160/1168
f 1484/669/689 1485/624/640 1482/110/112
f 3295/1920/1821 3296/1927/1939 3297/1926/1938
f 3216/1581/1612 3298/1929/1650 3299/1928/1940
f 2347/1848/1872 2369/1930/1941 2362/1894/1912
f 3298/1929/1650 3216/1581/1612 3030/1582/1613
f 3231/1824/1849 3300/1932/1653 3301/1931/1942
f 2247/1499/1529 2246/1494/1524 2362/1894/1912
f 1826/1249/1256 1879/1264/1275 1875/155/157
f 3302/1933/1943 3301/1931/1942 3300/1932/1653
f 3298/1929/1650 3300/1932/1653 3231/1824/1849
f 2362/1894/1912 2370/1934/1944 2247/1499/1529
f 3302/1933/1943 3300/1932/1653 3303/1935/1328
f 3285/1913/1928 3304/1936/1928 3283/1915/1930
f 2371/1937/1945 2247/1499/1529 2370/1934/1944
f 1884/90/92 1894/477/483 1885/475/481
f 1652/1938/1946 1647/1875/1895 1651/1876/1896
f 3235/1887/1905 3286/1940/1948 3306/1939/1947
f 3288/1917/408 3287/1918/1932 3307/1941/411
f 2341/1856/1881 2372/1942/1949 2369/1930/1941
f 3311/1945/1819 3309/1944/1951 3310/1943/1950
f 3308/1945/1818 3305/1946/1952 3312/1935/1818
f 2341/1856/1881 2373/1947/1953 2372/1942/1949
f 1895/1949/1955 1896/1948/1954 1897/27/28
f 3313/1951/1957 3793/561/574 3314/1950/1956
f 3318/1954/1960 3319/1953/1959 3320/1952/1958
f 2369/1930/1941 2372/1942/1949 2374/1955/966
f 3321/1958/1963 3322/1957/1962 3323/1956/1961
f 3318/1954/1960 3320/1952/1958 3324/1959/1964
f 2375/657/678 2260/564/577 2264/1551/1580
f 1877/1842/1866 1899/146/149 1857/1674/1708
f 1545/1511/1540 1550/1476/1577 1651/1876/1896
f 3325/1961/1966 3326/1960/1965 3320/1952/1958
f 3325/1961/1966 3330/1962/1967 3326/1960/1965
f 2376/1963/1968 2377/80/82 2375/657/678
f 3384/1965/1970 3324/1959/1964 3327/1964/1969
f 3384/1965/1970 3327/1964/1969 3328/1966/1971
f 2375/657/678 2264/1551/1580 2376/1963/1968
f 1896/1948/1954 1900/29/30 1897/27/28
f 3330/1962/1967 3329/1967/1972 3326/1960/1965
f 3331/1970/1975 3332/1969/1974 3333/1968/1973
f 2378/1973/1978 2379/1972/1977 2380/1971/1976
f 3333/1968/1973 3334/1975/1980 3335/1974/1979
f 3335/1974/1979 3331/1970/1975 3333/1968/1973
f 2380/1971/1976 2381/1976/1981 2378/1973/1978
f 1888/1899/1915 1887/1900/1916 1886/1889/1907
f 1654/464/470 1655/1977/1982 1656/494/500
f 3336/1978/1984 3337/1958/1983 3338/344/213
f 3321/1958/1963 3339/1978/1985 3322/1957/1962
f 2068/672/692 2346/1845/1869 2069/673/693
f 3332/1969/1974 3331/1970/1975 3340/1979/1986
f 3341/1980/1987 3332/1969/1974 3340/1979/1986
f 2379/1972/1977 2378/1973/1978 2077/696/716
f 1888/1899/1915 1886/1889/1907 1902/461/467
f 3342/1981/1988 3340/1979/1986 3331/1970/1975
f 3343/1984/1991 3344/1983/1990 3345/1982/1989
f 2380/1971/1976 2379/1972/1977 2382/1985/1992
f 3348/1987/1994 3349/1986/1993 3347/627/643
f 3350/554/570 3348/1987/1994 3347/627/643
f 2383/70/72 2384/1988/1995 2344/1839/1862
f 1889/1898/1914 1903/1990/1997 1904/1989/1996
f 1657/1977/1999 1658/380/1998 1595/647/666
f 1512/1634/1667 1516/1161/1198 1510/559/572
f 3351/1991/2000 3348/1987/1994 3350/554/570
f 3350/554/570 3352/1992/2001 3351/1991/2000
f 2385/141/142 2384/1988/1995 2383/70/72
f 3378/1994/2003 3353/1993/2002 3345/1982/1989
f 3407/1997/2006 3354/1996/2005 3355/1995/2004
f 2077/696/716 2382/1985/1992 2379/1972/1977
f 1883/1883/1902 1882/84/86 1891/1908/1923
f 3330/1962/1967 3356/1998/2007 3329/1967/1972
f 3357/1999/2008 3356/1998/2007 3330/1962/1967
f 2386/2000/2009 2382/1985/1992 2077/696/716
f 3356/1998/2007 3357/1999/2008 3358/2001/2010
f 3361/2002/2011 3354/1996/2005 3407/1997/2006
f 2377/80/82 2370/1934/1944 2387/145/147
f 1888/1899/1915 1903/1990/1997 1889/1898/1914
f 1659/380/2013 1655/1977/1982 1660/2003/2012
f 3360/2006/2016 3359/2005/2015 3362/2004/2014
f 3333/1968/1973 3354/1996/2005 3334/1975/1980
f 2388/1930/2017 2370/1934/1944 2362/1894/1912
f 3363/2007/2018 3352/1992/2001 3364/553/569
f 3350/554/570 3364/553/569 3352/1992/2001
f 2343/1836/894 2333/1821/1845 2389/2008/2019
f 1891/1908/1923 1903/1990/1997 1883/1883/1902
f 3365/2010/2021 3366/568/1957 3367/2009/2020
f 3364/553/569 3368/567/579 3363/2007/2018
f 2390/2012/2023 2389/2008/2019 2391/2011/2022
f 3359/2005/2015 3369/2013/2024 3362/2004/2014
f 3372/470/476 3373/468/474 3374/2014/2025
f 2392/2017/2028 2393/2016/2027 2394/2015/2026
f 1898/21/21 1905/22/22 1901/2018/2029
f 1660/2003/2012 1655/1977/1982 1654/464/470
f 3371/2020/2031 3375/2019/2030 3373/468/474
f 3375/2019/2030 3371/2020/2031 3376/2021/2032
f 2343/1836/894 2394/2015/2026 2339/1833/222
f 3377/2022/39 3372/470/476 3374/2014/2025
f 3345/1982/1989 3344/1983/1990 3378/1994/2003
f 2387/145/147 2370/1934/1944 2395/2023/2033
f 1792/1065/1077 1837/1469/1498 1906/76/78
f 3374/2014/2025 3379/2024/2034 3377/2022/39
f 3379/2024/2034 3380/2025/2035 3377/2022/39
f 2396/2027/2037 2397/145/2036 2398/2026/180
f 3369/2013/2024 3379/2024/2034 3375/2019/2030
f 3361/2002/2011 3334/1975/1980 3354/1996/2005
f 2376/1963/1968 2370/1934/1944 2377/80/82
f 1972/150/153 1907/151/154 1973/1041/1055
f 1661/2030/2040 1662/2029/2039 1663/2028/2038
f 3381/290/291 3353/1993/2002 3382/291/292
f 3322/1957/1962 3383/2031/2041 3323/1956/1961
f 2399/2034/2044 2400/2033/2043 2401/2032/2042
f 3384/1965/1970 3318/1954/1960 3324/1959/1964
f 3314/1950/1956 3323/1956/1961 3383/2031/2041
f 2337/1827/1852 2423/2035/2045 2336/1828/1853
f 1908/2037/2046 1909/93/94 1910/2036/969
f 3349/1986/1993 3348/1987/1994 3371/2020/2031
f 3385/2039/2048 3386/2038/2047 3384/1965/1970
f 2402/2041/2051 2403/2040/2050 2404/2033/2049
f 3369/2013/2024 3387/2042/2052 3379/2024/2034
f 3359/2005/2015 3387/2042/2052 3369/2013/2024
f 2376/1963/1968 2264/1551/1580 2273/1565/1595
f 1909/93/94 1908/2037/2046 1912/2043/2053
f 1664/17/17 1662/2029/2039 1661/2030/2040
f 1560/2044/2054 1558/34/35 1559/35/36
f 1486/2045/2055 1482/110/112 1529/111/113
f 3378/1994/2003 3382/291/292 3353/1993/2002
f 3388/243/244 3389/241/242 3334/1975/1980
f 2403/2040/2050 2174/1153/1162 2335/1823/1848
f 3390/2046/2056 3322/1957/1962 3339/1978/1985
f 3380/2025/2035 3391/293/294 3377/2022/39
f 2337/1827/1852 2179/716/565 2178/1156/1165
f 1913/2049/2059 1914/2048/2058 1911/2047/2057
f 3391/293/294 3380/2025/2035 3359/2005/2015
f 3391/293/294 3392/2050/2060 3377/2022/39
f 2402/2041/2051 2174/1153/1162 2403/2040/2050
f 3391/293/294 3359/2005/2015 3360/2006/2016
f 3328/1966/1971 3385/2039/2048 3384/1965/1970
f 2341/1856/1881 2342/1854/1879 2373/1947/1953
f 1913/2049/2059 1915/2051/2061 1914/2048/2058
f 1665/204/206 1666/2052/2062 1654/464/470
f 3393/2054/2064 3394/2053/2063 3395/456/461
f 3323/1956/1961 3396/363/331 3337/1958/1983
f 2405/2056/2066 2406/2055/2065 2382/1985/1992
f 3334/1975/1980 3389/241/242 3335/1974/1979
f 3397/1974/2067 3342/1981/1988 3331/1970/1975
f 2371/1937/1945 2370/1934/1944 2376/1963/1968
f 1911/2047/2057 1914/2048/2058 1916/2057/2068
f 3397/1974/2067 3398/224/225 3342/1981/1988
f 3397/1974/2067 3399/2058/2069 3398/224/225
f 2376/1963/1968 2273/1565/1595 2371/1937/1945
f 3400/226/227 3342/1981/1988 3401/217/218
f 3401/217/218 3342/1981/1988 3398/224/225
f 2395/2023/2033 2370/1934/1944 2388/1930/2017
f 1917/131/132 1918/132/133 1919/1020/565
f 1590/531/547 1582/380/383 1667/2059/2070
f 1561/1530/1560 1558/34/35 1560/2044/2054
f 3384/1965/1970 3316/2060/2071 3318/1954/1960
f 3314/1950/1956 3793/561/574 3323/1956/1961
f 2407/2000/2072 2405/2056/2066 2382/1985/1992
f 3338/344/213 3395/456/461 3336/1978/1984
f 3317/2061/2073 3384/1965/1970 3386/2038/2047
f 2398/2026/180 2369/1930/1941 2408/2062/2074
f 1920/1020/737 1921/164/167 1922/165/168
f 3323/1956/1961 3793/561/574 3396/363/331
f 3402/1995/2075 3318/1954/1960 3316/2060/2071
f 2408/2062/2074 2369/1930/1941 2374/1955/966
f 3386/2038/2047 3385/2039/2048 3403/2063/2076
f 3369/2013/2024 3375/2019/2030 3376/2021/2032
f 2042/549/566 2041/550/565 2411/2064/566
f 1972/150/153 1792/1065/1077 1906/76/78
f 1643/157/159 1662/2029/2039 1664/17/17
f 3316/2060/2071 3384/1965/1970 3317/2061/2073
f 3315/2010/1991 3402/1995/2075 3316/2060/2071
f 2412/2067/2077 2413/2066/1810 2414/2065/956
f 3349/1986/1993 3371/2020/2031 3404/2068/2078
f 3393/2054/2064 3390/2046/2056 3339/1978/1985
f 2409/2070/2081 2415/2034/2080 2410/2069/2079
f 1820/1198/1209 1819/1199/1210 1924/75/77
f 3365/2010/2021 3367/2009/2020 3406/1995/2082
f 3386/2038/2047 3403/2063/2076 3317/2061/2073
f 2371/1937/1945 2274/1529/1559 2247/1499/1529
f 3376/2021/2032 3403/2063/2076 3385/2039/2048
f 3376/2021/2032 3362/2004/2014 3369/2013/2024
f 2416/2073/2084 2417/2072/710 2418/2071/2083
f 1924/75/77 1819/1199/1210 1899/146/149
f 1668/147/2087 1669/2075/2086 1670/2074/2085
f 1560/2044/2054 1562/2076/2088 1561/1530/1560
f 3318/1954/1960 3402/1995/2075 3319/1953/1959
f 3385/2039/2048 3362/2004/2014 3376/2021/2032
f 2383/70/72 2344/1839/1862 2333/1821/1845
f 3394/2053/2063 3393/2054/2064 3339/1978/1985
f 3336/1978/1984 3395/456/461 3394/2053/2063
f 2333/1821/1845 2332/152/155 2383/70/72
f 1899/146/149 1819/1199/1210 1857/1674/1708
f 3338/344/213 3337/1958/1983 3396/363/331
f 3360/2006/2016 3362/2004/2014 3328/1966/1971
f 2079/694/714 2386/2000/2009 2077/696/716
f 3362/2004/2014 3385/2039/2048 3328/1966/1971
f 3408/2079/2091 3409/2078/2090 3410/2077/2089
f 2419/1925/2093 2420/1912/2092 2278/1576/1606
f 1877/1842/1866 1875/155/157 1899/146/149
f 1671/2081/2096 1672/147/2095 1673/2080/2094
f 3411/2082/2097 3409/2078/2090 3408/2079/2091
f 3408/2079/2091 3412/2083/2098 3411/2082/2097
f 2409/2070/2081 2421/2073/2099 2415/2034/2080
f 3411/2082/2097 3412/2083/2098 3413/2084/2100
f 3414/2086/2101 3412/2083/2098 3415/2085/2025
f 2420/1912/2092 2422/2087/2102 2278/1576/1606
f 1916/2057/2068 1914/2048/2058 1923/2088/2103
f 3416/2089/2104 3414/2086/2101 3415/2085/2025
f 3417/2091/2025 3418/2090/2105 3415/2085/2025
f 2278/1576/1606 2422/2087/2102 2279/1577/1608
f 3419/2094/2108 3420/2093/2107 3421/2092/2106
f 3418/2090/2105 3416/2089/2104 3415/2085/2025
f 2416/2073/2084 2418/2071/2083 2423/2035/2045
f 1906/76/78 1925/77/79 1972/150/153
f 1676/170/174 1677/2095/2109 1674/511/521
f 1562/2076/2088 1563/1170/1177 1561/1530/1560
f 3422/2096/2110 3419/2094/2108 3344/1983/1990
f 3423/2097/2111 3413/2084/2100 3412/2083/2098
f 2415/2034/2080 2424/2098/2112 2410/2069/2079
f 3414/2086/2101 3424/2099/1604 3412/2083/2098
f 3424/2099/1604 3423/2097/2111 3412/2083/2098
f 2415/2034/2080 2421/2073/2099 2402/2041/2051
f 1926/1198/2113 1924/75/77 1906/76/78
f 3425/2100/2114 3413/2084/2100 3423/2097/2111
f 3423/2097/2111 3426/2101/2115 3425/2100/2114
f 2404/2033/2049 2415/2034/2080 2402/2041/2051
f 3427/1984/2116 3424/2099/1604 3414/2086/2101
f 3424/2099/1604 3426/2101/2115 3423/2097/2111
f 2416/2073/2084 2423/2035/2045 2337/1827/1852
f 1926/1198/2113 1906/76/78 1837/1469/1498
f 1676/170/174 1678/171/175 1677/2095/2109
f 3428/2102/2117 3426/2101/2115 3424/2099/1604
f 3427/1984/2116 3428/2102/2117 3424/2099/1604
f 2424/2098/2112 2415/2034/2080 2340/1832/39
f 3416/2089/2104 3427/1984/2116 3414/2086/2101
f 3429/2103/2118 3425/2100/2114 3426/2101/2115
f 2398/2026/180 2408/2062/2074 2396/2027/2037
f 1927/2105/2121 1928/2104/2120 1929/9/2119
f 3426/2101/2115 3428/2102/2117 3430/2103/2122
f 3427/1984/2116 3430/2103/2122 3428/2102/2117
f 2424/2098/2112 2394/2015/2026 2410/2069/2079
f 3425/2100/2114 3429/2103/2118 3431/861/2123
f 3430/2103/2122 3427/1984/2116 3432/1982/2116
f 2339/1833/222 2424/2098/2112 2340/1832/39
f 1909/93/94 1930/89/95 1910/2036/969
f 1677/2095/2109 1679/463/469 1674/511/521
f 1562/2076/2088 1564/2106/2124 1563/1170/1177
f 1487/753/775 1485/624/640 1488/625/641
f 3422/2096/2110 3344/1983/1990 3343/1984/1991
f 3430/2103/2122 3432/1982/2116 3433/2107/2125
f 2413/2066/1810 2412/2067/2077 2425/2108/1810
f 3431/861/2123 3434/2109/2126 3425/2100/2114
f 3435/2110/2127 3430/2103/2122 3433/2107/2125
f 2393/2016/2027 2410/2069/2079 2394/2015/2026
f 1931/93/2128 1916/2057/2068 1932/574/586
f 3431/861/2123 3436/863/785 3434/2109/2126
f 3437/2111/2129 3353/1993/2002 3381/290/291
f 2424/2098/2112 2339/1833/222 2394/2015/2026
f 3438/1192/2132 3439/2113/2131 3440/2112/2130
f 3353/1993/2002 3437/2111/2129 3345/1982/1989
f 2338/1834/1857 2343/1836/894 2339/1833/222
f 1899/146/149 1907/151/154 1925/77/79
f 1683/2116/2135 1684/2115/2134 1685/2114/2133
f 3381/290/291 3435/2110/2127 3433/2107/2125
f 3439/2113/2131 2830/1192/1201 3441/2117/2136
f 2356/1867/1889 2358/1871/1893 2354/1869/1891
f 2834/1205/1089 3441/2117/2136 2830/1192/1201
f 3440/2112/2130 3444/1117/2137 3438/1192/2132
f 2347/1848/1872 2244/1488/1517 2292/1651/1682
f 1933/94/96 1931/93/2128 1932/574/586
f 3442/2120/2140 3445/2119/2139 3443/2118/2138
f 3444/1117/2137 3440/2112/2130 3446/2121/2139
f 2426/2122/294 2355/1868/1890 2354/1869/1891
f 3444/1117/2137 3446/2121/2139 3447/2123/2141
f 2828/1190/1199 3444/1117/2137 3447/2123/2141
f 2351/1864/1887 2350/1865/1888 2427/2124/2072
f 1907/151/154 1899/146/149 1875/155/157
f 1563/1170/1177 1564/2106/2124 1537/1162/1170
f 3448/2126/2126 3449/2125/2141 3445/2119/2139
f 2828/1190/1199 3447/2123/2141 3450/2127/2142
f 2352/2129/2144 2428/2128/2143 2353/1881/1900
f 3445/2119/2139 3442/2120/2140 3448/2126/2126
f 3449/2125/2141 3448/2126/2126 3451/764/785
f 2429/2130/2145 2426/2122/294 2354/1869/1891
f 1916/2057/2068 1935/917/936 1936/580/592
f 3449/2125/2141 3451/764/785 3452/2131/2142
f 3443/2118/2138 3453/2132/2100 3442/2120/2140
f 3454/2134/2147 3455/2133/2146 2834/1205/1089
f 2834/1205/1089 3456/2135/2148 3441/2117/2136
f 1317/319/319 1316/317/317 2431/2136/2149
f 1916/2057/2068 1923/2088/2103 1935/917/936
f 1687/720/741 1688/45/46 1689/73/75
f 3441/2117/2136 3456/2135/2148 3439/2113/2131
f 3456/2135/2148 3457/2137/2150 3439/2113/2131
f 2432/2138/163 1317/319/319 2431/2136/2149
f 2834/1205/1089 3455/2133/2146 3456/2135/2148
f 3457/2137/2150 3440/2112/2130 3439/2113/2131
f 2433/176/180 1316/317/317 2458/335/335
f 1937/2141/2153 1938/2140/2152 1939/2139/2151
f 3440/2112/2130 3457/2137/2150 3458/2142/2154
f 3453/2132/2100 3443/2118/2138 3459/2143/2154
f 2434/2144/134 2432/2138/163 2431/2136/2149
f 3456/2135/2148 3460/2145/2155 3457/2137/2150
f 3455/2133/2146 3460/2145/2155 3456/2135/2148
f 2435/18/18 2436/2136/2156 1316/317/317
f 1940/119/121 1941/2146/2157 1937/2141/2153
f 1689/73/75 1691/730/753 1687/720/741
f 1560/2044/2054 1564/2106/2124 1562/2076/2088
f 3457/2137/2150 3460/2145/2155 3458/2142/2154
f 3344/1983/1990 3419/2094/2108 3421/2092/2106
f 2435/18/18 1316/317/317 2433/176/180
f 3459/2143/2154 3461/2147/2097 3453/2132/2100
f 3484/2149/2158 3462/2148/2090 3461/2147/2097
f 2437/2150/2159 2436/2136/2156 2435/18/18
f 1941/2146/2157 1938/2140/2152 1937/2141/2153
f 3463/1012/2160 3464/2151/999 3454/2134/2147
f 3093/1664/999 3464/2151/999 3463/1012/2160
f 2431/2136/2149 2438/10/10 2434/2144/134
f 3461/2147/2097 3459/2143/2154 3484/2149/2158
f 3455/2133/2146 3464/2151/999 3460/2145/2155
f 2431/2136/2149 2437/2150/2159 2438/10/10
f 1942/2152/2161 1929/9/2119 1928/2104/2120
f 1690/85/87 1691/730/753 1689/73/75
f 3454/2134/2147 3464/2151/999 3455/2133/2146
f 3482/2153/2162 3458/2142/2154 3460/2145/2155
f 2439/5/5 2434/2144/134 2438/10/10
f 3465/2154/2163 3482/2153/2162 3460/2145/2155
f 3466/577/589 3467/2155/2164 3189/576/588
f 2434/2144/134 2439/5/5 2440/1436/61
f 1938/2140/2152 1941/2146/2157 1943/2156/2165
f 3468/2157/2166 3189/576/588 3467/2155/2164
f 3467/2155/2164 3466/577/589 3471/635/653
f 2442/2160/2168 2443/2159/2167 2444/2158/1375
f 3472/2161/2169 3117/1695/1726 3136/1718/1749
f 3473/2163/2172 3474/2161/2171 3475/2162/2170
f 2442/2160/2168 2445/2164/2173 2443/2159/2167
f 1943/2156/2165 1939/2139/2151 1938/2140/2152
f 1692/426/430 1693/2166/2175 1694/2165/2174
f 1565/2167/2176 1566/138/139 1567/139/140
f 3476/2169/1749 3477/2168/2169 3478/1689/1749
f 3479/2171/2178 3480/2170/2177 3481/2168/2171
f 2444/2158/1375 2446/2172/2179 2442/2160/2168
f 3473/2163/2172 3475/2162/2170 3482/2153/2162
f 3097/1667/1700 3464/2151/999 3093/1664/999
f 2446/2172/2179 2444/2158/1375 2447/2173/2180
f 1939/2139/2151 1943/2156/2165 1944/2174/2181
f 3483/2175/2182 3484/2149/2158 3480/2170/2177
f 3114/1689/1396 3113/1690/29 3485/2169/29
f 2447/2173/2180 2444/2158/1375 2448/26/27
f 3486/2171/2183 3477/2168/2169 3476/2169/1749
f 3480/2170/2177 3479/2171/2178 3483/2175/2182
f 2449/2178/1775 2450/2177/2185 2451/2176/2184
f 1945/2180/2007 1946/130/131 1947/2179/2186
f 1694/2165/2174 1695/428/432 1692/426/430
f 3484/2149/2158 3483/2175/2182 3462/2148/2090
f 3487/2181/2187 3467/2155/2164 3471/635/653
f 2452/2182/2188 2445/2164/2173 2442/2160/2168
f 3488/2185/2191 3489/2184/2190 3490/2183/2189
f 3158/1756/1784 3196/1788/1812 3469/2186/2192
f 2453/2187/2193 2445/2164/2173 2452/2182/2188
f 1945/2180/2007 1947/2179/2186 1948/2188/2194
f 3491/1768/29 3492/1757/2195 3493/2189/29
f 3494/2191/2183 3495/2189/1749 3496/2190/2196
f 2451/2176/2184 2450/2177/2185 2454/2182/2197
f 3497/2192/2198 3493/2189/29 3492/1757/2195
f 3496/2190/2196 3495/2189/1749 3498/2192/2199
f 2455/96/98 2454/2182/2197 2450/2177/2185
f 1949/2193/2201 1950/1060/1073 1959/144/2200
f 1668/147/2087 1670/2074/2085 1696/2194/2202
f 1565/2167/2176 1567/139/140 1568/2195/2203
f 1521/57/59 1522/2196/2204 1523/59/61
f 1487/753/775 1482/110/112 1485/624/640
f 3410/2077/2089 3499/2197/2205 3500/2191/2178
f 3501/2198/2207 3502/2192/2206 3503/1757/1845
f 2450/2177/2185 2456/2178/2208 2457/98/100
f 3496/2190/2196 3498/2192/2199 3504/2199/2209
f 3410/2077/2089 3409/2078/2090 3499/2197/2205
f 2459/98/103 2449/2178/1775 2460/42/43
f 1942/2152/2161 1953/104/790 1954/8/2210
f 3505/2077/475 3417/2091/2025 3415/2085/2025
f 3159/1748/1776 3158/1756/1784 3469/2186/2192
f 2450/2177/2185 2457/98/100 2455/96/98
f 3506/2198/2212 3159/1748/1776 3507/2200/2211
f 3508/2198/1853 3168/1758/1787 3509/2201/2213
f 2449/2178/1775 2451/2176/2184 2460/42/43
f 1941/2146/2157 1940/119/121 1955/117/119
f 1649/246/247 1648/1910/1925 1665/204/206
f 3169/1757/1786 3168/1758/1787 3508/2198/1853
f 3502/2192/2206 3501/2198/2207 3510/2202/2214
f 2462/41/42 2451/2176/2184 2461/2203/2215
f 3417/2091/2025 3505/2077/475 3511/2204/2216
f 3507/2200/2211 3512/2205/2217 3511/2204/2216
f 2460/42/43 2451/2176/2184 2462/41/42
f 1956/125/127 1937/2141/2153 1957/124/126
f 3511/2204/2216 3506/2198/2212 3507/2200/2211
f 3417/2091/2025 3511/2204/2216 3512/2205/2217
f 2442/2160/2168 2446/2172/2179 2452/2182/2188
f 3159/1748/1776 3469/2186/2192 3470/2185/2218
f 3507/2200/2211 3159/1748/1776 3470/2185/2218
f 2451/2176/2184 2454/2182/2197 2461/2203/2215
f 1942/2152/2161 1954/8/2210 1929/9/2119
f 1697/2206/2219 1646/1858/1883 1698/16/16
f 1559/35/36 1566/138/139 1565/2167/2176
f 3513/2208/2221 3514/2207/2220 3489/2184/2190
f 3515/2209/2222 3513/2208/2221 3489/2184/2190
f 2463/13/13 2464/102/104 2460/42/43
f 3518/636/654 3520/2210/2223 3487/2181/2187
f 3420/2093/2107 3517/2212/2225 3516/2211/2224
f 2465/2213/2226 2512/123/125 2466/185/188
f 1958/14/14 1954/8/2210 1953/104/790
f 3518/636/654 3519/2214/2227 3520/2210/2223
f 3471/635/653 3518/636/654 3487/2181/2187
f 2469/2216/2226 2468/178/181 2467/2215/2228
f 3521/2217/2229 3420/2093/2107 3516/2211/2224
f 3522/498/505 3519/2214/2227 3518/636/654
f 2470/25/26 2471/2218/411 2441/175/179
f 1945/2180/2007 1918/132/133 1946/130/131
f 1699/2219/2230 1698/16/16 1664/17/17
f 3521/2217/2229 3421/2092/2106 3420/2093/2107
f 3523/497/504 3519/2214/2227 3522/498/505
f 2465/2213/2226 2472/25/25 2512/123/125
f 3465/2154/2163 3473/2163/2172 3482/2153/2162
f 3524/239/240 3525/271/273 3526/234/235
f 2473/194/196 2467/2215/2228 2468/178/181
f 1959/144/2200 1989/136/137 1960/2180/2231
f 3525/271/273 3392/2050/2060 3391/293/294
f 3527/272/274 3528/284/286 3529/2220/2232
f 2474/195/197 2467/2215/2228 2473/194/196
f 3530/453/458 3531/278/280 3532/2221/2233
f 3533/2223/2235 3536/2222/2234 3534/229/230
f 2469/2216/2226 2467/2215/2228 2474/195/197
f 1961/135/136 1989/136/137 1959/144/2200
f 1664/17/17 1661/2030/2040 1699/2219/2230
f 1569/2224/2203 1568/2195/2203 1567/139/140
f 1448/108/110 1522/2196/2204 1521/57/59
f 3538/2225/2236 3530/453/458 3532/2221/2233
f 3536/2222/2234 3533/2223/2235 3535/2226/2237
f 2443/2159/2167 2445/2164/2173 2475/2227/965
f 3536/2222/2234 3535/2226/2237 3538/2225/2236
f 3392/2050/2060 3525/271/273 3537/274/276
f 2444/2158/1375 2443/2159/2167 2476/2228/2238
f 1949/2193/2201 1959/144/2200 1960/2180/2231
f 3530/453/458 3538/2225/2236 3539/455/460
f 3540/287/179 3541/281/283 3542/273/275
f 2448/26/27 2444/2158/1375 2471/2218/411
f 3543/265/267 3542/273/275 3544/264/266
f 3545/2229/2035 3542/273/275 3543/265/267
f 2476/2228/2238 2471/2218/411 2444/2158/1375
f 1959/144/2200 1950/1060/1073 1962/1070/1083
f 1678/171/175 1649/246/247 1665/204/206
f 3546/2231/2240 3547/2230/2239 3538/2225/2236
f 3546/2231/2240 3538/2225/2236 3535/2226/2237
f 2471/2218/411 2470/25/26 2448/26/27
f 3548/242/243 3547/2230/2239 3546/2231/2240
f 3531/278/280 3549/277/279 3532/2221/2233
f 2475/2227/965 2445/2164/2173 2440/1436/61
f 1962/1070/1083 1965/1076/1089 1959/144/2200
f 3534/229/230 3536/2222/2234 3554/232/233
f 3550/256/258 3551/261/263 3552/275/277
f 2477/12/12 2472/25/25 2465/2213/2226
f 3553/262/264 3554/232/233 3552/275/277
f 3545/2229/2035 3555/659/680 3542/273/275
f 2478/36/37 2469/2216/2226 2474/195/197
f 1967/23/23 1973/1041/1055 1968/2232/2241
f 1665/204/206 1648/1910/1925 1666/2052/2062
f 1557/15/15 1544/1476/1505 1543/1437/1465
f 3556/220/221 3555/659/680 3545/2229/2035
f 3545/2229/2035 3543/265/267 3556/220/221
f 2443/2159/2167 2475/2227/965 2476/2228/2238
f 3543/265/267 3557/250/252 3558/251/253
f 3556/220/221 3543/265/267 3558/251/253
f 2475/2227/965 2479/6/6 2476/2228/2238
f 1967/23/23 1968/2232/2241 1969/44/45
f 3559/279/281 3560/244/245 3561/252/254
f 3562/228/229 3563/2234/2243 3564/2233/2242
f 2480/2235/2244 2471/2218/411 2476/2228/2238
f 3565/227/228 3533/2223/2235 3534/229/230
f 3556/220/221 3566/221/222 3555/659/680
f 2471/2218/411 2480/2235/2244 2481/4/4
f 1973/1041/1055 1970/2236/371 1968/2232/2241
f 1698/16/16 1646/1858/1883 1645/137/138
f 3558/251/253 3569/223/224 3570/219/220
f 3556/220/221 3558/251/253 3570/219/220
f 2471/2218/411 2481/4/4 2441/175/179
f 3546/2231/2240 3535/2226/2237 3533/2223/2235
f 3546/2231/2240 3533/2223/2235 3565/227/228
f 2441/175/179 2481/4/4 2435/18/18
f 1974/1039/1053 1970/2236/371 1973/1041/1055
f 3546/2231/2240 3564/2233/2242 3563/2234/2243
f 3546/2231/2240 3563/2234/2243 3389/241/242
f 2463/13/13 2482/11/11 2483/50/51
f 3546/2231/2240 3389/241/242 3548/242/243
f 3398/224/225 3399/2058/2069 3568/216/217
f 2440/1436/61 2479/6/6 2475/2227/965
f 1975/2237/2245 1927/2105/2121 1929/9/2119
f 1700/2238/2246 1645/137/138 1644/1859/1884
f 1570/2239/2247 1568/2195/2203 1569/2224/2203
f 1524/410/163 1525/58/60 1523/59/61
f 1488/625/641 1489/693/100 1487/753/775
f 1444/297/297 1443/372/373 1445/2240/2248
f 3560/244/245 3698/361/2249 3582/236/237
f 1441/109/374 1442/1723/1754 1443/372/373
f 3689/361/365 3699/394/397 3697/371/372
f 3647/338/849 3648/340/849 3649/2241/849
f 3650/307/1096 3651/338/1096 3652/2241/1096
f 3625/308/306 3637/331/330 3638/325/324
f 3634/314/313 3621/304/302 3637/331/330
f 3007/1525/1555 3005/1523/1553 3000/1522/1552
f 2992/1498/1528 2993/1502/1531 3011/1533/1563

usemtl mi_TempleEntrance_01_03
f 218/2244/2252 203/2243/2251 200/2242/2250
f 5957/2247/2255 4/2246/2254 5958/2245/2253
f 5/2250/2258 5956/2249/2257 1/2248/2256
f 30/2253/2261 6/2252/2260 7/2251/2259
f 8/2251/2263 9/2254/2262 30/2253/2261
f 5817/2255/1839 30/2253/2261 10/2254/2264
f 15/2258/2267 16/2257/2266 17/2256/2265
f 11/2260/2270 12/2259/2269 18/2256/2268
f 19/2263/2273 20/2262/2272 115/2261/2271
f 57/2265/2276 21/2259/2275 22/2264/2274
f 18/2256/2268 12/2259/2269 23/2266/2277
f 2/2268/2279 1/2248/2256 31/2267/2278
f 5957/2247/2255 25/2269/86 4/2246/2254
f 25/2269/86 26/2270/2280 4/2246/2254
f 4/2246/2254 26/2270/2280 27/2271/2281
f 28/2273/2283 29/2272/2282 26/2270/2280
f 26/2270/2280 29/2272/2282 27/2271/2281
f 32/2272/2284 30/2253/2261 31/2267/2278
f 1/2248/2256 32/2272/2284 31/2267/2278
f 33/2270/2286 25/2269/86 34/2274/2285
f 33/2270/2286 34/2274/2285 28/2273/2283
f 28/2273/2283 42/2275/2287 29/2272/2282
f 30/2253/2261 32/2272/2284 57/2265/2276
f 32/2272/2284 44/2277/2289 35/2276/2288
f 35/2276/2288 57/2265/2276 32/2272/2284
f 57/2265/2276 36/2276/2290 21/2259/2275
f 21/2259/2275 36/2276/2290 37/2278/2291
f 40/2279/2292 20/2262/2272 19/2263/2273
f 37/2278/2291 36/2276/2290 45/2280/2293
f 38/2281/2296 41/2263/2295 39/2278/2294
f 28/2273/2283 34/2274/2285 42/2275/2287
f 35/2276/2288 44/2277/2289 45/2280/2293
f 45/2280/2293 44/2277/2289 47/2282/2297
f 20/2262/2272 40/2279/2292 48/2283/2298
f 49/2256/2299 19/2263/2273 115/2261/2271
f 12/2259/2269 50/2278/2300 23/2266/2277
f 46/2285/2302 42/2275/2287 52/2284/2301
f 42/2275/2287 34/2274/2285 52/2284/2301
f 48/2283/2298 53/2286/2303 20/2262/2272
f 43/2287/2305 20/2262/2272 54/2286/2304
f 57/2265/2276 22/2264/2274 258/2288/2306
f 16/2257/2266 15/2258/2267 55/2289/2307
f 56/2286/2308 46/2285/2302 52/2284/2301
f 59/2292/2311 14/2291/2310 13/2290/2309
f 34/2274/2285 60/2293/2312 52/2284/2301
f 43/2287/2305 54/2286/2304 61/2294/2313
f 58/2294/2314 56/2286/2308 52/2284/2301
f 51/2295/2315 43/2287/2305 61/2294/2313
f 60/2293/2312 62/2295/2316 52/2284/2301
f 52/2284/2301 62/2295/2316 58/2294/2314
f 30/2253/2261 57/2265/2276 258/2288/2306
f 63/2296/2317 30/2253/2261 5817/2255/1839
f 30/2253/2261 63/2296/2317 24/2297/2318
f 63/2296/2317 5/2250/2258 24/2297/2318
f 65/2300/2321 67/2299/2320 151/2298/2319
f 68/2303/2324 72/2302/2323 73/2301/2322
f 71/2306/2327 66/2305/2326 69/2304/2325
f 69/2304/2325 66/2305/2326 70/2307/2328
f 151/2298/2319 74/2308/2329 65/2300/2321
f 73/2301/2322 75/2304/2330 68/2303/2324
f 79/2311/2333 80/2310/2332 81/2309/2331
f 82/2314/2336 83/2313/2335 96/2312/2334
f 84/2316/2337 85/2315/2333 83/2313/2335
f 83/2313/2335 82/2314/2336 84/2316/2337
f 82/2314/2336 96/2312/2334 86/2317/2338
f 80/2310/2332 79/2311/2333 89/2318/2339
f 90/2318/2342 87/2319/2341 88/2310/2340
f 92/2320/2343 85/2315/2333 84/2316/2337
f 93/2323/2346 483/2322/2345 64/2321/2344
f 81/2309/2331 94/2324/2346 79/2311/2333
f 79/2311/2333 94/2324/2346 95/2325/2347
f 86/2317/2338 96/2312/2334 72/2302/2323
f 98/2327/2348 97/2326/1619 66/2305/2326
f 100/2330/2350 99/2329/2349 102/2328/2160
f 100/2330/2350 102/2328/2160 101/2331/2351
f 94/2324/2346 67/2299/2320 95/2325/2347
f 98/2327/2348 66/2305/2326 71/2306/2327
f 65/2300/2321 95/2325/2347 67/2299/2320
f 96/2312/2334 73/2301/2322 72/2302/2323
f 102/2328/2160 99/2329/2349 103/2332/1305
f 104/2295/2354 105/2334/2353 106/2333/2352
f 43/2287/2305 51/2295/2315 108/2335/2355
f 106/2333/2352 105/2334/2353 77/2336/2356
f 64/2321/2344 110/2338/2358 112/2337/2357
f 77/2336/2356 105/2334/2353 78/2339/2359
f 76/2340/2360 102/2328/2160 103/2332/1305
f 64/2321/2344 483/2322/2345 110/2338/2358
f 60/2293/2312 25/2269/86 107/2339/2361
f 60/2293/2312 34/2274/2285 25/2269/86
f 111/2342/2363 110/2338/2358 461/2341/2362
f 120/2343/2364 115/2261/2271 20/2262/2272
f 109/2345/2366 99/2329/2349 121/2344/2365
f 121/2344/2365 99/2329/2349 118/2346/2367
f 113/2349/2370 114/2348/2369 131/2347/2368
f 116/2350/2371 131/2347/2368 115/2261/2271
f 117/2353/2373 119/2352/406 122/2351/2372
f 146/2355/2160 118/2346/2367 141/2354/2374
f 120/2343/2364 123/2356/2375 115/2261/2271
f 274/2357/2376 113/2349/2370 131/2347/2368
f 103/2332/1305 99/2329/2349 109/2345/2366
f 141/2354/2374 118/2346/2367 127/2358/969
f 127/2358/969 125/2360/502 126/2359/74
f 128/2363/203 130/2362/2377 129/2361/1873
f 123/2356/2375 116/2350/2371 115/2261/2271
f 133/2366/2110 143/2365/2379 134/2364/2378
f 135/2368/2380 136/2364/2380 137/2367/2380
f 155/2370/2382 74/2308/2329 139/2369/2381
f 70/2307/2328 138/2372/2384 150/2371/2383
f 74/2308/2329 140/2373/2385 139/2369/2381
f 118/2346/2367 132/2374/2386 127/2358/969
f 142/2375/2258 146/2355/2160 141/2354/2374
f 147/2352/2387 123/2356/2375 120/2343/2364
f 118/2346/2367 148/2376/2388 132/2374/2386
f 142/2375/2258 149/2377/2389 146/2355/2160
f 133/2366/2110 68/2303/2324 143/2365/2379
f 140/2373/2385 74/2308/2329 151/2298/2319
f 150/2371/2383 69/2304/2325 70/2307/2328
f 152/2379/2385 111/2342/2363 153/2378/2381
f 141/2354/2374 127/2358/969 126/2359/74
f 128/2363/203 154/2380/2390 130/2362/2377
f 110/2338/2358 152/2379/2385 112/2337/2357
f 43/2287/2305 120/2343/2364 20/2262/2272
f 111/2342/2363 152/2379/2385 110/2338/2358
f 99/2329/2349 148/2376/2388 118/2346/2367
f 68/2303/2324 75/2304/2330 143/2365/2379
f 270/2383/2393 259/2382/2392 124/2381/2391
f 158/2386/2396 163/2385/2395 159/2384/2394
f 163/2385/2395 160/2387/2397 159/2384/2394
f 163/2385/2395 161/2388/2398 160/2387/2397
f 160/2387/2397 161/2388/2398 162/2389/2399
f 156/2391/2401 163/2385/2395 157/2390/2400
f 164/2392/2402 163/2385/2395 158/2386/2396
f 167/2395/2405 180/2394/2404 168/2393/2403
f 218/2244/2252 173/2397/2407 171/2396/2406
f 171/2396/2406 174/2399/2409 172/2398/2408
f 172/2398/2408 175/2400/2410 171/2396/2406
f 174/2399/2409 171/2396/2406 179/2401/2411
f 166/2403/2413 193/2402/2412 157/2390/2400
f 157/2390/2400 164/2392/2402 166/2403/2413
f 182/2406/102 181/2405/2414 177/2404/102
f 183/2408/2416 349/2407/2415 181/2405/2414
f 205/2410/2418 207/2409/2417 349/2407/2415
f 172/2398/2408 184/2412/2420 176/2411/2419
f 182/2406/102 183/2408/2416 181/2405/2414
f 185/2415/2423 187/2414/2422 188/2413/2421
f 185/2415/2423 191/2417/2425 192/2416/2424
f 195/2420/2427 196/2419/2425 194/2418/2426
f 191/2417/2425 185/2415/2423 186/2413/2428
f 187/2414/2422 217/2421/2429 188/2413/2421
f 197/2422/2430 205/2410/2418 349/2407/2415
f 183/2408/2416 197/2422/2430 349/2407/2415
f 205/2410/2418 197/2422/2430 198/2423/2431
f 190/2408/2432 198/2423/2431 197/2422/2430
f 190/2408/2432 189/2424/2433 198/2423/2431
f 199/2425/2434 200/2242/2250 203/2243/2251
f 157/2390/2400 201/2426/2436 202/2391/2435
f 157/2390/2400 163/2385/2395 164/2392/2402
f 184/2412/2420 172/2398/2408 174/2399/2409
f 189/2424/2433 204/2427/2437 198/2423/2431
f 178/2399/2438 204/2427/2437 189/2424/2433
f 206/2428/2439 207/2409/2417 205/2410/2418
f 178/2399/2438 179/2401/2411 204/2427/2437
f 165/2429/2441 208/2427/2440 161/2388/2398
f 201/2426/2436 209/2430/2442 202/2391/2435
f 165/2429/2441 163/2385/2395 156/2391/2401
f 218/2244/2252 200/2242/2250 173/2397/2407
f 165/2429/2441 161/2388/2398 163/2385/2395
f 179/2401/2411 219/2431/2443 161/2388/2398
f 161/2388/2398 208/2427/2440 179/2401/2411
f 200/2242/2250 210/2433/2445 211/2432/2444
f 199/2425/2434 212/2435/2447 213/2434/2446
f 214/2438/2447 215/2437/2449 216/2436/2448
f 215/2437/2449 217/2421/2429 216/2436/2448
f 191/2417/2425 217/2421/2429 215/2437/2449
f 161/2388/2398 219/2431/2443 162/2389/2399
f 187/2414/2422 216/2436/2448 217/2421/2429
f 222/2439/2451 223/2428/2450 201/2426/2436
f 224/2441/2452 225/2440/2452 226/2428/2452
f 173/2397/2407 200/2242/2250 211/2432/2444
f 4936/2444/2455 5988/2443/2454 4938/2442/2453
f 169/2447/2457 227/2446/2456 170/2445/2447
f 194/2418/2426 196/2419/2425 199/2425/2434
f 167/2395/2405 229/2449/2407 228/2448/2458
f 191/2417/2425 186/2413/2428 217/2421/2429
f 230/2452/2461 231/2451/2460 232/2450/2459
f 234/2454/2463 235/2453/2462 232/2450/2459
f 236/2456/2466 233/2455/2465 237/2452/2464
f 227/2446/2456 169/2447/2457 238/2457/2467
f 168/2393/2403 229/2449/2407 167/2395/2405
f 238/2457/2467 235/2453/2462 234/2454/2463
f 180/2394/2404 233/2455/2465 236/2456/2466
f 239/2458/2468 235/2453/2462 238/2457/2467
f 233/2455/2465 180/2394/2404 167/2395/2405
f 239/2458/2468 238/2457/2467 169/2447/2457
f 236/2456/2466 277/2460/2469 240/2459/2399
f 241/2463/1660 242/2462/2471 243/2461/2470
f 243/2461/2470 257/2464/2472 241/2463/1660
f 242/2462/2471 241/2463/1660 246/2465/2473
f 246/2465/2473 241/2463/1660 247/2466/2474
f 253/2467/2475 241/2463/1660 257/2464/2472
f 249/2470/2477 248/2469/2470 297/2468/2476
f 250/2472/2479 269/2471/2478 239/2458/2468
f 251/2475/2482 255/2474/2481 252/2473/2480
f 275/2476/2483 239/2458/2468 269/2471/2478
f 257/2464/2472 243/2461/2470 256/2477/2484
f 249/2470/2477 261/2478/2484 248/2469/2470
f 257/2464/2472 265/2480/2486 264/2479/2485
f 266/2480/2394 279/2482/2488 278/2481/2487
f 267/2485/1751 262/2484/2490 263/2483/2489
f 244/2486/2491 262/2484/2490 267/2485/1751
f 131/2347/2368 116/2350/2371 268/2487/2492
f 297/2468/2476 272/2488/2494 273/2487/2493
f 276/2489/2260 275/2476/2483 269/2471/2478
f 244/2486/2491 267/2485/1751 245/2490/2495
f 277/2460/2469 267/2485/1751 263/2483/2489
f 278/2481/2487 279/2482/2488 277/2460/2469
f 258/2288/2306 6/2252/2260 30/2253/2261
f 240/2459/2399 277/2460/2469 279/2482/2488
f 281/2491/2496 250/2472/2479 239/2458/2468
f 164/2392/2402 282/2492/2497 166/2403/2413
f 276/2489/2260 283/2493/2498 275/2476/2483
f 246/2465/2473 254/2476/2499 242/2462/2471
f 284/2495/2501 285/2494/2500 254/2476/2499
f 166/2403/2413 286/2496/2502 193/2402/2412
f 285/2494/2500 242/2462/2471 254/2476/2499
f 270/2383/2393 271/2497/2503 259/2382/2392
f 6/2252/2260 258/2288/2306 287/2498/2236
f 240/2459/2399 279/2482/2488 280/2499/2397
f 260/2500/2504 259/2382/2392 271/2497/2503
f 266/2480/2394 280/2499/2397 279/2482/2488
f 289/2501/2505 164/2392/2402 158/2386/2396
f 289/2501/2505 288/2492/2506 164/2392/2402
f 289/2501/2505 158/2386/2396 290/2384/2486
f 257/2464/2472 291/2502/2507 265/2480/2486
f 256/2477/2484 291/2502/2507 257/2464/2472
f 145/2505/2510 292/2504/2509 293/2503/2508
f 145/2505/2510 144/2506/2511 292/2504/2509
f 144/2506/2511 294/2507/2512 292/2504/2509
f 294/2507/2512 144/2506/2511 295/2508/2513
f 295/2508/2513 144/2506/2511 141/2354/2374
f 293/2503/2508 296/2509/2514 273/2487/2493
f 298/2510/517 296/2509/2514 293/2503/2508
f 293/2503/2508 292/2504/2509 298/2510/517
f 273/2487/2493 296/2509/2514 297/2468/2476
f 296/2509/2514 249/2470/2477 297/2468/2476
f 296/2509/2514 298/2510/517 300/2470/2515
f 299/2478/2516 300/2470/2515 298/2510/517
f 235/2453/2462 239/2458/2468 275/2476/2483
f 236/2456/2466 237/2452/2464 277/2460/2469
f 275/2476/2483 232/2450/2459 235/2453/2462
f 232/2450/2459 275/2476/2483 230/2452/2461
f 237/2452/2464 267/2485/1751 277/2460/2469
f 275/2476/2483 245/2490/2495 230/2452/2461
f 230/2452/2461 245/2490/2495 267/2485/1751
f 301/2513/2519 353/2512/2518 302/2511/2517
f 304/2516/2520 305/2515/2520 306/2514/2520
f 308/2519/2523 309/2518/2522 310/2517/2521
f 311/2522/2526 312/2521/2525 313/2520/2524
f 314/2525/2529 221/2524/2528 315/2523/2527
f 316/2527/2349 317/2526/2530 318/2517/2350
f 171/2396/2406 319/2528/1304 218/2244/2252
f 316/2527/2349 318/2517/2350 320/2529/2531
f 310/2517/2521 323/2530/2532 308/2519/2523
f 324/2533/2535 325/2532/2534 326/2531/2533
f 325/2532/2534 324/2533/2535 327/2534/2536
f 308/2519/2523 328/2536/2538 307/2535/2537
f 308/2519/2523 323/2530/2532 328/2536/2538
f 329/2539/2541 375/2538/2540 330/2537/2539
f 329/2539/2541 331/2540/2542 375/2538/2540
f 1394/2543/2545 332/2542/2544 1396/2541/2543
f 335/2545/969 315/2523/2527 336/2544/2546
f 337/2547/2548 338/2546/2547 332/2542/2544
f 1396/2541/2543 332/2542/2544 338/2546/2547
f 319/2528/1304 171/2396/2406 175/2400/2410
f 340/2550/2551 341/2549/2550 339/2548/2549
f 367/2551/2552 340/2550/2551 339/2548/2549
f 336/2544/2546 343/2550/2554 344/2552/2553
f 367/2551/2552 345/2552/2555 340/2550/2551
f 375/2538/2540 331/2540/2542 346/2553/2556
f 347/2555/2557 348/2554/95 177/2404/102
f 181/2405/2414 347/2555/2557 177/2404/102
f 353/2512/2518 301/2513/2519 181/2405/2414
f 181/2405/2414 349/2407/2415 353/2512/2518
f 343/2550/2554 336/2544/2546 352/2549/1022
f 355/2517/2559 313/2520/2524 354/2556/2558
f 349/2407/2415 356/2557/2560 353/2512/2518
f 335/2545/969 314/2525/2529 315/2523/2527
f 221/2524/2528 314/2525/2529 220/2558/2561
f 360/2561/2564 361/2560/2563 362/2559/2562
f 363/2564/1837 364/2563/2566 365/2562/2565
f 336/2544/2546 344/2552/2553 366/2565/111
f 368/2567/2568 339/2548/2549 342/2566/2567
f 365/2562/2565 195/2420/2427 363/2564/1837
f 345/2552/2555 367/2551/2552 370/2568/2569
f 330/2537/2539 371/2569/2570 361/2560/2563
f 372/2572/2571 373/2571/2571 374/2570/2571
f 366/2565/111 335/2545/969 336/2544/2546
f 370/2568/2569 367/2551/2552 377/2573/2572
f 334/2573/2574 369/2551/2374 376/2574/2573
f 1401/2575/2577 322/2546/2576 378/2574/2575
f 330/2537/2539 375/2538/2540 371/2569/2570
f 382/2576/2580 357/2539/2579 359/2561/2578
f 330/2537/2539 361/2560/2563 360/2561/2564
f 325/2532/2534 381/2577/2581 326/2531/2533
f 382/2576/2580 359/2561/2578 326/2531/2533
f 380/2579/2583 354/2556/2558 379/2578/2582
f 355/2517/2559 354/2556/2558 380/2579/2583
f 358/2580/2584 357/2539/2579 382/2576/2580
f 350/2545/2587 383/2581/2586 384/2573/2585
f 378/2574/2575 322/2546/2576 321/2582/2588
f 333/2583/2360 334/2573/2574 376/2574/2573
f 338/2546/2547 1402/2585/2590 385/2584/2589
f 338/2546/2547 385/2584/2589 1396/2541/2543
f 351/2586/2591 350/2545/2587 384/2573/2585
f 329/2539/2541 330/2537/2539 360/2561/2564
f 139/2369/2381 386/2587/2592 155/2370/2382
f 412/2590/2593 397/2589/601 387/2588/1671
f 412/2590/2593 388/2591/2594 397/2589/601
f 390/2594/1991 389/2593/2596 419/2592/2595
f 394/2597/2599 391/2596/2598 392/2595/2597
f 391/2596/2598 394/2597/2599 388/2591/2594
f 392/2595/2597 393/2598/2600 394/2597/2599
f 388/2591/2594 394/2597/2599 395/2599/2601
f 397/2589/601 388/2591/2594 395/2599/2601
f 390/2594/1991 395/2599/2601 389/2593/2596
f 389/2593/2596 395/2599/2601 401/2600/2602
f 395/2599/2601 394/2597/2599 398/2601/2603
f 401/2600/2602 416/2602/2604 389/2593/2596
f 416/2602/2604 401/2600/2602 400/2603/2605
f 399/2605/2607 400/2603/2605 402/2604/2606
f 400/2603/2605 403/2606/2608 402/2604/2606
f 404/2601/43 403/2606/2608 400/2603/2605
f 394/2597/2599 393/2598/2600 396/2606/2609
f 398/2601/2603 394/2597/2599 396/2606/2609
f 398/2601/2603 401/2600/2602 395/2599/2601
f 401/2600/2602 404/2601/43 400/2603/2605
f 405/2608/2610 128/2363/203 406/2607/2592
f 405/2608/2610 154/2380/2390 128/2363/203
f 407/2609/2611 141/2354/2374 126/2359/74
f 408/2612/2613 409/2611/2612 410/2610/2592
f 402/2604/2606 410/2610/2592 399/2605/2607
f 402/2604/2606 408/2612/2613 410/2610/2592
f 408/2612/2613 411/2613/2614 409/2611/2612
f 411/2613/2614 408/2612/2613 412/2590/2593
f 413/2614/2615 411/2613/2614 412/2590/2593
f 413/2614/2615 193/2402/2412 414/2615/2616
f 415/2616/2553 413/2614/2615 412/2590/2593
f 416/2602/2604 418/2618/2618 417/2617/2617
f 416/2602/2604 419/2592/2595 389/2593/2596
f 387/2588/1671 428/2619/95 412/2590/2593
f 416/2602/2604 417/2617/2617 419/2592/2595
f 426/2621/2620 425/2620/2619 417/2617/2617
f 420/2623/2622 421/2622/2621 428/2619/95
f 421/2622/2621 422/2625/2624 423/2624/2623
f 425/2620/2619 427/2627/2626 424/2626/2625
f 425/2620/2619 336/2544/2546 428/2619/95
f 426/2621/2620 417/2617/2617 418/2618/2618
f 336/2544/2546 425/2620/2619 426/2621/2620
f 426/2621/2620 418/2618/2618 341/2549/2550
f 336/2544/2546 426/2621/2620 352/2549/1022
f 341/2549/2550 418/2618/2618 339/2548/2549
f 425/2620/2619 428/2619/95 427/2627/2626
f 315/2523/2527 428/2619/95 336/2544/2546
f 415/2616/2553 412/2590/2593 428/2619/95
f 315/2523/2527 415/2616/2553 428/2619/95
f 415/2616/2553 193/2402/2412 413/2614/2615
f 193/2402/2412 415/2616/2553 429/2628/2627
f 193/2402/2412 429/2628/2627 157/2390/2400
f 429/2628/2627 201/2426/2436 157/2390/2400
f 315/2523/2527 221/2524/2528 430/2629/2628
f 431/2629/2630 222/2439/2451 432/2630/2629
f 432/2630/2629 433/2631/2631 431/2629/2630
f 434/2629/2632 435/2633/2632 436/2632/2632
f 429/2628/2627 415/2616/2553 432/2630/2629
f 201/2426/2436 432/2630/2629 222/2439/2451
f 429/2628/2627 432/2630/2629 201/2426/2436
f 286/2496/2502 414/2615/2616 193/2402/2412
f 445/2636/2635 442/2635/2634 443/2634/2633
f 445/2636/2635 443/2634/2633 444/2637/1139
f 444/2637/1139 446/2638/2636 445/2636/2635
f 446/2638/2636 444/2637/1139 447/2639/2637
f 438/2642/2640 450/2641/2639 448/2640/2638
f 439/2644/2643 449/2640/2642 451/2643/2641
f 450/2641/2639 1149/2645/2644 448/2640/2638
f 471/2646/1170 451/2643/2641 449/2640/2642
f 441/2649/2647 459/2648/2646 453/2647/2645
f 459/2648/2646 461/2341/2362 453/2647/2645
f 483/2322/2345 453/2647/2645 110/2338/2358
f 453/2647/2645 461/2341/2362 110/2338/2358
f 454/2652/2650 455/2651/2649 456/2650/2648
f 457/2653/2651 446/2638/2636 447/2639/2637
f 472/2654/2652 461/2341/2362 459/2648/2646
f 464/2657/2637 466/2656/2654 465/2655/2653
f 452/2660/2656 468/2659/2655 473/2658/1770
f 469/2659/2657 1149/2645/2644 450/2641/2639
f 470/2661/1577 471/2646/1170 449/2640/2642
f 455/2651/2649 476/2662/2658 456/2650/2648
f 456/2650/2648 476/2662/2658 467/2663/2659
f 465/2655/2653 475/2664/2660 464/2657/2637
f 473/2658/1770 474/2665/1845 452/2660/2656
f 439/2644/2643 451/2643/2641 440/2666/2661
f 477/2669/2663 482/2668/2662 485/2667/2105
f 442/2635/2634 437/2670/2664 443/2634/2633
f 480/2671/2206 477/2669/2663 473/2658/1770
f 477/2669/2663 485/2667/2105 473/2658/1770
f 478/2673/1670 440/2666/2661 479/2672/2665
f 464/2657/2637 481/2674/2666 453/2647/2645
f 443/2634/2633 437/2670/2664 438/2642/2640
f 478/2673/1670 439/2644/2643 440/2666/2661
f 441/2649/2647 453/2647/2645 481/2674/2666
f 485/2667/2105 474/2665/1845 473/2658/1770
f 437/2670/2664 450/2641/2639 438/2642/2640
f 466/2656/2654 453/2647/2645 483/2322/2345
f 466/2656/2654 464/2657/2637 453/2647/2645
f 486/2677/2669 487/2676/2668 488/2675/2667
f 487/2676/2668 531/2678/2670 488/2675/2667
f 489/2680/2673 490/2677/2672 493/2679/2671
f 493/2679/2671 485/2667/2105 489/2680/2673
f 486/2677/2669 495/2681/2674 487/2676/2668
f 495/2681/2674 460/2682/2675 487/2676/2668
f 492/2677/2677 491/2683/2676 495/2681/2674
f 491/2683/2676 458/2684/2678 495/2681/2674
f 458/2684/2678 460/2682/2675 495/2681/2674
f 458/2684/2678 491/2683/2676 494/2685/2679
f 508/2688/2682 5500/2687/2681 496/2686/2680
f 5499/2691/2684 506/2690/583 497/2689/2683
f 5499/2691/2684 497/2689/2683 498/2692/2685
f 484/2695/2688 501/2694/2687 507/2693/2686
f 502/2697/2690 484/2695/2688 503/2696/2689
f 484/2695/2688 504/2698/2503 501/2694/2687
f 497/2689/2683 502/2697/2690 503/2696/2689
f 497/2689/2683 506/2690/583 505/2699/2691
f 508/2688/2682 510/2701/2631 509/2700/2692
f 511/2702/2693 498/2692/2685 497/2689/2683
f 497/2689/2683 503/2696/2689 511/2702/2693
f 515/2705/2696 512/2704/2695 513/2703/2694
f 484/2695/2688 516/2707/148 517/2706/2697
f 514/2708/2698 488/2675/2667 531/2678/2670
f 507/2693/2686 493/2679/2671 516/2707/148
f 507/2693/2686 485/2667/2105 493/2679/2671
f 507/2693/2686 516/2707/148 484/2695/2688
f 508/2688/2682 496/2686/2680 510/2701/2631
f 503/2696/2689 517/2706/2697 511/2702/2693
f 521/2702/2699 515/2705/2696 513/2703/2694
f 522/2709/2700 508/2688/2682 509/2700/2692
f 518/2710/2701 515/2705/2696 514/2708/2698
f 517/2706/2697 503/2696/2689 484/2695/2688
f 512/2704/2695 515/2705/2696 518/2710/2701
f 523/2713/2704 524/2712/2703 526/2711/2702
f 523/2713/2704 526/2711/2702 500/2714/2705
f 528/2715/2706 524/2712/2703 523/2713/2704
f 514/2708/2698 531/2678/2670 518/2710/2701
f 530/2718/2709 529/2717/2708 525/2716/2707
f 524/2712/2703 528/2715/2706 565/2719/2710
f 530/2718/2709 567/2720/2711 529/2717/2708
f 562/2722/2713 93/2323/2346 532/2721/2712
f 483/2322/2345 93/2323/2346 562/2722/2713
f 91/2725/2716 533/2724/2715 534/2723/2714
f 536/2727/2718 535/2726/2717 102/2328/2160
f 535/2726/2717 536/2727/2718 538/2728/2589
f 534/2723/2714 539/2729/2719 91/2725/2716
f 91/2725/2716 539/2729/2719 540/2730/2720
f 537/2728/2721 539/2729/2719 534/2723/2714
f 541/2728/2723 542/2731/2722 539/2729/2719
f 539/2729/2719 542/2731/2722 540/2730/2720
f 555/2733/2726 543/2730/2725 544/2732/2724
f 547/2734/2720 87/2319/2341 90/2318/2342
f 545/2734/2729 546/2736/2728 549/2735/2727
f 524/2712/2703 550/2737/2730 526/2711/2702
f 526/2711/2702 550/2737/2730 551/2738/2731
f 526/2711/2702 551/2738/2731 500/2714/2705
f 500/2714/2705 551/2738/2731 552/2739/2732
f 559/2741/2734 553/2740/2733 546/2736/2728
f 559/2741/2734 554/2742/2731 553/2740/2733
f 556/2745/2737 557/2744/2736 566/2743/2735
f 556/2745/2737 558/2746/2738 557/2744/2736
f 554/2742/2731 559/2741/2734 560/2747/2732
f 527/2749/2741 462/2650/2740 463/2748/2739
f 561/2652/2742 462/2650/2740 527/2749/2741
f 563/2750/2743 562/2722/2713 527/2749/2741
f 562/2722/2713 564/2751/2744 466/2656/2654
f 563/2750/2743 527/2749/2741 463/2748/2739
f 527/2749/2741 565/2719/2710 561/2652/2742
f 549/2735/2727 546/2736/2728 548/2752/2745
f 546/2736/2728 553/2740/2733 548/2752/2745
f 541/2728/2723 566/2743/2735 542/2731/2722
f 542/2731/2722 566/2743/2735 557/2744/2736
f 567/2720/2711 568/2754/2747 569/2753/2746
f 527/2749/2741 532/2721/2712 570/2755/2745
f 527/2749/2741 570/2755/2745 524/2712/2703
f 524/2712/2703 570/2755/2745 550/2737/2730
f 562/2722/2713 532/2721/2712 527/2749/2741
f 524/2712/2703 565/2719/2710 527/2749/2741
f 500/2714/2705 552/2739/2732 499/2756/2748
f 530/2718/2709 568/2754/2747 567/2720/2711
f 466/2656/2654 483/2322/2345 562/2722/2713
f 608/2759/2750 731/2758/2749 573/2757/2105
f 574/2761/2752 608/2759/2750 571/2760/2751
f 731/2758/2749 576/2762/2753 573/2757/2105
f 577/2763/2754 573/2757/2105 576/2762/2753
f 578/2766/2757 579/2765/2756 580/2764/2755
f 584/2769/2759 585/2768/2758 583/2767/294
f 586/2772/2762 587/2771/2761 588/2770/2760
f 884/2775/629 589/2774/2764 594/2773/2763
f 587/2771/2761 586/2772/2762 585/2768/2758
f 584/2769/2759 592/2776/2765 585/2768/2758
f 585/2768/2758 592/2776/2765 593/2777/2766
f 585/2768/2758 593/2777/2766 885/2778/2753
f 587/2771/2761 585/2768/2758 885/2778/2753
f 595/2781/2769 582/2780/2768 575/2779/2767
f 577/2763/2754 576/2762/2753 581/2782/2770
f 596/2783/505 577/2763/2754 581/2782/2770
f 584/2769/2759 583/2767/294 597/2784/1370
f 598/2786/2773 600/2785/2772 599/2769/2771
f 580/2764/2755 579/2765/2756 601/2787/2774
f 596/2783/505 581/2782/2770 602/2788/2775
f 602/2788/2775 593/2777/2766 596/2783/505
f 593/2777/2766 602/2788/2775 885/2778/2753
f 572/2791/2778 590/2790/2777 591/2789/2776
f 606/2794/2781 607/2793/2780 605/2792/2779
f 606/2794/2781 609/2795/2782 607/2793/2780
f 603/2792/2785 604/2797/2784 613/2796/2783
f 615/2792/2787 613/2796/2783 616/2798/2786
f 617/2800/2789 616/2798/2786 618/2799/2788
f 619/2803/2792 631/2802/2791 610/2801/2790
f 616/2798/2786 617/2800/2789 620/2804/2793
f 616/2798/2786 621/2805/2794 615/2792/2787
f 621/2805/2794 622/2807/2796 623/2806/2795
f 624/2808/2797 621/2805/2794 616/2798/2786
f 627/2811/2800 626/2810/2799 625/2809/2798
f 625/2809/2798 643/2812/2801 627/2811/2800
f 622/2807/2796 621/2805/2794 624/2808/2797
f 622/2807/2796 624/2808/2797 628/2813/2802
f 614/2814/2803 586/2772/2762 588/2770/2760
f 629/2815/2804 585/2768/2758 586/2772/2762
f 604/2797/2784 586/2772/2762 614/2814/2803
f 583/2767/294 585/2768/2758 629/2815/2804
f 590/2790/2777 572/2791/2778 582/2780/2768
f 583/2767/294 629/2815/2804 630/2816/2805
f 611/2817/2806 614/2814/2803 588/2770/2760
f 612/2818/2807 614/2814/2803 611/2817/2806
f 604/2797/2784 614/2814/2803 613/2796/2783
f 623/2806/2795 622/2807/2796 632/2819/2808
f 628/2813/2802 632/2819/2808 622/2807/2796
f 641/2822/2811 694/2821/2810 633/2820/2809
f 634/2825/2814 635/2824/2813 636/2823/2812
f 639/2828/2817 640/2827/2816 687/2826/2815
f 635/2824/2813 641/2822/2811 642/2829/653
f 635/2824/2813 694/2821/2810 641/2822/2811
f 647/2832/2820 644/2831/2819 645/2830/2818
f 652/2834/2822 647/2832/2820 646/2833/2821
f 647/2832/2820 645/2830/2818 649/2835/2823
f 646/2833/2821 647/2832/2820 648/2836/411
f 647/2832/2820 649/2835/2823 648/2836/411
f 635/2824/2813 653/2837/2824 636/2823/2812
f 642/2829/653 653/2837/2824 635/2824/2813
f 674/2838/2825 642/2829/653 641/2822/2811
f 642/2829/653 654/2839/2244 653/2837/2824
f 655/2839/2828 656/2823/2827 657/2837/2826
f 658/2842/2830 659/2841/2829 660/2840/791
f 665/2845/2833 637/2844/2832 638/2843/2831
f 633/2820/2809 661/2830/2835 662/2846/2834
f 663/2835/2836 661/2830/2835 633/2820/2809
f 638/2843/2831 664/2847/1317 665/2845/2833
f 666/2849/2838 665/2845/2833 667/2848/2837
f 665/2845/2833 679/2850/2839 667/2848/2837
f 668/2852/2841 669/2851/2840 667/2848/2837
f 670/2853/2842 669/2851/2840 668/2852/2841
f 671/2854/2843 669/2851/2840 670/2853/2842
f 672/2855/1789 671/2854/2843 670/2853/2842
f 674/2838/2825 677/2856/2255 639/2828/2817
f 639/2828/2817 687/2826/2815 655/2839/2828
f 675/2857/2830 658/2842/2830 660/2840/791
f 645/2830/2818 678/2858/2844 677/2856/2255
f 678/2858/2844 640/2827/2816 639/2828/2817
f 644/2831/2819 678/2858/2844 645/2830/2818
f 679/2850/2839 665/2845/2833 664/2847/1317
f 668/2852/2841 667/2848/2837 679/2850/2839
f 680/2859/2510 678/2858/2844 644/2831/2819
f 680/2859/2510 644/2831/2819 659/2841/2829
f 662/2846/2834 674/2838/2825 641/2822/2811
f 676/2862/1832 681/2861/2845 685/2860/1817
f 5336/2864/2848 682/2863/2847 673/2812/2846
f 660/2840/791 659/2841/2829 644/2831/2819
f 5336/2864/2848 685/2860/1817 682/2863/2847
f 5336/2864/2848 676/2862/1832 685/2860/1817
f 685/2860/1817 683/2866/2850 684/2865/2849
f 633/2820/2809 662/2846/2834 641/2822/2811
f 684/2865/2849 686/2867/2851 685/2860/1817
f 701/2863/2852 685/2860/1817 686/2867/2851
f 674/2838/2825 654/2839/2244 642/2829/653
f 656/2823/2827 655/2839/2828 687/2826/2815
f 651/2870/2854 650/2869/2812 688/2868/2853
f 689/2871/1817 5336/2864/2848 673/2812/2846
f 639/2828/2817 677/2856/2255 678/2858/2844
f 644/2831/2819 647/2832/2820 691/2865/2855
f 652/2834/2822 691/2865/2855 647/2832/2820
f 684/2865/2849 683/2866/2850 692/2831/2856
f 674/2838/2825 639/2828/2817 655/2839/2828
f 5336/2864/2848 5308/2873/2846 690/2872/2857
f 693/2875/2859 694/2821/2810 695/2874/2858
f 696/2877/2862 697/2876/2861 698/2874/2860
f 700/2878/2863 701/2863/2852 686/2867/2851
f 702/2879/2865 699/2878/2864 652/2834/2822
f 730/2881/2868 705/2880/2867 703/2878/2866
f 704/2882/2869 643/2812/2801 701/2863/2852
f 706/2885/2872 726/2884/2871 707/2883/2870
f 706/2885/2872 707/2883/2870 708/2886/2873
f 707/2883/2870 709/2888/2875 710/2887/2874
f 714/2890/2877 712/2889/2876 708/2886/2873
f 591/2789/2776 715/2891/2878 608/2759/2750
f 711/2892/2879 608/2759/2750 715/2891/2878
f 714/2890/2877 713/2893/2881 716/2887/2880
f 708/2886/2873 712/2889/2876 729/2894/2882
f 716/2887/2880 717/2895/2883 714/2890/2877
f 718/2887/2885 719/2896/2884 717/2895/2883
f 717/2895/2883 719/2896/2884 696/2877/2862
f 720/2897/2886 697/2876/2861 696/2877/2862
f 707/2883/2870 710/2887/2874 708/2886/2873
f 709/2888/2875 707/2883/2870 726/2884/2871
f 633/2820/2809 693/2875/2859 737/2898/2887
f 723/2901/2890 722/2900/2889 721/2899/2888
f 709/2888/2875 724/2902/2891 710/2887/2874
f 727/2903/2892 706/2885/2872 632/2819/2808
f 727/2903/2892 726/2884/2871 706/2885/2872
f 705/2880/2867 727/2903/2892 725/2904/2893
f 706/2885/2872 708/2886/2873 729/2894/2882
f 632/2819/2808 628/2813/2802 727/2903/2892
f 709/2888/2875 726/2884/2871 730/2881/2868
f 724/2902/2891 709/2888/2875 730/2881/2868
f 705/2880/2867 726/2884/2871 727/2903/2892
f 726/2884/2871 705/2880/2867 730/2881/2868
f 731/2758/2749 732/2906/2895 733/2905/2894
f 733/2905/2894 732/2906/2895 734/2907/2896
f 735/2908/2897 579/2765/2756 578/2766/2757
f 698/2874/2860 734/2907/2896 732/2906/2895
f 702/2879/2865 737/2898/2887 736/2902/2898
f 728/2909/2899 632/2819/2808 706/2885/2872
f 652/2834/2822 737/2898/2887 702/2879/2865
f 738/2910/2900 727/2903/2892 628/2813/2802
f 704/2882/2869 628/2813/2802 643/2812/2801
f 695/2874/2858 694/2821/2810 739/2911/2901
f 735/2908/2897 651/2870/2854 579/2765/2756
f 694/2821/2810 693/2875/2859 633/2820/2809
f 714/2890/2877 608/2759/2750 711/2892/2879
f 731/2758/2749 608/2759/2750 714/2890/2877
f 717/2895/2883 731/2758/2749 714/2890/2877
f 696/2877/2862 731/2758/2749 717/2895/2883
f 732/2906/2895 696/2877/2862 698/2874/2860
f 731/2758/2749 696/2877/2862 732/2906/2895
f 748/2914/2904 743/2913/2903 740/2912/2902
f 744/2917/2907 771/2916/2906 745/2915/2905
f 746/2919/2909 771/2916/2906 759/2918/2908
f 747/2920/2910 748/2914/2904 771/2916/2906
f 507/2693/2686 474/2665/1845 485/2667/2105
f 741/2923/2913 742/2922/2912 753/2921/2911
f 756/2924/2914 741/2923/2913 753/2921/2911
f 474/2665/1845 790/2925/2915 452/2660/2656
f 779/2928/678 758/2927/2917 760/2926/2916
f 740/2912/2902 759/2918/2908 748/2914/2904
f 760/2926/2916 761/2929/2919 751/2924/2918
f 803/2932/2922 764/2931/2921 763/2930/2920
f 802/2934/2924 745/2915/2905 765/2933/2923
f 766/2937/2927 767/2936/2926 768/2935/2925
f 765/2933/2923 745/2915/2905 769/2938/2928
f 756/2924/2914 770/2939/2929 760/2926/2916
f 784/2940/2930 748/2914/2904 747/2920/2910
f 770/2939/2929 756/2924/2914 753/2921/2911
f 747/2920/2910 771/2916/2906 1077/2941/2931
f 773/2942/2934 774/2919/2933 772/2929/2932
f 775/2944/2937 776/2919/2936 777/2943/2935
f 760/2926/2916 778/2945/2938 761/2929/2919
f 774/2919/2933 792/2946/2939 772/2929/2932
f 760/2926/2916 758/2927/2917 778/2945/2938
f 777/2943/2935 780/2947/2940 775/2944/2937
f 759/2918/2908 771/2916/2906 748/2914/2904
f 783/2950/2943 757/2949/2942 781/2948/2941
f 784/2940/2930 782/2951/2945 785/2950/2944
f 786/2953/2948 787/2952/2947 788/2950/2946
f 789/2954/1774 786/2953/2948 788/2950/2946
f 779/2928/678 760/2926/2916 770/2939/2929
f 757/2949/2942 522/2709/2700 781/2948/2941
f 785/2950/2944 791/2952/2949 784/2940/2930
f 772/2929/2932 792/2946/2939 793/2955/2328
f 761/2929/2919 794/2955/2950 751/2924/2918
f 794/2955/2950 741/2923/2913 751/2924/2918
f 795/2956/2953 796/2955/2952 797/2918/2951
f 790/2925/2915 798/2957/2954 452/2660/2656
f 784/2940/2930 791/2952/2949 799/2958/2955
f 750/2959/2956 786/2953/2948 789/2954/1774
f 754/2960/2957 786/2953/2948 750/2959/2956
f 789/2954/1774 749/2961/1889 750/2959/2956
f 787/2952/2947 786/2953/2948 800/2958/2958
f 800/2958/2958 786/2953/2948 752/2962/2959
f 803/2932/2922 763/2930/2920 801/2963/2960
f 762/2964/2961 801/2963/2960 763/2930/2920
f 752/2962/2959 786/2953/2948 754/2960/2957
f 784/2940/2930 799/2958/2955 748/2914/2904
f 1077/2941/2931 771/2916/2906 744/2917/2907
f 743/2913/2903 748/2914/2904 804/2958/2962
f 745/2915/2905 805/2965/2963 744/2917/2907
f 858/2968/2966 807/2967/2965 806/2966/2964
f 809/2971/2969 815/2970/2968 810/2969/2967
f 811/2974/2972 812/2973/2971 813/2972/2970
f 813/2972/2970 812/2973/2971 821/2975/2973
f 758/2927/2917 779/2928/678 808/2976/2969
f 809/2971/2969 601/2787/2774 815/2970/2968
f 808/2976/2969 814/2977/2167 758/2927/2917
f 849/2980/2976 816/2979/2975 817/2978/2974
f 816/2979/2975 818/2982/2977 819/2981/588
f 837/2984/2979 838/2983/2978 819/2981/588
f 837/2984/2979 819/2981/588 862/2985/2980
f 819/2981/588 818/2982/2977 862/2985/2980
f 844/2986/2981 821/2975/2973 812/2973/2971
f 815/2970/2968 601/2787/2774 579/2765/2756
f 822/2987/2982 815/2970/2968 579/2765/2756
f 820/2990/2985 860/2989/2984 823/2988/2983
f 815/2970/2968 824/2991/2986 838/2983/2978
f 824/2991/2986 819/2981/588 838/2983/2978
f 826/2991/2987 816/2979/2975 819/2981/588
f 828/2992/2988 824/2991/2986 815/2970/2968
f 829/2993/2989 816/2979/2975 826/2991/2987
f 815/2970/2968 822/2987/2982 828/2992/2988
f 832/2996/2992 830/2995/2991 831/2994/2990
f 830/2995/2991 833/2997/2993 831/2994/2990
f 829/2993/2989 827/2998/2993 816/2979/2975
f 842/3001/2996 834/3000/2995 835/2999/2994
f 835/2999/2994 829/2993/2989 842/3001/2996
f 688/2868/2853 836/3002/2997 651/2870/2854
f 579/2765/2756 651/2870/2854 836/3002/2997
f 836/3002/2997 841/3003/2998 822/2987/2982
f 579/2765/2756 836/3002/2997 822/2987/2982
f 841/3003/2998 828/2992/2988 822/2987/2982
f 824/2991/2986 828/2992/2988 843/3004/2999
f 844/2986/2981 845/3006/3001 840/3005/3000
f 821/2975/2973 844/2986/2981 840/3005/3000
f 860/2989/2984 846/3007/3002 823/2988/2983
f 860/2989/2984 847/3008/3003 846/3007/3002
f 848/3007/3004 849/2980/2976 817/2978/2974
f 839/3009/3005 860/2989/2984 840/3005/3000
f 850/3012/3007 851/3011/3004 852/3010/3006
f 850/3012/3007 852/3010/3006 830/2995/2991
f 852/3010/3006 833/2997/2993 830/2995/2991
f 848/3007/3004 817/2978/2974 853/3013/3006
f 827/2998/2993 853/3013/3006 817/2978/2974
f 827/2998/2993 817/2978/2974 816/2979/2975
f 856/3016/3009 854/3015/3008 855/3014/597
f 855/3014/597 857/3017/3010 856/3016/3009
f 857/3017/3010 807/2967/2965 856/3016/3009
f 856/3016/3009 858/2968/2966 861/3015/3011
f 807/2967/2965 858/2968/2966 856/3016/3009
f 861/3015/3011 858/2968/2966 859/3018/3012
f 863/3019/3013 855/3014/597 854/3015/3008
f 840/3005/3000 864/3020/3012 821/2975/2973
f 864/3020/3012 840/3005/3000 860/2989/2984
f 829/2993/2989 826/2991/2987 842/3001/2996
f 860/2989/2984 820/2990/2985 864/3020/3012
f 861/3015/3011 859/3018/3012 865/3019/2985
f 866/3022/3014 876/3021/1851 779/2928/678
f 779/2928/678 868/3023/3015 866/3022/3014
f 866/3022/3014 870/3025/3017 871/3024/3016
f 872/3028/2787 873/3027/3019 874/3026/3018
f 876/3021/1851 875/3030/3021 877/3029/3020
f 875/3030/3021 879/3031/3022 877/3029/3020
f 873/3027/3019 901/3032/3023 874/3026/3018
f 879/3031/3022 880/3033/3024 877/3029/3020
f 881/3036/3027 882/3035/3026 894/3034/3025
f 876/3021/1851 869/3037/3028 779/2928/678
f 883/3039/3030 779/2928/678 867/3038/3029
f 602/2788/2775 808/2976/2969 885/2778/2753
f 631/2802/2791 589/2774/2764 884/2775/629
f 779/2928/678 885/2778/2753 808/2976/2969
f 888/3042/3032 889/3041/276 909/3040/3031
f 886/3044/3033 909/3040/3031 891/3043/438
f 892/3046/3035 893/3045/3034 894/3034/3025
f 909/3040/3031 889/3041/276 891/3043/438
f 894/3034/3025 893/3045/3034 878/3041/3036
f 878/3041/3036 881/3036/3027 894/3034/3025
f 888/3042/3032 895/3047/3037 889/3041/276
f 895/3047/3037 880/3033/3024 889/3041/276
f 689/2871/1817 5308/2873/2846 5336/2864/2848
f 896/3049/3039 895/3047/3037 897/3048/3038
f 900/3050/3040 897/3048/3038 895/3047/3037
f 902/3051/3041 901/3032/3023 873/3027/3019
f 886/3044/3033 903/3053/3043 887/3052/3042
f 900/3050/3040 904/3054/3044 897/3048/3038
f 870/3025/3017 866/3022/3014 908/3055/3045
f 886/3044/3033 890/3056/3046 909/3040/3031
f 915/3057/3047 897/3048/3038 904/3054/3044
f 898/3059/3050 899/3048/3049 913/3058/3048
f 900/3050/3040 910/3060/3052 911/3054/3051
f 916/3062/1815 5305/3061/3053 5308/2873/2846
f 898/3059/3050 913/3058/3048 912/3062/3054
f 904/3054/3044 914/3063/27 915/3057/3047
f 689/2871/1817 916/3062/1815 5308/2873/2846
f 906/3066/351 907/3065/3055 917/3064/3055
f 919/3069/3058 954/3068/3057 918/3067/3056
f 919/3069/3058 944/3071/3060 920/3070/3059
f 921/3074/3062 922/3073/2847 947/3072/3061
f 958/3076/3064 923/3075/3063 749/2961/1889
f 749/2961/1889 923/3075/3063 924/3077/3065
f 925/3075/3068 927/3079/3067 965/3078/3066
f 967/3080/2025 965/3078/3066 927/3079/3067
f 967/3080/2025 928/3082/3070 905/3081/3069
f 927/3079/3067 928/3082/3070 967/3080/2025
f 967/3080/2025 905/3081/3069 866/3022/3014
f 933/3071/2327 919/3069/3058 918/3067/3056
f 919/3069/3058 920/3070/3059 921/3074/3062
f 921/3074/3062 936/3083/3071 919/3069/3058
f 940/3086/605 937/3085/3073 939/3084/3072
f 940/3086/605 938/3087/3074 937/3085/3073
f 943/3090/3077 942/3089/3076 929/3088/3075
f 913/3058/3048 941/3091/3078 912/3062/3054
f 945/3092/3080 924/3077/3065 755/2939/3079
f 946/3077/3081 750/2959/2956 749/2961/1889
f 946/3077/3081 945/3092/3080 750/2959/2956
f 945/3092/3080 755/2939/3079 754/2960/2957
f 948/3093/3082 749/2961/1889 947/3072/3061
f 945/3092/3080 754/2960/2957 750/2959/2956
f 949/3095/3084 943/3090/3077 950/3094/3083
f 922/3073/2847 948/3093/3082 947/3072/3061
f 940/3086/605 939/3084/3072 950/3094/3083
f 951/3096/3086 522/2709/2700 952/3083/3085
f 509/2700/2692 952/3083/3085 522/2709/2700
f 921/3074/3062 947/3072/3061 936/3083/3071
f 919/3069/3058 936/3083/3071 954/3068/3057
f 940/3086/605 950/3094/3083 953/3097/3087
f 519/3098/3088 918/3067/3056 954/3068/3057
f 935/3101/3091 934/3100/3090 955/3099/3089
f 956/3104/3094 932/3103/3093 931/3102/3092
f 943/3090/3077 929/3088/3075 957/3105/3095
f 950/3094/3083 943/3090/3077 957/3105/3095
f 789/2954/1774 947/3072/3061 749/2961/1889
f 957/3105/3095 929/3088/3075 930/3106/3096
f 957/3105/3095 958/3076/3064 950/3094/3083
f 920/3070/3059 944/3071/3060 959/3107/3097
f 957/3105/3095 960/3079/3008 958/3076/3064
f 950/3094/3083 958/3076/3064 953/3097/3087
f 519/3098/3088 933/3071/2327 918/3067/3056
f 961/3107/3098 933/3071/2327 519/3098/3088
f 961/3107/3098 519/3098/3088 962/3097/1619
f 924/3077/3065 964/3108/3099 755/2939/3079
f 965/3078/3066 966/3109/3100 770/2939/2929
f 923/3075/3063 964/3108/3099 924/3077/3065
f 770/2939/2929 966/3109/3100 779/2928/678
f 926/3110/3101 966/3109/3100 965/3078/3066
f 519/3098/3088 963/3111/3088 962/3097/1619
f 953/3097/3087 958/3076/3064 959/3107/3097
f 519/3098/3088 968/3087/1831 963/3111/3088
f 969/3093/3102 920/3070/3059 959/3107/3097
f 866/3022/3014 868/3023/3015 967/3080/2025
f 958/3076/3064 960/3079/3008 923/3075/3063
f 522/2709/2700 951/3096/3086 781/2948/2941
f 749/2961/1889 948/3093/3082 958/3076/3064
f 958/3076/3064 969/3093/3102 959/3107/3097
f 1279/3114/3105 978/3113/3104 970/3112/3103
f 970/3112/3103 832/2996/2992 1279/3114/3105
f 971/3112/3107 972/3115/3106 832/2996/2992
f 830/2995/2991 832/2996/2992 974/3115/3108
f 975/3116/3109 830/2995/2991 974/3115/3108
f 975/3116/3109 850/3012/3007 830/2995/2991
f 981/3119/3111 980/3118/177 982/3117/3110
f 986/3120/3113 981/3119/3111 1022/3117/3112
f 981/3119/3111 986/3120/3113 983/3121/3114
f 987/3124/3116 988/3123/3115 989/3122/2618
f 990/3126/2646 989/3122/2618 1147/3125/3117
f 993/3128/3119 983/3121/3114 973/3127/3118
f 994/3129/177 980/3118/177 981/3119/3111
f 983/3121/3114 986/3120/3113 992/3130/3120
f 996/3131/3121 981/3119/3111 983/3121/3114
f 1007/3134/3124 976/3133/3123 995/3132/3122
f 991/3136/43 997/3135/3125 995/3132/3122
f 1000/3137/3126 970/3112/3103 978/3113/3104
f 971/3112/3107 998/3138/3127 972/3115/3106
f 998/3138/3127 999/3139/3128 972/3115/3106
f 1001/3131/3129 999/3139/3128 998/3138/3127
f 993/3128/3119 999/3139/3128 1002/3140/3130
f 978/3113/3104 979/3141/3131 1000/3137/3126
f 994/3129/177 981/3119/3111 996/3131/3121
f 1002/3140/3130 983/3121/3114 993/3128/3119
f 996/3131/3121 983/3121/3114 1002/3140/3130
f 1001/3131/3129 1002/3140/3130 999/3139/3128
f 1006/3144/3134 1003/3143/3133 1004/3142/3132
f 1003/3143/3133 1006/3144/3134 1005/3145/3135
f 995/3132/3122 997/3135/3125 1007/3134/3124
f 1008/3148/3136 1009/3147/3136 1010/3146/3136
f 1005/3145/3135 1006/3144/3134 1011/3149/3137
f 988/3123/3115 1012/3151/1964 1013/3150/3138
f 1014/3150/3141 1015/3153/3140 1016/3152/3139
f 339/2548/2549 1017/3154/3138 342/2566/2567
f 1022/3117/3112 1023/3155/3142 986/3120/3113
f 984/3136/3145 1024/3155/3144 1025/3156/3143
f 985/3132/3146 1024/3155/3144 984/3136/3145
f 1036/3159/3149 1018/3158/3148 1019/3157/3147
f 1021/3161/2105 1037/3159/3150 1020/3160/2116
f 1016/3152/3139 1015/3153/3140 1029/3162/2509
f 1013/3150/3138 1012/3151/1964 1030/3153/3138
f 1033/3163/673 1036/3159/3149 1019/3157/3147
f 1020/3160/2116 1037/3159/3150 1031/3164/3151
f 1026/3166/3154 1027/3165/3153 1032/3164/3152
f 1028/3168/2688 1052/3167/3155 991/3136/43
f 1038/3169/3156 1026/3166/3154 1032/3164/3152
f 1034/3172/3159 1039/3171/3158 1040/3170/3157
f 1035/3163/3160 1034/3172/3159 1040/3170/3157
f 1041/3171/2509 1042/3173/3140 1043/3170/3161
f 1036/3159/3149 1033/3163/673 1043/3170/3161
f 1115/3176/3163 1044/3175/3162 1045/3174/3116
f 1046/3177/3164 1045/3174/3116 1044/3175/3162
f 1050/3179/3166 1047/3178/3165 1048/3173/3138
f 1043/3170/3161 1042/3173/3140 1036/3159/3149
f 1049/3180/2998 1047/3178/3165 1050/3179/3166
f 1046/3177/3164 1051/3181/3167 1045/3174/3116
f 1052/3167/3155 1053/3181/3168 1046/3177/3164
f 1052/3167/3155 1028/3168/2688 1054/3169/3169
f 1032/3164/3152 1055/3182/3170 1038/3169/3156
f 1056/3182/3171 1053/3181/3168 1052/3167/3155
f 1051/3181/3167 1050/3179/3166 1045/3174/3116
f 1052/3167/3155 1054/3169/3169 1056/3182/3171
f 988/3123/3115 987/3124/3116 1012/3151/1964
f 987/3124/3116 989/3122/2618 990/3126/2646
f 1032/3164/3152 1050/3179/3166 1055/3182/3170
f 1055/3182/3170 1050/3179/3166 1051/3181/3167
f 997/3135/3125 1052/3167/3155 1060/3183/408
f 991/3136/43 1052/3167/3155 997/3135/3125
f 1059/3186/3174 1057/3185/3173 1058/3184/3172
f 1060/3183/408 1061/3187/3175 997/3135/3125
f 1061/3187/3175 1060/3183/408 1057/3185/3173
f 1059/3186/3174 1062/3189/3176 1084/3188/1626
f 1061/3187/3175 1057/3185/3173 1059/3186/3174
f 825/3191/3178 1064/3011/3002 1065/3190/3177
f 1068/3193/3180 1069/3192/3179 1060/3183/408
f 1060/3183/408 1063/3192/3182 1070/3194/3181
f 1071/3197/3184 1086/3196/3151 1075/3195/3183
f 1073/3198/3185 1071/3197/3184 1075/3195/3183
f 1072/3200/3186 1086/3196/3151 1076/3199/39
f 1075/3195/3183 1074/3201/3139 1073/3198/3185
f 1078/3202/422 1074/3201/3139 1075/3195/3183
f 1052/3167/3155 1046/3177/3164 1068/3193/3180
f 857/3017/3010 855/3014/597 1074/3201/3139
f 1078/3202/422 857/3017/3010 1074/3201/3139
f 1079/3203/3187 1084/3188/1626 1062/3189/3176
f 1080/3204/3188 1084/3188/1626 1079/3203/3187
f 1080/3204/3188 1081/3205/3189 1084/3188/1626
f 1082/3207/3191 1080/3204/3188 1083/3206/3190
f 825/3191/3178 1082/3207/3191 1066/3206/3192
f 1081/3205/3189 1080/3204/3188 1082/3207/3191
f 825/3191/3178 1065/3190/3177 1082/3207/3191
f 1061/3187/3175 1059/3186/3174 1084/3188/1626
f 1081/3205/3189 1082/3207/3191 850/3012/3007
f 1082/3207/3191 1065/3190/3177 850/3012/3007
f 1085/3208/3193 1081/3205/3189 850/3012/3007
f 1086/3196/3151 1088/3209/103 1076/3199/39
f 1088/3209/103 1086/3196/3151 452/2660/2656
f 1068/3193/3180 1060/3183/408 1052/3167/3155
f 1070/3194/3181 1063/3192/3182 1089/3210/3194
f 1068/3193/3180 1090/3211/3195 1069/3192/3179
f 1003/3143/3133 1091/3208/3197 1092/3212/3196
f 1081/3205/3189 1091/3208/3197 1003/3143/3133
f 975/3116/3109 1085/3208/3193 850/3012/3007
f 1086/3196/3151 1125/3213/3198 452/2660/2656
f 1093/3214/3199 1003/3143/3133 1005/3145/3135
f 1093/3214/3199 1005/3145/3135 1061/3187/3175
f 1086/3196/3151 1096/3215/3198 1125/3213/3198
f 1046/3177/3164 1044/3175/3162 1068/3193/3180
f 1093/3214/3199 1081/3205/3189 1003/3143/3133
f 1084/3188/1626 1081/3205/3189 1093/3214/3199
f 1084/3188/1626 1093/3214/3199 1061/3187/3175
f 1087/3216/3200 1096/3215/3198 1086/3196/3151
f 1065/3190/3177 851/3011/3004 850/3012/3007
f 1095/3219/3203 1098/3218/3202 1097/3217/3201
f 1095/3219/3203 1097/3217/3201 1094/3220/3204
f 1099/3223/3207 1100/3222/3206 1101/3221/3205
f 1103/3226/3209 1104/3225/3208 1105/3224/3202
f 5979/3229/3212 4352/3228/3211 4866/3227/3210
f 1111/3232/3205 1107/3231/3202 1106/3230/3213
f 1113/3233/1619 1057/3185/3173 1060/3183/408
f 1115/3176/3163 1114/3235/3215 1112/3234/3214
f 1097/3217/3201 1128/3236/3216 1094/3220/3204
f 1117/3237/3217 1114/3235/3215 1115/3176/3163
f 1057/3185/3173 1113/3233/1619 1118/3238/395
f 1119/3239/3218 111/2342/2363 461/2341/2362
f 1156/3240/3219 1119/3239/3218 472/2654/2652
f 472/2654/2652 1119/3239/3218 461/2341/2362
f 1057/3185/3173 1118/3238/395 1120/3241/3220
f 1102/3242/1440 1112/3234/3214 1114/3235/3215
f 1121/3245/3223 1124/3244/3222 1122/3243/3221
f 1124/3244/3222 1123/3246/3224 1122/3243/3221
f 1152/3247/3225 1123/3246/3224 1124/3244/3222
f 1115/3176/3163 1112/3234/3214 1044/3175/3162
f 1097/3217/3201 1126/3248/3226 1128/3236/3216
f 471/2646/1170 470/2661/1577 1116/3249/3227
f 1125/3213/3198 1096/3215/3198 1127/3250/2156
f 1099/3223/3207 1129/3252/3229 1130/3251/3228
f 1131/3254/3230 1132/3253/93 1133/3252/3230
f 1134/3255/3206 153/2378/2381 111/2342/2363
f 153/2378/2381 1134/3255/3206 1135/3256/3231
f 1099/3223/3207 1130/3251/3228 1100/3222/3206
f 1100/3222/3206 1130/3251/3228 1136/3257/3231
f 5979/3229/3212 5678/3258/3232 4352/3228/3211
f 5979/3229/3212 4866/3227/3210 5986/3259/3233
f 5967/3261/3235 5986/3259/3233 5981/3260/3234
f 1143/3262/3231 386/2587/2592 139/2369/2381
f 5993/3265/3238 5995/3264/3237 5985/3263/3236
f 1143/3262/3231 1145/3266/3239 386/2587/2592
f 1146/3267/93 1147/3125/3117 1132/3253/93
f 4938/2442/2453 5988/2443/2454 5985/3263/3236
f 1102/3242/1440 1114/3235/3215 1150/3268/3240
f 1118/3238/395 1150/3268/3240 1120/3241/3220
f 1153/3270/3241 1154/3248/3241 1155/3269/3241
f 990/3126/2646 1147/3125/3117 1146/3267/93
f 1152/3247/3225 1150/3268/3240 1117/3237/3217
f 1114/3235/3215 1117/3237/3217 1150/3268/3240
f 1150/3268/3240 1152/3247/3225 1124/3244/3222
f 1134/3255/3206 1119/3239/3218 1111/3232/3205
f 1119/3239/3218 1134/3255/3206 111/2342/2363
f 469/2659/2657 1151/3271/3242 1149/2645/2644
f 1111/3232/3205 1119/3239/3218 1107/3231/3202
f 1119/3239/3218 1156/3240/3219 1107/3231/3202
f 1132/3253/93 1131/3254/3230 1146/3267/93
f 1157/3254/3229 1129/3252/3229 1099/3223/3207
f 5985/3263/3236 5988/2443/2454 5993/3265/3238
f 5980/3273/3244 5995/3264/3237 5994/3272/3243
f 1115/3176/3163 1162/3274/3245 1117/3237/3217
f 1124/3244/3222 1121/3245/3223 1163/3275/3246
f 452/2660/2656 1125/3213/3198 468/2659/2655
f 5993/3265/3238 5994/3272/3243 5995/3264/3237
f 1104/3225/3208 1103/3226/3209 1162/3274/3245
f 1162/3274/3245 1103/3226/3209 1164/3246/3247
f 1165/3276/969 1162/3274/3245 1164/3246/3247
f 1117/3237/3217 1162/3274/3245 1165/3276/969
f 1163/3275/3246 1120/3241/3220 1124/3244/3222
f 1120/3241/3220 1150/3268/3240 1124/3244/3222
f 5991/3278/3249 5990/3277/3248 5993/3265/3238
f 1058/3184/3172 1057/3185/3173 1167/3279/3250
f 1103/3226/3209 1105/3224/3202 1167/3279/3250
f 1167/3279/3250 1105/3224/3202 1067/3280/3251
f 1167/3279/3250 1067/3280/3251 1058/3184/3172
f 1168/3283/3254 1169/3282/3253 1174/3281/3252
f 1170/3286/3254 1171/3285/3255 1172/3284/3253
f 1173/3285/1779 1170/3286/3254 1175/3287/3256
f 1173/3285/1779 1175/3287/3256 1258/3288/3257
f 1179/3291/3260 1194/3290/3259 1176/3289/3258
f 1179/3291/3260 1344/3292/3261 1194/3290/3259
f 1211/3295/3264 1180/3294/3263 1177/3293/3262
f 1211/3295/3264 1177/3293/3262 1181/3296/3265
f 1168/3283/3254 1174/3281/3252 1182/3297/3266
f 1184/3299/3268 1183/3298/3267 1180/3294/3263
f 1185/3301/3270 1184/3299/3268 1186/3300/3269
f 1185/3301/3270 1186/3300/3269 1176/3289/3258
f 1185/3301/3270 1190/3303/1350 1189/3302/3271
f 1190/3303/1350 1185/3301/3270 1176/3289/3258
f 1179/3291/3260 1176/3289/3258 1193/3304/3272
f 1190/3303/1350 1176/3289/3258 1194/3290/3259
f 1198/3307/3275 1196/3306/3274 1195/3305/3273
f 1196/3306/3274 1198/3307/3275 1199/3308/3276
f 1199/3308/3276 1198/3307/3275 1200/3309/3277
f 1197/3307/3279 1344/3292/3261 1201/3310/3278
f 1344/3292/3261 1197/3307/3279 1195/3305/3273
f 1203/3313/3282 1202/3312/3281 1206/3311/3280
f 1216/3315/3285 1209/3314/3284 1204/3310/3283
f 1191/3318/3288 1192/3317/3287 1210/3316/3286
f 1211/3295/3264 1181/3296/3265 1212/3319/3289
f 1213/3320/3290 1211/3295/3264 1212/3319/3289
f 1215/3323/3293 1214/3322/3292 1222/3321/3291
f 1216/3315/3285 1370/3324/3295 1217/3322/3294
f 1268/3321/3296 1202/3312/3281 1203/3313/3282
f 1211/3295/3264 1184/3299/3268 1180/3294/3263
f 1223/3325/3297 1211/3295/3264 1213/3320/3290
f 1211/3295/3264 1186/3300/3269 1184/3299/3268
f 1186/3300/3269 1211/3295/3264 1223/3325/3297
f 1205/3326/3298 1215/3323/3293 1222/3321/3291
f 1186/3300/3269 1193/3304/3272 1176/3289/3258
f 1223/3325/3297 1193/3304/3272 1186/3300/3269
f 1204/3310/3283 1370/3324/3295 1216/3315/3285
f 1224/3329/3301 1225/3328/3300 1226/3327/3299
f 1207/3332/3304 1227/3331/3303 1208/3330/3302
f 1208/3330/3302 1227/3331/3303 1228/3314/3305
f 1229/3333/3300 1258/3288/3257 1175/3287/3256
f 1344/3292/3261 1178/3334/3306 1201/3310/3278
f 1210/3316/3286 1218/3335/3307 1191/3318/3288
f 1226/3327/3299 1225/3328/3300 1188/3336/3308
f 1191/3318/3288 1230/3338/2205 1221/3337/3309
f 1187/3339/3310 1226/3327/3299 1188/3336/3308
f 1254/3342/3313 1241/3341/3312 1232/3340/3311
f 1233/3345/3316 1234/3344/3315 1235/3343/3314
f 1235/3343/3314 1236/3346/3317 1233/3345/3316
f 1241/3341/3312 1231/3348/3319 1237/3347/3318
f 1280/3349/3320 1237/3347/3318 1231/3348/3319
f 1240/3352/3311 1242/3351/3322 1239/3350/3321
f 1242/3351/3322 1243/3353/3323 1239/3350/3321
f 1241/3341/3312 1244/3355/3324 1245/3354/2812
f 1237/3347/3318 1246/3357/3326 1247/3356/3325
f 1280/3349/3320 1248/3358/3327 1237/3347/3318
f 1249/3359/2812 1243/3353/3323 1242/3351/3322
f 637/2844/2832 1239/3350/3321 1243/3353/3323
f 1250/3361/3330 1251/3349/3329 1238/3360/3328
f 638/2843/2831 637/2844/2832 1243/3353/3323
f 1240/3352/3311 1239/3350/3321 1252/3362/3331
f 1240/3352/3311 1252/3362/3331 1258/3288/3257
f 1253/3363/3332 1254/3342/3313 1232/3340/3311
f 1255/3366/3333 1256/3365/3333 1257/3364/3333
f 1225/3328/3300 1224/3329/3301 1253/3363/3332
f 1259/3369/2672 1260/3368/3335 1261/3367/3334
f 1262/3372/3338 1263/3371/3337 1219/3370/3336
f 1264/3373/3339 1262/3372/3338 1219/3370/3336
f 1266/3375/3342 1265/3372/3341 1267/3374/3340
f 1202/3312/3281 1261/3367/3334 1260/3368/3335
f 1035/3163/3160 1259/3369/2672 1034/3172/3159
f 1202/3312/3281 1268/3321/3296 1261/3367/3334
f 1264/3373/3339 1219/3370/3336 1220/3311/3343
f 1259/3369/2672 1261/3367/3334 1034/3172/3159
f 1261/3367/3334 1268/3321/3296 1034/3172/3159
f 834/3000/2995 1269/3376/3344 835/2999/2994
f 1269/3376/3344 834/3000/2995 1270/3377/3327
f 1235/3343/3314 1234/3344/3315 1271/3378/3345
f 1266/3375/3342 1234/3344/3315 1265/3372/3341
f 1273/3381/3348 1272/3380/3347 1274/3379/3346
f 1275/3382/3349 1250/3361/3330 1238/3360/3328
f 1250/3361/3330 1277/3383/3350 1251/3349/3329
f 1250/3361/3330 1275/3382/3349 1276/3384/3351
f 1281/3374/3352 1262/3372/3338 1264/3373/3339
f 1281/3374/3352 1264/3373/3339 1286/3385/3353
f 1281/3374/3352 1286/3385/3353 1282/3386/3354
f 1283/3388/3355 1284/3387/3355 1285/3312/3355
f 1280/3349/3320 1279/3114/3105 1248/3358/3327
f 1264/3373/3339 1220/3311/3343 1286/3385/3353
f 1202/3312/3281 1260/3368/3335 1287/3389/3356
f 1248/3358/3327 1246/3357/3326 1237/3347/3318
f 638/2843/2831 1243/3353/3323 1249/3359/2812
f 834/3000/2995 1289/3390/3357 1270/3377/3327
f 1258/3288/3257 1252/3362/3331 665/2845/2833
f 1290/3391/3358 1266/3375/3342 1267/3374/3340
f 1291/3382/1077 1273/3381/3348 1274/3379/3346
f 1260/3368/3335 1293/3157/3068 1287/3389/3356
f 1292/3392/3359 1287/3389/3356 1293/3157/3068
f 1291/3382/1077 1274/3379/3346 1288/3393/3360
f 1286/3385/3353 1295/3394/3361 1282/3386/3354
f 982/3117/3110 980/3118/177 1296/3395/411
f 1297/3397/3175 1298/3396/3362 1299/3382/2685
f 1297/3397/3175 1299/3382/2685 1300/3398/2697
f 1301/3400/3364 1288/3393/3360 1294/3399/3363
f 978/3113/3104 1279/3114/3105 977/3401/3365
f 1278/3402/3366 977/3401/3365 1279/3114/3105
f 1279/3114/3105 1280/3349/3320 1278/3402/3366
f 1293/3157/3068 1260/3368/3335 1259/3369/2672
f 1293/3157/3068 1259/3369/2672 1035/3163/3160
f 1302/3405/3369 1303/3404/3368 1306/3403/3367
f 1307/3162/3158 1308/3406/3370 1309/3152/3158
f 1310/3409/3373 1311/3408/3372 1312/3407/3371
f 1313/3412/3374 1314/3411/3375 1315/3410/3374
f 5993/3265/3238 5988/2443/2454 5992/3413/387
f 5992/3413/387 5991/3278/3249 5993/3265/3238
f 1306/3403/3367 1303/3404/3368 1320/3407/3376
f 1327/3416/3379 1322/3415/3378 1321/3414/3377
f 1327/3416/3379 1326/3417/3380 1322/3415/3378
f 1328/3416/3382 1324/3419/3381 1323/3418/184
f 1329/3422/3385 1330/3421/3384 1331/3420/3383
f 1329/3422/3385 1332/3423/3386 1330/3421/3384
f 1351/3425/3388 1333/3424/3387 1179/3291/3260
f 1334/3426/1810 1311/3408/3372 1310/3409/3373
f 1308/3406/3370 1313/3412/3374 1315/3410/3374
f 1335/3428/956 1336/3427/1012 1337/3411/1810
f 1338/3427/3369 1339/3428/3369 1340/3429/3369
f 1341/3426/3375 1342/3409/3389 1343/3430/3374
f 1342/3409/3389 1345/3431/3390 1343/3430/3374
f 1346/3433/3384 1347/3432/3391 1348/3418/3383
f 1328/3416/3382 1323/3418/184 1349/3434/3392
f 1350/3435/3393 1348/3418/3383 1347/3432/3391
f 1351/3425/3388 1350/3435/3393 1333/3424/3387
f 1323/3418/184 1352/3435/3394 1349/3434/3392
f 1347/3432/3391 1346/3433/3384 1353/3436/3395
f 1354/3437/3386 1353/3436/3395 1346/3433/3384
f 1350/3435/3393 1347/3432/3391 1333/3424/3387
f 1353/3436/3395 1355/3438/3396 1347/3432/3391
f 1325/3440/3398 1356/3439/3397 1212/3319/3289
f 1325/3440/3398 1358/3441/3399 1356/3439/3397
f 5992/3413/387 5954/3442/3400 5991/3278/3249
f 1358/3441/3399 1325/3440/3398 1326/3417/3380
f 1357/3444/3402 1326/3417/3380 1359/3443/3401
f 1326/3417/3380 1327/3416/3379 1359/3443/3401
f 1349/3434/3392 1360/3445/3403 1328/3416/3382
f 1213/3320/3290 1357/3444/3402 1361/3446/2327
f 1351/3425/3388 1179/3291/3260 1193/3304/3272
f 1361/3446/2327 1357/3444/3402 1359/3443/3401
f 1340/3429/3369 1339/3428/3369 1362/3423/3369
f 1337/3411/1810 1363/3447/1810 1335/3428/956
f 1364/3447/3404 1314/3411/3375 1313/3412/3374
f 1365/3450/3158 1366/3449/2567 1395/3448/3405
f 1367/3304/3168 1213/3320/3290 1361/3446/2327
f 1368/3437/3369 1369/3451/3406 1370/3324/3295
f 1369/3451/3406 1217/3322/3294 1370/3324/3295
f 1371/3454/1810 1373/3453/3408 1372/3452/3407
f 1373/3453/3408 1374/3322/3409 1372/3452/3407
f 1375/3454/3404 1376/3455/3374 1377/3453/3410
f 1308/3406/3370 1378/3456/3411 1313/3412/3374
f 1308/3406/3370 1307/3162/3158 1378/3456/3411
f 1377/3453/3410 1376/3455/3374 1379/3457/3412
f 1268/3321/3296 1377/3453/3410 1386/3458/3413
f 1386/3458/3413 1377/3453/3410 1379/3457/3412
f 1039/3171/3158 1386/3458/3413 1380/3459/3414
f 1304/3462/3416 1382/3461/3415 1381/3460/115
f 1382/3461/3415 1304/3462/3416 1383/3463/3385
f 1213/3320/3290 1367/3304/3168 1223/3325/3297
f 1213/3320/3290 1356/3439/3397 1357/3444/3402
f 1213/3320/3290 1212/3319/3289 1356/3439/3397
f 1305/3405/3386 1383/3463/3385 1304/3462/3416
f 1332/3423/3386 1329/3422/3385 1384/3429/3386
f 1374/3322/3409 1373/3453/3408 1385/3464/3417
f 1039/3171/3158 1034/3172/3159 1386/3458/3413
f 1395/3448/3405 1345/3431/3390 1342/3409/3389
f 1268/3321/3296 1386/3458/3413 1034/3172/3159
f 1388/3467/3419 1387/3466/3418 1424/3465/1117
f 1420/3469/3421 1419/3468/3420 1303/3404/3368
f 1397/3471/3422 1425/3469/2589 1389/3470/1248
f 1390/3474/3425 1391/3473/3424 1392/3472/3423
f 385/2584/2589 1391/3473/3424 1390/3474/3425
f 1392/3472/3423 1393/3475/3426 1394/2543/2545
f 1365/3450/3158 1395/3448/3405 1391/3473/3424
f 1392/3472/3423 1395/3448/3405 1342/3409/3389
f 1402/2585/2590 1391/3473/3424 385/2584/2589
f 1394/2543/2545 1396/2541/2543 1390/3474/3425
f 385/2584/2589 1390/3474/3425 1396/2541/2543
f 1392/3472/3423 1391/3473/3424 1395/3448/3405
f 1419/3468/3420 1320/3407/3376 1303/3404/3368
f 1424/3465/1117 1387/3466/3418 1398/3407/3427
f 1399/3477/3429 1429/3476/3428 1397/3471/3422
f 1402/2585/2590 1403/3478/3430 1391/3473/3424
f 1399/3477/3429 1404/3479/3431 1429/3476/3428
f 1405/3481/1716 192/2416/2424 1406/3480/3432
f 1408/3483/753 1404/3479/3431 1414/3482/3433
f 378/2574/2575 1411/3478/3434 1401/2575/2577
f 1391/3473/3424 1403/3478/3430 1365/3450/3158
f 1412/3450/3139 1411/3478/3434 1413/3154/3141
f 1411/3478/3434 378/2574/2575 1413/3154/3141
f 1414/3482/3433 1415/3484/3435 1408/3483/753
f 1418/3485/3436 1425/3469/2589 1397/3471/3422
f 1397/3471/3422 1430/3486/3437 1418/3485/3436
f 1439/3489/3440 1433/3488/3439 1417/3487/3438
f 1419/3468/3420 1420/3469/3421 1421/3490/3441
f 1408/3483/753 1429/3476/3428 1404/3479/3431
f 1393/3475/3426 1428/2569/3442 1394/2543/2545
f 1432/3485/3444 1430/3486/3437 1431/3491/3443
f 1422/3493/3446 1423/3492/3445 1432/3485/3444
f 1435/3495/3449 1436/3490/3448 1437/3494/3447
f 1433/3488/3439 1439/3489/3440 1426/3496/3450
f 1439/3489/3440 1427/3498/3452 1434/3497/3451
f 364/2563/2566 1409/3499/3453 365/2562/2565
f 1416/3500/3454 1409/3499/3453 364/2563/2566
f 303/3501/2565 1406/3480/3432 192/2416/2424
f 1438/3502/3455 1435/3495/3449 1437/3494/3447
f 1431/3491/3443 1422/3493/3446 1432/3485/3444
f 1394/2543/2545 1390/3474/3425 1392/3472/3423
f 1312/3407/3371 1440/3503/3456 1310/3409/3373
f 5987/3505/3457 5968/3504/95 5992/3413/387
f 5989/3507/3459 5962/3506/3458 5990/3277/3248
f 5968/3504/95 5971/3508/3460 5992/3413/387
f 5698/3511/3463 5721/3510/3462 5695/3509/3461
f 4967/3514/3466 4974/3513/3465 4973/3512/3464
f 5725/3517/3469 5726/3516/3468 5727/3515/3467
f 4366/3520/3471 4367/3519/1910 4364/3518/3470
f 4977/3522/3474 4978/3513/3473 4979/3521/3472
f 5471/3525/3477 5488/3524/3476 5487/3523/3475
f 4449/3526/3478 5727/3515/3467 5726/3516/3468
f 3960/3529/3480 3961/3528/3479 3962/3527/2035
f 4368/3532/3483 4369/3531/3482 4359/3530/3481
f 4659/3535/3486 4619/3534/3485 4618/3533/3484
f 4975/3536/3488 4979/3521/3472 4980/3513/3487
f 5272/3539/3491 5270/3538/3490 5241/3537/3489
f 5483/3540/3492 5487/3523/3475 5488/3524/3476
f 4449/3526/3478 5730/3542/3494 5731/3541/3493
f 1470/3545/554 1471/3544/3496 1472/3543/3495
f 5954/3442/3400 5989/3507/3459 5991/3278/3249
f 3964/3548/504 3969/3547/3498 3963/3546/3497
f 4113/3551/3501 4093/3550/3500 4115/3549/3499
f 4364/3518/3470 4370/3553/1838 4296/3552/3502
f 4783/3556/3505 4784/3555/3504 4785/3554/3503
f 4634/3558/3507 4618/3533/3484 4613/3557/3506
f 4739/3561/608 4811/3560/3509 4736/3559/3508
f 4981/3563/3511 4967/3514/3466 4970/3562/3510
f 5115/3566/3514 5116/3565/3513 5117/3564/3512
f 3923/3569/3517 5237/3568/3516 3945/3567/3515
f 5343/3572/3520 5354/3571/3519 5319/3570/3518
f 5213/3575/3523 5489/3574/3522 5212/3573/3521
f 5607/3578/3526 5595/3577/3525 5602/3576/3524
f 5726/3516/3468 5730/3542/3494 4449/3526/3478
f 5347/3581/3529 5865/3580/3528 5345/3579/3527
f 1519/3584/3532 1477/3583/3531 1517/3582/3530
f 5229/3587/3535 5293/3586/3534 5915/3585/3533
f 1331/3420/3383 1459/3588/3536 1329/3422/3385
f 3927/3591/3539 3928/3590/3538 3929/3589/3537
f 3965/3528/3542 3959/3593/3541 3966/3592/3540
f 4557/3596/3543 4558/3595/3543 4559/3594/3543
f 4116/3599/3546 4117/3598/3545 4109/3597/3544
f 4737/3601/3547 4738/3561/429 4705/3600/42
f 4290/3602/3548 4296/3552/3502 4370/3553/1838
f 4441/3605/3551 4442/3604/3550 4346/3603/3549
f 4783/3556/3505 4785/3554/3503 4786/3606/3552
f 4333/3609/3555 4612/3608/3554 4331/3607/3553
f 4634/3558/3507 4613/3557/3506 4329/3610/3556
f 4718/3613/3331 4719/3612/1857 4720/3611/3557
f 4819/3614/3558 4738/3561/429 4737/3601/3547
f 4915/3617/3561 4916/3616/3560 4917/3615/3559
f 4975/3536/3488 4976/3618/995 4979/3521/3472
f 5050/3621/3562 5049/3620/113 5052/3619/1089
f 4998/3624/3564 4925/3623/2085 4924/3622/3563
f 5178/3627/3567 5176/3626/3566 5177/3625/3565
f 5247/3628/3568 3945/3567/3515 5237/3568/3516
f 5862/3631/3570 5304/3630/3088 5479/3629/3569
f 5319/3570/3518 5354/3571/3519 5320/3632/3571
f 5427/3635/1932 5428/3634/3088 5433/3633/3572
f 5486/3636/2116 5483/3540/3492 5488/3524/3476
f 5472/3638/3574 5487/3523/3475 5550/3637/3573
f 5608/3639/3575 5607/3578/3526 5602/3576/3524
f 5664/3642/3578 5665/3641/3577 5661/3640/3576
f 5726/3516/3468 5729/3643/3579 5730/3542/3494
f 251/2475/2482 252/2473/2480 5800/3644/3580
f 5363/3647/3583 5866/3646/3582 5867/3645/3581
f 5940/3650/1500 5938/3649/3585 5944/3648/3584
f 5734/3653/3588 5711/3652/3587 4460/3651/3586
f 1518/3655/3590 1517/3582/3530 1520/3654/3589
f 5293/3586/3534 5294/3657/3592 5900/3656/3591
f 5943/3658/3593 107/2339/2361 25/2269/86
f 1469/3543/3595 1400/3659/3594 1382/3461/3415
f 3875/3662/3598 3859/3661/3597 3843/3660/3596
f 3882/3665/3600 3881/3664/2509 3930/3663/3599
f 3877/3667/3603 3878/3664/3602 3879/3666/3601
f 3961/3528/3479 3960/3529/3480 3967/3668/3604
f 4021/3671/3606 4018/3670/3605 4023/3669/2815
f 4045/3674/3609 3924/3673/3608 4047/3672/3607
f 4339/3677/3612 4337/3676/3611 4338/3675/3610
f 4111/3678/3614 4110/3597/3613 4117/3598/3545
f 4196/3681/3617 4197/3680/3616 4152/3679/3615
f 4476/3684/3618 4515/3683/2575 4462/3682/2511
f 4310/3687/3621 4315/3686/3620 4323/3685/3619
f 4364/3518/3470 4372/3688/3623 4371/3553/3622
f 4406/3690/3624 4372/3688/3623 4408/3689/3624
f 4352/3228/3211 4440/3605/3625 4351/3691/1020
f 4455/3693/3627 4459/3653/1078 4457/3692/3626
f 4782/3695/3630 4776/3554/3629 4775/3694/3628
f 4581/3698/3632 4225/3697/1675 4580/3696/3631
f 4333/3609/3555 4613/3557/3506 4612/3608/3554
f 4635/3701/2148 4637/3700/3634 4638/3699/3633
f 4619/3534/3485 4638/3699/3633 4625/3702/3635
f 4964/3705/3638 5012/3704/3637 5010/3703/3636
f 4710/3706/3639 4719/3612/1857 4718/3613/3331
f 4761/3709/3642 4763/3708/3641 4765/3707/3640
f 4807/3712/3645 4820/3711/3644 4801/3710/3643
f 4853/3715/125 4858/3714/3647 4854/3713/3646
f 4918/3718/3650 4919/3717/3649 4920/3716/3648
f 4907/3721/3652 4948/3720/2535 4881/3719/3651
f 4976/3618/995 5038/3722/3653 4979/3521/3472
f 5019/3725/3656 5032/3724/3655 5033/3723/3654
f 5053/3728/3659 5054/3727/3658 5048/3726/3657
f 5090/3731/3662 5091/3730/3661 5092/3729/3660
f 5118/3734/969 5119/3733/3664 5120/3732/3663
f 5146/3737/3667 5142/3736/3666 5145/3735/3665
f 5195/3740/3670 5152/3739/3669 5080/3738/3668
f 76/2340/2360 536/2727/2718 102/2328/2160
f 3945/3567/3515 5247/3628/3568 3944/3741/3671
f 5268/3743/3673 5272/3539/3491 5281/3742/3672
f 5307/3745/766 5305/3061/3053 5306/3744/1931
f 5345/3579/3527 5346/3746/3674 5347/3581/3529
f 5338/3748/3675 5363/3647/3583 5365/3747/3319
f 5397/3751/399 5390/3750/3677 5391/3749/3676
f 5434/3753/2831 5433/3633/3572 5435/3752/3678
f 5458/3756/3681 5462/3755/3680 4156/3754/3679
f 5473/3758/3683 5475/3757/3682 5471/3525/3477
f 5233/3761/3685 5520/3760/3684 5232/3759/3176
f 5549/3762/3686 5550/3637/3573 5487/3523/3475
f 5571/3765/3689 5573/3764/3688 5572/3763/3687
f 5593/3768/3232 5596/3767/3691 5612/3766/3690
f 5642/3771/3694 5643/3770/3693 5644/3769/3692
f 5667/3774/3696 5660/3773/1429 5656/3772/3695
f 5698/3511/3463 5689/3776/3698 5699/3775/3697
f 5730/3542/3494 5712/3777/3699 5731/3541/3493
f 5760/3780/3702 5759/3779/3701 5770/3778/3700
f 5800/3644/3580 252/2473/2480 5799/3781/3703
f 5841/3784/3706 5840/3783/3705 5842/3782/3704
f 5868/3787/3709 5869/3786/3708 5870/3785/3707
f 5874/3790/3712 5898/3789/3711 5896/3788/3710
f 5940/3650/1500 5942/3792/3713 5941/3791/2615
f 5972/3658/3715 5950/3793/3714 5944/3648/3584
f 5711/3652/3587 5710/3794/3716 4460/3651/3586
f 5653/3797/3719 5776/3796/3718 5777/3795/3717
f 5814/3800/3722 5815/3799/3721 5816/3798/3720
f 5825/3784/3724 5808/3801/3723 5840/3783/3705
f 5861/3804/3727 5854/3803/3726 5860/3802/3725
f 5907/3807/3730 5911/3806/3729 5909/3805/3728
f 5938/3649/3585 5940/3650/1500 5939/3808/3731
f 5952/3810/3733 5678/3258/3232 5965/3809/3732
f 3585/3813/3605 3586/3812/3735 3587/3811/3734
f 3876/3816/3736 3911/3815/3607 3912/3814/3609
f 3876/3816/3736 3875/3662/3598 3843/3660/3596
f 4014/3819/3739 4016/3818/3738 4017/3817/3737
f 3935/3822/2027 3937/3821/1074 3938/3820/3740
f 4186/3824/3742 4126/3823/3741 4116/3599/3546
f 3880/3825/3743 3881/3664/2509 3882/3665/3600
f 3912/3814/3609 3911/3815/3607 3920/3826/3740
f 3968/3827/260 3879/3666/3601 3966/3592/3540
f 4090/3830/3744 4088/3829/3745 4165/3828/3744
f 4024/3832/3747 4013/3817/1909 4025/3831/3746
f 4730/3835/3750 4729/3834/3749 4731/3833/3748
f 4561/3838/3753 4556/3837/3752 4562/3836/3751
f 4067/3841/3755 4031/3840/3754 4048/3839/791
f 4303/3843/3757 4337/3676/3611 4304/3842/3756
f 4088/3829/3745 4090/3830/3744 4089/3844/3758
f 4111/3678/3614 4117/3598/3545 4123/3845/3759
f 4156/3754/3679 4157/3847/3744 4158/3846/997
f 4198/3850/3762 4199/3849/3761 4200/3848/3760
f 4158/3846/997 4217/3851/3763 4156/3754/3679
f 4747/3852/3764 4720/3611/3557 4719/3612/1857
f 4563/3855/3767 4564/3854/3766 4565/3853/3765
f 4309/3858/3770 4319/3857/3769 4320/3856/3768
f 4316/3861/3773 4344/3860/3772 4606/3859/3771
f 4367/3519/1910 4373/3688/1671 4364/3518/3470
f 4358/3864/3776 4357/3863/3775 4381/3862/3774
f 4393/3866/1168 4391/3865/3777 4373/3688/1671
f 4389/3869/3780 4421/3868/3779 4383/3867/3778
f 4350/3870/2028 4346/3603/3549 4442/3604/3550
f 4360/3873/3782 4451/3872/3781 4361/3871/773
f 4457/3692/3626 4459/3653/1078 4460/3651/3586
f 5068/3876/3784 5069/3875/3783 5067/3874/402
f 4792/3879/3787 4791/3878/3786 4790/3877/3785
f 4565/3853/3765 4566/3880/3788 4563/3855/3767
f 4582/3881/3789 4225/3697/1675 4581/3698/3632
f 4600/3884/3792 4601/3883/3791 4599/3882/3790
f 4585/3887/3795 4609/3886/3794 4608/3885/3793
f 185/2415/2423 4457/3692/3626 4460/3651/3586
f 4638/3699/3633 4637/3700/3634 4653/3888/3796
f 4641/3891/3799 4642/3890/3798 4645/3889/3797
f 4620/3892/3800 4619/3534/3485 4625/3702/3635
f 4678/3895/1604 4555/3894/3802 4679/3893/3801
f 5015/3898/3804 5016/3897/3803 5017/3896/2573
f 4666/3901/3806 4702/3900/3805 4701/3899/923
f 4721/3903/3808 4667/3902/3807 4701/3899/923
f 4675/3905/3810 4731/3833/3748 4734/3904/3809
f 3979/3907/3813 4766/3708/3812 4767/3906/3811
f 4807/3712/3645 4801/3710/3643 4800/3908/3323
f 4741/3911/3816 4743/3910/3815 4821/3909/3814
f 4839/3914/2383 4837/3913/3818 4683/3912/3817
f 4860/3917/3821 4861/3916/3820 4898/3915/3819
f 4891/3920/3824 4892/3919/3823 4893/3918/3822
f 4921/3923/3826 4922/3922/3825 4923/3921/188
f 4937/3924/3827 4936/2444/2455 4938/2442/2453
f 4948/3720/2535 4849/3926/3829 4876/3925/3828
f 4958/3929/3832 5007/3928/3831 4386/3927/3830
f 4355/3931/3834 4970/3562/3510 4963/3930/3833
f 4968/3934/3837 5003/3933/3836 4969/3932/3835
f 5023/3935/3838 5019/3725/3656 5033/3723/3654
f 5041/3551/780 4121/3937/1910 5039/3936/3839
f 5049/3620/113 5051/3726/3840 5054/3727/3658
f 5070/3940/3843 5071/3939/3842 5064/3938/3841
f 5066/3942/3845 5093/3941/3844 5068/3876/3784
f 5088/3945/3848 5102/3944/3847 5104/3943/3846
f 5055/3947/3850 5121/3564/3849 5112/3946/3211
f 5055/3947/3850 5062/3948/3851 5121/3564/3849
f 5138/3951/3854 5140/3950/3853 5147/3949/3852
f 5177/3625/3565 5143/3953/3856 5150/3952/3855
f 5196/3956/3859 5197/3955/3858 5174/3954/3857
f 5200/3959/55 5180/3958/3467 5173/3957/3860
f 76/2340/2360 5180/3958/3467 5200/3959/55
f 5221/3962/3863 5223/3961/3862 5220/3960/3861
f 5245/3964/3866 5248/3963/3865 5249/3741/3864
f 5264/3967/3869 5258/3966/3868 5261/3965/3867
f 5268/3743/3673 5281/3742/3672 5282/3968/3870
f 5299/3971/179 5230/3970/39 5424/3969/3871
f 5305/3061/3053 5307/3745/766 5308/2873/2846
f 5309/3973/3873 5321/3972/3872 5319/3570/3518
f 5334/3976/76 5349/3975/1932 5350/3974/3874
f 676/2862/1832 5333/3978/3876 5357/3977/3875
f 5336/2864/2848 5364/3980/3878 5362/3979/3877
f 5370/3983/3881 5369/3982/3880 5371/3981/3879
f 5398/3986/3884 5392/3985/3883 5393/3984/3882
f 5387/3989/3887 5386/3988/3886 5410/3987/3885
f 5427/3635/1932 5433/3633/3572 5434/3753/2831
f 5413/3992/3890 5415/3991/3889 5446/3990/3888
f 5463/3993/3891 5458/3756/3681 4156/3754/3679
f 5230/3970/39 5466/3995/3892 5231/3994/429
f 5512/3996/3893 5471/3525/3477 5475/3757/3682
f 5506/3999/3896 5502/3998/3895 5509/3997/3894
f 5513/4000/3897 5221/3962/3863 5512/3996/3893
f 5530/4003/3900 5524/4002/3899 5531/4001/3898
f 5548/4005/3902 5547/4004/3901 5213/3575/3523
f 5017/3896/2573 5016/3897/3803 5626/4006/94
f 5574/4008/3904 5575/4007/3903 5573/3764/3688
f 5579/4009/3905 5574/4008/3904 5593/3768/3232
f 5611/4010/3906 5607/3578/3526 5608/3639/3575
f 5608/3639/3575 5602/3576/3524 5628/4011/3907
f 5645/4013/3909 5644/3769/3692 5646/4012/3908
f 5606/3771/3887 5650/4014/3910 5651/3770/3910
f 5664/3642/3578 5661/3640/3576 5660/3773/1429
f 5681/4017/3913 5680/4016/3912 5687/4015/3911
f 5700/4018/3914 214/2438/2447 216/2436/2448
f 5693/4020/3916 5707/4019/3915 5712/3777/3699
f 5732/3643/3918 5698/3511/3463 5733/3542/3917
f 5718/4022/3920 5740/4021/3919 5664/3642/3578
f 5771/4025/3724 5769/4024/3921 5750/4023/3803
f 5792/4028/387 5793/4027/3923 5794/4026/3922
f 5794/4026/3922 5811/4030/3925 5795/4029/3924
f 5809/4033/3928 5779/4032/3927 5813/4031/3926
f 5842/3782/3704 5840/3783/3705 5843/4034/3929
f 5517/4037/3932 5856/4036/3931 5505/4035/3930
f 5871/4040/3935 5872/4039/3934 5873/4038/3933
f 5891/4043/3938 5893/4042/3937 5894/4041/3936
f 5907/3807/3730 5918/4044/3939 5911/3806/3729
f 5293/3586/3534 5900/3656/3591 5915/3585/3533
f 5938/3649/3585 107/2339/2361 5945/4045/3940
f 5959/4047/3943 5960/2249/3942 5961/4046/3941
f 5957/2247/2255 5950/3793/3714 5972/3658/3715
f 5984/4048/3944 5967/3261/3235 5981/3260/3234
f 5722/3515/3946 5673/4050/1201 5735/4049/3945
f 5/2250/2258 5747/4052/3948 5748/4051/3947
f 5681/4017/3913 5653/3797/3719 5777/3795/3717
f 5797/4054/3950 5778/4053/3949 5777/3795/3717
f 5813/4031/3926 5662/4056/3952 5807/4055/3951
f 5826/4058/3955 5829/3784/3954 5827/4057/3953
f 5844/4059/3957 5812/3798/3956 5843/4034/3929
f 5853/4061/305 5854/3803/3726 5855/4060/3958
f 5879/4064/549 5344/4063/3960 5864/4062/3959
f 5227/4066/3962 5852/4065/3961 5856/4036/3931
f 5916/4069/680 5917/4068/3098 5318/4067/3963
f 5931/4071/3965 5318/4067/3963 5924/4070/3964
f 5112/3946/3211 5942/3792/3713 5948/4072/9
f 5959/4047/3943 5957/2247/2255 5958/2245/2253
f 5965/3809/3732 5967/3261/3235 5964/4073/3966
f 5983/4048/3968 5962/3506/3458 5966/4074/3967
f 3620/4077/3813 3614/4076/3969 3615/4075/3807
f 3687/4080/3972 3640/4079/3971 3616/4078/3970
f 3920/3826/3740 3916/4082/3973 3918/4081/2027
f 3887/4085/3976 3948/4084/3975 3946/4083/3974
f 3838/4088/3979 3840/4087/3978 3855/4086/3977
f 1474/4089/3980 1400/3659/3594 1469/3543/3595
f 3844/4092/3982 3845/4091/3973 3846/4090/3981
f 3886/4094/3984 3887/4085/3976 3898/4093/3983
f 3938/3820/3740 3939/4096/3608 3940/4095/3609
f 3969/3547/3498 3978/4097/3985 3963/3546/3497
f 4191/4100/3988 4181/4099/3987 4189/4098/3986
f 3841/4102/2656 3855/4086/3977 3850/4101/3989
f 3883/4105/2060 3884/4104/3991 3885/4103/3990
f 3909/4107/3992 3856/4106/750 3840/4087/3978
f 3921/4110/3994 3899/4109/169 3901/4108/3993
f 3927/3591/3539 3929/3589/3537 3943/4111/3995
f 3879/3666/3601 3968/3827/260 3877/3667/3603
f 2650/4113/3998 2651/3284/3997 2652/4112/3996
f 4150/4116/4001 4149/4115/4000 4166/4114/3999
f 4209/4119/4004 4210/4118/4003 4211/4117/4002
f 4024/3832/3747 4012/4120/4005 4013/3817/1909
f 4024/3832/3747 4028/4121/4006 4031/3840/3754
f 4717/4122/4007 4734/3904/3809 4729/3834/3749
f 1536/4125/4010 1509/4124/4009 1449/4123/4008
f 4047/3672/3607 3924/3673/3608 3845/4091/3973
f 4305/4128/4013 4302/4127/4012 4306/4126/4011
f 4224/3861/4016 4321/4130/4015 4318/4129/4014
f 4321/4130/4015 4324/4131/4017 4320/3856/3768
f 4343/4132/4018 4606/3859/3771 4344/3860/3772
f 4356/4134/4020 4354/4133/4019 4355/3931/3834
f 4089/3844/3758 4091/4135/4021 4088/3829/3745
f 4106/4138/4024 4092/4137/4023 4107/4136/4022
f 4120/4140/1673 4118/4139/4025 4121/3937/1910
f 4125/4143/2717 4134/4142/4027 4122/4141/4026
f 4159/4146/4030 4160/4145/4029 4155/4144/4028
f 4144/4149/4032 4102/4148/2642 4175/4147/4031
f 4198/3850/3762 4200/3848/3760 4201/4150/4033
f 4205/4153/4034 4213/4152/822 4203/4151/2717
f 4083/4156/4037 4082/4155/4036 4218/4154/4035
f 4712/4158/4040 4713/3611/4039 4685/4157/4038
f 4719/3612/1857 4748/4159/4041 4747/3852/3764
f 4485/4162/4044 4463/4161/4043 4486/4160/4042
f 4285/4165/4047 4286/4164/4046 4287/4163/4045
f 4306/4126/4011 4302/4127/4012 4319/3857/3769
f 4309/3858/3770 4306/4126/4011 4319/3857/3769
f 4331/3607/3553 4332/4166/4048 4333/3609/3555
f 4312/4167/4049 4344/3860/3772 4316/3861/3773
f 4101/4170/4052 4362/4169/4051 4363/4168/4050
f 4380/4172/4055 4374/4171/4054 4375/3531/4053
f 4377/4173/4057 4381/3862/3774 4382/3863/4056
f 4393/3866/1168 4392/4174/4058 4391/3865/3777
f 4403/4177/4060 4404/4176/1346 4402/4175/4059
f 4409/4178/3055 4358/3864/3776 4402/4175/4059
f 4413/4181/483 4414/4180/4061 4415/4179/127
f 4413/4181/483 4415/4179/127 4424/4182/4062
f 4434/4185/4065 4430/4184/4064 4423/4183/4063
f 4433/4188/4068 4435/4187/4067 4436/4186/4066
f 4445/4191/4071 4446/4190/4070 4443/4189/4069
f 4444/4194/4074 4450/4193/4073 4439/4192/4072
f 4455/3693/3627 4453/4195/4075 4443/4189/4069
f 4461/4196/4076 4462/3682/2511 4463/4161/4043
f 4715/4198/4078 4712/4158/4040 4716/4197/4077
f 5077/4201/4081 5075/4200/4080 5074/4199/4079
f 4748/4159/4041 4753/4202/4082 4747/3852/3764
f 4782/3695/3630 4775/3694/3628 4798/4203/3775
f 4552/4205/4085 4553/3594/4084 4549/4204/4083
f 4553/3594/4084 4568/4207/4087 4554/4206/4086
f 4572/4208/4088 1258/3288/3257 665/2845/2833
f 4225/3697/1675 4582/3881/3789 4231/4209/3631
f 4954/4210/4089 4423/4183/4063 4849/3926/3829
f 4599/3882/3790 4470/4212/4091 4597/4211/4090
f 4606/3859/3771 4605/4213/4092 4581/3698/3632
f 4470/4212/4091 4601/3883/3791 4602/4214/97
f 4617/4217/4095 4614/4216/4094 4616/4215/4093
f 4623/4218/4096 4457/3692/3626 185/2415/2423
f 185/2415/2423 4626/4219/4097 4623/4218/4096
f 4641/3891/3799 4640/4220/4098 4642/3890/3798
f 4639/4223/4101 4630/4222/4100 4629/4221/4099
f 4637/3700/3634 4641/3891/3799 4645/3889/3797
f 4657/4225/4103 4588/4224/4102 4653/3888/3796
f 4660/4228/513 4661/4227/3481 4662/4226/4104
f 4670/4231/517 3726/4230/4105 4671/4229/3776
f 4678/3895/1604 4681/4232/4106 4555/3894/3802
f 4676/4234/2981 4674/4233/3141 4515/3683/2575
f 5017/3896/2573 5018/4235/4107 5015/3898/3804
f 4695/4238/4110 4682/4237/4109 4547/4236/4108
f 4686/4241/4113 4672/4240/4112 4684/4239/4111
f 4709/4243/4115 4708/4242/4114 4710/3706/3639
f 4722/3895/4117 4724/4244/4116 4681/4232/4106
f 4682/4237/4109 4726/4246/4119 4728/4245/4118
f 4676/4234/2981 4675/3905/3810 4734/3904/3809
f 4747/3852/3764 4685/4157/4038 4713/3611/4039
f 3979/3907/3813 4768/4247/4120 4766/3708/3812
f 4787/4248/4122 4781/3606/4121 4782/3695/3630
f 4798/4203/3775 4775/3694/3628 4755/4249/3513
f 4813/4252/4125 4816/4251/4124 4817/4250/4123
f 4755/4249/3513 4751/4254/1498 4822/4253/4126
f 4831/4253/1333 4832/4256/332 4833/4255/363
f 4805/4257/4127 4801/3710/3643 4820/3711/3644
f 4807/3712/3645 4846/4258/4128 4820/3711/3644
f 4862/4259/4129 4858/3714/3647 4853/3715/125
f 4874/4262/4132 4348/4261/4131 4875/4260/4130
f 4894/4265/4133 4895/4264/4133 4896/4263/4133
f 4898/3915/3819 4908/4267/4135 4909/4266/4134
f 4924/3622/3563 4925/3623/2085 4926/4268/4136
f 5001/4271/4139 4932/4270/4138 4911/4269/4137
f 4863/4273/4141 4893/3918/3822 4905/4272/4140
f 4939/4276/4144 4856/4275/4143 4857/4274/4142
f 4949/4279/4147 4950/4278/4146 4951/4277/4145
f 4875/4260/4130 4912/4280/4148 4874/4262/4132
f 4959/4282/4150 4964/3705/3638 4960/4281/4149
f 4989/4284/4153 4971/4283/4152 4972/3513/4151
f 4983/4286/4155 4984/4285/4154 4355/3931/3834
f 5008/4288/4157 4422/4287/4156 4386/3927/3830
f 5034/4289/4158 4969/3932/3835 5003/3933/3836
f 5021/4291/4160 5020/4290/4159 5019/3725/3656
f 4422/4287/4156 5008/4288/4157 4852/4292/4161
f 5031/4295/4164 5011/4294/4163 5014/4293/4162
f 5039/3936/3839 5038/3722/3653 5041/3551/780
f 5040/4297/4166 4121/3937/1910 5577/4296/4165
f 5055/3947/3850 5056/4299/1169 5046/4298/4167
f 5060/4301/4169 5064/3938/3841 5061/4300/4168
f 5072/4303/4171 5065/4302/4170 5064/3938/3841
f 5023/3935/3838 5082/4304/4172 5019/3725/3656
f 5076/4306/4174 5089/4305/4173 5071/3939/3842
f 5098/4308/4176 5095/4307/4175 5074/4199/4079
f 5091/3730/3661 4992/4310/4178 5101/4309/4177
f 4994/4313/4181 5107/4312/4180 4914/4311/4179
f 5122/3734/4183 5117/3564/3512 5123/4314/4182
f 4990/4315/4184 5095/4307/4175 5098/4308/4176
f 5102/3944/3847 5021/4291/4160 5019/3725/3656
f 5130/4318/4186 5131/4317/4185 5132/4316/3856
f 5137/4319/4187 5148/3949/3663 5119/3733/3664
f 5141/4322/4189 5139/4321/4188 5154/4320/2883
f 5159/4325/4192 5134/4324/4191 5133/4323/4190
f 5170/4326/2350 5120/3732/3663 5119/3733/3664
f 5173/3957/3860 5179/4328/4193 5171/4327/2289
f 5189/4330/2994 5190/4329/4195 5191/3896/4194
f 5200/3959/55 5173/3957/3860 5199/4331/3757
f 560/2747/2732 559/2741/2734 5204/4332/4196
f 76/2340/2360 5200/3959/55 536/2727/2718
f 5175/3954/4197 5152/3739/3669 5195/3740/3670
f 5225/4334/4199 5221/3962/3863 5226/4333/4198
f 5235/4337/4202 4789/4336/4201 5236/4335/4200
f 5424/3969/3871 5249/3741/3864 5248/3963/3865
f 5251/4340/4205 5253/4339/4204 5255/4338/4203
f 5264/3967/3869 5265/4341/4206 5258/3966/3868
f 5245/3964/3866 5246/4342/4208 5276/3971/4207
f 5283/4345/4210 5284/4344/4209 5285/4343/778
f 5214/3586/4212 5216/4347/4211 5271/4346/3146
f 5299/3971/179 5424/3969/3871 5248/3963/3865
f 5303/4349/4214 5259/4348/4213 5258/3966/3868
f 5309/3973/3873 5308/2873/2846 5307/3745/766
f 5313/4352/4217 5316/4351/4216 5300/4350/4215
f 5319/3570/3518 5322/4353/4218 5343/3572/3520
f 5335/4354/3053 5333/3978/3876 5336/2864/2848
f 5351/4355/4219 5350/3974/3874 5349/3975/1932
f 5354/3571/3519 5341/4357/4221 5355/4356/4220
f 5327/4360/4224 5298/4359/4223 5295/4358/4222
f 5361/4361/4225 676/2862/1832 5357/3977/3875
f 5365/3747/3319 5363/3647/3583 5867/3645/3581
f 5323/4362/4227 5350/3974/3874 5367/4353/4226
f 5372/3981/222 5334/3976/76 5350/3974/3874
f 5380/4365/4230 5381/4364/4229 5382/4363/4228
f 5395/4368/4233 5401/4367/4232 5399/4366/4231
f 5401/4367/4232 5405/4370/3885 5402/4369/4234
f 5413/3992/3890 5398/3986/3884 5414/4371/4235
f 5420/4374/4236 5394/4373/28 5423/4372/2123
f 5437/4376/4237 5428/3634/3088 5425/4375/2072
f 5381/4364/4229 5444/4377/4238 5382/4363/4228
f 5419/4379/4240 5449/4378/4239 5415/3991/3889
f 4171/4381/4243 5443/4380/4242 5456/3851/4241
f 5461/4383/4245 5460/4382/4244 4156/3754/3679
f 5231/3994/429 5381/4364/4229 5380/4365/4230
f 3921/4110/3994 5467/3741/4246 5426/4384/1815
f 5480/4387/4249 5481/4386/4248 5482/4385/4247
f 5490/4390/4251 5491/4389/2118 5492/4388/4250
f 5501/4391/4252 5488/3524/3476 5502/3998/3895
f 5497/3998/4255 5507/4392/4254 5510/3997/4253
f 5512/3996/3893 5221/3962/3863 5507/4392/4254
f 5514/4393/4256 5221/3962/3863 5225/4334/4199
f 5417/4396/43 5416/4395/1370 5528/4394/4257
f 5529/4399/4259 5532/4398/1351 5156/4397/4258
f 5524/4002/3899 5536/4400/4260 5531/4001/3898
f 5548/4005/3902 5551/4401/4261 5547/4004/3901
f 5553/4401/180 5498/4403/1537 5546/4402/83
f 5559/4406/4264 5560/4405/4263 5558/4404/4262
f 5566/4409/4267 5568/4408/4266 5567/4407/4265
f 4118/4139/4025 5576/4410/4268 5577/4296/4165
f 5583/4411/4269 5573/3764/3688 5571/3765/3689
f 5574/4008/3904 5591/4412/3796 5593/3768/3232
f 5600/4414/4271 5581/4413/4270 5593/3768/3232
f 5593/3768/3232 5612/3766/3690 5609/4415/4272
f 5617/4418/4275 5468/4417/4274 5570/4416/4273
f 5629/4420/4278 5630/4419/4277 5631/4014/4276
f 5611/4010/3906 5608/3639/3575 5638/4421/4279
f 5561/4424/4281 5647/4423/4280 5648/4422/3908
f 5600/4414/4271 5623/4426/4283 5649/4425/4282
f 5631/4014/4276 5646/4012/3908 5643/3770/3693
f 5659/4428/4285 5657/4427/4284 5656/3772/3695
f 5666/4430/4287 5669/4429/4286 5662/4056/3952
f 5677/4433/4288 4448/4432/605 5676/4431/4126
f 5683/4434/4289 5687/4015/3911 5680/4016/3912
f 5687/4015/3911 5654/4435/4290 5681/4017/3913
f 5701/4438/4293 5702/4437/4292 5703/4436/4291
f 5693/4020/3916 5690/4439/4294 5706/4436/503
f 5713/4441/4296 5654/4435/4290 5696/4440/4295
f 5673/4050/1201 5722/3515/3946 5723/4442/4297
f 5698/3511/3463 5699/3775/3697 5733/3542/3917
f 5725/3517/3469 5736/4443/4298 5726/3516/3468
f 5742/4052/4300 5743/4445/4299 5744/4444/4299
f 5756/4448/4303 5755/4447/4302 5757/4446/4301
f 5770/3778/3700 5772/4449/4304 5760/3780/3702
f 5786/4452/4307 5774/4451/4306 5775/4450/4305
f 5792/4028/387 5794/4026/3922 5795/4029/3924
f 5800/3644/3580 5799/3781/3703 5796/4453/4308
f 5811/4030/3925 5812/3798/3956 5789/4454/4309
f 5820/4456/4311 5659/4428/4285 5819/4455/4310
f 5791/4459/4314 5822/4458/4313 5790/4457/4312
f 5837/4462/4317 5838/4461/4316 5846/4460/4315
f 5845/4463/4318 5844/4059/3957 5843/4034/3929
f 5818/4466/4321 5847/4465/4320 5848/4464/4319
f 5857/4467/2848 5853/4061/305 5486/3636/2116
f 5853/4061/305 5855/4060/3958 5484/4468/4322
f 5874/3790/3712 5875/4470/4324 5884/4469/4323
f 5347/3581/3529 5883/4472/4326 5882/4471/4325
f 5895/4473/4327 5874/3790/3712 5896/3788/3710
f 5233/3761/3685 5227/4066/3962 5856/4036/3931
f 5912/4476/4328 5913/4475/4328 5914/4474/4328
f 5927/4479/4331 5925/4478/4330 5902/4477/4329
f 5932/4482/4333 5933/4481/4332 5934/4480/4146
f 78/2339/2359 5937/3808/4334 77/2336/2356
f 5940/3650/1500 5944/3648/3584 5946/4483/4335
f 5942/3792/3713 5951/4484/1671 5948/4072/9
f 5962/3506/3458 5989/3507/3459 5966/4074/3967
f 5969/4486/4336 5961/4046/3941 5970/4485/2367
f 5959/4047/3943 5973/4487/4337 5957/2247/2255
f 5768/4490/4340 5767/4489/4339 5978/4488/4338
f 5995/3264/3237 5981/3260/3234 5985/3263/3236
f 5992/3413/387 5988/2443/2454 4941/4491/4341
f 5737/4492/322 5735/4049/3945 5673/4050/1201
f 5738/4021/4342 5735/4049/3945 5737/4492/322
f 5749/4447/4344 5750/4023/3803 5751/4493/4343
f 5756/4448/4303 5765/4495/4346 5766/4494/4345
f 5784/4496/3691 5766/4494/4345 5773/4449/1017
f 2430/4497/4347 1321/3414/3377 1322/3415/3378
f 255/2474/2481 251/2475/2482 5798/4498/4348
f 5803/4499/4349 5792/4028/387 5795/4029/3924
f 5789/4454/4309 5795/4029/3924 5811/4030/3925
f 5657/4427/4284 5821/4501/4351 5824/4500/4350
f 5668/4503/4352 5830/4502/2596 5669/4429/4286
f 5786/4452/4307 5832/4505/4354 5785/4504/4353
f 5843/4034/3929 5812/3798/3956 5811/4030/3925
f 5653/3797/3719 5657/4427/4284 5824/4500/4350
f 5856/4036/3931 5517/4037/3932 5233/3761/3685
f 5484/4468/4322 5486/3636/2116 5853/4061/305
f 5880/4507/4356 5881/4506/4355 5344/4063/3960
f 5887/4510/4359 5888/4509/4358 5889/4508/4357
f 5227/4066/3962 5882/4471/4325 5883/4472/4326
f 5904/4513/4362 5905/4512/4361 5906/4511/4360
f 5918/4044/3939 5905/4512/4361 5919/4514/4363
f 5910/4516/4365 5926/4515/4364 5927/4479/4331
f 5300/4350/4215 5920/4518/4367 5292/4517/4366
f 5936/4516/179 5895/4473/4327 5896/3788/3710
f 5945/4045/3940 107/2339/2361 5943/3658/3593
f 25/2269/86 5957/2247/2255 5943/3658/3593
f 5966/4074/3967 5963/4519/4368 5964/4073/3966
f 5969/4486/4336 5959/4047/3943 5961/4046/3941
f 5974/4484/4369 5950/3793/3714 5957/2247/2255
f 5976/4521/4371 5973/4487/4337 5977/4520/4370
f 5967/3261/3235 5983/4048/3968 5966/4074/3967
f 5976/4521/4371 5977/4520/4370 4940/4522/4372
f 3616/4078/3970 3620/4077/3813 3615/4075/3807
f 3640/4079/3971 3620/4077/3813 3616/4078/3970
f 1473/4523/4373 1471/3544/3496 1470/3545/554
f 3852/4526/795 3853/4525/4375 3854/4524/4374
f 3930/3663/3599 3881/3664/2509 3947/4527/4376
f 3864/4530/4379 3865/4529/4378 3866/4528/4377
f 3724/4532/4381 3725/4531/4380 3726/4230/4105
f 4002/3819/4383 3949/4534/2008 4003/4533/4382
f 3895/4537/4386 3896/4536/4385 3897/4535/4384
f 3924/3673/3608 3925/4538/1074 3845/4091/3973
f 3973/4541/4389 3972/4540/4388 3975/4539/4387
f 4163/4543/4392 4164/4542/4391 4162/3847/4390
f 3847/4546/4395 3848/4545/4394 3849/4544/4393
f 3858/4547/4396 3585/3813/3605 3587/3811/3734
f 3892/4550/4398 3893/4549/1608 3904/4548/4397
f 3909/4107/3992 3915/4552/4400 3914/4551/4399
f 3933/4555/4402 3932/4554/4393 3942/4553/4401
f 3956/4558/4404 3957/4557/2800 3958/4556/4403
f 3977/4559/4405 3615/4075/3807 3979/3907/3813
f 4143/4560/4028 4149/4115/4000 4150/4116/4001
f 4087/4562/4407 4144/4149/4032 4176/4561/4406
f 3838/4088/3979 3839/4563/4408 3840/4087/3978
f 3856/4106/750 3857/4101/4409 3840/4087/3978
f 3862/4088/3638 3870/4565/4411 3588/4564/4410
f 3841/4102/2656 3888/4566/4412 3860/4565/1928
f 3899/4109/169 3900/4567/4413 3901/4108/3993
f 3843/3660/3596 3910/4568/2682 3876/3816/3736
f 3916/4082/3973 3917/4569/4414 3918/4081/2027
f 3922/4570/4415 3898/4093/3983 3945/3567/3515
f 3931/4548/4400 3932/4554/4393 3933/4555/4402
f 3938/3820/3740 3937/3821/1074 3939/4096/3608
f 3866/4528/4377 3865/4529/4378 3951/4571/4416
f 3970/4574/4418 3953/4573/4418 3971/4572/4417
f 3955/4576/4420 3954/4575/4419 3978/4097/3985
f 4124/4578/2563 4115/3549/3499 4127/4577/4421
f 4142/4580/3986 4143/4560/4028 4141/4579/4029
f 3962/3527/2035 3961/3528/3479 4169/4543/2684
f 4131/4582/4423 4138/4581/4422 4187/4100/3744
f 4108/4583/4424 4116/3599/3546 4109/3597/3544
f 4018/3670/3605 4019/4585/4426 4020/4584/4425
f 4219/4587/4427 4097/4586/3513 4099/4154/3139
f 4029/4589/2450 4028/4121/4006 4027/4588/4428
f 4703/4592/4430 4711/4591/4429 4699/4590/3492
f 4237/4595/4433 4238/4594/4432 4239/4593/4431
f 1405/3481/1716 1406/3480/3432 1532/4596/4434
f 4040/4599/4436 4034/4598/3609 4041/4597/4435
f 4804/4601/4439 4806/4228/4438 4802/4600/4437
f 4048/3839/791 4029/4589/2450 4047/3672/3607
f 3912/3814/3609 4054/4602/4440 3876/3816/3736
f 4288/4604/4442 4293/4603/4441 4290/3602/3548
f 4301/4606/4444 4307/4605/4443 4302/4127/4012
f 4048/3839/791 4064/4607/4445 4029/4589/2450
f 1534/4609/4448 1533/3481/4447 1680/4608/4446
f 4067/3841/3755 4048/3839/791 4047/3672/3607
f 4602/4214/97 4601/3883/3791 4603/4610/4449
f 4334/4612/4451 4332/4166/4048 4336/4611/4450
f 4337/3676/3611 4339/3677/3612 4304/3842/3756
f 4349/4613/2142 4347/4185/4452 4346/3603/3549
f 4353/4614/4453 4360/3873/3782 4634/3558/3507
f 4081/4616/4456 4078/4586/4455 4080/4615/4454
f 4094/4616/4459 4095/4617/4458 4096/4586/4457
f 4094/4616/4459 4101/4170/4052 4095/4617/4458
f 4092/4137/4023 4106/4138/4024 4093/3550/3500
f 4092/4137/4023 4093/3550/3500 4113/3551/3501
f 4114/4618/3904 4122/4141/4026 4093/3550/3500
f 4116/3599/3546 4126/3823/3741 4117/3598/3545
f 4123/3845/3759 4126/3823/3741 4135/4619/4460
f 4086/4620/4461 4144/4149/4032 4087/4562/4407
f 4159/4146/4030 4161/4543/4462 4160/4145/4029
f 4163/4543/4392 4170/4621/4463 4164/4542/4391
f 4180/4624/3609 4173/4623/4000 4172/4622/4464
f 4188/4625/4466 4189/4098/3986 4190/4099/4465
f 4084/4626/4467 4108/4583/4424 4082/4155/4036
f 4202/4151/4468 4116/3599/3546 4108/4583/4424
f 4196/3681/3617 4152/3679/3615 4151/4627/4469
f 4216/4628/4470 4003/4533/4382 3949/4534/2008
f 4170/4621/4463 4171/4381/4243 4168/3851/4241
f 4470/4212/4091 4471/4630/4472 4598/4629/4471
f 4224/3861/4016 4580/3696/3631 4225/3697/1675
f 4726/4246/4119 4682/4237/4109 4695/4238/4110
f 4750/4631/4473 4751/4254/1498 675/2857/2830
f 4474/4632/4474 4461/4196/4076 4485/4162/4044
f 4826/4634/4476 4787/4248/4122 4808/4633/4475
f 4547/4236/4108 4554/4206/4086 4555/3894/3802
f 4288/4604/4442 4283/4636/4478 4284/4635/4477
f 4289/4637/4480 4294/4603/4479 4288/4604/4442
f 4308/4603/4481 4306/4126/4011 4309/3858/3770
f 4310/3687/3621 4301/4606/4444 4315/3686/3620
f 4317/4638/4482 4310/3687/3621 4323/3685/3619
f 4325/4636/1305 4290/3602/3548 4291/4639/1902
f 4334/4612/4451 4286/4164/4046 4330/4166/4483
f 4337/3676/3611 4336/4611/4450 4338/3675/3610
f 4249/4641/4485 4151/4627/4469 4250/4640/4484
f 4353/4614/4453 4329/3610/3556 4286/4164/4046
f 4634/3558/3507 4361/3871/773 4365/4642/4486
f 1458/4645/513 1457/4644/4487 1461/4643/513
f 4376/4171/4488 4377/4173/4057 4369/3531/3482
f 4377/4173/4057 4359/3530/3481 4369/3531/3482
f 4383/3867/3778 4381/3862/3774 4378/4646/4489
f 4387/4648/4491 4386/3927/3830 4388/4647/4490
f 4291/4639/1902 4394/4649/4492 4325/4636/1305
f 4398/4652/4495 4399/4651/4494 4400/4650/4493
f 4400/4650/4493 4405/4653/4496 4398/4652/4495
f 4407/4654/2582 4359/3530/3481 4358/3864/3776
f 4396/4652/1087 4410/4656/4498 4397/4655/4497
f 4398/4652/4495 4405/4653/4496 4411/4657/4499
f 4358/3864/3776 4416/4658/4501 4412/4180/4500
f 4383/3867/3778 4419/4659/4502 4381/3862/3774
f 4425/4660/4503 4424/4182/4062 4415/4179/127
f 4430/4184/4064 4422/4287/4156 4423/4183/4063
f 4436/4186/4066 4431/4661/4504 4433/4188/4068
f 4437/4649/4505 4439/4192/4072 4438/4662/790
f 4430/4184/4064 4434/4185/4065 4435/4187/4067
f 4445/4191/4071 4410/4656/4498 4411/4657/4499
f 4405/4653/4496 4446/4190/4070 4445/4191/4071
f 4437/4649/4505 4444/4194/4074 4439/4192/4072
f 4360/3873/3782 4450/4193/4073 4451/3872/3781
f 4444/4194/4074 4453/4195/4075 4451/3872/3781
f 4459/3653/1078 4455/3693/3627 4443/4189/4069
f 4455/3693/3627 4457/3692/3626 4456/4663/4506
f 4707/3600/4509 4706/4665/4508 4700/4664/4507
f 4475/4666/4510 4461/4196/4076 4474/4632/4474
f 4485/4162/4044 4486/4160/4042 4487/4667/4511
f 4726/4246/4119 4697/4668/875 4723/3835/4512
f 4731/3833/3748 4729/3834/3749 4734/3904/3809
f 4737/3601/3547 4705/3600/42 4740/4669/4513
f 4755/4249/3513 4754/4670/4356 4751/4254/1498
f 4685/4157/4038 4753/4202/4082 4764/4671/4514
f 4799/4673/4516 4797/4672/4515 4792/3879/3787
f 4767/3906/3811 4819/3614/3558 4737/3601/3547
f 4554/4206/4086 4549/4204/4083 4553/3594/4084
f 4552/4205/4085 4461/4196/4076 4556/3837/3752
f 4569/4675/4518 4571/4674/4517 4566/3880/3788
f 1258/3288/3257 4572/4208/4088 4573/3853/893
f 4475/4666/4510 4474/4632/4474 4472/4676/1521
f 1173/3285/1779 1258/3288/3257 4579/4677/3875
f 4231/4209/3631 4582/3881/3789 4583/4678/4445
f 4585/3887/3795 4589/4679/2818 4583/4678/4445
f 4853/3715/125 4854/3713/3646 4855/4680/4519
f 4595/4682/4521 4596/4681/4520 4597/4211/4090
f 1533/3481/4447 4601/3883/3791 4600/3884/3792
f 4886/4683/4522 4348/4261/4131 4434/4185/4065
f 4581/3698/3632 4605/4213/4092 4607/4684/4523
f 4610/4685/4524 4608/3885/3793 4607/4684/4523
f 4585/3887/3795 4608/3885/3793 4584/4686/4525
f 4613/3557/3506 4616/4215/4093 4608/3885/3793
f 4613/3557/3506 4618/3533/3484 4616/4215/4093
f 4588/4224/4102 4621/4687/4526 4620/3892/3800
f 4624/4218/4528 4458/4688/4527 4457/3692/3626
f 185/2415/2423 192/2416/2424 4627/4689/4529
f 4631/4691/4531 4624/4218/4528 4632/4690/4530
f 4634/3558/3507 4365/4642/4486 4635/3701/2148
f 4630/4222/4100 4641/3891/3799 4643/4690/4532
f 4630/4222/4100 4640/4220/4098 4641/3891/3799
f 4648/4223/4535 4649/4693/4534 4650/4692/4533
f 4650/4692/4533 4644/4694/4536 4640/4220/4098
f 4652/4695/4537 4645/3889/3797 4644/4694/4536
f 4654/4698/4540 4651/4697/4539 4655/4696/4538
f 4656/4699/4541 4657/4225/4103 4653/3888/3796
f 4619/3534/3485 4659/3535/3486 4638/3699/3633
f 4576/4701/4543 666/2849/2838 4663/4700/4542
f 4665/4703/4545 4664/4702/4544 667/2848/2837
f 4672/4240/4112 4669/4241/4546 4661/4227/3481
f 4667/3902/3807 4678/3895/1604 4679/3893/3801
f 4676/4234/2981 4517/4705/2971 4680/4704/4547
f 4687/4706/4548 4661/4227/3481 4671/4229/3776
f 4971/4283/4152 5003/3933/3836 4968/3934/3837
f 4661/4227/3481 4674/4233/3141 4673/4707/4549
f 4681/4232/4106 4547/4236/4108 4555/3894/3802
f 5029/4710/4552 5022/4709/4551 5028/4708/4550
f 4548/4711/4553 4547/4236/4108 4682/4237/4109
f 4701/3899/923 4667/3902/3807 4666/3901/3806
f 4672/4240/4112 4703/4592/4430 4684/4239/4111
f 4700/4664/4507 4706/4665/4508 4708/4242/4114
f 4734/3904/3809 4672/4240/4112 4735/4712/4554
f 4707/3600/4509 4714/4713/4555 4706/4665/4508
f 4723/3835/4512 4681/4232/4106 4724/4244/4116
f 4721/3903/3808 4718/3613/3331 4717/4122/4007
f 4675/3905/3810 4728/4245/4118 4726/4246/4119
f 5078/4714/4556 5065/4302/4170 5072/4303/4171
f 4676/4234/2981 4734/3904/3809 4735/4712/4554
f 4741/3911/3816 4742/4715/3088 4743/3910/3815
f 4752/3707/4557 4748/4159/4041 4719/3612/1857
f 4759/4718/4560 4758/4717/4559 4757/4716/4558
f 4762/4719/4561 4767/3906/3811 4766/3708/3812
f 4771/4721/4562 3979/3907/3813 4777/4720/1832
f 4786/3606/3552 4788/4248/4563 4783/3556/3505
f 4791/3878/3786 4792/3879/3787 4800/3908/3323
f 4808/4633/4475 4787/4248/4122 4782/3695/3630
f 4813/4252/4125 4773/4723/1930 4780/4722/1619
f 4762/4719/4561 4761/3709/3642 4736/3559/3508
f 4818/3559/4565 4769/4724/4564 4719/3612/1857
f 4755/4249/3513 4823/4255/4567 4824/4725/4566
f 4823/4255/4567 4827/4727/4568 4825/4726/1646
f 4831/4253/1333 4834/4728/4569 4832/4256/332
f 4802/4600/4437 4806/4228/4438 4837/3913/3818
f 4840/3914/4570 4841/4729/4570 4842/4157/4570
f 4796/4247/4572 4843/4730/4571 4797/4672/4515
f 4844/4732/4574 4796/4247/4572 4847/4731/4573
f 4768/4247/4120 3615/4075/3807 4848/4076/880
f 5013/4735/4576 4859/4734/4575 4864/4733/3653
f 4912/4280/4148 4872/4737/4578 4873/4736/4577
f 4882/3719/4580 4876/3925/3828 4877/4738/4579
f 4348/4261/4131 4886/4683/4522 4875/4260/4130
f 4897/4739/4581 4857/4274/4142 4860/3917/3821
f 4899/4740/4584 4903/4266/4583 4904/3919/4582
f 4910/4741/4585 4908/4267/4135 4898/3915/3819
f 5107/4312/4180 4913/4742/4586 4914/4311/4179
f 4927/4745/4589 4928/4744/4588 4929/4743/4587
f 4911/4269/4137 4932/4270/4138 4933/4746/412
f 4996/4748/4592 4902/4747/4591 4934/3918/4590
f 4936/2444/2455 4937/3924/3827 4915/3617/3561
f 4863/4273/4141 4996/4748/4592 4934/3918/4590
f 4939/4276/4144 4946/4680/4593 4856/4275/4143
f 4907/3721/3652 5013/4735/4576 4864/4733/3653
f 4884/4751/4596 4851/4750/4595 4885/4749/4594
f 4952/3720/4597 4951/4277/4145 4950/4278/4146
f 4955/4752/4598 4875/4260/4130 4954/4210/4089
f 4912/4280/4148 4948/3720/2535 4956/4753/4599
f 4957/4278/127 4910/4741/4585 4868/4754/4600
f 4961/4756/4602 4962/4755/4601 4963/3930/3833
f 4961/4756/4602 4967/3514/3466 4965/4757/4603
f 4973/3512/3464 4965/4757/4603 4967/3514/3466
f 1383/3463/3385 1465/3545/3536 1382/3461/3415
f 4982/4758/4604 4970/3562/3510 4984/4285/4154
f 4988/4760/3780 4986/4289/2147 4987/4759/94
f 4990/4315/4184 5024/4761/4606 4991/4290/4605
f 4995/4762/4607 4996/4748/4592 4863/4273/4141
f 5002/3933/795 4989/4284/4153 4986/4289/2147
f 4883/4763/4608 5011/4294/4163 5013/4735/4576
f 5025/4765/4609 5024/4761/4606 4993/4764/3439
f 5029/4710/4552 5028/4708/4550 5012/3704/3637
f 5007/3928/3831 4883/4763/4608 5008/4288/4157
f 5005/4768/4612 5036/4767/4611 5006/4766/4610
f 5032/3724/3655 5030/4710/4613 5036/4767/4611
f 5038/3722/3653 4977/3522/3474 4979/3521/3472
f 5037/4295/4614 4859/4734/4575 5013/4735/4576
f 5042/4762/795 5000/4770/1908 4999/4769/4615
f 4859/4734/4575 5025/4765/4609 4995/4762/4607
f 5045/4771/4616 5046/4298/4167 5048/3726/3657
f 5057/4772/1169 5055/3947/3850 5948/4072/9
f 5058/4774/4618 5059/4773/4617 5050/3621/3562
f 5050/3621/3562 5052/3619/1089 5060/4301/4169
f 5052/3619/1089 5064/3938/3841 5060/4301/4169
f 5073/4775/4619 5074/4199/4079 5075/4200/4080
f 5065/4302/4170 5079/4777/4621 5126/4776/4620
f 5084/4779/4623 5081/4778/4622 5082/4304/4172
f 5083/4781/2573 5087/4780/4624 5080/3738/3668
f 5072/4303/4171 5094/4305/4625 5078/4714/4556
f 5095/4307/4175 5091/3730/3661 5090/3731/3662
f 5099/4782/4627 5100/3729/4626 5101/4309/4177
f 5101/4309/4177 5100/3729/4626 5091/3730/3661
f 5021/4291/4160 5102/3944/3847 5105/4309/4628
f 5082/4304/4172 5078/4714/4556 5019/3725/3656
f 5110/4785/4629 5111/4784/1160 5108/4783/1160
f 5110/4785/4629 5108/4783/1160 5113/4786/4355
f 5117/3564/3512 5122/3734/4183 5115/3566/3514
f 5053/3728/3659 5063/4787/4630 5054/3727/3658
f 4990/4315/4184 5114/4788/4631 4994/4313/4181
f 4940/4522/4372 5109/4789/4355 5976/4521/4371
f 5119/3733/3664 5118/3734/969 5128/4790/3669
f 5123/4314/4182 5127/4790/4632 5122/3734/4183
f 5138/3951/3854 5133/4323/4190 5134/4324/4191
f 5141/4322/4189 5135/4791/4633 5139/4321/4188
f 5148/3949/3663 5149/4326/4634 5119/3733/3664
f 5152/3739/3669 5137/4319/4187 5119/3733/3664
f 5187/4793/4636 5153/4792/4635 5140/3950/3853
f 5130/4318/4186 5132/4316/3856 5156/4397/4258
f 5162/4796/4639 5160/4795/4638 5161/4794/4637
f 5164/4799/3665 5165/4798/4640 5166/4797/325
f 5120/3732/3663 5173/3957/3860 5171/4327/2289
f 5162/4796/4639 5174/3954/3857 5160/4795/4638
f 5182/4801/4642 5180/3958/3467 5181/4800/4641
f 5149/4326/4634 5184/4802/3544 5185/4331/1738
f 5193/4803/4643 5190/4329/4195 5189/4330/2994
f 5197/3955/3858 5193/4803/4643 5189/4330/2994
f 5186/4805/4644 5187/4793/4636 5201/4804/4196
f 5202/4806/4645 5201/4804/4196 558/2746/2738
f 499/2756/2748 552/2739/2732 5166/4797/325
f 5172/4808/4445 5205/4807/4646 5116/3565/3513
f 5207/4810/4648 5208/4809/4647 5202/4806/4645
f 5165/4798/4640 499/2756/2748 5166/4797/325
f 5193/4803/4643 5197/3955/3858 5196/3956/3859
f 5217/3961/4650 5219/4811/4649 5220/3960/3861
f 5221/3962/3863 5220/3960/3861 5226/4333/4198
f 5227/4066/3962 5232/3759/3176 5228/4333/4651
f 5239/4813/4653 5240/4812/4652 5241/3537/3489
f 1466/4816/4487 1467/4815/3378 1468/4814/4654
f 4810/4336/4657 5254/4818/4656 5250/4817/4655
f 5254/4818/4656 5252/4819/647 5250/4817/4655
f 5252/4819/647 5254/4818/4656 5256/4820/4658
f 5261/3965/3867 5258/3966/3868 5257/4820/4659
f 5262/4822/4661 5234/4821/4660 5264/3967/3869
f 5244/4825/4663 5267/4824/308 5218/4823/4662
f 5248/3963/3865 5245/3964/3866 5276/3971/4207
f 5270/3538/3490 5272/3539/3491 5268/3743/3673
f 5287/4828/4666 5288/4827/4665 5289/4826/4664
f 5292/4517/4366 5294/3657/3592 5286/4829/4667
f 5218/4823/4662 5267/4824/308 5219/4811/4649
f 5275/4832/4670 5296/4831/4669 5222/4830/4668
f 5300/4350/4215 5291/4833/4671 5289/4826/4664
f 5302/4836/4674 5280/4835/4673 5279/4834/4672
f 5265/4341/4206 5303/4349/4214 5258/3966/3868
f 5300/4350/4215 5289/4826/4664 5303/4349/4214
f 5265/4341/4206 5311/4837/4675 5303/4349/4214
f 5312/4839/4677 5315/4838/4676 5313/4352/4217
f 5316/4351/4216 5313/4352/4217 5317/4840/4678
f 5321/3972/3872 5309/3973/3873 5307/3745/766
f 5324/4842/4681 5325/3746/4680 5326/4841/4679
f 5327/4360/4224 5331/4843/4683 5328/4840/4682
f 5337/3746/305 5338/3748/3675 5305/3061/3053
f 5342/4844/4684 5341/4357/4221 5343/3572/3520
f 5351/4355/4219 5352/4844/4686 5353/4845/4685
f 5327/4360/4224 5329/4846/4687 5298/4359/4223
f 5354/3571/3519 5343/3572/3520 5341/4357/4221
f 5320/3632/3571 5354/3571/3519 5356/4847/4688
f 5338/3748/3675 5358/4848/4689 5306/3744/1931
f 5360/4844/4691 5351/4355/4219 5348/4849/4690
f 5335/4354/3053 5336/2864/2848 5348/4849/4690
f 5362/3979/3877 5348/4849/4690 5336/2864/2848
f 5364/3980/3878 5356/4847/4688 5362/3979/3877
f 5321/3972/3872 5323/4362/4227 5322/4353/4218
f 5364/3980/3878 5320/3632/3571 5368/4847/4692
f 5364/3980/3878 5309/3973/3873 5320/3632/3571
f 5372/3981/222 5350/3974/3874 5358/4848/4689
f 5358/4848/4689 5365/3747/3319 5370/3983/3881
f 5378/4852/4695 5383/4851/4694 5379/4850/4693
f 5386/3988/3886 5385/4854/4696 5388/4853/4240
f 5401/4367/4232 5395/4368/4233 5396/4855/4697
f 5401/4367/4232 5402/4369/4234 5399/4366/4231
f 5398/3986/3884 5374/4857/4699 5389/4856/4698
f 5403/4859/4700 5402/4369/4234 5408/4858/3886
f 5407/4860/4701 5398/3986/3884 5413/3992/3890
f 5416/4395/1370 5417/4396/43 5418/4861/2685
f 5425/4375/2072 3899/4109/169 5426/4384/1815
f 5430/4864/4704 5432/4863/4703 5429/4862/4702
f 5431/4865/881 5438/3666/4705 5430/4864/4704
f 5429/4862/4702 5442/4866/4706 5431/4865/881
f 5437/4376/4237 5444/4377/4238 5428/3634/3088
f 5445/4867/4708 5447/3990/4707 5444/4377/4238
f 5449/4378/4239 5450/4868/4709 5415/3991/3889
f 5453/4869/1096 5451/3752/4710 5449/4378/4239
f 5451/3752/4710 5453/4869/1096 5457/4870/4711
f 5461/4383/4245 5443/4380/4242 5460/4382/4244
f 5413/3992/3890 5414/4371/4235 5409/4871/4712
f 5414/4371/4235 5398/3986/3884 5400/4872/3032
f 5381/4364/4229 5231/3994/429 5374/4857/4699
f 5466/3995/3892 5374/4857/4699 5231/3994/429
f 5426/4384/1815 3899/4109/169 3921/4110/3994
f 5474/4873/4713 5512/3996/3893 5475/3757/3682
f 5483/3540/3492 5484/4468/4322 5485/4874/4714
f 1456/4875/4347 1457/4644/4487 1458/4645/513
f 5493/3574/4716 5494/2692/4715 5495/4876/2685
f 5493/3574/4716 5546/4402/83 5494/2692/4715
f 5547/4004/3901 5489/3574/3522 5213/3575/3523
f 5506/3999/3896 5501/4391/4252 5502/3998/3895
f 5506/3999/3896 5509/3997/3894 5511/4877/4717
f 5510/3997/4253 5507/4392/4254 5514/4393/4256
f 5515/4879/4720 5508/4878/4719 5516/4877/4718
f 5514/4393/4256 5522/3760/4721 5511/4877/4717
f 5522/3760/4721 5514/4393/4256 5225/4334/4199
f 5523/4881/4722 5417/4396/43 5476/4880/3151
f 5476/4880/3151 5417/4396/43 5528/4394/4257
f 5524/4002/3899 5530/4003/3900 5527/4882/4723
f 5156/4397/4258 5532/4398/1351 5130/4318/4186
f 5535/4885/4726 5538/4884/4725 5534/4883/4724
f 5543/4887/4728 5523/4881/4722 5544/4886/4727
f 5130/4318/4186 5533/4889/4730 5163/4888/4729
f 5482/4385/4247 5552/4890/4731 5480/4387/4249
f 5544/4886/4727 5469/4891/4732 5498/4403/1537
f 5551/4401/4261 5548/4005/3902 5542/4892/4733
f 5554/4895/4736 5211/4894/4735 5555/4893/4734
f 5191/3896/4194 5558/4404/4262 5560/4405/4263
f 5560/4405/4263 5189/4330/2994 5191/3896/4194
f 5569/4896/4737 5570/4416/4273 5566/4409/4267
f 5468/4417/4274 5206/4897/3567 5568/4408/4266
f 5577/4296/4165 5576/4410/4268 5578/4007/4738
f 5580/4898/4739 5577/4296/4165 5578/4007/4738
f 5585/4901/4741 5586/4900/1328 5587/4899/4740
f 5573/3764/3688 5590/4902/4742 5574/4008/3904
f 5591/4412/3796 5590/4902/4742 5594/3577/4743
f 5591/4412/3796 5596/3767/3691 5593/3768/3232
f 5593/3768/3232 5601/4903/4744 5600/4414/4271
f 5603/4854/4745 5604/4905/3907 5605/4904/3524
f 5599/4908/1464 5598/4907/4747 5610/4906/4746
f 5616/4909/4748 5617/4418/4275 5570/4416/4273
f 5619/4911/4750 5420/4374/4236 5526/4910/4749
f 5601/4903/4744 5623/4426/4283 5600/4414/4271
f 5632/3989/4752 5633/4912/4751 5631/4014/4276
f 5635/4913/4278 5570/4416/4273 5569/4896/4737
f 5405/4370/3885 5404/4915/4753 5637/4914/4751
f 5608/3639/3575 5628/4011/3907 5638/4421/4279
f 5643/3770/3693 5646/4012/3908 5644/3769/3692
f 4987/4759/94 5584/4916/4754 5581/4413/4270
f 5624/4918/4756 5620/4917/4755 5016/3897/3803
f 5388/4853/4240 5385/4854/4696 5589/4919/4269
f 5566/4409/4267 5565/4920/3908 5569/4896/4737
f 5652/4441/4757 5653/3797/3719 5654/4435/4290
f 5659/4428/4285 5656/3772/3695 5660/3773/1429
f 5819/4455/4310 5661/3640/3576 5662/4056/3952
f 5666/4430/4287 5737/4492/322 5669/4429/4286
f 5671/4922/2496 5672/4921/4758 5680/4016/3912
f 5677/4433/4288 4449/3526/3478 4448/4432/605
f 5681/4017/3913 5671/4922/2496 5680/4016/3912
f 5695/3509/3461 5684/4924/4760 5686/4923/4759
f 5682/4926/4762 5691/4438/2447 5688/4925/4761
f 5687/4015/3911 5683/4434/4289 5694/4927/3499
f 5689/3776/3698 5698/3511/3463 5686/4923/4759
f 5700/4018/3914 216/2436/2448 187/2414/2422
f 5678/3258/3232 5705/4928/107 5679/4492/3940
f 5693/4020/3916 5703/4436/4291 5707/4019/3915
f 5710/3794/3716 5700/4018/3914 187/2414/2422
f 5656/3772/3695 5658/4441/4763 5667/3774/3696
f 5714/4929/4764 5718/4022/3920 5667/3774/3696
f 5722/3515/3946 5724/3526/4765 5723/4442/4297
f 5726/3516/3468 5728/4930/94 5729/3643/3579
f 5707/4019/3915 5731/3541/3493 5712/3777/3699
f 5731/3541/3493 5707/4019/3915 5708/4931/4766
f 5660/3773/1429 5718/4022/3920 5664/3642/3578
f 5725/3517/3469 5719/4932/4767 5721/3510/3462
f 5745/4934/4769 5741/4933/4768 63/2296/2317
f 5/2250/2258 63/2296/2317 5747/4052/3948
f 5758/4935/4770 5759/3779/3701 5760/3780/3702
f 5756/4448/4303 5766/4494/4345 5764/4936/4771
f 5766/4494/4345 5765/4495/4346 5773/4449/1017
f 5781/4451/4773 5782/4938/4772 5783/4937/1218
f 5787/4939/4775 5768/4490/4340 5788/4504/4774
f 255/2474/2481 5789/4454/4309 6/2252/2260
f 5777/3795/3717 5796/4453/4308 5681/4017/3913
f 5681/4017/3913 5796/4453/4308 5799/3781/3703
f 5802/4942/4778 5801/4941/4777 5780/4940/4776
f 5807/4055/3951 5808/3801/3723 5809/4033/3928
f 5662/4056/3952 5813/4031/3926 5819/4455/4310
f 5813/4031/3926 5807/4055/3951 5809/4033/3928
f 5659/4428/4285 5821/4501/4351 5657/4427/4284
f 5776/3796/3718 5823/4501/4779 5777/3795/3717
f 5826/4058/3955 5827/4057/3953 5828/4943/4780
f 5830/4502/2596 5668/4503/4352 5831/4944/4781
f 5839/4945/4782 5785/4504/4353 5832/4505/4354
f 5784/4496/3691 5773/4449/1017 5832/4505/4354
f 5842/3782/3704 5843/4034/3929 5811/4030/3925
f 5846/4460/4315 5814/3800/3722 5816/3798/3720
f 5803/4499/4349 5795/4029/3924 5850/4946/4783
f 5491/4389/2118 5851/4947/4784 5492/4388/4250
f 5492/4388/4250 5851/4947/4784 5858/4948/4785
f 5861/3804/3727 5859/4060/4786 5854/3803/3726
f 5861/3804/3727 5862/3631/3570 5479/3629/3569
f 5863/4949/4787 5482/4385/4247 5481/4386/4248
f 5876/4952/4790 5877/4951/4789 5878/4950/4788
f 5880/4507/4356 5344/4063/3960 5879/4064/549
f 5884/4469/4323 5898/3789/3711 5874/3790/3712
f 5366/4955/4793 5886/4954/4792 5340/4953/4791
f 5880/4507/4356 5897/4956/3959 5881/4506/4355
f 5898/3789/3711 5884/4469/4323 5885/4957/4794
f 5882/4471/4325 5227/4066/3962 5229/3587/3535
f 5369/3982/3880 5903/4959/4796 5908/4958/4795
f 5915/3585/3533 5899/4960/4797 5229/3587/3535
f 5920/4518/4367 5921/4962/4798 5901/4961/1537
f 5926/4515/4364 5925/4478/4330 5927/4479/4331
f 5920/4518/4367 5901/4961/1537 5294/3657/3592
f 5935/4350/4799 5934/4480/4146 5933/4481/4332
f 5920/4518/4367 5294/3657/3592 5292/4517/4366
f 5205/4807/4646 77/2336/2356 5937/3808/4334
f 5112/3946/3211 5941/3791/2615 5942/3792/3713
f 5947/4483/128 5942/3792/3713 5940/3650/1500
f 5949/3793/4800 5942/3792/3713 5947/4483/128
f 5952/3810/3733 5953/4963/4801 5954/3442/3400
f 5989/3507/3459 5953/4963/4801 5966/4074/3967
f 5953/4963/4801 5963/4519/4368 5966/4074/3967
f 5967/3261/3235 5966/4074/3967 5964/4073/3966
f 5678/3258/3232 5971/3508/3460 5968/3504/95
f 5952/3810/3733 5965/3809/3732 5963/4519/4368
f 5973/4487/4337 5974/4484/4369 5957/2247/2255
f 5975/4964/4802 5973/4487/4337 5969/4486/4336
f 5979/3229/3212 5965/3809/3732 5678/3258/3232
f 5982/4048/4803 5981/3260/3234 5980/3273/3244
f 5986/3259/3233 5985/3263/3236 5981/3260/3234
f 5709/4965/2146 5968/3504/95 5987/3505/3457
f 5954/3442/3400 5953/4963/4801 5989/3507/3459
f 1449/4123/4008 1450/4967/4805 1451/4966/4804
f 5736/4443/4298 5728/4930/94 5726/3516/3468
f 5667/3774/3696 5718/4022/3920 5660/3773/1429
f 5719/4932/4767 5725/3517/3469 5739/4021/4806
f 63/2296/2317 5746/4968/4807 5745/4934/4769
f 5754/4971/4810 5752/4970/4809 5753/4969/4808
f 5761/4046/3723 5762/4973/4812 5763/4972/4811
f 5751/4493/4343 5750/4023/3803 5769/4024/3921
f 1686/4974/4813 1534/4609/4448 1680/4608/4446
f 5782/4938/4772 5781/4451/4773 5785/4504/4353
f 5787/4939/4775 5767/4489/4339 5768/4490/4340
f 5789/4454/4309 7/2251/2259 6/2252/2260
f 5790/4457/4312 5780/4940/4776 5791/4459/4314
f 5798/4498/4348 5789/4454/4309 255/2474/2481
f 5795/4029/3924 5789/4454/4309 5798/4498/4348
f 5803/4499/4349 5804/4975/3804 5792/4028/387
f 5806/4976/4816 5805/4499/4815 5810/2475/4814
f 5817/2255/1839 5847/4465/4320 5818/4466/4321
f 5822/4458/4313 5777/3795/3717 5823/4501/4779
f 5779/4032/3927 5819/4455/4310 5813/4031/3926
f 5808/3801/3723 5825/3784/3724 5809/4033/3928
f 5808/3801/3723 5834/4978/4818 5835/4977/4817
f 5835/4977/4817 5836/4979/4819 5808/3801/3723
f 5786/4452/4307 5785/4504/4353 5781/4451/4773
f 5832/4505/4354 5773/4449/1017 5833/4980/4820
f 5848/4464/4319 5847/4465/4320 5833/4980/4820
f 5772/4449/4304 5770/3778/3700 5849/4981/4821
f 5795/4029/3924 5798/4498/4348 5850/4946/4783
f 5505/4035/3930 5852/4065/3961 5503/4389/4822
f 5852/4065/3961 5505/4035/3930 5856/4036/3931
f 5863/4949/4787 5859/4060/4786 5861/3804/3727
f 5479/3629/3569 5863/4949/4787 5861/3804/3727
f 5481/4386/4248 5859/4060/4786 5863/4949/4787
f 5347/3581/3529 5882/4471/4325 5865/3580/3528
f 5886/4954/4792 5366/4955/4793 5867/3645/3581
f 5889/4508/4357 5888/4509/4358 5890/4982/4823
f 5891/4043/3938 5892/4982/4824 5893/4042/3937
f 5899/4960/4797 5882/4471/4325 5229/3587/3535
f 5294/3657/3592 5901/4961/1537 5900/3656/3591
f 5886/4954/4792 5907/3807/3730 5340/4953/4791
f 5331/4843/4683 5369/3982/3880 5908/4958/4795
f 5911/3806/3729 5922/4984/4826 5923/4983/4825
f 5924/4070/3964 5911/3806/3729 5923/4983/4825
f 5928/4987/4829 5929/4986/4828 5930/4985/4827
f 5924/4070/3964 5318/4067/3963 5917/4068/3098
f 5900/3656/3591 5910/4516/4365 5915/3585/3533
f 5926/4515/4364 5910/4516/4365 5900/3656/3591
f 5938/3649/3585 5939/3808/3731 107/2339/2361
f 5940/3650/1500 5941/3791/2615 5939/3808/3731
f 5944/3648/3584 5950/3793/3714 5946/4483/4335
f 5949/3793/4800 5951/4484/1671 5942/3792/3713
f 5952/3810/3733 5955/4519/4830 5953/4963/4801
f 5956/2249/2257 5/2250/2258 5748/4051/3947
f 5965/3809/3732 5964/4073/3966 5963/4519/4368
f 5678/3258/3232 5968/3504/95 5709/4965/2146
f 5971/3508/3460 5952/3810/3733 5954/3442/3400
f 5971/3508/3460 5678/3258/3232 5952/3810/3733
f 5973/4487/4337 5959/4047/3943 5969/4486/4336
f 5976/4521/4371 5974/4484/4369 5973/4487/4337
f 5965/3809/3732 5979/3229/3212 5967/3261/3235
f 5995/3264/3237 5980/3273/3244 5981/3260/3234
f 4866/3227/3210 5985/3263/3236 5986/3259/3233
f 5986/3259/3233 5967/3261/3235 5979/3229/3212
f 5992/3413/387 4941/4491/4341 5987/3505/3457
f 5990/3277/3248 5991/3278/3249 5989/3507/3459
f 3622/4989/4833 3623/4988/4832 3624/4076/4831
f 3623/4988/4832 3622/4989/4833 3639/4990/4834
f 3639/4990/4834 3620/4077/3813 3640/4079/3971
f 5971/3508/3460 5954/3442/3400 5992/3413/387
f 4117/3598/3545 4126/3823/3741 4123/3845/3759
f 4139/3830/4390 4140/3828/3988 4141/4579/4029
f 3907/4993/4836 3908/4992/919 3842/4991/4835
f 4014/3819/3739 4015/4994/4837 4016/3818/3738
f 3615/4075/3807 3977/4559/4405 3869/4995/4838
f 4177/4998/4841 4178/4997/4840 4179/4996/4839
f 3867/4999/4843 3868/4078/4842 3869/4995/4838
f 3907/4993/4836 3911/3815/3607 3908/4992/919
f 3953/4573/4418 3954/4575/4419 3955/4576/4420
f 4137/3823/4845 4131/4582/4423 4132/5000/4844
f 4002/3819/4383 4012/4120/4005 3949/4534/2008
f 3841/4102/2656 3860/4565/1928 3855/4086/3977
f 3906/4993/2855 3842/4991/4835 3905/5001/411
f 3909/4107/3992 3914/4551/4399 3856/4106/750
f 3847/4546/4395 3849/4544/4393 3926/3590/4393
f 3891/3529/2816 3890/5003/4846 3950/5002/4380
f 3868/4078/4842 3615/4075/3807 3869/4995/4838
f 4127/4577/4421 4131/4582/4423 4130/5004/4847
f 4141/4579/4029 4140/3828/3988 4142/4580/3986
f 4206/5007/4849 4195/5006/4766 4207/5005/4848
f 3848/4545/4394 3847/4546/4395 3851/5008/4850
f 3588/4564/4410 3861/5009/1991 3862/4088/3638
f 3872/5012/2035 3873/5011/4851 3874/5010/2839
f 3855/4086/3977 3840/4087/3978 3857/4101/4409
f 3887/4085/3976 3903/5013/3496 3898/4093/3983
f 3908/4992/919 3911/3815/3607 3876/3816/3736
f 3919/5014/3355 3917/4569/4414 3916/4082/3973
f 3911/3815/3607 3916/4082/3973 3920/3826/3740
f 3935/3822/2027 3934/5015/4852 3937/3821/1074
f 3855/4086/3977 3860/4565/1928 3838/4088/3979
f 1454/3420/184 1453/5016/554 1460/3588/554
f 3879/3666/3601 3976/5017/4853 3966/3592/3540
f 3898/4093/3983 3903/5013/3496 3923/3569/3517
f 4132/5000/4844 4133/5018/4854 4123/3845/3759
f 4154/5019/4855 3890/5003/4846 4155/4144/4028
f 4144/4149/4032 4175/4147/4031 4176/4561/4406
f 4203/4151/2717 4204/5020/4856 4205/4153/4034
f 4012/4120/4005 3851/5008/4850 3949/4534/2008
f 3841/4102/2656 3842/4991/4835 3843/3660/3596
f 3841/4102/2656 3850/4101/3989 3842/4991/4835
f 3858/4547/4396 3859/3661/3597 3585/3813/3605
f 3863/4529/4857 3840/4087/3978 3839/4563/4408
f 3870/4565/4411 3871/5021/4858 3588/4564/4410
f 3585/3813/3605 3859/3661/3597 3875/3662/3598
f 3889/3527/4859 3890/5003/4846 3891/3529/2816
f 3894/5022/4085 3872/5012/2035 3874/5010/2839
f 3902/5023/4860 3903/5013/3496 3887/4085/3976
f 3842/4991/4835 3850/4101/3989 3905/5001/411
f 3908/4992/919 3876/3816/3736 3910/4568/2682
f 3895/4537/4386 3897/4535/4384 3913/4552/4397
f 3907/4993/4836 3919/5014/3355 3916/4082/3973
f 3907/4993/4836 3916/4082/3973 3911/3815/3607
f 3945/3567/3515 3898/4093/3983 3923/3569/3517
f 3845/4091/3973 3925/4538/1074 3846/4090/3981
f 3934/5015/4852 3935/3822/2027 3936/5024/4861
f 3904/4548/4397 3893/4549/1608 3941/4554/3538
f 3946/4083/3974 3902/5023/4860 3887/4085/3976
f 3851/5008/4850 3847/4546/4395 3949/4534/2008
f 3891/3529/2816 3950/5002/4380 3952/5025/4862
f 3956/4558/4404 3959/3593/3541 3957/4557/2800
f 3972/4540/4388 3973/4541/4389 3974/3664/2071
f 3971/4572/4417 3953/4573/4418 3955/4576/4420
f 3955/4576/4420 3978/4097/3985 3969/3547/3498
f 3980/5026/4863 3886/4094/3984 3898/4093/3983
f 5572/3763/3687 4128/5028/4864 4129/5027/1328
f 4136/5029/4865 4131/4582/4423 4127/4577/4421
f 4147/5032/4866 4148/5031/4387 4145/5030/4388
f 3890/5003/4846 3889/3527/4859 4155/4144/4028
f 3965/3528/3542 4170/4621/4463 4163/4543/4392
f 4183/4998/4867 4184/5034/4867 4185/5033/4867
f 4192/5035/4466 4193/4623/4000 4194/4098/3986
f 1532/4596/4434 1680/4608/4446 1533/3481/4447
f 4202/4151/4468 4181/4099/3987 4116/3599/3546
f 4012/4120/4005 4002/3819/4383 4013/3817/1909
f 4021/3671/3606 4019/4585/4426 4018/3670/3605
f 4017/3817/3737 4016/3818/3738 4022/5036/4868
f 4018/3670/3605 4027/4588/4428 4023/3669/2815
f 4027/4588/4428 4028/4121/4006 4023/3669/2815
f 4024/3832/3747 4030/5008/4869 4012/4120/4005
f 4024/3832/3747 4031/3840/3754 4030/5008/4869
f 4710/3706/3639 4721/3903/3808 4709/4243/4115
f 4721/3903/3808 4710/3706/3639 4718/3613/3331
f 4239/4593/4431 4240/5037/4870 4237/4595/4433
f 3940/4095/3609 3939/4096/3608 4034/4598/3609
f 671/2854/2843 4749/5039/4872 4746/5038/4871
f 4749/5039/4872 671/2854/2843 4742/4715/3088
f 4685/4157/4038 4764/4671/4514 4770/3914/4873
f 1476/4523/4874 1468/4814/4654 1467/4815/3378
f 4045/3674/3609 4029/4589/2450 4046/5040/4875
f 4029/4589/2450 4045/3674/3609 4047/3672/3607
f 4547/4236/4108 4546/5041/4876 4549/4204/4083
f 4550/5043/4878 4551/5042/4877 4552/4205/4085
f 3940/4095/3609 4034/4598/3609 4040/4599/4436
f 4286/4164/4046 4292/5044/2428 4287/4163/4045
f 4296/3552/3502 4290/3602/3548 4293/4603/4441
f 4296/3552/3502 4293/4603/4441 4297/5045/4496
f 4311/5046/4355 4321/4130/4015 4231/4209/3631
f 4028/4121/4006 4029/4589/2450 4064/4607/4445
f 4031/3840/3754 4065/5047/95 4030/5008/4869
f 4066/3841/3467 4065/5047/95 4031/3840/3754
f 4067/3841/3755 3845/4091/3973 3844/4092/3982
f 4067/3841/3755 4047/3672/3607 3845/4091/3973
f 4323/3685/3619 4322/3856/4165 4317/4638/4482
f 4327/5048/4879 4151/4627/4469 4249/4641/4485
f 4329/3610/3556 4330/4166/4483 4286/4164/4046
f 4331/3607/3553 4336/4611/4450 4332/4166/4048
f 4336/4611/4450 4299/5049/4880 4334/4612/4451
f 4298/5050/4881 4334/4612/4451 4299/5049/4880
f 4250/4640/4484 4153/5052/1840 4345/5051/4882
f 4297/5045/4496 4345/5051/4882 4153/5052/1840
f 4346/3603/3549 4350/3870/2028 4349/4613/2142
f 4354/4133/4019 4101/4170/4052 4355/3931/3834
f 4361/3871/773 4634/3558/3507 4360/3873/3782
f 4078/4586/4455 4079/5053/4883 4080/4615/4454
f 4082/4155/4036 4083/4156/4037 4084/4626/4467
f 4085/5054/4407 4086/4620/4461 4087/4562/4407
f 4097/4586/3513 4098/5055/4884 4099/4154/3139
f 4098/5055/4884 4100/5056/4885 4099/4154/3139
f 4103/5058/2148 4104/5057/4886 4102/4148/2642
f 4104/5057/4886 4103/5058/2148 4105/4286/4887
f 4082/4155/4036 4108/4583/4424 4109/3597/3544
f 4110/3597/3613 4111/3678/3614 4112/4155/1160
f 4093/3550/3500 4106/4138/4024 4114/4618/3904
f 1474/4089/3980 1399/3477/3429 1400/3659/3594
f 4113/3551/3501 4115/3549/3499 4124/4578/2563
f 4114/4618/3904 4125/4143/2717 4122/4141/4026
f 4120/4140/1673 4119/5059/4888 4118/4139/4025
f 4130/5004/4847 4124/4578/2563 4127/4577/4421
f 4132/5000/4844 4131/4582/4423 4133/5018/4854
f 4138/4581/4422 4131/4582/4423 4137/3823/4845
f 4145/5030/4388 4146/4154/1437 4147/5032/4866
f 4151/4627/4469 4152/3679/3615 4153/5052/1840
f 4162/3847/4390 4160/4145/4029 4163/4543/4392
f 4143/4560/4028 4142/4580/3986 4149/4115/4000
f 4167/5060/4889 4170/4621/4463 4168/3851/4241
f 4172/4622/4464 4173/4623/4000 4174/4152/4890
f 4181/4099/3987 4182/5061/4891 4116/3599/3546
f 4102/4148/2642 4104/5057/4886 4175/4147/4031
f 4181/4099/3987 4191/4100/3988 4182/5061/4891
f 4174/4152/4890 4195/5006/4766 4172/4622/4464
f 4202/4151/4468 4108/4583/4424 4201/4150/4033
f 4195/5006/4766 4206/5007/4849 4208/5062/919
f 4195/5006/4766 4208/5062/919 4172/4622/4464
f 4212/5063/3754 3854/4524/4374 3853/4525/4375
f 4213/4152/822 4214/4099/4624 4203/4151/2717
f 4210/4118/4003 4209/4119/4004 4215/4628/4892
f 3965/3528/3542 3966/3592/3540 4170/4621/4463
f 3966/3592/3540 3976/5017/4853 4170/4621/4463
f 4170/4621/4463 3976/5017/4853 4171/4381/4243
f 4709/4243/4115 4701/3899/923 4702/3900/3805
f 4321/4130/4015 4224/3861/4016 4225/3697/1675
f 4472/4676/1521 4474/4632/4474 4473/4112/4893
f 4231/4209/3631 4321/4130/4015 4225/3697/1675
f 4473/4112/4893 4495/5065/4894 4496/5064/1321
f 4717/4122/4007 4729/3834/3749 4725/5066/4895
f 4240/5037/4870 4249/4641/4485 4250/4640/4484
f 4485/4162/4044 4495/5065/4894 4473/4112/4893
f 1414/3482/3433 1404/3479/3431 1535/5067/4896
f 4771/4721/4562 4778/4720/4898 4779/4722/4897
f 4802/4600/4437 4803/5068/4899 4804/4601/4439
f 4755/4249/3513 4808/4633/4475 4798/4203/3775
f 4812/5070/4900 4815/5069/4900 4779/4722/4897
f 4555/3894/3802 4554/4206/4086 4570/5071/4901
f 4556/3837/3752 4560/5072/3306 4553/3594/4084
f 4288/4604/4442 4290/3602/3548 4283/4636/4478
f 4288/4604/4442 4284/4635/4477 4289/4637/4480
f 4289/4637/4480 4295/5073/4902 4294/4603/4479
f 4302/4127/4012 4300/5074/4903 4301/4606/4444
f 4307/4605/4443 4301/4606/4444 4310/3687/3621
f 4312/4167/4049 4313/5076/4905 4314/5075/4904
f 4313/5076/4905 4312/4167/4049 4316/3861/3773
f 4317/4638/4482 4307/4605/4443 4310/3687/3621
f 4317/4638/4482 4322/3856/4165 4319/3857/3769
f 4320/3856/3768 4324/4131/4017 4309/3858/3770
f 4870/5077/4907 4871/4737/4906 4862/4259/4129
f 4296/3552/3502 4297/5045/4496 4153/5052/1840
f 4286/4164/4046 4334/4612/4451 4298/5050/4881
f 4292/5044/2428 4286/4164/4046 4298/5050/4881
f 4336/4611/4450 4337/3676/3611 4299/5049/4880
f 4340/5079/4908 4341/4611/4908 4342/5078/4908
f 4151/4627/4469 4153/5052/1840 4250/4640/4484
f 4346/3603/3549 4347/4185/4452 4348/4261/4131
f 4634/3558/3507 4329/3610/3556 4353/4614/4453
f 4357/3863/3775 4358/3864/3776 4359/3530/3481
f 4101/4170/4052 4354/4133/4019 4362/4169/4051
f 1449/4123/4008 1452/5080/4909 1450/4967/4805
f 1473/4523/4373 1470/3545/554 1475/5081/4910
f 1399/3477/3429 1507/5082/4911 1404/3479/3431
f 4378/4646/4489 4377/4173/4057 4376/4171/4488
f 4374/4171/4054 4380/4172/4055 4379/5083/4912
f 4377/4173/4057 4357/3863/3775 4359/3530/3481
f 4381/3862/3774 4377/4173/4057 4378/4646/4489
f 4378/4646/4489 4384/5084/4913 4383/3867/3778
f 4384/5084/4913 4385/5085/4914 4383/3867/3778
f 4383/3867/3778 4385/5085/4914 4389/3869/3780
f 4380/4172/4055 4375/3531/4053 4390/5086/4915
f 4291/4639/1902 4395/5087/4916 4394/4649/4492
f 2652/4112/3996 2651/3284/3997 1171/3285/3255
f 4358/3864/3776 4401/4181/4091 4402/4175/4059
f 2724/5089/4918 2725/5088/4917 2726/3282/3253
f 4406/3690/3624 4371/3553/3622 4372/3688/3623
f 4393/3866/1168 4373/3688/1671 4367/3519/1910
f 2725/5088/4917 2724/5089/4918 2729/5090/4919
f 1535/5067/4896 1404/3479/3431 1507/5082/4911
f 1177/3293/3262 2725/5088/4917 2729/5090/4919
f 4411/4657/4499 4410/4656/4498 4396/4652/1087
f 4404/4176/1346 4409/4178/3055 4402/4175/4059
f 4412/4180/4500 4401/4181/4091 4358/3864/3776
f 4412/4180/4500 4416/4658/4501 4417/5091/4920
f 4412/4180/4500 4417/5091/4920 4418/5092/4921
f 4388/4647/4490 4386/3927/3830 4422/4287/4156
f 4420/5093/4922 4383/3867/3778 4421/3868/3779
f 4426/5096/4925 4427/5095/4924 4428/5094/4923
f 4429/5097/4926 4428/5094/4923 4427/5095/4924
f 4431/4661/4504 4420/5093/4922 4421/3868/3779
f 4433/4188/4068 4432/5098/4927 4422/4287/4156
f 4437/4649/4505 4284/4635/4477 4283/4636/4478
f 4284/4635/4477 4437/4649/4505 4438/4662/790
f 4439/4192/4072 4353/4614/4453 4438/4662/790
f 1536/4125/4010 1535/5067/4896 1507/5082/4911
f 4443/4189/4069 4394/4649/4492 4395/5087/4916
f 4444/4194/4074 4394/4649/4492 4443/4189/4069
f 4411/4657/4499 4405/4653/4496 4445/4191/4071
f 4410/4656/4498 4445/4191/4071 4443/4189/4069
f 4446/4190/4070 4459/3653/1078 4443/4189/4069
f 4447/5099/3055 4448/4432/605 4449/3526/3478
f 4439/4192/4072 4450/4193/4073 4353/4614/4453
f 4360/3873/3782 4353/4614/4453 4450/4193/4073
f 4444/4194/4074 4451/3872/3781 4450/4193/4073
f 4452/5100/4928 4361/3871/773 4451/3872/3781
f 4453/4195/4075 4444/4194/4074 4443/4189/4069
f 4454/5101/4929 4361/3871/773 4452/5100/4928
f 4361/3871/773 4454/5101/4929 4365/4642/4486
f 4453/4195/4075 4455/3693/3627 4456/4663/4506
f 4456/4663/4506 4457/3692/3626 4458/4688/4527
f 1509/4124/4009 1536/4125/4010 1508/5082/1244
f 4700/4664/4507 4708/4242/4114 4702/3900/3805
f 1171/3285/3255 4472/4676/1521 4473/4112/4893
f 4476/3684/3618 4461/4196/4076 4477/5102/4930
f 4712/4158/4040 4715/4198/4078 4713/3611/4039
f 1509/4124/4009 1452/5080/4909 1449/4123/4008
f 4724/4244/4116 4725/5066/4895 4723/3835/4512
f 4473/4112/4893 4474/4632/4474 4485/4162/4044
f 4726/4246/4119 4727/3835/278 4675/3905/3810
f 4461/4196/4076 4476/3684/3618 4462/3682/2511
f 4675/3905/3810 4727/3835/278 4731/3833/3748
f 4517/4705/2971 4515/3683/2575 4476/3684/3618
f 4741/3911/3816 4749/5039/4872 4742/4715/3088
f 4756/4361/4931 4757/4716/4558 4758/4717/4559
f 4761/3709/3642 4762/4719/4561 4763/3708/3641
f 4774/3555/4932 4775/3694/3628 4776/3554/3629
f 4773/4723/1930 4771/4721/4562 4780/4722/1619
f 4800/3908/3323 4801/3710/3643 4791/3878/3786
f 4463/4161/4043 4485/4162/4044 4461/4196/4076
f 4812/5070/4900 4779/4722/4897 4778/4720/4898
f 4546/5041/4876 4547/4236/4108 4548/4711/4553
f 4554/4206/4086 4547/4236/4108 4549/4204/4083
f 4553/3594/4084 4552/4205/4085 4556/3837/3752
f 4461/4196/4076 4475/4666/4510 4556/3837/3752
f 4563/3855/3767 4566/3880/3788 4567/5103/4933
f 4555/3894/3802 4570/5071/4901 4569/4675/4518
f 4569/4675/4518 4566/3880/3788 4565/3853/3765
f 4574/5105/4935 4575/5104/4934 4576/4701/4543
f 665/2845/2833 4577/4701/4936 4572/4208/4088
f 4578/5106/4937 4565/3853/3765 4564/3854/3766
f 4573/3853/893 4579/4677/3875 1258/3288/3257
f 4577/4701/4936 665/2845/2833 666/2849/2838
f 1509/4124/4009 1518/3655/3590 1520/3654/3589
f 4585/3887/3795 4583/4678/4445 4582/3881/3789
f 4585/3887/3795 4586/5108/4939 4587/5107/4938
f 3979/3907/3813 3615/4075/3807 4768/4247/4120
f 4585/3887/3795 4587/5107/4938 4589/4679/2818
f 1414/3482/3433 1535/5067/4896 1539/5109/4940
f 4587/5107/4938 4595/4682/4521 4589/4679/2818
f 4597/4211/4090 4589/4679/2818 4595/4682/4521
f 4597/4211/4090 4598/4629/4471 4589/4679/2818
f 4601/3883/3791 4470/4212/4091 4599/3882/3790
f 4883/4763/4608 4884/4751/4596 4885/4749/4594
f 4606/3859/3771 4336/4611/4450 4605/4213/4092
f 4336/4611/4450 4335/5110/4153 4605/4213/4092
f 4581/3698/3632 4607/4684/4523 4608/3885/3793
f 4608/3885/3793 4609/3886/3794 4581/3698/3632
f 4611/5111/4941 4335/5110/4153 4607/4684/4523
f 4607/4684/4523 4335/5110/4153 4610/4685/4524
f 4584/4686/4525 4608/3885/3793 4614/4216/4094
f 4584/4686/4525 4614/4216/4094 4615/3534/4942
f 4613/3557/3506 4608/3885/3793 4610/4685/4524
f 4614/4216/4094 4608/3885/3793 4616/4215/4093
f 4619/3534/3485 4616/4215/4093 4618/3533/3484
f 4584/4686/4525 4620/3892/3800 4621/4687/4526
f 4620/3892/3800 4584/4686/4525 4615/3534/4942
f 4620/3892/3800 4622/5112/4943 4588/4224/4102
f 4625/3702/3635 4622/5112/4943 4620/3892/3800
f 1405/3481/1716 4627/4689/4529 192/2416/2424
f 4626/4219/4097 185/2415/2423 4627/4689/4529
f 4628/5113/4944 4629/4221/4099 4630/4222/4100
f 4626/4219/4097 4633/4690/4945 4623/4218/4096
f 4624/4218/4528 4631/4691/4531 4458/4688/4527
f 4365/4642/4486 4636/5114/4946 4635/3701/2148
f 4637/3700/3634 4635/3701/2148 4636/5114/4946
f 4642/3890/3798 4640/4220/4098 4644/4694/4536
f 4644/4694/4536 4645/3889/3797 4646/5115/4947
f 4639/4223/4101 4647/5116/4948 4640/4220/4098
f 4630/4222/4100 4639/4223/4101 4640/4220/4098
f 4597/4211/4090 4650/4692/4533 4599/3882/3790
f 4651/4697/4539 4650/4692/4533 4597/4211/4090
f 4644/4694/4536 4650/4692/4533 4651/4697/4539
f 4644/4694/4536 4651/4697/4539 4652/4695/4537
f 4645/3889/3797 4652/4695/4537 4653/3888/3796
f 4653/3888/3796 4637/3700/3634 4645/3889/3797
f 4653/3888/3796 4652/4695/4537 4656/4699/4541
f 4622/5112/4943 4653/3888/3796 4588/4224/4102
f 4598/4629/4471 4597/4211/4090 4470/4212/4091
f 4658/3701/4949 4638/3699/3633 4659/3535/3486
f 1476/4523/4874 1467/4815/3378 1477/3583/3531
f 1509/4124/4009 1480/5117/4950 1518/3655/3590
f 4664/4702/4544 4663/4700/4542 666/2849/2838
f 667/2848/2837 4664/4702/4544 666/2849/2838
f 4666/3901/3806 4667/3902/3807 4668/5118/4951
f 4669/4241/4546 4662/4226/4104 4661/4227/3481
f 4673/4707/4549 4672/4240/4112 4661/4227/3481
f 4576/4701/4543 4663/4700/4542 4677/3893/4952
f 4721/3903/3808 4678/3895/1604 4667/3902/3807
f 4576/4701/4543 4677/3893/4952 4574/5105/4935
f 4683/3912/3817 4684/4239/4111 4685/4157/4038
f 4684/4239/4111 4683/3912/3817 4686/4241/4113
f 4676/4234/2981 4515/3683/2575 4517/4705/2971
f 4999/4769/4615 5000/4770/1908 4924/3622/3563
f 4676/4234/2981 4673/4707/4549 4674/4233/3141
f 5034/4289/4158 5009/5119/4953 4969/3932/3835
f 4661/4227/3481 4687/4706/4548 4674/4233/3141
f 1452/5080/4909 1509/4124/4009 1520/3654/3589
f 4681/4232/4106 4694/5120/4954 4547/4236/4108
f 4695/4238/4110 4696/4236/4955 4697/4668/875
f 4670/4231/517 4661/4227/3481 4660/4228/513
f 3720/5121/4956 3726/4230/4105 4670/4231/517
f 4685/4157/4038 4684/4239/4111 4699/4590/3492
f 667/2848/2837 669/2851/2840 4665/4703/4545
f 4665/4703/4545 669/2851/2840 4700/4664/4507
f 4700/4664/4507 4702/3900/3805 4665/4703/4545
f 4700/4664/4507 669/2851/2840 4705/3600/42
f 4672/4240/4112 4734/3904/3809 4703/4592/4430
f 4709/4243/4115 4702/3900/3805 4708/4242/4114
f 4706/4665/4508 4710/3706/3639 4708/4242/4114
f 4711/4591/4429 4703/4592/4430 4734/3904/3809
f 4704/5122/4957 4703/4592/4430 4699/4590/3492
f 4706/4665/4508 4714/4713/4555 4710/3706/3639
f 4715/4198/4078 4716/4197/4077 4717/4122/4007
f 4701/3899/923 4709/4243/4115 4721/3903/3808
f 4721/3903/3808 4717/4122/4007 4725/5066/4895
f 4723/3835/4512 4697/4668/875 4681/4232/4106
f 4697/4668/875 4726/4246/4119 4695/4238/4110
f 4723/3835/4512 4725/5066/4895 4729/3834/3749
f 5067/3874/402 5066/3942/3845 5068/3876/3784
f 4671/4229/3776 4661/4227/3481 4670/4231/517
f 4717/4122/4007 4711/4591/4429 4734/3904/3809
f 4736/3559/3508 4714/4713/4555 4707/3600/4509
f 4707/3600/4509 4739/3561/608 4736/3559/3508
f 4744/3911/4959 4745/5123/4958 4746/5038/4871
f 4749/5039/4872 4744/3911/4959 4746/5038/4871
f 4685/4157/4038 4747/3852/3764 4753/4202/4082
f 675/2857/2830 4751/4254/1498 4754/4670/4356
f 669/2851/2840 4740/4669/4513 4705/3600/42
f 4746/5038/4871 669/2851/2840 671/2854/2843
f 4719/3612/1857 4769/4724/4564 4752/3707/4557
f 4772/5124/4960 4771/4721/4562 4773/4723/1930
f 4767/3906/3811 4777/4720/1832 3979/3907/3813
f 4781/3606/4121 4776/3554/3629 4782/3695/3630
f 4789/4336/4201 4783/3556/3505 4788/4248/4563
f 4795/3708/4961 4796/4247/4572 4797/4672/4515
f 4797/4672/4515 4843/4730/4571 4792/3879/3787
f 4805/4257/4127 4791/3878/3786 4801/3710/3643
f 4782/3695/3630 4809/4203/4962 4808/4633/4475
f 4787/4248/4122 4826/4634/4476 4810/4336/4657
f 4814/5125/3347 4755/4249/3513 4775/3694/3628
f 4813/4252/4125 4780/4722/1619 4816/4251/4124
f 4762/4719/4561 4811/3560/3509 4767/3906/3811
f 4762/4719/4561 4736/3559/3508 4811/3560/3509
f 1471/3544/3496 1473/4523/4373 1478/5126/4963
f 1539/5109/4940 1540/5128/4965 1407/5127/4964
f 4823/4255/4567 4825/4726/1646 4824/4725/4566
f 4823/4255/4567 4755/4249/3513 4822/4253/4126
f 4828/4727/4967 4829/5130/416 4830/5129/4966
f 4760/5131/3729 4829/5130/416 4828/4727/4967
f 4835/5132/4968 4832/4256/332 4834/4728/4569
f 4660/4228/513 4836/5133/4969 4670/4231/517
f 4806/4228/4438 4683/3912/3817 4837/3913/3818
f 4764/4671/4514 4794/5135/4971 4838/5134/4970
f 4793/5136/4972 4794/5135/4971 4764/4671/4514
f 4770/3914/4873 4764/4671/4514 4838/5134/4970
f 4796/4247/4572 4844/4732/4574 4843/4730/4571
f 4807/3712/3645 4843/4730/4571 4845/4732/4973
f 4846/4258/4128 4807/3712/3645 4845/4732/4973
f 3720/5121/4956 4844/4732/4574 4847/4731/4573
f 4849/3926/3829 4423/4183/4063 4850/5137/4974
f 4852/4292/4161 4850/5137/4974 4422/4287/4156
f 4865/5138/829 5985/3263/3236 4866/3227/3210
f 4867/5140/114 4868/4754/4600 4869/5139/4800
f 4874/4262/4132 4871/4737/4906 4348/4261/4131
f 4870/5077/4907 4348/4261/4131 4871/4737/4906
f 4878/5142/4977 4880/5141/4976 4879/4735/4975
f 4907/3721/3652 4881/3719/3651 5013/4735/4576
f 4887/5143/4978 4866/3227/3210 4352/3228/3211
f 4887/5143/4978 4352/3228/3211 4888/5077/2055
f 4860/3917/3821 4898/3915/3819 4899/4740/4584
f 4900/5144/4980 4901/3919/4979 4902/4747/4591
f 4904/3919/4582 4903/4266/4583 4905/4272/4140
f 4907/3721/3652 4864/4733/3653 4906/5145/4981
f 4849/3926/3829 4851/4750/4595 4876/3925/3828
f 4912/4280/4148 4849/3926/3829 4948/3720/2535
f 1474/4089/3980 1507/5082/4911 1399/3477/3429
f 1449/4123/4008 1539/5109/4940 1535/5067/4896
f 4930/5148/4984 4890/5147/4983 4931/5146/4982
f 4897/4739/4581 4916/3616/3560 4939/4276/4144
f 4930/5148/4984 4889/5149/4985 4890/5147/4983
f 4939/4276/4144 4857/4274/4142 4897/4739/4581
f 4892/3919/3823 4905/4272/4140 4893/3918/3822
f 4913/4742/4586 5107/4312/4180 4935/5150/4986
f 4937/3924/3827 4916/3616/3560 4915/3617/3561
f 4935/5150/4986 4942/2444/4987 4913/4742/4586
f 4943/5153/4990 4944/5152/4989 4945/5151/4988
f 4938/2442/2453 4855/4680/4519 4937/3924/3827
f 4938/2442/2453 4947/5138/4991 4855/4680/4519
f 4855/4680/4519 4947/5138/4991 4853/3715/125
f 4910/4741/4585 4869/5139/4800 4868/4754/4600
f 4865/5138/829 4938/2442/2453 5985/3263/3236
f 4876/3925/3828 4851/4750/4595 4884/4751/4596
f 4948/3720/2535 4876/3925/3828 4882/3719/4580
f 4876/3925/3828 4953/5154/4992 4877/4738/4579
f 4954/4210/4089 4849/3926/3829 4955/4752/4598
f 4954/4210/4089 4875/4260/4130 4886/4683/4522
f 4434/4185/4065 4954/4210/4089 4886/4683/4522
f 4434/4185/4065 4423/4183/4063 4954/4210/4089
f 4423/4183/4063 4422/4287/4156 4850/5137/4974
f 4868/4754/4600 4872/4737/4578 4956/4753/4599
f 4956/4753/4599 4872/4737/4578 4912/4280/4148
f 5008/4288/4157 4386/3927/3830 5007/3928/3831
f 4965/4757/4603 4966/5155/4993 4961/4756/4602
f 4970/3562/3510 4961/4756/4602 4963/3930/3833
f 4967/3514/3466 4961/4756/4602 4970/3562/3510
f 4968/3934/3837 4972/3513/4151 4971/4283/4152
f 1453/5016/554 1454/3420/184 1455/4645/184
f 1477/3583/3531 1479/5156/4994 1476/4523/4874
f 1508/5082/1244 1481/5157/4995 1509/4124/4009
f 4984/4285/4154 4970/3562/3510 4355/3931/3834
f 5038/3722/3653 4976/3618/995 4985/5158/4996
f 4986/4289/2147 4989/4284/4153 4987/4759/94
f 4989/4284/4153 5584/4916/4754 4987/4759/94
f 4990/4315/4184 4991/4290/4605 4992/4310/4178
f 4993/4764/3439 5024/4761/4606 4994/4313/4181
f 4994/4313/4181 5024/4761/4606 4990/4315/4184
f 5002/3933/795 4971/4283/4152 4989/4284/4153
f 5004/5159/2312 5005/4768/4612 5006/4766/4610
f 4883/4763/4608 5007/3928/3831 5011/4294/4163
f 5007/3928/3831 5014/4293/4162 5011/4294/4163
f 5019/3725/3656 5020/4290/4159 5022/4709/4551
f 4924/3622/3563 5000/4770/1908 4997/5160/4997
f 5019/3725/3656 5022/4709/4551 5030/4710/4613
f 5031/4295/4164 5027/5162/4999 5026/5161/4998
f 5019/3725/3656 5030/4710/4613 5032/3724/3655
f 4883/4763/4608 4885/4749/4594 5008/4288/4157
f 5034/4289/4158 5035/5163/5000 5009/5119/4953
f 5005/4768/4612 5032/3724/3655 5036/4767/4611
f 5011/4294/4163 5037/4295/4614 5013/4735/4576
f 5012/3704/3637 5028/4708/4550 5010/3703/3636
f 5031/4295/4164 5014/4293/4162 5027/5162/4999
f 4977/3522/3474 5038/3722/3653 5039/3936/3839
f 5040/4297/4166 5039/3936/3839 4121/3937/1910
f 4941/4491/4341 5988/2443/2454 4936/2444/2455
f 4863/4273/4141 4859/4734/4575 4995/4762/4607
f 5037/4295/4614 5025/4765/4609 4859/4734/4575
f 5024/4761/4606 5025/4765/4609 5037/4295/4614
f 5043/5165/5002 5044/5164/5001 5045/4771/4616
f 5046/4298/4167 5045/4771/4616 5044/5164/5001
f 3/2246/2547 1/2248/2256 5956/2249/2257
f 5049/3620/113 5050/3621/3562 5051/3726/3840
f 5056/4299/1169 5055/3947/3850 5057/4772/1169
f 5046/4298/4167 5053/3728/3659 5048/3726/3657
f 5056/4299/1169 5053/3728/3659 5046/4298/4167
f 5060/4301/4169 5058/4774/4618 5050/3621/3562
f 5062/3948/3851 5055/3947/3850 5047/5166/1635
f 5053/3728/3659 5056/4299/1169 5063/4787/4630
f 5065/4302/4170 5061/4300/4168 5064/3938/3841
f 5046/4298/4167 5047/5166/1635 5055/3947/3850
f 5076/4306/4174 5071/3939/3842 5070/3940/3843
f 5065/4302/4170 5126/4776/4620 5061/4300/4168
f 5079/4777/4621 5065/4302/4170 5081/4778/4622
f 5082/4304/4172 5081/4778/4622 5065/4302/4170
f 5085/3729/5004 5086/3945/5003 5077/4201/4081
f 5195/3740/3670 5080/3738/3668 5087/4780/4624
f 5076/4306/4174 5088/3945/3848 5089/4305/4173
f 5087/4780/4624 5083/4781/2573 5017/3896/2573
f 5098/4308/4176 5074/4199/4079 5073/4775/4619
f 5090/3731/3662 5074/4199/4079 5095/4307/4175
f 5096/5167/387 5052/3619/1089 5049/3620/113
f 5068/3876/3784 5093/3941/3844 5097/5168/5005
f 5083/4781/2573 5018/4235/4107 5017/3896/2573
f 5078/4714/4556 5082/4304/4172 5065/4302/4170
f 5102/3944/3847 5088/3945/3848 5103/4309/5006
f 5089/4305/4173 5088/3945/3848 5104/3943/3846
f 5094/4305/4625 5104/3943/3846 5078/4714/4556
f 5019/3725/3656 5078/4714/4556 5104/3943/3846
f 5084/4779/4623 5082/4304/4172 5106/5169/5007
f 5082/4304/4172 5023/3935/3838 5106/5169/5007
f 5111/4784/1160 5109/4789/4355 5108/4783/1160
f 5055/3947/3850 5112/3946/3211 5948/4072/9
f 5107/4312/4180 4994/4313/4181 5114/4788/4631
f 1480/5117/4950 1479/5156/4994 1477/3583/3531
f 4998/3624/3564 4924/3622/3563 4997/5160/4997
f 5109/4789/4355 4940/4522/4372 5108/4783/1160
f 5119/3733/3664 5124/5170/5008 5080/3738/3668
f 5091/3730/3661 5095/4307/4175 4990/4315/4184
f 5110/4785/4629 5113/4786/4355 5125/5171/5009
f 5126/4776/4620 5127/4790/4632 5123/4314/4182
f 5126/4776/4620 5123/4314/4182 5061/4300/4168
f 5128/4790/3669 5124/5170/5008 5119/3733/3664
f 5019/3725/3656 5104/3943/3846 5102/3944/3847
f 5091/3730/3661 4990/4315/4184 4992/4310/4178
f 5061/4300/4168 5129/4774/5010 5060/4301/4169
f 5129/4774/5010 5061/4300/4168 5123/4314/4182
f 5135/4791/4633 5136/5172/5011 5139/4321/4188
f 5138/3951/3854 5134/4324/4191 5140/3950/3853
f 5142/3736/3666 5143/3953/3856 5144/5173/4185
f 5145/3735/3665 5142/3736/3666 5144/5173/4185
f 5142/3736/3666 5150/3952/3855 5143/3953/3856
f 5151/5174/5012 5136/5172/5011 5135/4791/4633
f 5152/3739/3669 5119/3733/3664 5080/3738/3668
f 5147/3949/3852 5140/3950/3853 5153/4792/4635
f 5155/5175/1722 5146/3737/3667 5145/3735/3665
f 5146/3737/3667 5155/5175/1722 5198/5176/5013
f 5156/4397/4258 5132/4316/3856 5157/5177/3566
f 5156/4397/4258 5157/5177/3566 5158/5178/5014
f 5163/4888/4729 5131/4317/4185 5130/4318/4186
f 5163/4888/4729 5164/4799/3665 5131/4317/4185
f 5165/4798/4640 5164/4799/3665 5163/4888/4729
f 5167/5181/5017 5168/5180/5016 5169/5179/5015
f 5172/4808/4445 5116/3565/3513 5115/3566/3514
f 5120/3732/3663 5170/4326/2350 5173/3957/3860
f 5197/3955/3858 5160/4795/4638 5174/3954/3857
f 5177/3625/3565 5176/3626/3566 5143/3953/3856
f 5183/5182/5018 5173/3957/3860 5180/3958/3467
f 5184/4802/3544 5149/4326/4634 5148/3949/3663
f 5186/4805/4644 5153/4792/4635 5187/4793/4636
f 5087/4780/4624 5017/3896/2573 5188/4329/5019
f 5193/4803/4643 5194/5183/5020 5190/4329/4195
f 5196/3956/3859 5194/5183/5020 5193/4803/4643
f 5178/3627/3567 5177/3625/3565 5192/5184/5021
f 5199/4331/3757 5173/3957/3860 5170/4326/2350
f 5202/4806/4645 5186/4805/4644 5201/4804/4196
f 5203/5185/3233 5200/3959/55 5199/4331/3757
f 5198/5176/5013 560/2747/2732 5204/4332/4196
f 5155/5175/1722 560/2747/2732 5198/5176/5013
f 77/2336/2356 5205/4807/4646 5172/4808/4445
f 5158/5178/5014 5157/5177/3566 5206/4897/3567
f 76/2340/2360 5181/4800/4641 5180/3958/3467
f 1535/5067/4896 1536/4125/4010 1449/4123/4008
f 558/2746/2738 5207/4810/4648 5202/4806/4645
f 566/2743/2735 5208/4809/4647 5207/4810/4648
f 5165/4798/4640 5209/5186/5022 499/2756/2748
f 5212/3573/3521 513/2703/2694 5213/3575/3523
f 5214/3586/4212 5215/5187/5023 5216/4347/4211
f 5217/3961/4650 5218/4823/4662 5219/4811/4649
f 5221/3962/3863 5222/4830/4668 5223/3961/3862
f 5221/3962/3863 5224/5188/5024 5222/4830/4668
f 5227/4066/3962 5228/4333/4651 5229/3587/3535
f 5230/3970/39 5231/3994/429 5424/3969/3871
f 5233/3761/3685 5232/3759/3176 5227/4066/3962
f 5237/3568/3516 3923/3569/3517 5238/5189/5025
f 5242/5191/5027 5243/5190/5026 5244/4825/4663
f 5239/4813/4653 5241/3537/3489 5270/3538/3490
f 1481/5157/4995 1479/5156/4994 1480/5117/4950
f 1449/4123/4008 1540/5128/4965 1539/5109/4940
f 5241/3537/3489 5240/4812/4652 5251/4340/4205
f 5251/4340/4205 5272/3539/3491 5241/3537/3489
f 5240/4812/4652 5253/4339/4204 5251/4340/4205
f 5272/3539/3491 5251/4340/4205 5258/3966/3868
f 5260/5192/5028 5256/4820/4658 5254/4818/4656
f 5258/3966/3868 5251/4340/4205 5257/4820/4659
f 5262/4822/4661 5257/4820/4659 5263/5193/5029
f 5234/4821/4660 5262/4822/4661 5260/5192/5028
f 5268/3743/3673 5269/5194/5030 5270/3538/3490
f 5270/3538/3490 5269/5194/5030 5271/4346/3146
f 5268/3743/3673 5294/3657/3592 5269/5194/5030
f 5273/5196/5032 5274/5195/5031 5275/4832/4670
f 5277/3970/5034 5246/4342/4208 5278/5197/5033
f 5277/3970/5034 5276/3971/4207 5246/4342/4208
f 5272/3539/3491 5279/4834/4672 5280/4835/4673
f 5258/3966/3868 5279/4834/4672 5272/3539/3491
f 5290/5198/5035 5287/4828/4666 5291/4833/4671
f 5289/4826/4664 5291/4833/4671 5287/4828/4666
f 5214/3586/4212 5271/4346/3146 5269/5194/5030
f 5269/5194/5030 5294/3657/3592 5293/3586/3534
f 5295/4358/4222 5298/4359/4223 5266/5199/5036
f 5275/4832/4670 5274/5195/5031 5296/4831/4669
f 5277/3970/5034 5278/5197/5033 5297/5200/5037
f 5222/4830/4668 5296/4831/4669 5223/3961/3862
f 5292/4517/4366 5291/4833/4671 5300/4350/4215
f 5289/4826/4664 5288/4827/4665 5301/5201/5038
f 5279/4834/4672 5258/3966/3868 5259/4348/4213
f 5282/3968/3870 5281/3742/3672 5302/4836/4674
f 5289/4826/4664 5282/3968/3870 5302/4836/4674
f 5303/4349/4214 5289/4826/4664 5302/4836/4674
f 5313/4352/4217 5300/4350/4215 5303/4349/4214
f 5479/3629/3569 5304/3630/3088 519/3098/3088
f 5311/4837/4675 5265/4341/4206 5312/4839/4677
f 5265/4341/4206 5314/5202/1888 5312/4839/4677
f 5310/2872/5039 5308/2873/2846 5309/3973/3873
f 5264/3967/3869 5314/5202/1888 5265/4341/4206
f 5318/4067/3963 5316/4351/4216 5317/4840/4678
f 5309/3973/3873 5319/3570/3518 5320/3632/3571
f 5307/3745/766 5323/4362/4227 5321/3972/3872
f 5322/4353/4218 5319/3570/3518 5321/3972/3872
f 5327/4360/4224 5328/4840/4682 5329/4846/4687
f 5313/4352/4217 5330/5203/5040 5317/4840/4678
f 5332/5204/5041 5333/3978/3876 5334/3976/76
f 5335/4354/3053 5334/3976/76 5333/3978/3876
f 5305/3061/3053 5338/3748/3675 5306/3744/1931
f 5348/4849/4690 5341/4357/4221 5342/4844/4684
f 5325/3746/4680 5324/4842/4681 5864/4062/3959
f 5864/4062/3959 5344/4063/3960 5325/3746/4680
f 5350/3974/3874 5351/4355/4219 5367/4353/4226
f 5367/4353/4226 5351/4355/4219 5353/4845/4685
f 5314/5202/1888 5264/3967/3869 5329/4846/4687
f 5315/4838/4676 5329/4846/4687 5328/4840/4682
f 5354/3571/3519 5355/4356/4220 5356/4847/4688
f 5315/4838/4676 5312/4839/4677 5329/4846/4687
f 5329/4846/4687 5312/4839/4677 5314/5202/1888
f 5333/3978/3876 676/2862/1832 5336/2864/2848
f 5346/3746/3674 5345/3579/3527 5359/3748/5042
f 5348/4849/4690 5349/3975/1932 5335/4354/3053
f 5349/3975/1932 5348/4849/4690 5351/4355/4219
f 5334/3976/76 5335/4354/3053 5349/3975/1932
f 5348/4849/4690 5355/4356/4220 5341/4357/4221
f 5362/3979/3877 5355/4356/4220 5348/4849/4690
f 5355/4356/4220 5362/3979/3877 5356/4847/4688
f 1551/5207/4434 1410/5206/5044 1552/5205/5043
f 5365/3747/3319 5358/4848/4689 5338/3748/3675
f 5323/4362/4227 5307/3745/766 5306/3744/1931
f 5306/3744/1931 5350/3974/3874 5323/4362/4227
f 5358/4848/4689 5350/3974/3874 5306/3744/1931
f 5310/2872/5039 5364/3980/3878 5336/2864/2848
f 5309/3973/3873 5364/3980/3878 5310/2872/5039
f 5366/4955/4793 5340/4953/4791 5339/5208/5045
f 5369/3982/3880 5370/3983/3881 5903/4959/4796
f 5366/4955/4793 5339/5208/5045 5373/3983/5046
f 5358/4848/4689 5370/3983/3881 5371/3981/3879
f 5374/4857/4699 5375/5210/5048 5376/5209/5047
f 5377/5211/3628 5378/4852/4695 5379/4850/4693
f 5384/5212/5049 5378/4852/4695 5377/5211/3628
f 5385/4854/4696 5386/3988/3886 5387/3989/3887
f 5389/4856/4698 5374/4857/4699 5376/5209/5047
f 1551/5207/4434 1553/5214/5051 1554/5213/5050
f 5398/3986/3884 5393/3984/3882 5400/4872/3032
f 5399/4366/4231 5402/4369/4234 5403/4859/4700
f 5396/4855/4697 5404/4915/4753 5401/4367/4232
f 5401/4367/4232 5404/4915/4753 5405/4370/3885
f 5406/5215/5052 5397/3751/399 5391/3749/3676
f 5398/3986/3884 5407/4860/4701 5381/4364/4229
f 5403/4859/4700 5408/4858/3886 5409/4871/4712
f 5410/3987/3885 5411/3988/5053 5412/5216/4234
f 5415/3991/3889 5409/4871/4712 5408/4858/3886
f 5415/3991/3889 5413/3992/3890 5409/4871/4712
f 5415/3991/3889 5408/4858/3886 5419/4379/4240
f 5421/5217/1817 5417/4396/43 5422/4372/2846
f 5427/3635/1932 5425/4375/2072 5428/3634/3088
f 5425/4375/2072 5427/3635/1932 3899/4109/169
f 5428/3634/3088 5444/4377/4238 5433/3633/3572
f 1553/5214/5051 1551/5207/4434 1552/5205/5043
f 5439/5017/5055 5440/3666/3789 5441/5218/5054
f 5430/4864/4704 5429/4862/4702 5431/4865/881
f 5441/5218/5054 4171/4381/4243 5439/5017/5055
f 5441/5218/5054 5443/4380/4242 4171/4381/4243
f 5444/4377/4238 5381/4364/4229 5407/4860/4701
f 5407/4860/4701 5413/3992/3890 5446/3990/3888
f 5444/4377/4238 5447/3990/4707 5448/5219/5056
f 5433/3633/3572 5444/4377/4238 5448/5219/5056
f 5451/3752/4710 5450/4868/4709 5449/4378/4239
f 5452/4900/5057 4091/4135/4021 4089/3844/3758
f 5442/4866/4706 5429/4862/4702 5454/5220/5058
f 5442/4866/4706 5454/5220/5058 5455/4382/4853
f 5436/5221/5059 5458/3756/3681 5432/4863/4703
f 5455/4382/4853 5454/5220/5058 5459/5222/5060
f 5462/3755/3680 5458/3756/3681 5436/5221/5059
f 1451/4966/4804 1450/4967/4805 1553/5214/5051
f 5414/4371/4235 5464/5223/5061 5409/4871/4712
f 5464/5223/5061 5414/4371/4235 5400/4872/3032
f 5374/4857/4699 5398/3986/3884 5381/4364/4229
f 5465/5224/5062 5421/5217/1817 5422/4372/2846
f 5424/3969/3871 5231/3994/429 5380/4365/4230
f 5379/4850/4693 5418/4861/2685 5377/5211/3628
f 5374/4857/4699 5466/3995/3892 5375/5210/5048
f 5421/5217/1817 5418/4861/2685 5417/4396/43
f 5158/5178/5014 5206/4897/3567 5468/4417/4274
f 5471/3525/3477 5472/3638/3574 5473/3758/3683
f 5474/4873/4713 5477/5225/1859 5512/3996/3893
f 5479/3629/3569 520/5227/2933 5478/5226/5063
f 5484/4468/4322 5483/3540/3492 5486/3636/2116
f 5471/3525/3477 5487/3523/3475 5472/3638/3574
f 1469/3543/3595 1382/3461/3415 1465/3545/3536
f 1449/4123/4008 1451/4966/4804 1540/5128/4965
f 5491/4389/2118 5490/4390/4251 5496/5228/5064
f 5497/3998/4255 5488/3524/3476 5471/3525/3477
f 498/2692/2685 5498/4403/1537 5499/2691/2684
f 496/2686/2680 5500/2687/2681 5472/3638/3574
f 5546/4402/83 5498/4403/1537 5494/2692/4715
f 5503/4389/4822 5504/5229/5065 5505/4035/3930
f 5507/4392/4254 5497/3998/4255 5471/3525/3477
f 5508/4878/4719 5505/4035/3930 5504/5229/5065
f 5507/4392/4254 5471/3525/3477 5512/3996/3893
f 5512/3996/3893 5477/5225/1859 5513/4000/3897
f 5509/3997/3894 5514/4393/4256 5511/4877/4717
f 5221/3962/3863 5514/4393/4256 5507/4392/4254
f 5517/4037/3932 5518/4879/5066 5233/3761/3685
f 5519/5230/5068 5520/3760/3684 5521/4879/5067
f 5520/3760/3684 5233/3761/3685 5521/4879/5067
f 1451/4966/4804 1555/5231/5069 1540/5128/4965
f 5513/4000/3897 5224/5188/5024 5221/3962/3863
f 5476/4880/3151 5469/4891/4732 5523/4881/4722
f 5417/4396/43 5523/4881/4722 5525/5232/2035
f 5526/4910/4749 5420/4374/4236 5527/4882/4723
f 5529/4399/4259 5158/5178/5014 5468/4417/4274
f 5527/4882/4723 5530/4003/3900 5526/4910/4749
f 519/3098/3088 520/5227/2933 5479/3629/3569
f 5158/5178/5014 5529/4399/4259 5156/4397/4258
f 5533/4889/4730 5130/4318/4186 5532/4398/1351
f 5531/4001/3898 5536/4400/4260 5537/5233/5070
f 5539/5235/5072 5540/5234/5071 5537/5233/5070
f 5541/5237/5074 5545/5236/5073 5542/4892/4733
f 5523/4881/4722 5469/4891/4732 5544/4886/4727
f 5539/5235/5072 5537/5233/5070 5536/4400/4260
f 5487/3523/3475 5483/3540/3492 5549/3762/3686
f 1556/5238/5075 1554/5213/5050 1553/5214/5051
f 5472/3638/3574 5550/3637/3573 496/2686/2680
f 5498/4403/1537 5469/4891/4732 5470/5239/5076
f 5544/4886/4727 5498/4403/1537 5553/4401/180
f 5470/5239/5076 5499/2691/2684 5498/4403/1537
f 5551/4401/4261 5542/4892/4733 5545/5236/5073
f 5554/4895/4736 5210/5240/5077 5211/4894/4735
f 5554/4895/4736 5555/4893/4734 5556/4892/5078
f 5557/5241/5079 5556/4892/5078 5555/4893/4734
f 5561/4424/4281 5562/5243/4265 5563/5242/5080
f 5563/5242/5080 5562/5243/4265 5564/5244/3267
f 5563/5242/5080 5564/5244/3267 5192/5184/5021
f 5565/4920/3908 5566/4409/4267 5567/4407/4265
f 5468/4417/4274 5568/4408/4266 5566/4409/4267
f 5564/5244/3267 5178/3627/3567 5192/5184/5021
f 4129/5027/1328 5571/3765/3689 5572/3763/3687
f 1553/5214/5051 1450/4967/4805 1556/5238/5075
f 4121/3937/1910 4118/4139/4025 5577/4296/4165
f 5579/4009/3905 5575/4007/3903 5574/4008/3904
f 5577/4296/4165 5579/4009/3905 5581/4413/4270
f 5581/4413/4270 5582/5245/5081 5577/4296/4165
f 5586/4900/1328 5585/4901/4741 5588/4135/1328
f 5587/4899/4740 5589/4919/4269 5585/4901/4741
f 5574/4008/3904 5590/4902/4742 5591/4412/3796
f 5573/3764/3688 5592/5246/4696 5590/4902/4742
f 5595/3577/3525 5590/4902/4742 5592/5246/4696
f 5594/3577/4743 5596/3767/3691 5591/4412/3796
f 5593/3768/3232 5581/4413/4270 5579/4009/3905
f 5597/5247/5082 5598/4907/4747 5599/4908/1464
f 5573/3764/3688 5583/4411/4269 5592/5246/4696
f 5595/3577/3525 5592/5246/4696 5602/3576/3524
f 5385/4854/4696 5606/3771/3887 5604/4905/3907
f 1517/3582/3530 1518/3655/3590 1519/3584/3532
f 5613/5250/5085 5614/5249/5084 5615/5248/5083
f 5566/4409/4267 5570/4416/4273 5468/4417/4274
f 5618/5251/5086 5394/4373/28 5619/4911/4750
f 5420/4374/4236 5619/4911/4750 5394/4373/28
f 5615/5248/5083 5620/4917/4755 5613/5250/5085
f 5621/5252/5087 5559/4406/4264 5558/4404/4262
f 5613/5250/5085 5624/4918/4756 5625/5253/5088
f 5016/3897/3803 5627/5254/5089 5626/4006/94
f 5631/4014/4276 5633/4912/4751 5629/4420/4278
f 5634/5255/5090 5629/4420/4278 5633/4912/4751
f 5616/4909/4748 5570/4416/4273 5635/4913/4278
f 5636/5256/3887 5405/4370/3885 5637/4914/4751
f 5616/4909/4748 5635/4913/4278 5639/5257/5091
f 5622/5258/5092 5611/4010/3906 5638/4421/4279
f 5628/4011/3907 5640/5259/3692 5638/4421/4279
f 5641/5260/3887 5640/5259/3692 5628/4011/3907
f 5561/4424/4281 5648/4422/3908 5562/5243/4265
f 5584/4916/4754 5582/5245/5081 5581/4413/4270
f 5581/4413/4270 5600/4414/4271 4987/4759/94
f 5620/4917/4755 5624/4918/4756 5613/5250/5085
f 4988/4760/3780 4987/4759/94 5600/4414/4271
f 5600/4414/4271 5649/4425/4282 4988/4760/3780
f 5385/4854/4696 5387/3989/3887 5606/3771/3887
f 5589/4919/4269 5587/4899/4740 5388/4853/4240
f 5646/4012/3908 5631/4014/4276 5630/4419/4277
f 5606/3771/3887 5387/3989/3887 5650/4014/3910
f 5653/3797/3719 5652/4441/4757 5655/5261/5093
f 5656/3772/3695 5657/4427/4284 5658/4441/4763
f 5661/3640/3576 5819/4455/4310 5659/4428/4285
f 5661/3640/3576 5659/4428/4285 5660/3773/1429
f 5663/5262/5094 5662/4056/3952 5661/3640/3576
f 1509/4124/4009 1481/5157/4995 1480/5117/4950
f 5670/5263/5095 281/2491/2496 239/2458/2468
f 5670/5263/5095 239/2458/2468 169/2447/2457
f 4352/3228/3211 5673/4050/1201 5674/5264/5096
f 5675/4178/549 5676/4431/4126 4448/4432/605
f 5678/3258/3232 5673/4050/1201 4352/3228/3211
f 5678/3258/3232 5679/4492/3940 5673/4050/1201
f 5683/4434/4289 5680/4016/3912 5672/4921/4758
f 5684/4924/4760 5685/5265/5097 5686/4923/4759
f 5688/4925/4761 5689/3776/3698 5686/4923/4759
f 5688/4925/4761 5690/4439/4294 5689/3776/3698
f 5690/4439/4294 5688/4925/4761 5692/5266/5098
f 5693/4020/3916 5689/3776/3698 5690/4439/4294
f 5654/4435/4290 5687/4015/3911 5696/4440/4295
f 5697/5267/5099 5687/4015/3911 5694/4927/3499
f 5654/4435/4290 5653/3797/3719 5681/4017/3913
f 5686/4923/4759 5698/3511/3463 5695/3509/3461
f 5688/4925/4761 5691/4438/2447 5692/5266/5098
f 5703/4436/4291 5704/5266/5100 5701/4438/4293
f 5690/4439/4294 5692/5266/5098 5706/4436/503
f 5707/4019/3915 5703/4436/4291 5702/4437/4292
f 5707/4019/3915 5702/4437/4292 5708/4931/4766
f 5709/4965/2146 5705/4928/107 5678/3258/3232
f 5700/4018/3914 5710/3794/3716 5711/3652/3587
f 5699/3775/3697 5689/3776/3698 5693/4020/3916
f 5667/3774/3696 5658/4441/4763 5714/4929/4764
f 5715/5270/5103 5716/5269/5102 5717/5268/5101
f 5719/4932/4767 5720/5271/5104 5721/3510/3462

usemtl mi_TempleEntrance_01_04
f 1166/5274/5106 1159/5273/93 1158/5272/5105
f 1108/5277/3207 1110/5276/5108 1161/5275/5107
f 1160/5273/5109 1161/5275/5107 1110/5276/5108
f 1158/5272/5105 1159/5273/93 1110/5276/5108
f 1148/5280/5111 1141/5279/5110 1142/5278/93
f 1137/5283/3228 1139/5282/5112 1144/5281/3231
f 1141/5279/5110 1139/5282/5112 1142/5278/93
f 1140/5278/5114 1139/5282/5112 1138/5284/5113
f 1137/5283/3228 1138/5284/5113 1139/5282/5112
f 1108/5277/3207 1109/5285/3205 1110/5276/5108

