# WaveFront *.obj file (generated by Cinema 4D)

mtllib ./taobaodianpu_CFSC31.mtl

v -37.202250 -4.102750 -24.896700
v -42.199150 -4.359750 -26.099100
v -37.850950 -5.523450 -22.222300
v -38.166950 -5.465950 -18.257100
v -35.400750 -1.954950 -28.007300
v -36.607550 -4.553550 -30.585000
v -37.876150 0.271650 -23.504600
v -28.485550 -5.859050 -23.810600
v -30.069950 -7.529250 -21.519200
v -25.225150 -5.520750 -27.168200
v -24.959350 -4.993550 -29.997100
v -29.662650 -4.343550 -25.649000
v -28.977350 -1.635250 -20.612600
v -31.029650 0.435550 -27.900400
v -34.101050 -0.839050 -20.615300
v -32.383450 -2.797450 -29.055400
v -21.959850 -2.498550 -27.833700
v -23.702250 0.160650 -32.037900
v -22.832850 -4.582250 -24.186000
v -20.176550 -5.132250 -21.473400
v -28.513750 -0.526350 -44.664000
v -32.369150 -3.175050 -44.582400
v -29.260250 -1.860450 -39.822000
v -32.335650 -1.302850 -52.126200
v -37.416750 -1.101750 -45.351000
v -37.171350 -3.010250 -42.388400
v -35.104550 -4.621750 -40.458100
v -34.184550 -3.036850 -46.297400
v -44.780450 -3.349250 -28.509600
v -39.649750 -1.623050 -40.470900
v -44.344450 -2.243750 -34.380200
v -43.359850 -4.171950 -39.344900
v -48.755850 -4.756650 -33.308800
v -33.297650 -3.258750 -36.961000
v -36.821750 -4.095350 -33.491900
v -43.682850 -5.283250 -35.746300
v -39.331850 -3.660250 -31.822100
v -46.323150 -4.621750 -31.599400
v -20.361450 -6.764850 -16.411100
v -18.193650 -7.376050 -14.628500
v -22.562550 -4.250150 -16.497100
v -24.664350 -5.729250 -20.227100
v -26.426250 -4.849150 -13.577500
v -25.474050 -3.194250 -19.755300
v -18.462450 -0.961050 -16.552900
v -23.347450 -4.421750 -5.886300
v -25.157450 -4.451350 -11.380400
v -30.811750 -3.389850 -13.266500
v -35.591050 -6.896350 -3.389400
v -34.662650 -6.590350 -1.401600
v -26.421350 -5.417350 -2.549200
v -34.560050 -3.587950 -3.291800
v -35.497250 -3.339150 -8.998800
v -23.144650 -1.439250 -12.485800
v -19.969950 0.754150 -16.592200
v -17.019250 -0.819250 -15.172800
v -33.710750 -6.105250 -12.364500
v -37.629150 -1.132650 -9.010000
v -35.590850 -2.885950 -13.423500
v -35.409750 -5.202050 -15.294900
v -40.682050 -5.777150 -15.999600
v -38.163950 0.199950 -3.956800
v -42.046950 -5.023250 -1.785600
v -38.921350 -5.790950 -8.232200
v -40.945350 -2.540550 -13.123200
v -27.270950 -3.793650 -3.342800
v -34.672250 0.368450 -16.072900
v -30.047850 -3.656750 -19.590800
v -34.133650 -6.311050 -18.613700
v -21.554050 -6.698150 -2.308300
v -24.877150 -8.009850 -9.453300
v -18.931550 -4.006850 -12.299100
v -24.890350 -7.385550 -5.102800
v -45.392050 -4.358450 -18.837700
v -47.663550 -2.460450 -16.701600
v -43.015850 -1.052350 -18.460000
v -44.451050 -4.601450 -23.852400
v -51.827250 -3.514750 -18.316300
v -46.487050 -4.004750 -24.109100
v -46.735950 -6.649750 -19.879300
v -52.478650 -6.538450 -19.312800
v -46.625150 -3.029750 -28.298600
v -48.636950 -5.986450 -27.080900
v -52.629150 -4.626950 -19.188300
v -50.717750 -5.348550 -28.999500
v -42.475350 -2.650050 -46.700900
v -48.522750 -2.601750 -43.047600
v -53.121750 -0.771050 -43.099700
v -47.386250 -4.820150 -41.425700
v -44.728350 -0.166350 -48.544100
v -51.123350 -2.813950 -46.877600
v -60.205250 -6.695750 -34.713900
v -65.398750 -9.273250 -34.153000
v -68.189150 -9.273250 -31.567500
v -63.560450 -4.419950 -32.508100
v -67.972350 -9.273250 -27.837700
v -64.542350 -5.286750 -28.337000
v -64.034850 -9.022550 -41.019400
v -60.608350 -2.778150 -38.303200
v -64.629950 -9.273250 -34.983500
v -54.105850 -3.947550 -35.030500
v -59.324050 -8.379050 -36.261900
v -63.378250 -8.972650 -43.835700
v -59.150850 -3.460650 -43.768200
v -52.171850 -6.892250 -33.650300
v -51.695150 -2.550850 -35.487300
v -63.417450 -6.271850 -31.719500
v -55.075450 -8.353650 -31.282300
v -58.805650 -7.556750 -30.652400
v -61.524050 -5.619350 -29.318600
v -62.180650 -6.393150 -25.863200
v -64.030250 -7.347250 -24.661500
v -46.573750 -3.797650 -50.893400
v -45.320450 -4.977950 -42.520800
v -42.760350 -6.146250 -44.846500
v -57.474850 -7.442650 -21.450600
v -59.758250 -6.789450 -20.841700
v -40.079650 -4.294450 -56.314200
v -50.953050 -6.316150 -48.477400
v -55.321650 -4.409550 -55.366200
v -34.857650 -2.831350 -55.403500
v -30.101450 -3.571950 -59.388200
v -30.176250 -4.995650 -63.737900
v -40.469050 -9.273250 -73.176700
v -50.855950 -6.207050 -38.023300
v -49.395250 -6.433750 -34.593300
v -46.412150 -9.273250 -72.821700
v -59.571650 -9.273250 -66.307300
v -31.421550 -9.273250 -70.269400
v -57.652750 -4.624150 -46.450800
v -62.227150 -4.430650 -45.333700
v -64.692150 -9.273250 -47.917600
v -61.039350 -6.288850 -49.966900
v -60.907750 -5.086750 -54.180300
v -26.974850 -5.292950 -67.603800
v -18.162550 -9.273250 -71.480000
v -23.320950 -4.518550 -66.467700
v -18.842350 -4.629450 -65.534700
v -16.079950 -1.249850 -60.400000
v -9.584250 -9.273250 -73.150800
v -11.528750 -0.905150 -55.808000
v -21.432250 -3.190750 -58.141500
v -17.759650 -1.122850 -50.485500
v -18.238650 -0.999450 -55.173700
v -13.330650 -0.112050 -52.193900
v -26.273850 -1.995950 -63.064400
v -28.379350 -1.868750 -58.418300
v -19.405250 -3.480350 -43.642700
v -21.737250 -3.765550 -63.319900
v -21.876750 -0.997850 -61.573500
v -14.375550 1.355050 -49.212000
v -11.131650 0.774950 -45.768900
v -15.823650 -1.825050 -42.984100
v -12.444250 -1.167250 -44.890500
v -17.970250 -2.690450 -40.032600
v -15.152450 0.155650 -41.752000
v -16.676750 -4.662150 -37.176400
v -20.375150 -2.179450 -37.201400
v -19.446850 -2.777450 -61.155100
v -23.813650 -1.122650 -57.624900
v -10.159150 1.524950 -50.890400
v -8.103450 -0.404950 -47.185800
v -6.635550 -0.926350 -44.798600
v 1.723950 -3.475350 -38.177400
v 6.943350 -5.974750 -33.218900
v 5.214650 0.439350 -37.524700
v -2.877950 0.015450 -43.184800
v -0.796650 0.015150 -36.590000
v 7.338450 -2.315850 -29.568600
v -1.194950 -3.170050 -29.479500
v -1.097950 0.082350 -29.488300
v -1.003150 -2.437550 -37.352700
v 2.441850 -6.183750 -35.015200
v -3.492550 -1.852450 -36.803400
v 1.337050 1.856950 -47.687300
v -1.357650 -1.150350 -24.060200
v 7.726750 -4.044550 -22.113700
v 4.521750 -1.061250 -48.254800
v 4.914150 -3.675450 -21.744700
v 6.694650 0.031550 -47.487900
v 8.723450 -0.417550 -19.756000
v -0.086150 1.899350 -55.634100
v -0.265350 -0.308450 -49.482100
v -7.564550 -1.474950 -40.857100
v -9.011650 -2.196950 -38.697300
v 6.947150 -1.121750 -50.213600
v 6.822450 1.369350 -56.081300
v 8.936350 2.894350 -57.127600
v -3.727950 3.289250 -51.413800
v -3.911350 -0.258550 -50.777000
v 4.396050 0.153150 -59.881900
v -7.635050 0.862850 -56.440900
v 3.759050 2.579650 -58.535500
v -3.364250 2.400050 -58.855000
v -2.192150 -1.415250 -64.307700
v -12.727750 -3.047050 -39.648800
v -6.162150 -3.317250 -33.028400
v -3.067950 -0.980850 -69.951900
v -4.726250 -3.627950 -66.683700
v -6.365850 -1.971050 -68.577500
v -7.327950 -2.793050 -59.132200
v 2.911650 -4.661050 -12.094300
v 10.817150 1.476350 -14.310200
v 3.743550 -4.108750 -17.522100
v -11.769150 -6.095450 -0.430600
v -11.267650 3.755650 -2.541700
v -14.043750 -8.581050 -3.330600
v -13.727750 -4.706450 3.033500
v 0.260050 -3.129050 -16.187500
v -12.782850 2.759450 -6.497000
v -6.244350 2.557150 -11.843000
v -1.854850 3.696850 -11.287300
v -3.527950 -1.328050 -12.337300
v 2.123650 1.200050 9.383500
v 11.947750 2.947150 -5.096000
v -5.097650 4.905350 -8.202500
v -7.790150 4.666350 3.851400
v -7.776350 2.646350 6.803000
v -9.372950 3.920450 -2.720900
v -8.721550 1.823650 -1.410100
v -8.282750 4.250650 -10.690600
v -12.346650 3.267150 -11.321400
v -14.858250 3.736750 -7.822200
v 10.445450 1.347450 -9.795600
v -8.109950 -1.596250 -16.890600
v -5.545150 -3.143650 -20.031400
v -8.670950 0.429850 4.596700
v -11.927650 -2.910750 -21.347900
v -8.129750 -4.157650 -12.692600
v -11.369950 -7.394950 -16.683300
v -18.291050 -8.492250 -22.351900
v -17.674750 -5.621750 -23.638700
v -18.779750 -0.562450 -7.560800
v -8.049550 -2.169450 2.946300
v -6.848350 -3.028850 -0.380200
v -18.907050 -7.277150 -5.228500
v -18.199550 -3.014350 -25.737700
v -6.245950 -4.019850 -28.898400
v -5.203750 -0.929550 -27.672200
v -12.944550 -3.314250 -29.993600
v -12.154950 -0.790750 -33.479200
v -12.893350 -0.824950 -30.372800
v -9.974250 -3.773950 -34.188600
v -12.591550 -1.306450 -37.250500
v -8.492550 -5.346850 -29.031400
v -9.688350 -1.380850 -26.068300
v -16.806450 -1.300450 -25.993200
v -16.073450 -3.656350 -30.319900
v -16.514450 0.155050 -27.992200
v -17.657450 -0.555150 -31.759500
v -19.760850 0.440150 -29.734100
v -1.623250 -3.973050 -25.441000
v -2.371150 -2.989650 -21.136000
v -19.553450 0.420350 -33.714900
v -10.514450 0.458450 -22.185200
v -9.448250 -0.958650 -20.679100
v -7.081750 3.584950 -25.114500
v 1.317850 -4.921850 -19.882900
v -41.702050 -6.975350 -13.209800
v -44.649850 -6.599550 -1.428800
v -48.862950 -6.325550 -4.319300
v -47.053050 -6.327150 -12.857800
v -45.841050 -4.891450 -4.366600
v -49.552250 -0.649150 -5.754100
v -46.761350 -4.141050 -14.854600
v -47.552450 -3.703150 -3.033300
v -52.127850 -7.109150 -1.353400
v -43.138750 -6.928850 -8.833000
v -40.612650 -6.141850 -4.307100
v -46.807350 -6.182850 -15.439900
v -54.762550 -3.140850 -1.557000
v -49.314450 -3.741650 10.533400
v -52.265350 -4.571850 0.249200
v -54.727550 -7.085450 14.799200
v -54.925850 -6.254150 4.133900
v -60.825450 -5.747250 10.274600
v -64.836250 -3.903050 3.787000
v -50.356050 -7.645550 4.464200
v -50.711950 -5.969050 2.093600
v -58.194750 -4.972150 1.214400
v -56.840950 -6.642650 -4.967700
v -44.896550 -5.860550 3.142400
v -43.046850 -4.507250 4.884000
v -75.437350 -5.433550 -1.181200
v -77.510150 -6.484650 4.224700
v -73.280450 -4.514850 -1.775900
v -83.054550 -9.273250 -3.524300
v -49.221250 -5.345550 13.051500
v -71.838050 -6.194750 -5.447000
v -59.270850 0.762350 -19.297200
v -57.711750 1.552150 -10.156600
v -62.044350 -0.145850 -16.209500
v -60.281550 -4.717050 -20.850600
v -63.574050 -5.568450 -13.106500
v -62.777550 -5.679850 -18.716000
v -66.134150 -6.222250 -20.972400
v -65.687350 -7.390050 -14.009100
v -70.328550 -9.273250 -24.290400
v -71.167650 -9.322150 -18.330300
v -64.400550 -6.317450 -5.644000
v -66.158850 -4.605150 8.731200
v -68.397150 -6.831550 10.662700
v -66.617750 -6.595950 3.209100
v -70.508950 -6.019750 9.405200
v -71.393850 -6.255850 3.365000
v -66.296050 -5.641650 -7.917300
v -68.793550 -7.620850 2.757300
v -72.082250 -5.736350 -0.608200
v -55.272150 1.510750 -2.343800
v -59.498650 -7.395450 -7.314300
v -67.048350 -6.096650 -1.930300
v -61.424850 -4.785350 -8.895900
v -99.610650 -9.273250 21.855000
v -99.732550 -7.172350 18.761700
v -102.286250 -9.273250 18.163200
v -92.208650 -5.840050 20.856900
v -94.260750 -7.621750 23.973400
v -92.763150 -5.956550 13.701900
v -88.715450 -6.379650 15.498800
v -96.739550 -9.273250 7.664800
v -22.717450 -3.015150 2.333700
v -25.437350 -1.310050 6.043300
v -24.541450 -1.500350 11.755900
v -15.665950 -3.874350 0.114800
v -19.579950 -0.881450 4.500500
v -24.683350 -3.696350 0.860400
v -85.991150 -6.067750 13.784400
v -81.092450 -6.838950 7.363600
v -86.022050 -5.577650 10.205800
v -83.854250 -7.496250 17.410200
v -74.695250 -6.215550 8.398600
v -76.288250 -6.147450 12.026100
v -28.638950 -1.421050 6.934500
v -79.854450 -6.390450 25.531500
v -87.665350 -6.379850 24.763100
v -96.872850 -9.492450 28.622300
v -90.802350 -5.961650 27.514100
v -88.338050 -9.273250 34.976300
v -84.061350 -5.136350 33.484800
v -85.623450 -9.273250 35.793100
v -77.039850 -9.273250 40.887100
v -33.847250 -4.195650 4.994200
v -30.774450 -0.751750 13.366700
v -49.225150 -5.059750 21.930200
v -41.805550 -2.696350 32.784500
v -44.011950 -2.489950 38.474000
v -33.063250 -2.370950 1.262800
v -42.161750 -4.680250 12.446500
v -46.015350 -5.710650 17.346500
v -38.907850 -3.188050 12.887300
v -41.268750 -7.142050 7.963100
v -42.603150 -1.865150 17.424900
v -37.170450 -3.515050 21.186500
v -38.051750 -3.464950 27.468600
v -34.662950 -2.255950 10.587200
v -39.199350 -5.285350 9.561500
v -34.236850 -2.498350 14.543300
v -27.498250 -3.062950 17.995200
v -37.156950 -4.361950 0.942500
v -35.330950 -6.138350 4.928600
v -37.816150 -7.787250 -1.007500
v -87.786450 -9.164350 3.023300
v -78.852850 -5.879550 0.519200
v -83.619950 -6.672850 3.912700
v -9.599950 -4.453350 71.190100
v -1.559450 -0.748950 63.423200
v -7.782450 -1.359550 62.429900
v 7.190350 -6.841350 72.219000
v -5.163450 -5.570450 76.235200
v -23.175850 -4.841050 75.955400
v -25.922350 -5.204850 79.240700
v -11.499650 -5.311850 80.928100
v -18.320650 -1.614650 67.430800
v -15.844050 -3.005950 70.983000
v -12.944650 -3.323150 73.223900
v -3.328050 -3.988750 71.874600
v 1.572250 -4.542350 69.881500
v -19.388150 -4.701250 84.511000
v -30.324750 -9.273250 85.751700
v -25.322150 -9.273250 90.201900
v -23.776650 -2.807450 82.874800
v -8.725450 -3.285050 72.992600
v -15.291750 -4.366950 63.129000
v -9.756050 -3.771950 59.537500
v -12.857050 -3.142350 59.375500
v -22.402750 -2.398950 67.804500
v -19.334650 -3.902950 64.954700
v -28.555350 -6.357550 67.828800
v -28.803350 -4.748150 79.533200
v -30.818050 -3.083250 81.950500
v -38.064950 -9.273250 87.148000
v -39.394950 -9.273250 76.135800
v -14.803750 -9.273250 87.944000
v -9.862250 -5.666150 77.557800
v -36.037850 -5.573050 70.839600
v -32.485050 -4.251050 70.271000
v -6.500350 -3.363850 80.192700
v -39.347750 -6.304150 60.039400
v -44.687950 -5.354850 61.855200
v -48.341050 -4.813350 66.749900
v -57.634950 -6.187450 59.307200
v -46.317850 -9.269650 75.194000
v -69.894450 -9.273250 68.871500
v 11.660850 -9.273250 86.114700
v 7.536150 -5.910950 81.225900
v 9.105550 -9.273250 87.651700
v 10.950950 -5.591450 81.891200
v 10.627650 -3.857850 55.339500
v 1.193750 -0.047850 61.033400
v -5.046050 -9.273250 84.346300
v -2.678650 -5.557950 81.658700
v 4.967750 -2.671050 54.788600
v -0.066650 -0.995750 59.343000
v -3.030250 -3.455150 58.416900
v -7.110650 -2.726950 59.222800
v -2.344850 -3.190850 53.035900
v -16.030450 -3.536850 56.091800
v -17.958350 -0.624850 59.576900
v -20.416950 -0.788750 59.978000
v -36.534250 -3.062550 51.836200
v -22.734950 -3.250450 44.612000
v 1.503250 -3.356150 49.710600
v 5.323750 -0.724750 45.905200
v 5.257050 -3.513250 44.081100
v 7.015650 -3.532850 40.717100
v -57.699050 -4.892650 51.317600
v -73.106550 -9.273250 51.912200
v -7.624050 -4.198950 82.409500
v -4.510550 -3.644450 84.466100
v -40.845750 -1.626750 48.338100
v -18.179650 -3.658250 43.606900
v -37.153350 0.186250 48.215500
v -31.714150 -3.181350 47.514200
v -11.268250 0.755650 41.200500
v -9.574750 -1.666750 42.324200
v -7.113250 -1.471350 38.685600
v -16.248950 -1.334950 40.486900
v -23.489850 -1.849750 39.438800
v -22.736150 2.917450 38.895300
v -26.529350 0.882750 36.702600
v -22.304150 4.174550 37.126700
v -16.582850 -0.172750 37.089900
v -11.136550 -2.336150 45.919100
v -3.726450 4.343150 35.371200
v -10.642950 2.075250 43.442300
v -5.043450 -0.849550 35.715600
v -5.300950 -2.808650 40.975800
v -39.647250 -1.048550 43.857600
v -35.290050 -0.269150 44.067100
v -39.073050 0.312850 41.321800
v -29.334350 2.009150 38.198600
v -11.583750 0.824950 46.209300
v -15.923050 0.611750 42.883800
v -16.023750 3.581750 31.673100
v -13.151550 2.094650 28.446900
v -18.082250 5.742250 39.537600
v -8.711850 8.653950 36.175900
v -5.114450 3.655250 32.512500
v -14.615850 9.479850 36.641400
v -9.947450 6.119150 32.232100
v -11.188050 -0.587650 27.109300
v -12.217250 5.806850 32.063700
v -5.036750 -0.142450 30.922200
v -13.740150 9.492450 38.896300
v -16.982450 5.193250 41.644500
v -38.958550 0.595850 37.491000
v -41.452250 -0.863750 33.394600
v -34.989350 0.038850 36.562800
v -34.960750 5.688150 39.142400
v -31.310950 4.224350 37.558400
v -30.888650 0.698250 34.613100
v -34.387150 2.908350 44.541100
v -30.746450 -0.800550 41.496900
v -22.424150 -1.476450 32.701100
v -15.857350 -3.086350 26.260500
v -17.599450 -1.884950 24.015600
v -12.817150 -4.526350 25.573200
v -15.099550 -1.127950 23.979800
v -25.147350 -1.414250 22.885500
v -27.523050 -0.308750 25.188500
v -29.955750 -1.219450 35.446100
v -33.200750 -0.447950 43.292200
v -34.560150 -2.519350 22.673900
v -30.511150 -2.488050 20.327500
v -26.574750 -3.737850 21.506800
v -23.937750 -4.529650 19.939800
v -36.980450 -0.518150 32.786400
v -34.492450 -2.843450 26.896100
v -31.119750 -2.629050 26.844200
v -17.826650 2.798450 20.121700
v -15.673950 1.912750 15.137700
v -21.800350 -0.787450 18.724100
v -24.041750 0.571250 14.836600
v -11.348450 1.906050 18.377900
v -13.012550 -0.696250 13.313300
v -13.218450 2.335950 14.058300
v -19.299550 1.172150 13.490900
v -11.304150 2.473750 7.320600
v -18.250850 4.836150 10.186200
v -21.986150 1.520750 7.424200
v -2.116550 -0.870950 11.719000
v 2.123550 -0.195050 8.990700
v -9.960650 -4.095850 18.359600
v -15.692450 -8.037450 15.193500
v -13.167950 -5.364550 11.936200
v -15.086350 -1.124550 4.091900
v -9.154550 -4.561650 10.404800
v -8.127450 -5.207650 14.802200
v -6.605150 -0.636750 10.740000
v -9.845750 -3.393850 14.347000
v -23.091250 0.412450 4.807100
v -5.324250 -4.542150 19.888000
v -10.021550 -2.353350 21.549000
v 0.739750 -1.626850 19.982100
v 7.483150 -1.310950 20.188100
v 4.933750 -2.933250 18.325700
v 4.007650 -0.210750 14.226500
v 3.271250 -4.283650 14.355100
v -4.257850 -2.202750 21.661600
v -9.343350 1.039850 10.369500
v 0.210750 -2.518250 10.854800
v 8.014950 0.687150 17.425400
v -14.965850 1.057750 7.697500
v -2.027250 -0.323150 18.305600
v 13.504250 -1.542650 30.459500
v 9.792450 -2.579350 30.777600
v 10.256950 1.269150 33.462600
v 7.526350 3.966950 33.985900
v 9.778650 3.329250 33.971700
v 9.546850 1.654950 28.050300
v -0.393850 -1.832650 38.259600
v 4.643150 -1.497850 34.037700
v -1.686650 -2.622950 45.532100
v 1.620350 2.883450 41.615600
v 10.626450 0.275050 38.370400
v 5.778550 0.556050 39.313200
v 3.266850 1.773450 25.334900
v 0.817850 -5.026750 21.944600
v 5.151050 -1.272250 38.611400
v 4.576350 1.378050 41.763100
v -1.082750 -0.368350 23.999900
v -3.127050 0.401850 26.833800
v -0.083250 -0.706050 29.728900
v 1.738350 3.920550 24.331600
v -0.174450 3.636350 28.806200
v 3.835750 0.262050 28.042100
v 11.000850 3.264850 26.720100
v 7.879550 1.397150 25.123700
v 1.875950 0.543750 21.534700
v 20.197850 -1.366350 -7.876100
v 17.809950 -2.680850 -5.979000
v 22.568950 -0.837850 -6.280100
v 20.362050 1.408750 -9.040400
v 28.820450 -2.492250 -1.980300
v 23.893350 -0.762750 0.387100
v 26.563250 1.795050 -5.220500
v 56.898950 2.742250 1.608500
v 57.620950 -5.101950 2.601400
v 54.395050 -2.571850 -0.352900
v 57.855450 0.457250 6.947600
v 52.144350 3.913350 -3.258900
v 52.481850 0.885450 0.819800
v 52.481250 -2.405150 3.492300
v 49.101650 6.033350 4.496800
v 51.191950 -0.295350 9.863100
v 52.536950 -2.552650 11.617200
v 49.740250 5.995150 6.777600
v 11.974050 3.732050 -10.827800
v 24.099650 -0.081850 -15.383800
v 21.615850 -1.964450 -13.470900
v 29.699150 -5.326050 -15.185400
v 54.061850 1.472750 -5.641400
v 53.262550 -1.052850 -6.795400
v 49.963050 -3.387550 -9.135100
v 32.603950 0.219650 -19.852700
v 32.182150 -1.070650 -17.157500
v 29.539450 -0.208350 -14.556000
v 32.672550 0.175350 24.110700
v 28.246350 -0.335350 24.050700
v 31.864550 -5.582850 24.465600
v 28.044150 -5.144650 22.999100
v 32.182850 -5.932750 29.161800
v 36.913750 -5.727850 20.626300
v 47.755150 -3.457250 10.414800
v 40.406250 -5.489150 15.715100
v 39.353350 -1.316050 18.263800
v 42.450250 -4.499850 17.844300
v 48.619050 -4.763850 17.670100
v 46.547450 -5.934550 13.055000
v 43.056350 -0.641350 10.675500
v 41.927350 -5.747750 13.326300
v 31.828150 -0.624150 -10.470000
v 32.437050 -5.705650 -9.483900
v 35.734950 -4.745250 -10.471400
v 39.476750 -4.189350 -7.281700
v 29.412150 0.517050 -4.596800
v 32.775350 -4.967850 -6.529900
v 37.868450 -6.378050 -6.562500
v 36.332250 -4.017750 -4.872500
v 35.380150 -0.405650 -3.101700
v 34.110650 -0.203850 -14.055300
v 38.260850 -3.999750 11.008500
v 28.708850 2.866150 20.779900
v 32.174950 0.884850 18.967800
v 36.482850 -2.825750 12.813300
v 34.840550 -1.098450 24.380200
v 24.894450 2.080150 18.834800
v 45.467950 1.472050 -5.397900
v 40.709250 -3.571850 -0.617300
v 33.140450 -2.057650 7.425700
v 33.010750 -4.677150 8.490400
v 28.986550 1.795650 0.005500
v 30.012650 2.660650 6.228500
v 41.676150 2.568050 2.324500
v 28.460650 -1.557950 7.737700
v 26.137350 -0.777850 8.163400
v 31.236150 -0.300550 10.778200
v 33.007450 -0.125750 9.170700
v 42.173450 -1.858350 5.559200
v 46.833550 -2.545150 2.352900
v 44.134550 0.571650 3.822800
v 49.161250 -3.546750 5.371500
v 44.846450 -1.510450 8.648900
v 46.025250 0.588750 9.449300
v 9.137450 -3.631450 10.796400
v 5.599750 -4.186650 5.269600
v 2.189650 -4.254950 8.083900
v 11.650550 -5.777550 13.611300
v 12.377350 -3.931450 19.307600
v 14.713350 -3.563350 12.957600
v 11.199050 -2.901650 7.308800
v 14.657650 -5.470950 8.515200
v 15.600150 -2.087850 -1.892600
v 15.884750 0.497250 1.978300
v 10.196850 -5.321850 -1.638100
v 8.939050 -0.692350 -2.747700
v 5.617250 0.323750 3.550400
v 10.554450 0.389350 6.284500
v 13.597250 -1.425950 -7.847300
v 11.676850 -0.410750 -6.347700
v 13.628850 -5.582650 -6.702400
v 9.475150 1.290750 12.745700
v 19.369950 -6.008850 4.433600
v 24.538250 -4.422050 3.689000
v 17.143350 -3.892250 2.835900
v 16.061850 -2.286750 0.982300
v 19.849050 -3.344750 7.672400
v 23.887450 -3.079350 6.086400
v 19.679450 -1.538350 8.334400
v 10.694250 1.452150 19.667400
v 9.960950 -4.414650 16.587900
v 12.133150 -0.355650 14.121800
v 6.721650 -5.968750 21.390300
v 8.586450 -4.686750 22.488700
v 14.052250 -4.281550 20.301800
v 12.089050 2.656350 23.389900
v 20.301050 -3.602950 11.053400
v 19.581150 1.520450 12.507200
v 22.662250 1.930650 30.790500
v 14.107650 0.380550 39.403500
v 23.274250 -1.659950 32.644400
v 24.854450 0.926250 26.703300
v 21.668950 -6.459550 34.363200
v 20.124150 2.659550 26.986100
v 23.678650 -5.615150 25.563600
v 29.358450 -5.318550 28.082100
v 15.620750 0.945650 26.572200
v 21.961850 -4.672650 27.865000
v 28.593150 -4.520150 30.299400
v 27.652350 -7.059250 33.913700
v 29.115650 -2.175250 31.891500
v 27.618750 -3.509350 34.764900
v 18.806550 -0.513950 26.104500
v 14.835350 -4.831350 39.499000
v 14.643150 -1.423150 25.457300
v 17.428750 -4.185050 24.438200
v 23.836450 -2.505350 22.988700
v 17.801250 -0.317650 17.230000
v 18.659550 -4.215750 19.863500
v 18.723350 -3.298550 14.786600
v 63.737250 -5.941650 9.303500
v 73.035550 -5.251050 39.153500
v 76.413050 -5.763550 43.220100
v 76.451550 -6.559050 39.803500
v 69.093750 -6.155450 40.774300
v 61.616150 -8.707250 44.616700
v 52.690850 -6.992050 13.492600
v 80.088550 -5.441450 48.954000
v 85.073050 -9.273250 58.361400
v 78.335850 -4.373650 42.921000
v 48.578850 -3.563250 21.558600
v 53.846450 -5.904050 20.665200
v 71.348950 -3.472150 49.614900
v 67.099250 -5.929850 33.878700
v 58.287450 -6.020350 34.283600
v 84.902550 -9.336150 48.079500
v 83.171250 -9.273250 41.559200
v 80.751550 -5.568350 33.922600
v 92.487250 -9.273250 38.436600
v 56.414150 -5.501750 37.717500
v 83.656250 -3.861750 30.681500
v 82.755850 -5.700550 31.814000
v 84.824750 -5.201550 29.358800
v 86.476850 -9.273250 26.345300
v 77.584850 -6.458150 31.858400
v 77.406150 -6.553850 29.449500
v 82.975550 -4.259250 24.640300
v 82.827050 -6.513550 24.318800
v 87.359650 -9.273250 24.547300
v 86.874350 -9.273250 20.937600
v 78.891550 -4.449650 26.477900
v 76.596750 -6.874850 27.541200
v 80.978050 -8.540950 25.087500
v 85.225850 -4.773350 20.369500
v 85.068850 -9.273250 20.388200
v 76.798850 -5.454550 16.254800
v 78.369350 -5.938750 20.160000
v 84.517750 -6.006450 17.061500
v 79.626550 -5.770850 17.491600
v 84.595350 -7.614050 12.128100
v 87.996950 -9.273250 17.173600
v 76.957650 -7.641850 13.696000
v 75.356450 -7.222750 8.659100
v 71.418050 -6.309150 29.532900
v 65.378250 -6.576350 30.727800
v 64.034350 -5.993150 27.106300
v 64.474250 -5.580050 24.846300
v 65.326550 -8.617950 25.341500
v 56.235750 -6.381550 27.153400
v 53.074650 -5.236150 28.954000
v 50.885350 -7.147250 30.971200
v 56.333850 -5.045050 18.296200
v 57.566250 -3.445150 16.195200
v 64.306650 -7.029250 13.726100
v 60.367850 -7.064750 14.921300
v 58.532650 -4.718150 20.206400
v 64.483850 -5.527150 19.732700
v 72.786150 -4.543950 18.475400
v 67.562950 -5.948550 17.955000
v 66.807650 -5.498150 12.537200
v 10.553150 -3.162350 61.607300
v 10.946050 -4.469150 65.257500
v 12.219950 -1.773250 63.402500
v 11.706550 -3.355450 69.622800
v 9.586150 -5.234250 68.043400
v 14.358050 -2.704550 67.128900
v 11.896450 -6.284250 72.740100
v 16.419550 -5.963950 63.271200
v 17.456050 -3.083650 59.276100
v 23.908750 -5.740350 69.031200
v 17.088150 -5.054450 58.857900
v 15.647450 -6.478550 68.985700
v 31.247750 -5.915850 71.189200
v 25.381250 -8.422350 57.192800
v 23.729450 -3.568050 74.639400
v 11.325350 -5.812650 77.071300
v 25.739750 -7.859050 79.128900
v 21.433550 -4.715750 43.115300
v 20.624150 -9.273250 91.937000
v 17.049350 -5.897550 44.841000
v 37.360850 -6.950050 57.417300
v 25.599450 -5.941850 52.782500
v 12.333350 -5.367350 46.591900
v 18.927350 -3.878350 49.359000
v 19.613650 -6.802450 49.096100
v 34.457950 -6.518950 74.216400
v 17.285050 -5.166050 52.222900
v 21.121850 -4.763250 52.074700
v 31.121650 -4.951250 77.485600
v 41.151950 -7.425150 65.045200
v 44.041750 -4.954650 72.732500
v 47.424350 -5.149550 60.744700
v 52.791650 -5.062750 65.655800
v 37.196050 -7.492350 74.969300
v 41.210650 -7.200450 75.501200
v 57.287050 -9.273250 79.244500
v 34.750150 -7.049950 76.243100
v 29.612550 -7.070550 80.602200
v 35.964050 -6.702350 81.369800
v 38.331050 -5.911550 82.399300
v 29.199550 -5.999950 83.795800
v 29.325750 -9.273250 88.329900
v 26.550250 -9.273250 91.518700
v 36.146950 -9.273250 88.917300
v 43.108350 -9.273250 89.897800
v 54.331550 -5.704950 62.022500
v 59.885850 -5.513950 66.142300
v 60.230650 -5.995950 60.799400
v 63.289250 -6.887050 64.992000
v 65.570350 -3.457950 67.992000
v 41.260250 -6.806750 56.644000
v 43.632350 -7.262650 55.533700
v 54.669750 -4.112150 55.903100
v 67.326050 -9.273250 78.771100
v 61.995850 -5.100450 57.013300
v 73.647650 -5.825450 71.380800
v 75.898750 -7.313150 69.642400
v 80.759050 -9.273250 73.314200
v 75.876050 -9.273250 77.522900
v 79.739650 -5.717850 69.908900
v 83.219650 -9.273250 71.066400
v 36.512150 -5.726750 32.843900
v 41.562850 -4.740250 32.510900
v 33.735250 -8.693350 34.032200
v 37.501550 -6.263150 35.680400
v 30.918850 -7.594950 39.129000
v 36.771050 -6.547350 29.973500
v 43.624450 -6.314550 29.140900
v 49.489750 -6.246050 34.717600
v 40.093750 -6.130350 47.370700
v 40.283350 -6.423850 41.347300
v 38.114550 -5.746550 24.162100
v 31.293250 -4.335950 45.752600
v 35.636050 -7.471850 44.351800
v 35.283850 -7.600150 38.943700
v 48.402850 -4.916950 21.787800
v 26.220350 -5.257550 44.217300
v 46.656550 -7.278750 30.679600
v 41.856850 -5.795150 22.032500
v 45.029250 -5.106750 33.910000
v 64.783450 -2.669350 60.481900
v 65.442950 -4.846350 57.687500
v 68.569050 -5.696050 52.875400
v 73.118350 -8.461250 60.878800
v 72.948750 -4.664550 54.883900
v 66.754450 -8.584850 54.421600
v 76.315250 -7.165750 60.389900
v 64.085650 -2.382650 47.149000
v 61.600350 0.496350 54.193500
v 85.352650 -9.355050 65.681300
v 61.811950 -5.190650 45.415200
v 71.024550 -5.316050 49.150600
v 29.035850 -6.758650 55.628800
v 60.641950 -3.594050 51.708200
v 54.446650 -4.089450 45.237200
v 36.449550 -5.683250 50.578500
v 46.143550 -5.945450 42.365900
v 49.842750 -4.625250 45.145600
v 55.228250 -8.145850 43.550300
v 42.506450 -7.559550 49.499600
v 61.768550 -1.677150 57.849000
v 64.783450 -2.669350 60.481900
v 61.768550 -1.677150 57.849000
v 65.442950 -4.846350 57.687500
v 68.372550 -8.252750 62.119300
v 16.130550 2.484750 -46.826500
v 18.275050 -3.832150 -47.969400
v 20.095350 0.353050 -49.310100
v 16.601650 -5.399950 -52.204700
v 15.337150 -0.413250 -55.163000
v 22.767550 -1.710750 -49.081600
v 21.558650 -2.352050 -43.915500
v 19.522150 -3.909950 -55.531700
v 10.169450 -0.907550 -45.406800
v 9.739550 1.806550 -40.174000
v 15.776850 0.274750 -40.468000
v 14.868550 0.468650 -46.465100
v 10.163650 1.378850 -46.643100
v 9.491250 -0.544750 -39.402500
v 7.502550 -2.046450 -43.158600
v 13.231250 3.243450 -48.452200
v 12.695150 1.511950 -53.413800
v 26.049350 -3.060750 -54.450500
v 23.103150 -1.222350 -58.925100
v 26.076550 -3.682550 -59.269300
v 26.131250 0.394050 -59.742700
v 20.690850 0.184750 -60.980600
v 19.335350 -4.903750 -58.916200
v 13.847050 1.004650 -57.273100
v 22.811550 2.767850 -62.608800
v 23.963350 -1.011950 -41.206100
v 19.234250 -2.292050 -39.678500
v 29.767050 -2.144050 -37.463300
v 18.989950 -0.390350 -39.566600
v 15.629350 0.670050 -33.960300
v 14.747150 -5.065050 -55.169500
v 16.026350 -1.758550 -33.530400
v 24.994850 -4.842150 -32.062800
v 23.141850 -1.941050 -28.065800
v 28.131950 -4.343450 -27.131100
v 20.215750 -2.524450 -28.104300
v 17.358450 -5.164650 -32.322000
v 15.760250 -2.014950 -28.787300
v 14.381050 -4.851150 -29.802500
v 11.108950 -3.349250 -27.278200
v 14.105250 -4.189450 -33.168200
v 10.595050 -6.029450 -31.704900
v 11.104250 1.513550 -34.131600
v 9.228750 -1.344850 -34.927600
v 8.496850 2.035450 -36.485500
v 26.725050 -1.369850 -34.053700
v 25.387950 -4.265750 -43.804400
v 13.147150 -4.954350 -22.728200
v 13.684250 0.527850 -20.706000
v 29.428950 -4.608750 -30.534300
v 28.159850 -0.334550 -45.652500
v 35.403450 -1.551850 -37.823100
v 31.487850 -3.632650 -35.758300
v 38.422050 -1.839750 -38.767000
v 37.342450 2.654650 -39.505800
v 32.275950 4.918650 -42.118800
v 34.087650 4.262650 -46.228100
v 28.180750 1.008450 -59.473500
v 29.541550 -1.196350 -52.725100
v 38.912650 0.773950 -47.675900
v 38.059050 -4.683750 -43.472300
v 35.321550 -2.284050 -49.405900
v 30.956850 2.001050 -48.560400
v 26.335450 -9.273250 -89.186900
v 24.551650 -2.948050 -84.548300
v 28.333050 -9.273250 -83.175000
v 23.319850 3.946150 -65.323000
v 25.247850 -3.486850 -69.335600
v 23.433950 3.829450 -68.279300
v 23.594150 1.700950 -71.811700
v 18.560950 -0.970150 -74.486900
v 25.704850 -3.400250 -74.032200
v 12.403050 2.288750 -66.642100
v 28.861350 -5.051050 -79.167300
v 31.206450 -9.178350 -82.069400
v 15.604650 -1.882750 -73.077600
v 21.351650 -2.263550 -79.975400
v 21.330650 -0.384450 -78.359400
v 17.925650 -3.700150 -75.126000
v 12.013150 -3.363950 -79.548900
v 10.405050 -2.267150 -70.721300
v 6.401550 0.000050 -64.163700
v 29.841350 -1.456250 -78.152100
v 33.646850 -9.273250 -79.501600
v 54.151650 -1.344250 -58.792400
v 47.768550 -0.335050 -57.623700
v 47.459450 -5.490350 -53.546300
v 34.668350 -3.126650 -53.838000
v 37.241350 1.262750 -58.112000
v 35.501550 0.314150 -64.336200
v 47.019150 -9.273250 -65.820800
v 38.367250 -2.522050 -67.339800
v 34.971950 -2.660550 -57.024500
v 29.935250 -2.826250 -62.545300
v -3.933350 -9.273250 -74.350000
v -0.329350 0.246750 -66.881400
v 1.372150 -2.100150 -69.422900
v 10.333150 -3.993850 -83.894100
v 14.432350 -9.273250 -87.016800
v 13.839750 -9.273250 -87.408100
v 7.076650 -9.273250 -82.668100
v 19.037450 -9.273250 -91.904700
v 12.973450 -9.273250 -89.302600
v 19.177050 -2.747050 -88.038000
v 33.703450 -3.052250 -65.833800
v 32.251350 -2.259850 -67.983900
v 62.714050 -9.273250 -64.318000
v 26.851850 0.068850 -63.825900
v 25.229550 -1.754750 -79.679300
v 34.065150 -4.626050 -76.436900
v 31.854950 -3.881150 -74.009800
v 30.427550 -2.761650 -70.414400
v 20.023650 -1.342250 -82.478000
v 19.726350 -9.273250 -91.937000
v 35.659550 -1.261050 -71.680200
v 39.788150 -9.273250 -79.021300
v 13.435450 3.298750 -63.540200
v 8.662350 -2.545850 -74.446000
v 4.858050 -1.269850 -69.322900
v 34.940450 -3.345050 -71.728500
v 27.367850 -3.375450 -68.371500
v 46.670250 -9.273250 -73.741000
v 7.720350 0.136850 -61.353400
v 10.925950 -1.999150 -62.170500
v 11.471150 1.064650 -60.997300
v 9.348850 0.145450 -58.904400
v 42.547350 -3.089850 -25.048100
v 38.674150 -0.964550 -25.708200
v 38.954250 -6.717450 -25.935600
v 32.249750 -6.579850 -29.050100
v 44.062350 -3.963750 -27.506900
v 41.648750 -5.677550 -10.226400
v 46.674150 -7.700950 -9.255300
v 44.137150 -6.120450 -13.252100
v 41.597550 -6.858750 -13.586700
v 44.674750 -2.720650 -13.885500
v 47.890150 -6.452850 -11.747400
v 47.938650 -4.267050 -17.118000
v 50.862450 -5.829150 -13.433200
v 51.753050 -6.542750 -28.194500
v 56.301650 -6.693550 -26.697600
v 54.085950 -3.901850 -30.983100
v 53.259750 -7.321650 -23.252700
v 57.078950 -7.046550 -17.253500
v 48.728050 -7.202850 -18.716000
v 52.833950 -7.138750 -14.988800
v 54.931250 -6.426850 -17.583900
v 48.156750 -5.267050 -30.090700
v 52.868750 -0.646050 -15.447500
v 57.422850 -3.146350 -17.735700
v 60.154350 -4.904850 -10.025100
v 43.446550 -4.017950 -19.882400
v 44.188650 -5.317050 -35.866500
v 40.098650 -4.181250 -39.511500
v 40.178550 -2.499250 -19.311700
v 46.205250 -2.972350 -20.825700
v 48.328050 -7.298350 -22.107000
v 33.516850 -2.422650 -32.533800
v 9.276550 -0.979150 -16.860000
v 16.518750 -2.457250 -20.451200
v 22.317950 -5.311950 -23.721200
v 16.091450 -1.190850 -16.739800
v 13.581050 -2.559350 -15.007000
v 18.461750 -3.093350 -17.432300
v 21.220050 -2.087750 -24.741200
v 20.931450 -5.774150 -21.612800
v 21.999750 -4.758150 -15.269700
v 33.270450 -1.904250 -28.493700
v 35.556950 -1.173950 -30.964300
v 25.693750 -4.070650 -20.516200
v 28.473650 -2.778850 -18.368200
v 28.887650 -5.245550 -22.958800
v 26.453750 -2.932550 -24.512900
v 22.008450 -5.506350 -26.280500
v 36.439650 -3.463750 -13.554100
v 37.058050 -3.168050 -25.989900
v 30.859450 -1.284850 -25.932100
v 33.099850 -0.578850 -23.131300
v 34.613950 1.798550 -21.933000
v 60.015350 -5.833250 -20.181800
v 60.930050 -4.719850 -20.942900
v 63.967050 -5.696650 -16.129800
v 67.193950 -5.721550 -20.659200
v 69.446050 -6.214050 -17.194500
v 71.624650 -4.248750 -12.024100
v 64.331050 -6.999650 -0.567100
v 58.770750 -5.254750 -7.058600
v 56.061750 -6.365050 0.135300
v 61.097650 -7.046750 -10.968300
v 57.054650 -6.803550 -6.138900
v 52.524950 -6.548450 -2.508700
v 67.838850 -6.357650 -11.462900
v 75.968450 -4.820950 -12.879800
v 79.341750 -6.602550 -15.706900
v 74.884550 -6.639450 -10.182700
v 65.367850 -6.066950 -4.449700
v 65.531750 -4.802250 -0.186500
v 73.534050 -5.182150 -6.849900
v 75.868450 -6.241750 -1.426300
v 77.812750 -6.050150 2.560200
v 86.976850 -5.856350 -0.972600
v 71.000250 -4.657350 2.297000
v 82.541050 -5.121350 -3.655300
v 79.914850 -7.467350 -9.168000
v 83.353450 -4.201050 -10.230900
v 92.936950 -7.090150 -10.096700
v 89.472650 -8.423350 -10.159300
v 91.291350 -5.367850 -5.931700
v 101.589750 -9.273250 -9.685100
v 94.552450 -9.273250 -13.277300
v 95.332450 -5.073050 -7.046000
v 93.818050 -9.273250 -15.227700
v 89.310450 -8.875550 -14.853200
v 96.650050 -6.347850 -6.758700
v 96.558550 -6.319750 0.279500
v 92.175850 -6.036150 -3.998400
v 84.735650 -7.035050 -11.067200
v 83.686950 -5.520350 -12.956400
v 88.596250 -6.095550 -13.625000
v 86.737850 -6.535550 -17.790700
v 68.031250 -4.983050 4.895400
v 102.286250 -9.273250 4.998200
v 93.801750 -9.273250 13.505200
v 79.274950 -3.898350 4.243300
v 85.725550 -3.912050 2.287100
v 93.742850 -4.668250 2.995800
v 80.920550 -6.164250 6.837000
v 86.947550 -5.527050 7.496400
v 89.492550 -6.225550 5.636200
v 96.489650 -5.041950 4.756400
v 97.099250 -9.273250 9.076300
v 53.711250 -2.100950 -35.187100
v 49.628650 -4.659550 -38.831800
v 61.202050 -5.382050 -26.775200
v 64.731450 -3.857050 -36.546300
v 63.639050 -3.758650 -28.994200
v 77.383150 -4.930050 -40.466500
v 77.249250 -4.733750 -33.921100
v 69.359550 -4.409150 -29.655400
v 70.333150 -5.748050 -25.991200
v 96.715650 -9.273250 -21.074900
v 95.949650 -9.273250 -26.670300
v 89.313250 -6.583650 -24.150400
v 87.518250 -2.314850 -17.293600
v 86.248050 -0.623150 -19.293400
v 79.789850 -5.509550 -16.939200
v 84.867450 -4.439750 -24.147100
v 83.788850 -0.611150 -21.684500
v 44.960950 -2.617450 -37.025300
v 82.484950 -5.272950 -25.608100
v 95.949650 -9.273250 -26.670300
v 75.817250 -6.268250 -21.460300
v 87.909650 -9.336950 -56.186400
v 74.977550 -5.989250 -16.437300
v 70.189850 -8.140750 -20.992600
v 67.956550 -6.663650 -25.645600
v 49.277150 -4.867950 -43.023900
v 51.550250 -6.894750 -47.015400
v 53.040650 -5.555150 -42.268200
v 61.533650 -3.611550 -59.466300
v 67.887150 -9.273250 -61.126400
v 43.336650 -4.106850 -50.477000
v 43.472650 -5.972750 -46.829600
v 54.622950 -4.692550 -56.029400
v 60.453350 -6.028550 -55.065100
v 64.818550 -6.209950 -49.863800
v 58.312950 -6.070450 -45.379100
v 70.284750 -1.432850 -59.891600
v 75.286550 -0.560650 -57.242200
v 73.716950 -0.727350 -60.944300
v 63.982450 -4.908750 -42.677700
v 73.675150 -4.135850 -53.727000
v 78.134450 -5.819250 -56.618600
v 69.938650 -9.273250 -63.793200
v 72.722450 -9.273250 -62.143600
v 66.543050 -2.621450 -56.766000
v 69.692050 -3.794150 -53.094700
v 74.218550 -9.273250 -60.970700
v 67.636150 -6.898150 -46.889300
v 71.150750 -5.702850 -49.392800
v 75.291550 -5.418550 -48.389800
v 80.030150 -9.273250 -63.258600
# 1127 vertices

vn -0.338906 0.826813 0.448875
vn 0.094281 0.995031 -0.031094
vn -0.655469 0.741656 -0.142312
vn 0.433031 0.890094 -0.142000
vn -0.102312 0.964156 -0.244781
vn -0.569188 0.608312 -0.553125
vn -0.529344 0.821063 0.213531
vn 0.497031 0.851812 -0.165344
vn 0.369656 0.668406 0.645406
vn 0.093906 0.983125 -0.156844
vn 0.684563 0.716531 0.133906
vn 0.267750 0.495531 0.826250
vn -0.055094 0.994000 0.094187
vn 0.635156 0.705844 0.313594
vn 0.379625 0.877750 -0.292250
vn -0.133750 0.778687 0.612969
vn -0.236156 0.969656 -0.063031
vn -0.488000 0.701000 0.520000
vn -0.172813 0.982938 0.062906
vn -0.408812 0.881594 0.235875
vn 0.494938 0.848188 0.188594
vn -0.133844 0.990844 -0.015969
vn -0.432063 0.888094 0.156656
vn -0.007969 0.997969 0.062844
vn -0.078750 0.988937 -0.125594
vn 0.094000 0.984187 -0.150000
vn 0.180906 0.920656 0.345875
vn 0.063219 0.995438 0.071219
vn 0.133563 0.972938 0.188406
vn 0.557375 0.761813 -0.330031
vn -0.212969 0.968875 -0.125969
vn -0.471812 0.881656 0.007969
vn 0.338437 0.699844 -0.628969
vn 0.212781 0.975062 0.062937
vn -0.150312 0.986063 -0.071125
vn -0.054969 0.936656 0.345875
vn -0.173438 0.978625 0.110281
vn -0.125969 0.983969 0.125969
vn 0.141656 0.989781 -0.015937
vn 0.000000 0.707094 -0.707094
vn 0.617500 0.601406 -0.506875
vn -0.378437 0.724813 -0.575656
vn 0.314312 0.942937 0.109750
vn 0.521281 0.845125 -0.118281
vn 0.386344 -0.031000 -0.921812
vn 0.078813 0.966688 0.243406
vn 0.141625 0.989406 -0.030906
vn 0.583250 0.811344 0.039000
vn 0.227906 0.487781 0.842656
vn -0.142188 0.788125 -0.598844
vn 0.315000 0.307000 0.898031
vn 0.330750 0.936312 -0.117906
vn 0.370875 0.820969 0.434031
vn -0.306219 0.934656 -0.180531
vn -0.369375 0.754750 0.542094
vn 0.769250 0.510156 0.384625
vn -0.126000 0.992000 0.000000
vn -0.448531 0.881094 -0.149844
vn -0.078687 0.996125 -0.038844
vn 0.622625 0.740719 -0.252250
vn -0.205062 0.803250 -0.559187
vn -0.791812 0.556750 -0.250969
vn -0.227344 0.973312 0.030906
vn -0.866000 0.496000 -0.063000
vn -0.275313 0.942656 0.188531
vn 0.109969 0.975781 0.188938
vn -0.276719 0.955469 -0.102250
vn -0.063000 0.780281 -0.622219
vn -0.661969 0.749094 0.024031
vn 0.016000 0.844187 -0.535750
vn -0.063156 0.860500 0.505469
vn -0.353375 0.919375 -0.172688
vn 0.741562 0.670406 -0.024031
vn 0.307594 0.930812 -0.197375
vn -0.503187 0.833656 -0.227625
vn 0.118063 0.992688 -0.024000
vn 0.164406 0.972562 -0.164406
vn 0.188688 0.298531 -0.935531
vn -0.624156 0.766656 0.150500
vn -0.297938 0.941656 -0.156438
vn 0.407063 0.893781 -0.188094
vn -0.133750 0.974375 0.180688
vn -0.165063 0.953500 -0.252125
vn 0.188781 0.857000 0.479438
vn -0.126250 0.978094 -0.165344
vn -0.408563 0.905062 0.117875
vn -0.062719 0.987938 0.141406
vn 0.556969 0.714406 0.423469
vn -0.101687 0.981094 -0.164500
vn 0.164188 0.901625 0.400063
vn 0.165312 0.962844 -0.213406
vn -0.479594 0.763375 -0.432656
vn -0.701813 0.638719 -0.315344
vn -0.431969 0.778156 -0.455906
vn 0.556750 -0.783844 0.274875
vn -0.449750 0.655125 -0.607031
vn -0.520938 0.828500 0.205344
vn -0.574406 0.818187 0.023969
vn -0.645500 0.731406 0.219812
vn -0.910594 0.345062 -0.227375
vn -0.307750 0.876156 0.370906
vn -0.408437 0.676094 0.613187
vn 0.173344 0.781563 0.599219
vn -0.958969 0.282406 0.023937
vn -0.338906 0.912781 -0.227938
vn -0.723625 0.471750 0.503750
vn 0.640375 0.758844 -0.118437
vn 0.150094 0.835594 -0.528375
vn -0.172500 0.950250 -0.259250
vn 0.102125 0.993219 -0.055062
vn -0.054875 0.982000 0.180625
vn -0.425875 0.899844 -0.094187
vn -0.150406 0.971781 -0.181500
vn -0.613937 0.692937 0.377969
vn 0.093656 0.980563 0.172375
vn 0.354125 0.465156 -0.811281
vn -0.157219 0.985531 -0.063094
vn -0.109969 0.952781 -0.282937
vn -0.164500 0.981094 -0.101687
vn -0.055031 0.961781 -0.268187
vn -0.369563 0.849000 -0.377562
vn -0.180187 0.902000 -0.392250
vn -0.023937 0.943500 -0.330469
vn 0.598813 0.710000 0.370500
vn -0.118094 0.953781 -0.276219
vn -0.157219 0.938469 -0.307469
vn -0.094187 0.962969 -0.252500
vn 0.047094 0.773875 -0.631531
vn 0.062937 0.991000 -0.117875
vn -0.620031 0.784500 -0.007969
vn -0.871219 0.478469 -0.109625
vn -0.565188 0.824344 -0.030875
vn -0.618781 0.752094 -0.226812
vn -0.071281 0.790281 -0.608531
vn -0.172781 0.716156 -0.676188
vn 0.023969 0.818187 -0.574406
vn 0.102094 0.827844 -0.551562
vn -0.213469 0.788813 -0.576312
vn 0.133594 0.903250 -0.407750
vn 0.047156 0.924062 -0.379250
vn -0.259937 0.912812 -0.314938
vn -0.347656 0.933500 0.087406
vn -0.102063 0.992750 -0.063031
vn 0.093906 0.991125 -0.093906
vn 0.047063 0.977531 -0.205313
vn -0.134125 0.977094 -0.165156
vn 0.086750 0.973312 0.212406
vn 0.054781 0.980563 0.188313
vn -0.008000 0.915156 -0.402938
vn 0.432750 0.818531 -0.377781
vn -0.384813 0.918187 0.093687
vn 0.086813 0.825344 0.557875
vn -0.458000 0.883937 0.094187
vn -0.055000 0.992375 0.110031
vn -0.142125 0.970000 0.197187
vn 0.156937 0.905656 -0.393844
vn -0.063125 0.963344 0.260625
vn 0.133781 0.919563 -0.369406
vn -0.314938 0.912812 -0.259937
vn -0.150562 0.987813 0.039125
vn -0.071000 0.906094 0.417031
vn 0.000000 0.980219 0.197844
vn -0.156687 0.919187 0.361281
vn -0.588469 0.807562 -0.038812
vn -0.173469 0.362969 0.915500
vn -0.283406 0.851219 0.441625
vn -0.282937 0.944812 0.164969
vn 0.149438 0.988469 -0.023906
vn -0.117844 0.951937 -0.282656
vn -0.141906 0.842469 -0.519656
vn -0.102063 0.575344 0.811500
vn 0.283031 0.843156 -0.457094
vn 0.109750 0.942937 0.314312
vn 0.157438 0.986750 -0.039094
vn -0.063031 0.874750 0.480406
vn -0.078969 0.991625 -0.101938
vn 0.385750 0.920438 -0.062937
vn -0.306812 0.944406 0.117906
vn -0.173000 0.984125 -0.039000
vn 0.038906 0.990219 -0.133750
vn -0.087187 0.994187 0.063125
vn -0.455344 0.886813 0.078687
vn -0.047094 0.986406 0.157375
vn 0.117437 0.956563 0.266750
vn -0.329969 0.918156 0.219313
vn -0.172813 0.960094 -0.219781
vn -0.102094 0.946094 0.307344
vn 0.125969 0.991969 -0.007969
vn 0.510250 0.729500 0.455438
vn 0.110063 0.890562 -0.441281
vn -0.039000 0.811344 -0.583250
vn 0.213219 0.921938 -0.323312
vn -0.533813 0.841125 -0.086781
vn -0.150063 0.913469 -0.378188
vn -0.205094 0.819375 0.535250
vn -0.008000 0.971563 0.236625
vn 0.387344 0.877062 -0.284000
vn 0.094344 0.671594 -0.734844
vn -0.771656 0.621719 -0.133937
vn -0.422656 0.838375 -0.344094
vn -0.465844 0.883594 -0.047063
vn -0.134312 0.978344 -0.157375
vn -0.055219 0.648625 -0.759063
vn -0.533625 0.707187 0.463781
vn -0.723625 0.369812 0.582719
vn -0.758094 0.607656 0.236625
vn 0.126094 0.724563 -0.677531
vn -0.707750 0.519094 0.479156
vn 0.110156 0.583906 -0.804281
vn 0.164656 0.644687 -0.746469
vn -0.007969 0.330531 -0.943750
vn 0.063156 0.994844 0.079219
vn 0.212281 0.972687 0.093656
vn 0.142281 0.954906 0.260500
vn -0.188938 0.944719 0.267906
vn 0.054781 0.972313 0.227125
vn -0.867750 -0.362719 -0.339687
vn -0.873000 0.015969 0.487437
vn -0.102094 0.946094 -0.307344
vn -0.625000 0.720469 0.300438
vn -0.236406 0.567969 -0.788344
vn -0.007969 0.873062 -0.487469
vn 0.259062 0.965531 0.023906
vn -0.542625 0.818438 0.188844
vn -0.731594 0.401781 -0.550687
vn -0.422750 0.744062 0.517281
vn -0.024062 0.687063 -0.726188
vn -0.385250 0.793469 -0.471094
vn 0.046875 0.950781 0.306281
vn -0.369969 0.550969 0.747969
vn -0.622875 0.583812 0.520719
vn -0.787406 0.291156 0.543281
vn -0.520531 0.575594 -0.630625
vn -0.322781 0.684563 0.653562
vn -0.462406 0.547906 0.697094
vn 0.236156 0.638438 -0.732500
vn -0.323438 0.828188 -0.457656
vn 0.306812 0.802500 0.511688
vn 0.379094 0.923688 -0.055156
vn 0.321875 0.933750 -0.156438
vn 0.323094 0.874313 0.362125
vn -0.329906 0.909969 -0.251156
vn -0.275562 0.793781 -0.542156
vn 0.094125 0.954344 -0.283406
vn 0.322250 0.918906 0.227469
vn -0.078750 0.988937 0.125594
vn 0.526469 0.769750 0.360938
vn 0.322969 0.897937 0.298969
vn -0.165187 0.914031 0.370406
vn 0.432781 0.865562 0.251875
vn 0.393000 0.879781 0.267312
vn 0.102250 0.994625 0.016031
vn 0.024031 0.908125 -0.417969
vn -0.789813 0.608156 0.079281
vn 0.023969 0.471687 0.881406
vn 0.204625 0.974312 0.093813
vn -0.409312 0.780594 0.472344
vn 0.983969 0.125969 0.125969
vn 0.636719 0.770437 0.030938
vn 0.494563 0.800687 0.338000
vn 0.716313 0.534469 0.448563
vn 0.458875 0.885625 0.071281
vn 0.486344 0.824219 0.290000
vn 0.503187 0.448250 0.738813
vn -0.267906 0.944719 -0.188938
vn -0.134406 0.987063 0.087250
vn -0.196250 0.980250 -0.023906
vn -0.038844 0.706563 0.706563
vn -0.418406 0.165562 0.893031
vn -0.063156 0.994844 -0.079219
vn 0.062937 0.936219 0.345688
vn -0.219313 0.973063 0.070781
vn -0.015969 0.991875 0.125969
vn 0.079281 0.987719 0.134500
vn 0.087250 0.995062 -0.047125
vn -0.087156 0.985969 -0.142281
vn 0.213375 0.970719 0.110188
vn 0.424469 0.864937 -0.267656
vn 0.000000 0.973781 -0.227469
vn -0.345344 0.919281 -0.188625
vn -0.400625 0.894938 -0.196313
vn -0.102250 0.986687 0.126344
vn -0.268219 0.937844 -0.220188
vn -0.259125 0.965781 -0.007969
vn -0.346531 0.883375 -0.315469
vn -0.164687 0.911313 -0.377281
vn -0.094250 0.994750 0.039094
vn -0.284281 0.941312 -0.181812
vn -0.219875 0.944531 -0.243875
vn 0.101812 0.848594 -0.519125
vn -0.777344 0.627844 0.038844
vn -0.282656 0.951937 0.117844
vn -0.172813 0.708344 -0.684344
vn -0.780719 0.606562 -0.150125
vn -0.804469 0.592094 0.047063
vn -0.416500 0.904938 -0.086875
vn -0.197531 0.978719 -0.055125
vn -0.378188 0.913469 -0.150063
vn -0.030969 0.999375 0.015969
vn -0.094219 0.994406 -0.047094
vn -0.260500 0.922875 0.283563
vn 0.180625 0.982000 0.054875
vn 0.205375 0.977875 -0.039063
vn -0.204875 0.968437 -0.141906
vn -0.023937 0.997719 -0.062844
vn 0.133563 0.950031 0.282094
vn 0.408188 0.911219 0.054875
vn -0.377781 0.771594 0.511719
vn -0.651937 0.612063 0.447562
vn -0.431875 0.715125 0.549563
vn -0.550594 0.826375 -0.117906
vn -0.432063 0.896062 0.101781
vn -0.432438 0.825969 0.361531
vn -0.197688 0.940313 -0.276969
vn -0.094406 0.988437 0.118531
vn -0.379625 0.901906 0.205875
vn -0.392875 0.918375 0.046844
vn 0.164813 0.968063 -0.188812
vn -0.196500 0.778125 -0.596563
vn -0.282562 0.911594 -0.298531
vn 0.109594 0.737312 -0.666562
vn 0.338594 0.763125 -0.550375
vn 0.024031 0.788188 -0.614937
vn 0.251594 0.967500 -0.023937
vn 0.046969 0.991875 -0.117969
vn -0.063031 0.976687 -0.205125
vn -0.109906 0.991375 0.070937
vn 0.015969 0.999375 0.030969
vn -0.007969 0.996844 0.078750
vn -0.205500 0.978500 -0.016031
vn 0.015969 0.999375 -0.030969
vn 0.008000 0.995500 0.094312
vn -0.344906 0.895219 0.282125
vn -0.117844 0.951937 0.282656
vn -0.465156 0.811281 0.354125
vn -0.008000 0.976969 0.213188
vn -0.377438 0.558156 0.738875
vn -0.093844 0.990344 0.101812
vn 0.038844 0.996719 -0.070750
vn -0.583500 0.811719 -0.024000
vn -0.172937 0.983781 -0.046969
vn -0.220406 0.970844 -0.094156
vn -0.228563 0.971469 -0.063156
vn -0.275562 0.841688 -0.464281
vn -0.402531 0.875156 -0.268344
vn -0.101812 0.982375 -0.156719
vn 0.332406 0.941000 0.063250
vn -0.369719 0.928312 -0.038969
vn -0.142000 0.976000 -0.165000
vn 0.062781 0.996906 -0.046844
vn 0.023937 0.997719 -0.062844
vn -0.339469 0.773094 -0.535750
vn -0.236125 0.929531 -0.283156
vn -0.393313 0.919375 0.000000
vn 0.015969 0.959125 0.282438
vn 0.646406 0.622406 0.441281
vn -0.415437 0.909563 0.007969
vn 0.046875 0.989906 0.133687
vn -0.284000 0.877062 -0.387344
vn -0.345875 0.928656 0.133937
vn -0.385750 0.920438 0.062937
vn 0.000000 0.998469 0.054906
vn 0.251469 0.967062 0.038906
vn 0.087156 0.914656 0.394688
vn 0.118219 0.985906 0.118219
vn 0.070906 0.919937 0.385531
vn -0.188531 0.981562 0.030906
vn -0.094312 0.972313 0.213719
vn 0.071156 0.994313 0.079156
vn 0.290250 0.950625 -0.109719
vn -0.173125 0.850656 0.496375
vn -0.063031 0.732687 0.677625
vn 0.079187 0.915250 0.394969
vn 0.314969 0.905906 0.282969
vn -0.196750 0.904844 0.377500
vn 0.212406 0.973312 -0.086750
vn -0.016000 0.992844 0.118094
vn -0.094281 0.995250 0.024062
vn 0.180438 0.981031 0.070781
vn -0.261063 0.956969 -0.126500
vn -0.150406 0.963687 0.220594
vn -0.172875 0.983375 0.054938
vn -0.173125 0.976781 0.126094
vn -0.196656 0.974281 0.109781
vn -0.338906 0.912781 0.227938
vn -0.290656 0.943875 0.156813
vn 0.228156 0.748594 0.622500
vn -0.165281 0.946688 0.276469
vn -0.352875 0.926063 0.133563
vn -0.219156 0.965344 -0.141438
vn 0.118063 0.992688 0.024000
vn -0.047156 0.972313 0.228781
vn -0.038875 0.958531 0.282250
vn 0.150438 0.987063 0.055156
vn -0.157375 0.915219 0.370906
vn -0.189469 0.971500 0.142344
vn -0.149625 0.981687 0.117719
vn -0.046906 0.880687 0.471312
vn -0.046969 0.975906 0.212969
vn 0.078844 0.935156 0.345313
vn 0.102063 0.906656 0.409281
vn 0.417875 0.867875 0.268562
vn 0.244062 0.969250 0.031000
vn 0.047063 0.702281 0.710312
vn 0.196844 0.936312 0.290781
vn -0.228531 0.931250 -0.283688
vn 0.188875 0.960375 -0.204844
vn -0.126406 0.979375 -0.157531
vn -0.156844 0.936125 -0.314687
vn -0.078719 0.996750 0.015937
vn 0.101719 0.973562 0.204469
vn 0.039094 0.994750 -0.094250
vn -0.055031 0.984719 0.165094
vn 0.282156 0.942219 0.180469
vn -0.141563 0.989156 0.038875
vn 0.046844 0.996906 0.062781
vn 0.157531 0.987469 -0.008000
vn 0.415938 0.778000 0.470781
vn 0.639625 0.733875 -0.228563
vn 0.353250 0.778375 0.518906
vn -0.205219 0.977156 0.055062
vn -0.219437 0.973594 0.062844
vn 0.164750 0.574219 0.801906
vn -0.407937 0.596469 0.691219
vn -0.165063 0.961406 0.220094
vn -0.086844 0.982500 0.164719
vn 0.228000 0.969094 0.094000
vn 0.227906 0.944656 0.235906
vn 0.589969 0.416281 0.691813
vn 0.782562 0.505625 0.363187
vn 0.449844 0.520969 0.725375
vn 0.181344 0.773531 0.607219
vn -0.627375 0.588531 0.509875
vn -0.313531 0.854031 -0.415062
vn 0.023937 0.393187 0.919125
vn -0.126344 0.986687 -0.102250
vn -0.568781 0.774437 0.276875
vn 0.772375 0.386187 0.504250
vn 0.378000 0.921000 0.094000
vn 0.063156 0.986594 0.150375
vn 0.964312 -0.118406 0.236813
vn -0.252656 0.963594 0.087219
vn -0.631719 0.766094 0.118313
vn -0.196844 0.527594 0.826344
vn 0.457656 0.828188 0.323438
vn -0.007969 0.440781 0.897563
vn -0.346812 0.165375 0.923219
vn -0.408250 0.896375 -0.172688
vn -0.251656 0.574250 -0.779000
vn -0.504375 0.598437 -0.622437
vn -0.924969 0.197844 -0.324375
vn 0.512187 0.528188 -0.677250
vn 0.504969 0.741437 0.441844
vn 0.198062 0.672687 -0.712906
vn -0.558031 0.659844 -0.503125
vn -0.016031 0.852906 -0.521781
vn 0.268469 0.962750 -0.031031
vn 0.228156 0.622500 0.748594
vn 0.141594 0.369000 0.918562
vn -0.489094 0.796781 -0.354781
vn -0.236437 0.970844 -0.039063
vn -0.361688 0.779375 -0.511594
vn -0.385500 0.904813 -0.180750
vn 0.030906 0.981562 -0.188531
vn 0.458156 0.852188 -0.252625
vn 0.039063 0.694438 0.718469
vn 0.385344 0.746750 0.542063
vn -0.164438 0.886969 -0.431531
vn -0.134062 0.843406 -0.520250
vn -0.023969 0.975219 0.219812
vn 0.062812 0.762094 0.644375
vn -0.703937 0.703937 0.094375
vn 0.031000 0.984406 -0.173063
vn -0.023937 0.989625 -0.141656
vn 0.313594 0.948750 -0.038812
vn 0.479219 0.550094 0.683875
vn -0.133906 0.960500 -0.243875
vn -0.228625 0.923531 0.307844
vn 0.244094 0.803312 -0.543219
vn 0.101687 0.981094 0.164500
vn -0.592969 0.789625 0.157500
vn 0.070750 0.903063 -0.423625
vn -0.416969 0.865969 -0.275969
vn -0.102250 0.994625 0.016031
vn -0.645500 0.747437 0.156875
vn -0.235500 0.911094 0.338281
vn -0.449500 0.891031 0.063062
vn 0.994656 -0.087219 -0.055125
vn 0.644031 0.761688 0.070781
vn 0.400531 0.745250 0.533031
vn -0.409531 0.867156 0.283375
vn -0.157531 0.987469 -0.008000
vn 0.086656 0.957500 -0.275000
vn -0.425531 0.891156 -0.157188
vn 0.541781 0.817187 -0.196562
vn 0.142125 0.929844 0.339312
vn 0.592625 0.489344 -0.639750
vn 0.656313 0.544906 -0.521812
vn 0.212062 0.603406 0.768687
vn -0.071094 0.543781 -0.836187
vn -0.605125 0.778875 0.164750
vn -0.109875 0.597469 0.794312
vn -0.551437 0.717594 0.425344
vn -0.016031 0.963094 -0.268562
vn -0.693719 0.543562 -0.472500
vn -0.432187 0.856375 -0.282469
vn 0.307813 0.939469 -0.150375
vn -0.401906 0.905813 -0.133969
vn 0.701375 0.693375 0.165063
vn 0.150375 0.986594 0.063156
vn -0.645406 0.668406 0.369656
vn -0.024000 0.984594 0.173094
vn -0.227719 0.951937 -0.204750
vn 0.754750 0.369375 0.542094
vn 0.164906 0.920625 0.353844
vn -0.376906 0.903406 0.204406
vn -0.134625 0.664094 -0.735406
vn 0.000000 0.990969 0.133844
vn 0.236437 0.970844 -0.039063
vn 0.583687 0.811969 0.000000
vn -0.769094 0.619656 -0.156406
vn 0.251406 0.966719 0.046875
vn 0.613875 0.786844 0.062969
vn -0.480844 0.859500 0.173281
vn -0.449000 0.866000 0.220000
vn -0.457219 0.850438 -0.260125
vn -0.448719 0.873469 0.188875
vn -0.424344 0.904625 -0.038938
vn 0.118313 0.631719 0.766094
vn -0.118063 0.803531 0.583375
vn 0.109969 0.991906 -0.062969
vn -0.164750 0.959687 -0.227687
vn -0.306219 0.895750 -0.322188
vn 0.607094 0.765406 -0.213375
vn -0.401781 0.550687 -0.731594
vn -0.314687 0.936125 -0.156844
vn 0.030969 0.912156 0.408625
vn -0.087156 0.914656 -0.394688
vn -0.227625 0.833656 0.503187
vn 0.038875 0.690938 0.721844
vn 0.079031 0.945687 0.315219
vn -0.062969 0.786844 -0.613875
vn -0.235344 0.675156 -0.699094
vn -0.308031 0.868937 0.387313
vn -0.275375 0.918906 0.282344
vn 0.150000 0.937125 0.315031
vn -0.330750 0.936312 -0.117906
vn -0.346875 0.931375 0.110281
vn -0.494469 0.824469 -0.275156
vn -0.007969 0.983437 0.180875
vn 0.898031 0.315000 -0.307000
vn 0.415906 0.903656 -0.101719
vn 0.664031 0.688156 -0.292344
vn 0.760687 0.133406 0.635219
vn -0.323687 0.425906 -0.844844
vn -0.110281 0.931375 0.346875
vn -0.839375 0.477937 -0.258875
vn -0.432531 0.527438 -0.731219
vn 0.329594 0.384344 0.862312
vn 0.228750 0.948125 0.220719
vn 0.134438 0.805656 0.576906
vn 0.000000 0.988750 -0.149500
vn -0.086906 0.716313 -0.692312
vn 0.117437 0.776406 -0.619125
vn -0.371312 0.861094 -0.347250
vn 0.472781 0.615000 -0.631031
vn 0.459125 0.886094 -0.063281
vn -0.228719 0.648094 -0.726344
vn 0.447281 0.886625 0.117531
vn -0.661844 0.732938 -0.157188
vn -0.520781 0.844281 0.126188
vn -0.110063 0.787500 -0.606375
vn 0.283437 0.678094 0.678094
vn -0.164438 0.431531 0.886969
vn 0.259187 0.682906 0.682906
vn -0.370969 0.418094 0.829188
vn -0.197750 0.569188 0.798063
vn 0.611906 0.470375 0.635813
vn 0.181719 0.964844 0.189750
vn -0.102094 0.748875 0.654750
vn 0.758219 0.623812 -0.189531
vn 0.370906 0.915219 -0.157375
vn -0.188625 0.919281 0.345344
vn 0.164500 0.981094 -0.101687
vn -0.039063 0.914500 0.402656
vn 0.023906 0.784312 0.619875
vn 0.134156 0.883094 0.449562
vn 0.620188 0.644125 0.447688
vn 0.457687 0.859281 0.228313
vn -0.188156 0.768656 -0.611344
vn 0.471375 0.676094 -0.566250
vn 0.282594 0.927750 -0.243656
vn -0.394437 0.914063 0.094094
vn 0.008000 0.788406 -0.615094
vn 0.149719 0.841500 -0.519063
vn -0.306969 0.676938 0.668938
vn 0.590625 0.739531 -0.322781
vn 0.362781 0.931031 -0.039063
vn 0.102156 0.993625 -0.047063
vn 0.489875 0.134500 0.861313
vn -0.087250 0.995062 0.047125
vn -0.345969 0.905937 -0.243969
vn 0.007969 0.996188 -0.086656
vn 0.418031 0.908281 0.016031
vn 0.109531 0.611406 0.783687
vn -0.299781 0.939531 -0.165438
vn -0.134281 0.971062 0.197406
vn 0.243563 0.951344 -0.188656
vn 0.205000 0.780094 0.591062
vn -0.172562 0.973562 -0.149625
vn 0.306500 0.943500 -0.125781
vn 0.596969 0.801625 0.030938
vn 0.031031 0.867312 0.496750
vn 0.007969 0.967750 0.251656
vn 0.536375 0.829156 0.157406
vn -0.117906 0.944406 -0.306812
vn -0.423469 0.714406 -0.556969
vn -0.466344 0.481375 0.742125
vn 0.628094 0.666969 -0.400781
vn 0.150656 0.759438 0.632844
vn 0.488156 0.748250 -0.449156
vn -0.331813 0.931281 -0.150344
vn -0.117969 0.991875 0.046969
vn 0.007969 0.998844 -0.046937
vn 0.196625 0.738625 0.644781
vn 0.038938 0.998750 0.030938
vn -0.314281 0.934906 0.164625
vn 0.867719 0.496969 -0.008000
vn 0.473406 0.766312 -0.434281
vn 0.502750 0.863844 -0.030906
vn 0.622437 0.504375 0.598437
vn 0.086594 0.815344 0.572438
vn -0.023969 0.440656 0.897344
vn 0.880313 0.227563 0.416187
vn 0.173375 0.884031 -0.434000
vn 0.220219 0.819812 0.528531
vn -0.511750 0.755625 0.408781
vn -0.078875 0.990781 0.109844
vn 0.213469 0.710531 -0.670469
vn -0.401906 0.779813 -0.479875
vn -0.630375 0.709406 -0.315188
vn -0.577094 0.544969 -0.608219
vn 0.709687 0.260250 0.654625
vn 0.933094 0.277219 0.229000
vn 0.987063 0.055156 -0.150438
vn 0.747125 0.637250 0.188781
vn -0.046906 0.573969 -0.817531
vn 0.212500 0.785156 -0.581625
vn 0.039031 0.622969 -0.781219
vn -0.847875 0.518687 -0.109719
vn -0.259813 0.936406 -0.235844
vn 0.700125 0.464406 0.542313
vn 0.197250 0.757031 0.622844
vn 0.345875 0.865687 0.361844
vn 0.677250 -0.512187 -0.528188
vn 0.427500 0.594500 0.681000
vn -0.008000 0.976969 -0.213188
vn 0.101750 0.989563 -0.101750
vn 0.071219 0.995438 -0.063219
vn -0.023937 0.919125 -0.393187
vn 0.450469 0.860812 -0.236750
vn 0.474156 0.720281 -0.506281
vn 0.597406 0.771219 -0.219781
vn 0.188000 0.963969 0.188000
vn 0.244563 0.339781 0.908125
vn 0.418031 -0.016031 -0.908281
vn 0.314938 0.818812 0.479906
vn 0.714719 0.573187 -0.400719
vn 0.497469 0.687031 -0.529562
vn -0.730906 0.597094 0.330500
vn -0.314312 0.841156 0.440031
vn -0.473656 0.877094 -0.079281
vn 0.110156 0.993594 0.024031
vn 0.299344 0.954094 0.008000
vn -0.102250 0.994438 -0.024031
vn 0.046937 0.998875 0.000000
vn -0.062875 0.990062 -0.125750
vn -0.227844 0.968344 0.101906
vn -0.023906 0.965531 -0.259062
vn 0.000000 0.814656 0.579906
vn 0.243875 0.960500 0.133906
vn 0.306281 0.950781 0.046875
vn 0.631750 0.774156 -0.039094
vn 0.331813 0.939281 -0.087187
vn 0.023969 0.991719 -0.125938
vn 0.180750 0.982750 -0.038938
vn 0.141687 0.981875 0.125719
vn 0.024062 0.995250 -0.094281
vn 0.000000 0.999219 0.038969
vn 0.298312 0.926938 0.227469
vn 0.306812 0.944406 0.117906
vn 0.142281 0.963063 0.228469
vn 0.078938 0.975563 0.204906
vn 0.927938 0.353594 0.117844
vn 0.353344 0.935344 0.015969
vn 0.016000 0.937937 0.346344
vn 0.550937 0.810938 -0.196969
vn -0.039125 0.979469 -0.197688
vn -0.432187 0.856375 0.282469
vn 0.156969 0.779875 -0.605906
vn 0.510781 0.817062 -0.267344
vn 0.518031 0.854781 0.030875
vn 0.653219 0.558344 -0.511375
vn -0.486656 0.808781 -0.330094
vn -0.054875 0.998000 0.030938
vn 0.368094 0.720250 -0.587937
vn 0.133375 0.956656 0.258812
vn 0.497406 0.860438 0.110312
vn 0.535812 0.844312 0.000000
vn -0.126250 0.954938 0.268531
vn 0.047063 0.993625 0.102156
vn 0.165594 0.964469 0.205719
vn 0.086750 0.981156 -0.172500
vn 0.078875 0.990781 0.109844
vn 0.172844 0.968188 0.180844
vn -0.133969 0.983906 0.117969
vn 0.047063 0.993625 -0.102156
vn -0.227469 0.973750 0.007969
vn -0.086969 0.983750 -0.156937
vn -0.101938 0.991625 0.078969
vn 0.205313 0.970500 0.126188
vn 0.015937 0.980406 0.196281
vn -0.134312 0.986437 0.094219
vn -0.269062 0.948750 0.165656
vn 0.314813 0.928500 0.196875
vn 0.480406 0.850719 0.213156
vn -0.030969 0.999375 -0.015969
vn -0.087219 0.971438 -0.220531
vn 0.157375 0.986406 0.047094
vn 0.055094 0.994000 0.094187
vn 0.196469 0.855687 0.478687
vn -0.519656 0.842469 -0.141906
vn 0.150562 0.909469 0.387469
vn 0.125531 0.957625 0.259094
vn -0.533406 0.824562 0.188438
vn -0.086844 0.864469 0.495094
vn 0.650000 0.642031 -0.406500
vn -0.094312 0.995406 0.016031
vn -0.007969 0.999188 0.038969
vn 0.582438 0.794250 -0.172813
vn 0.125969 0.952875 0.275937
vn 0.243406 0.966688 -0.078813
vn -0.030969 0.991531 -0.125938
vn 0.110156 0.993406 0.031031
vn 0.134500 0.987719 -0.079281
vn 0.282562 0.943563 -0.172719
vn 0.071125 0.977719 0.197344
vn 0.015969 0.943656 0.330500
vn 0.038906 0.998125 -0.046906
vn -0.055156 0.995313 -0.079250
vn -0.039094 0.994750 0.094250
vn -0.118063 0.992688 0.024000
vn -0.062937 0.920438 0.385750
vn 0.030906 0.973312 0.227344
vn 0.323406 0.946219 0.008000
vn 0.039094 0.986750 0.157438
vn -0.062812 0.997250 -0.038875
vn -0.008000 0.971563 -0.236625
vn 0.243687 0.967781 0.062906
vn -0.150281 0.899688 0.409781
vn 0.024094 0.988281 -0.150625
vn -0.142156 0.977250 -0.157188
vn 0.093781 0.981875 0.164625
vn 0.008000 0.867719 0.496969
vn 0.079094 0.977156 0.197219
vn 0.047063 0.970500 0.236344
vn 0.078719 0.996594 0.023906
vn -0.078813 0.973938 -0.212531
vn -0.102063 0.976625 0.189094
vn 0.590094 0.746844 0.306531
vn -0.228062 0.890281 0.394125
vn 0.016000 0.954000 0.299313
vn 0.031031 0.993406 0.110156
vn 0.007969 0.973750 0.227469
vn 0.054844 0.989500 0.133656
vn -0.062781 0.996906 0.046844
vn -0.078938 0.968562 0.235875
vn 0.117969 0.983906 0.133969
vn 0.252438 0.922625 -0.291500
vn -0.094406 0.980250 0.173750
vn 0.197187 0.970000 -0.142125
vn -0.197750 0.979750 0.031094
vn -0.157375 0.978344 0.134312
vn 0.000000 0.922250 0.386531
vn 0.188094 0.893781 0.407063
vn 0.259000 0.965375 -0.030875
vn 0.109625 0.972719 -0.204313
vn 0.369563 0.786094 0.495406
vn 0.118313 0.868469 0.481375
vn -0.015937 0.989781 -0.141656
vn 0.614156 0.709188 0.346094
vn 0.101875 0.990969 -0.086906
vn 0.234969 0.964844 0.117469
vn -0.260156 0.874531 -0.409250
vn -0.450000 0.639406 -0.623375
vn -0.337656 0.925344 0.172312
vn -0.219781 0.960094 -0.172813
vn 0.196219 0.965281 -0.172312
vn 0.125656 0.989531 -0.070813
vn -0.030844 0.877906 0.477781
vn -0.024031 0.993594 -0.110156
vn -0.047031 0.992781 0.110063
vn 0.298875 0.952688 -0.054969
vn 0.070875 0.951719 -0.298594
vn -0.062844 0.997719 0.023937
vn 0.180688 0.982406 0.046906
vn 0.008000 0.984844 -0.173125
vn -0.409063 0.803156 0.433062
vn 0.118000 0.992219 -0.039000
vn 0.046937 0.998844 -0.007969
vn 0.386344 0.866781 0.315281
vn 0.227938 -0.613813 0.755781
vn 0.653531 0.716500 0.243813
vn 0.212531 0.864187 0.456031
vn -0.235875 0.881594 0.408812
vn -0.118344 0.955875 0.268813
vn 0.235969 0.873906 0.424937
vn 0.282156 0.958188 -0.046844
vn 0.283781 0.829313 -0.481344
vn 0.126062 0.622375 -0.772469
vn 0.038938 0.911906 -0.408500
vn -0.298219 0.950531 -0.086750
vn 0.087063 0.984812 0.150125
vn -0.244156 0.969688 0.008000
vn 0.125813 0.990531 -0.054906
vn -0.102094 0.970062 -0.220219
vn -0.141625 0.989406 0.030906
vn -0.794219 0.219781 0.566437
vn 0.118188 0.977719 -0.173281
vn 0.898375 0.425156 -0.110031
vn 0.907687 0.236437 -0.346625
vn 0.434094 0.900312 0.031063
vn 0.368625 0.777094 -0.510094
vn 0.867625 0.496938 0.016000
vn 0.315719 0.947219 -0.055125
vn -0.070781 0.997000 -0.030906
vn -0.339344 0.937969 -0.071062
vn 0.292031 0.956375 0.000000
vn -0.054938 0.968250 -0.243813
vn -0.164625 0.973813 0.156625
vn -0.440906 0.794813 0.416906
vn -0.394594 0.844281 0.362531
vn -0.526594 0.816844 -0.235375
vn 0.393125 0.918938 0.030906
vn -0.071062 0.985000 0.157156
vn 0.456250 0.848625 -0.267563
vn -0.150375 0.718813 0.678719
vn -0.157375 0.986406 0.047094
vn -0.456375 0.801906 0.385469
vn 0.251125 0.832187 0.494312
vn 0.353812 0.582687 0.731594
vn 0.353250 0.338281 0.872187
vn 0.101875 0.990969 0.086906
vn 0.283531 0.899750 0.331625
vn 0.016031 0.986094 0.165344
vn 0.259125 0.965813 0.000000
vn -0.180344 0.980438 0.078687
vn 0.228750 0.948125 -0.220719
vn 0.345156 0.855906 0.385031
vn 0.828812 0.425938 0.362781
vn -0.031031 0.788031 0.614812
vn 0.236563 0.963344 -0.126281
vn 0.109719 0.934656 0.338156
vn 0.450094 0.829031 0.331813
vn -0.542406 0.660281 0.519406
vn 0.173438 0.947469 -0.268687
vn -0.087219 0.884500 -0.458281
vn -0.093813 0.967281 -0.235563
vn -0.281906 0.831781 -0.478156
vn 0.086875 0.621094 0.778875
vn 0.506156 0.735125 0.450906
vn 0.055094 0.851719 0.521062
vn -0.188594 0.494938 0.848188
vn -0.387656 0.916937 0.094406
vn -0.290281 0.903844 -0.314250
vn -0.173125 0.984844 0.008000
vn -0.379125 0.860594 0.340000
vn 0.086625 0.909156 0.407281
vn -0.251437 0.565750 0.785281
vn -0.709281 0.701281 0.071000
vn 0.109969 0.983719 0.141937
vn 0.584063 0.670219 0.457844
vn 0.863813 0.156594 0.478781
vn -0.581312 0.652125 0.486594
vn 0.141937 0.897781 -0.416875
vn -0.118437 0.987656 -0.102375
vn -0.189812 0.980250 -0.055219
vn 0.810906 0.322937 -0.487938
vn 0.252187 0.890656 0.378281
vn 0.628031 0.777562 -0.030875
vn 0.480781 0.733219 -0.480781
vn -0.189250 0.812187 -0.551813
vn 0.769969 0.502656 -0.392969
vn 0.584063 0.670219 -0.457844
vn 0.518687 0.596500 -0.612469
vn 0.307375 0.883094 -0.354438
vn 0.621719 0.771656 -0.133937
vn 0.504062 0.835125 0.220031
vn 0.565281 0.737781 -0.368875
vn -0.496656 0.781031 -0.378500
vn 0.493844 0.839375 -0.227000
vn -0.228281 0.851156 -0.472625
vn -0.290375 0.841219 -0.456031
vn 0.415938 0.470781 -0.778000
vn 0.188406 0.910156 -0.368844
vn -0.172688 0.896375 -0.408250
vn 0.533813 0.841125 -0.086781
vn -0.101844 0.943719 -0.314562
vn -0.268063 0.961312 0.063000
vn -0.407750 0.903250 -0.133594
vn -0.243875 0.960500 -0.133906
vn 0.212969 0.975906 0.046969
vn 0.306188 0.628344 -0.715125
vn 0.157188 0.891156 0.425531
vn 0.227344 0.769844 -0.596313
vn -0.070813 0.958719 0.275344
vn -0.007969 0.818406 -0.574562
vn 0.338625 0.637281 -0.692219
vn 0.495531 0.826250 -0.267750
vn -0.260500 0.954906 -0.142281
vn 0.481125 0.876063 -0.031063
vn -0.298000 0.658813 -0.690719
vn 0.306313 0.903969 -0.298312
vn -0.299250 0.748656 -0.591531
vn -0.424688 0.290781 -0.857344
vn -0.235781 0.826250 -0.511531
vn -0.251687 0.700125 -0.668156
vn -0.502688 0.667250 -0.549563
vn -0.212500 0.785156 -0.581625
vn -0.574437 0.645344 -0.503500
vn -0.315750 0.489188 -0.812969
vn -0.329625 0.925156 0.188187
vn 0.000000 0.982031 -0.188625
vn 0.173281 0.639125 -0.749313
vn 0.363125 0.884812 -0.291906
vn 0.614187 0.780250 0.118031
vn 0.558344 0.653219 -0.511375
vn 0.062875 0.959219 -0.275469
vn -0.117906 0.968375 -0.219844
vn -0.550594 0.834406 -0.023969
vn 0.339687 0.568156 -0.749531
vn 0.282562 0.785781 -0.550156
vn 0.470937 0.801188 -0.369156
vn -0.165063 0.953500 0.252125
vn -0.330469 0.817719 -0.471250
vn -0.306375 0.951094 -0.038906
vn -0.086875 0.904938 -0.416500
vn 0.463375 0.840062 -0.282000
vn 0.244906 0.956625 -0.157594
vn -0.450906 0.751188 0.482031
vn -0.402000 0.811000 0.425000
vn 0.157531 0.758625 -0.632187
vn 0.339312 0.929844 0.142125
vn 0.165156 0.622656 -0.764813
vn -0.243281 0.903406 0.352969
vn 0.592125 0.741437 0.315594
vn 0.149281 0.877937 -0.454875
vn 0.062719 0.987938 -0.141406
vn 0.156531 0.840594 0.518500
vn -0.197187 0.583562 -0.787750
vn 0.298250 0.942656 -0.149625
vn -0.024000 0.844063 0.535656
vn 0.039000 0.945531 0.323156
vn -0.322937 0.936875 0.133969
vn 0.424125 0.872219 -0.243500
vn -0.615094 0.765344 -0.189313
vn -0.197031 0.850219 0.488125
vn -0.243094 0.925625 0.289937
vn 0.101844 0.943719 0.314562
vn -0.054781 0.996500 0.062750
vn 0.220437 0.922906 -0.315625
vn -0.330031 0.761813 -0.557375
vn 0.307031 0.913156 -0.268031
vn -0.387344 0.663312 -0.640250
vn -0.031063 0.994250 0.102219
vn -0.126094 0.976781 -0.173125
vn 0.613906 0.637906 -0.464938
vn 0.527500 0.849187 0.023969
vn 0.173313 0.970875 -0.165312
vn -0.007969 0.999906 0.007969
vn 0.133563 0.980875 0.141531
vn 0.481344 0.876469 -0.008000
vn 0.677031 0.709063 0.197000
vn 0.423625 0.903063 0.070750
vn 0.125969 0.991875 0.015969
vn 0.425125 0.803250 0.417125
vn 0.188469 0.981281 -0.038875
vn -0.062937 0.920438 -0.385750
vn 0.197156 0.890781 -0.409344
vn 0.243375 0.934594 0.259313
vn -0.259875 0.881656 -0.393844
vn 0.653250 0.708188 -0.267687
vn 0.574250 0.779000 0.251656
vn 0.188875 0.873469 -0.448719
vn 0.125719 0.973969 0.188594
vn 0.693219 -0.197063 -0.693219
vn -0.472219 0.717344 -0.512250
vn -0.449750 0.702187 0.551938
vn -0.205656 0.868781 -0.450437
vn -0.647687 0.749937 0.134344
vn 0.228062 0.890281 0.394125
vn -0.566219 0.817906 0.101844
vn 0.599219 0.796625 -0.079156
vn -0.213719 0.932219 -0.292000
vn -0.070906 0.842188 -0.534469
vn 0.402312 0.906750 -0.126094
vn -0.062937 0.991000 0.117875
vn -0.408156 0.904188 0.125719
vn 0.047031 0.992781 0.110063
vn 0.212500 0.966812 -0.141656
vn -0.512469 0.827781 0.228219
vn 0.102344 0.916219 -0.387344
vn 0.188656 0.951344 -0.243563
vn 0.471344 0.864844 0.172750
vn -0.038906 0.951094 -0.306375
vn 0.339687 0.930875 0.134250
vn -0.212875 0.975500 -0.054969
vn 0.880656 0.251594 0.401375
vn 0.361594 0.416531 0.834094
vn -0.332031 0.939906 -0.079219
vn 0.093906 0.983125 0.156844
vn 0.101656 0.988750 0.109625
vn 0.078813 0.989906 -0.117750
vn -0.094125 0.993531 -0.063094
vn 0.007969 0.991969 -0.125969
vn -0.071094 0.993625 0.087125
vn 0.015937 0.997344 0.070813
vn 0.149312 0.870000 0.469844
vn -0.086969 0.952781 -0.290906
vn -0.031063 0.931281 -0.362875
vn -0.181031 0.858281 -0.480156
vn 0.213094 0.890406 -0.402156
vn 0.331719 0.796750 -0.505094
vn 0.443250 0.870438 -0.214094
vn 0.228156 0.969719 0.087063
vn 0.345875 0.920656 0.180906
vn 0.353594 0.927938 -0.117844
vn 0.046969 0.975906 0.212969
vn 0.471594 0.881250 0.030969
vn 0.165656 0.979969 -0.110437
vn 0.361969 0.739937 0.566938
vn 0.653250 0.708188 0.267687
vn 0.541750 0.809156 0.227469
vn 0.307031 0.913156 0.268031
vn 0.520250 0.843406 0.134062
vn 0.219031 0.948906 0.227000
vn 0.101781 0.888156 0.448063
vn -0.007969 0.982000 -0.188594
vn 0.134281 0.947031 -0.291625
vn -0.125719 0.927031 0.353250
vn 0.299219 0.882719 0.362281
vn 0.173562 0.656125 0.734375
vn 0.268063 0.835219 0.480125
vn -0.102250 0.955469 -0.276719
vn -0.094094 0.993000 -0.071062
vn -0.291656 0.939156 0.181406
vn 0.055219 0.988219 0.142594
vn 0.093844 0.990344 -0.101812
vn 0.087312 0.995687 0.031094
vn 0.150156 0.977156 0.150156
vn -0.008000 0.963188 0.268594
vn 0.268562 0.963094 0.016031
vn 0.292000 0.956375 0.008000
vn 0.369812 0.928563 -0.030969
vn -0.663344 0.734594 0.142500
vn 0.227781 0.936156 0.267750
vn 0.703313 0.291938 0.648125
vn 0.581906 0.667750 -0.464125
vn -0.560063 0.804563 -0.197375
vn -0.370406 0.914031 -0.165187
vn 0.126344 0.986687 -0.102250
vn -0.197469 0.963344 0.181438
vn 0.275000 0.957500 -0.086656
vn 0.275156 0.958156 -0.078750
vn 0.298406 0.951156 -0.078844
vn 0.298813 0.889437 0.345781
vn 0.117875 0.991000 -0.062937
vn -0.023969 0.897344 -0.440656
vn -0.070969 0.739906 -0.668906
vn 0.180625 0.982000 -0.054875
vn -0.023969 0.991719 0.125938
vn 0.164781 0.739031 0.653156
vn -0.071000 0.969125 0.236031
vn -0.071000 0.992219 0.102000
vn 0.030938 0.998000 -0.054875
vn 0.502875 0.361187 -0.785250
vn 0.204313 0.972719 0.109625
vn -0.867219 0.378531 0.323438
vn -0.039031 0.985469 -0.165219
vn 0.425719 0.875531 -0.228375
vn 0.015969 0.983344 0.180875
vn -0.164438 0.447469 -0.879031
vn 0.520000 0.268000 -0.811000
vn 0.125719 0.927031 -0.353250
vn -0.023937 0.919125 0.393187
vn 0.008000 0.781812 -0.623438
vn -0.118375 0.924125 0.363219
vn -0.071250 0.940469 -0.332219
vn 0.157063 0.984406 -0.079031
vn 0.157719 0.894188 -0.418938
# 1100 normals

vt 0.719700 0.309100 0.000000
vt 0.728500 0.301300 0.000000
vt 0.718800 0.303700 0.000000
vt 0.720700 0.315400 0.000000
vt 0.716800 0.294400 0.000000
vt 0.713900 0.299300 0.000000
vt 0.714800 0.304700 0.000000
vt 0.702600 0.311500 0.000000
vt 0.701700 0.308600 0.000000
vt 0.695300 0.314900 0.000000
vt 0.702600 0.304200 0.000000
vt 0.693800 0.300300 0.000000
vt 0.694800 0.303700 0.000000
vt 0.706500 0.310100 0.000000
vt 0.708500 0.301300 0.000000
vt 0.711900 0.308100 0.000000
vt 0.708500 0.297400 0.000000
vt 0.688500 0.300800 0.000000
vt 0.691900 0.291000 0.000000
vt 0.691400 0.308100 0.000000
vt 0.687000 0.312500 0.000000
vt 0.702600 0.276900 0.000000
vt 0.709000 0.268600 0.000000
vt 0.701200 0.266600 0.000000
vt 0.708000 0.252900 0.000000
vt 0.713400 0.276400 0.000000
vt 0.718300 0.272500 0.000000
vt 0.719200 0.266100 0.000000
vt 0.712400 0.265100 0.000000
vt 0.733900 0.296900 0.000000
vt 0.722200 0.276400 0.000000
vt 0.729500 0.278300 0.000000
vt 0.738800 0.286600 0.000000
vt 0.732900 0.285200 0.000000
vt 0.710400 0.282200 0.000000
vt 0.716800 0.289600 0.000000
vt 0.730000 0.284700 0.000000
vt 0.721700 0.291500 0.000000
vt 0.734900 0.290500 0.000000
vt 0.683100 0.323200 0.000000
vt 0.686000 0.320800 0.000000
vt 0.690900 0.321800 0.000000
vt 0.698200 0.325700 0.000000
vt 0.699200 0.315900 0.000000
vt 0.687500 0.324700 0.000000
vt 0.706100 0.326200 0.000000
vt 0.695300 0.330100 0.000000
vt 0.696300 0.338400 0.000000
vt 0.698200 0.344700 0.000000
vt 0.710400 0.348600 0.000000
vt 0.712400 0.346700 0.000000
vt 0.714400 0.332000 0.000000
vt 0.712900 0.341800 0.000000
vt 0.688500 0.324700 0.000000
vt 0.690900 0.326700 0.000000
vt 0.687000 0.325700 0.000000
vt 0.710900 0.327100 0.000000
vt 0.720200 0.332000 0.000000
vt 0.715300 0.323700 0.000000
vt 0.723100 0.319800 0.000000
vt 0.715800 0.319800 0.000000
vt 0.729000 0.343800 0.000000
vt 0.720200 0.338900 0.000000
vt 0.727500 0.334500 0.000000
vt 0.727100 0.324200 0.000000
vt 0.701200 0.341300 0.000000
vt 0.712400 0.320300 0.000000
vt 0.706100 0.313500 0.000000
vt 0.713900 0.314900 0.000000
vt 0.690400 0.346700 0.000000
vt 0.692900 0.336400 0.000000
vt 0.684100 0.328600 0.000000
vt 0.693800 0.341800 0.000000
vt 0.742200 0.320800 0.000000
vt 0.737800 0.315400 0.000000
vt 0.732900 0.306200 0.000000
vt 0.731400 0.315400 0.000000
vt 0.748000 0.316400 0.000000
vt 0.736800 0.306200 0.000000
vt 0.739700 0.312500 0.000000
vt 0.747100 0.312000 0.000000
vt 0.738300 0.297900 0.000000
vt 0.713900 0.248000 0.000000
vt 0.742200 0.304200 0.000000
vt 0.748500 0.312500 0.000000
vt 0.746600 0.297400 0.000000
vt 0.729000 0.265100 0.000000
vt 0.736800 0.274900 0.000000
vt 0.747600 0.270000 0.000000
vt 0.739700 0.270500 0.000000
vt 0.733900 0.262200 0.000000
vt 0.743700 0.264200 0.000000
vt 0.777800 0.290500 0.000000
vt 0.771500 0.285200 0.000000
vt 0.761700 0.286600 0.000000
vt 0.767100 0.291000 0.000000
vt 0.771000 0.298800 0.000000
vt 0.779300 0.299800 0.000000
vt 0.769500 0.281700 0.000000
vt 0.769000 0.271500 0.000000
vt 0.762700 0.275900 0.000000
vt 0.751000 0.283700 0.000000
vt 0.759800 0.288600 0.000000
vt 0.765100 0.267600 0.000000
vt 0.758800 0.268100 0.000000
vt 0.751000 0.290000 0.000000
vt 0.746100 0.282700 0.000000
vt 0.764200 0.292000 0.000000
vt 0.759800 0.293500 0.000000
vt 0.754400 0.293500 0.000000
vt 0.765100 0.298300 0.000000
vt 0.766100 0.304200 0.000000
vt 0.772000 0.306600 0.000000
vt 0.736300 0.256300 0.000000
vt 0.730500 0.270000 0.000000
vt 0.733400 0.273400 0.000000
vt 0.760700 0.312000 0.000000
vt 0.756800 0.310500 0.000000
vt 0.724100 0.246600 0.000000
vt 0.744600 0.259300 0.000000
vt 0.752000 0.248000 0.000000
vt 0.705100 0.240700 0.000000
vt 0.705600 0.232900 0.000000
vt 0.724100 0.215800 0.000000
vt 0.740700 0.280800 0.000000
vt 0.738800 0.284700 0.000000
vt 0.760300 0.229000 0.000000
vt 0.735800 0.216800 0.000000
vt 0.708000 0.220700 0.000000
vt 0.755900 0.263200 0.000000
vt 0.764200 0.265600 0.000000
vt 0.767100 0.260700 0.000000
vt 0.761700 0.257800 0.000000
vt 0.761200 0.250000 0.000000
vt 0.681600 0.219700 0.000000
vt 0.699200 0.226100 0.000000
vt 0.691900 0.229000 0.000000
vt 0.683100 0.230500 0.000000
vt 0.664100 0.217800 0.000000
vt 0.677200 0.239300 0.000000
vt 0.669400 0.247600 0.000000
vt 0.672400 0.254400 0.000000
vt 0.680700 0.248000 0.000000
vt 0.680700 0.256800 0.000000
vt 0.687500 0.243200 0.000000
vt 0.697800 0.234900 0.000000
vt 0.701200 0.242700 0.000000
vt 0.692900 0.243200 0.000000
vt 0.683600 0.270000 0.000000
vt 0.690400 0.238300 0.000000
vt 0.688500 0.234400 0.000000
vt 0.673300 0.258300 0.000000
vt 0.668500 0.263700 0.000000
vt 0.677200 0.270000 0.000000
vt 0.670400 0.267600 0.000000
vt 0.680700 0.275900 0.000000
vt 0.678200 0.280800 0.000000
vt 0.675300 0.272000 0.000000
vt 0.685100 0.281700 0.000000
vt 0.683600 0.238300 0.000000
vt 0.666500 0.256300 0.000000
vt 0.663100 0.264200 0.000000
vt 0.660200 0.268100 0.000000
vt 0.639600 0.279800 0.000000
vt 0.641600 0.291500 0.000000
vt 0.646000 0.282700 0.000000
vt 0.647900 0.279800 0.000000
vt 0.652800 0.271000 0.000000
vt 0.637200 0.295400 0.000000
vt 0.649400 0.298300 0.000000
vt 0.651900 0.296400 0.000000
vt 0.650400 0.282200 0.000000
vt 0.645500 0.287100 0.000000
vt 0.654800 0.283200 0.000000
vt 0.645500 0.263200 0.000000
vt 0.649400 0.302700 0.000000
vt 0.638200 0.308600 0.000000
vt 0.639200 0.263200 0.000000
vt 0.642100 0.309100 0.000000
vt 0.635700 0.264200 0.000000
vt 0.635300 0.313500 0.000000
vt 0.648900 0.249500 0.000000
vt 0.649400 0.261200 0.000000
vt 0.662100 0.275400 0.000000
vt 0.665000 0.279800 0.000000
vt 0.636200 0.259800 0.000000
vt 0.631300 0.247100 0.000000
vt 0.635700 0.249000 0.000000
vt 0.656200 0.254400 0.000000
vt 0.653800 0.259300 0.000000
vt 0.638700 0.241200 0.000000
vt 0.662100 0.248000 0.000000
vt 0.641100 0.244600 0.000000
vt 0.651900 0.242200 0.000000
vt 0.649400 0.231900 0.000000
vt 0.671900 0.278800 0.000000
vt 0.659700 0.290000 0.000000
vt 0.653800 0.227500 0.000000
vt 0.651900 0.222700 0.000000
vt 0.657700 0.225100 0.000000
vt 0.661600 0.241700 0.000000
vt 0.644500 0.315400 0.000000
vt 0.632300 0.324200 0.000000
vt 0.646500 0.322800 0.000000
vt 0.680700 0.348100 0.000000
vt 0.668900 0.345200 0.000000
vt 0.677200 0.350600 0.000000
vt 0.679200 0.354500 0.000000
vt 0.650900 0.317400 0.000000
vt 0.671900 0.340300 0.000000
vt 0.657200 0.324700 0.000000
vt 0.654800 0.332500 0.000000
vt 0.662100 0.331500 0.000000
vt 0.660200 0.337900 0.000000
vt 0.633300 0.340300 0.000000
vt 0.645500 0.365700 0.000000
vt 0.667000 0.346700 0.000000
vt 0.665000 0.361800 0.000000
vt 0.667000 0.356400 0.000000
vt 0.668900 0.349100 0.000000
vt 0.665000 0.334500 0.000000
vt 0.673300 0.337400 0.000000
vt 0.670400 0.333500 0.000000
vt 0.633300 0.332000 0.000000
vt 0.659700 0.311500 0.000000
vt 0.664100 0.316400 0.000000
vt 0.670400 0.357900 0.000000
vt 0.670900 0.310100 0.000000
vt 0.666000 0.323200 0.000000
vt 0.672900 0.319300 0.000000
vt 0.682600 0.313000 0.000000
vt 0.681600 0.309600 0.000000
vt 0.680200 0.336400 0.000000
vt 0.672400 0.352100 0.000000
vt 0.672400 0.355000 0.000000
vt 0.685500 0.343800 0.000000
vt 0.681600 0.304200 0.000000
vt 0.659200 0.300800 0.000000
vt 0.661100 0.296400 0.000000
vt 0.673300 0.291500 0.000000
vt 0.672400 0.287600 0.000000
vt 0.671900 0.294900 0.000000
vt 0.666500 0.288600 0.000000
vt 0.671900 0.282200 0.000000
vt 0.666500 0.301800 0.000000
vt 0.664100 0.295900 0.000000
vt 0.676300 0.295400 0.000000
vt 0.678700 0.301300 0.000000
vt 0.680200 0.297400 0.000000
vt 0.680200 0.291500 0.000000
vt 0.684600 0.294900 0.000000
vt 0.654800 0.310100 0.000000
vt 0.652800 0.304200 0.000000
vt 0.647900 0.312500 0.000000
vt 0.684100 0.288100 0.000000
vt 0.666000 0.306600 0.000000
vt 0.665500 0.309100 0.000000
vt 0.663100 0.303700 0.000000
vt 0.731000 0.329600 0.000000
vt 0.743700 0.337400 0.000000
vt 0.737300 0.331100 0.000000
vt 0.740200 0.340800 0.000000
vt 0.738300 0.326700 0.000000
vt 0.749000 0.334000 0.000000
vt 0.745100 0.344700 0.000000
vt 0.745600 0.338400 0.000000
vt 0.730000 0.339400 0.000000
vt 0.732900 0.335400 0.000000
vt 0.734400 0.344700 0.000000
vt 0.737800 0.329100 0.000000
vt 0.754400 0.341300 0.000000
vt 0.754400 0.373500 0.000000
vt 0.750500 0.346200 0.000000
vt 0.744600 0.364300 0.000000
vt 0.756300 0.354000 0.000000
vt 0.767100 0.366200 0.000000
vt 0.763200 0.350600 0.000000
vt 0.774900 0.356400 0.000000
vt 0.745600 0.348600 0.000000
vt 0.742200 0.353000 0.000000
vt 0.761200 0.343300 0.000000
vt 0.778300 0.354000 0.000000
vt 0.733900 0.351100 0.000000
vt 0.729500 0.355000 0.000000
vt 0.798300 0.357900 0.000000
vt 0.801800 0.350600 0.000000
vt 0.794400 0.348600 0.000000
vt 0.807600 0.344200 0.000000
vt 0.791500 0.347200 0.000000
vt 0.743700 0.369600 0.000000
vt 0.789100 0.319300 0.000000
vt 0.788600 0.340800 0.000000
vt 0.760700 0.319300 0.000000
vt 0.763700 0.323200 0.000000
vt 0.758800 0.330100 0.000000
vt 0.762700 0.314500 0.000000
vt 0.772000 0.317400 0.000000
vt 0.770500 0.327600 0.000000
vt 0.776900 0.313000 0.000000
vt 0.776900 0.326200 0.000000
vt 0.789600 0.304700 0.000000
vt 0.773400 0.339800 0.000000
vt 0.781700 0.367200 0.000000
vt 0.776900 0.363300 0.000000
vt 0.786100 0.365200 0.000000
vt 0.787100 0.355000 0.000000
vt 0.775900 0.335900 0.000000
vt 0.782700 0.353000 0.000000
vt 0.778800 0.345700 0.000000
vt 0.788100 0.348100 0.000000
vt 0.754400 0.336400 0.000000
vt 0.764600 0.339400 0.000000
vt 0.767100 0.334500 0.000000
vt 0.844700 0.380900 0.000000
vt 0.839800 0.382800 0.000000
vt 0.840800 0.388200 0.000000
vt 0.826700 0.373000 0.000000
vt 0.826700 0.386700 0.000000
vt 0.830600 0.392600 0.000000
vt 0.695300 0.370600 0.000000
vt 0.697300 0.361800 0.000000
vt 0.692400 0.356000 0.000000
vt 0.832500 0.361300 0.000000
vt 0.686000 0.359400 0.000000
vt 0.682600 0.352500 0.000000
vt 0.695800 0.353500 0.000000
vt 0.819300 0.377000 0.000000
vt 0.814500 0.367200 0.000000
vt 0.805200 0.362300 0.000000
vt 0.814000 0.374500 0.000000
vt 0.810500 0.380400 0.000000
vt 0.794400 0.364300 0.000000
vt 0.796900 0.371100 0.000000
vt 0.702600 0.362800 0.000000
vt 0.818400 0.394000 0.000000
vt 0.803700 0.395500 0.000000
vt 0.835400 0.401400 0.000000
vt 0.824200 0.398900 0.000000
vt 0.820800 0.412600 0.000000
vt 0.812000 0.410600 0.000000
vt 0.814900 0.416500 0.000000
vt 0.799300 0.423800 0.000000
vt 0.707000 0.373500 0.000000
vt 0.711400 0.358400 0.000000
vt 0.743700 0.386700 0.000000
vt 0.729500 0.406700 0.000000
vt 0.733900 0.417500 0.000000
vt 0.708500 0.354500 0.000000
vt 0.737800 0.377900 0.000000
vt 0.729000 0.369600 0.000000
vt 0.726100 0.360400 0.000000
vt 0.722200 0.371100 0.000000
vt 0.730000 0.379900 0.000000
vt 0.719200 0.386200 0.000000
vt 0.721700 0.397500 0.000000
vt 0.722200 0.363800 0.000000
vt 0.713900 0.368200 0.000000
vt 0.713900 0.374500 0.000000
vt 0.700200 0.380900 0.000000
vt 0.717800 0.349100 0.000000
vt 0.714800 0.356400 0.000000
vt 0.713900 0.348600 0.000000
vt 0.816900 0.354000 0.000000
vt 0.810100 0.356000 0.000000
vt 0.669400 0.463900 0.000000
vt 0.658700 0.465800 0.000000
vt 0.674300 0.479500 0.000000
vt 0.668000 0.489700 0.000000
vt 0.663600 0.481400 0.000000
vt 0.645000 0.481900 0.000000
vt 0.680200 0.499000 0.000000
vt 0.706500 0.496600 0.000000
vt 0.701200 0.490700 0.000000
vt 0.692400 0.478000 0.000000
vt 0.681200 0.484900 0.000000
vt 0.686000 0.481000 0.000000
vt 0.707000 0.517600 0.000000
vt 0.715300 0.509000 0.000000
vt 0.695300 0.506100 0.000000
vt 0.654300 0.477500 0.000000
vt 0.703100 0.503200 0.000000
vt 0.674300 0.485400 0.000000
vt 0.684100 0.465800 0.000000
vt 0.672900 0.457000 0.000000
vt 0.678700 0.457000 0.000000
vt 0.697800 0.477500 0.000000
vt 0.691400 0.469200 0.000000
vt 0.709000 0.473600 0.000000
vt 0.715800 0.501700 0.000000
vt 0.711900 0.497600 0.000000
vt 0.730000 0.510700 0.000000
vt 0.731000 0.490200 0.000000
vt 0.688000 0.512500 0.000000
vt 0.676800 0.493200 0.000000
vt 0.723100 0.480500 0.000000
vt 0.716300 0.478500 0.000000
vt 0.670900 0.496600 0.000000
vt 0.727500 0.459000 0.000000
vt 0.744100 0.488300 0.000000
vt 0.738800 0.463900 0.000000
vt 0.746600 0.472700 0.000000
vt 0.763700 0.458500 0.000000
vt 0.789100 0.477100 0.000000
vt 0.646000 0.511000 0.000000
vt 0.647000 0.500000 0.000000
vt 0.640100 0.510000 0.000000
vt 0.640600 0.501700 0.000000
vt 0.653300 0.461900 0.000000
vt 0.635700 0.451200 0.000000
vt 0.669900 0.504900 0.000000
vt 0.665500 0.500000 0.000000
vt 0.655300 0.458000 0.000000
vt 0.645500 0.449700 0.000000
vt 0.661100 0.454600 0.000000
vt 0.668000 0.457000 0.000000
vt 0.658700 0.445300 0.000000
vt 0.650400 0.439500 0.000000
vt 0.683600 0.450700 0.000000
vt 0.672900 0.431600 0.000000
vt 0.688500 0.459500 0.000000
vt 0.692900 0.459500 0.000000
vt 0.720200 0.443400 0.000000
vt 0.693400 0.430700 0.000000
vt 0.631300 0.434600 0.000000
vt 0.643100 0.431200 0.000000
vt 0.640100 0.428200 0.000000
vt 0.637200 0.423800 0.000000
vt 0.762700 0.442900 0.000000
vt 0.793000 0.444800 0.000000
vt 0.670900 0.502200 0.000000
vt 0.672900 0.500500 0.000000
vt 0.728500 0.436500 0.000000
vt 0.685100 0.429200 0.000000
vt 0.721700 0.436000 0.000000
vt 0.710400 0.435500 0.000000
vt 0.665500 0.420400 0.000000
vt 0.669900 0.425800 0.000000
vt 0.672400 0.422900 0.000000
vt 0.693800 0.422400 0.000000
vt 0.681200 0.423300 0.000000
vt 0.698700 0.415500 0.000000
vt 0.691900 0.417500 0.000000
vt 0.690900 0.416000 0.000000
vt 0.682100 0.418500 0.000000
vt 0.667000 0.414100 0.000000
vt 0.672900 0.425300 0.000000
vt 0.661600 0.424300 0.000000
vt 0.662600 0.415000 0.000000
vt 0.724600 0.427700 0.000000
vt 0.722200 0.422900 0.000000
vt 0.716800 0.427700 0.000000
vt 0.705600 0.418500 0.000000
vt 0.673300 0.427700 0.000000
vt 0.677200 0.423300 0.000000
vt 0.680700 0.409700 0.000000
vt 0.676300 0.403300 0.000000
vt 0.675800 0.411100 0.000000
vt 0.677200 0.418900 0.000000
vt 0.667000 0.410600 0.000000
vt 0.672400 0.415500 0.000000
vt 0.672900 0.411600 0.000000
vt 0.675300 0.416000 0.000000
vt 0.672900 0.397900 0.000000
vt 0.662100 0.406200 0.000000
vt 0.674800 0.417000 0.000000
vt 0.676800 0.419900 0.000000
vt 0.727500 0.409700 0.000000
vt 0.723100 0.416000 0.000000
vt 0.716300 0.413600 0.000000
vt 0.714400 0.420400 0.000000
vt 0.708000 0.411100 0.000000
vt 0.710400 0.418500 0.000000
vt 0.714800 0.425300 0.000000
vt 0.708500 0.424800 0.000000
vt 0.692400 0.406200 0.000000
vt 0.680700 0.395500 0.000000
vt 0.683100 0.391600 0.000000
vt 0.678200 0.391100 0.000000
vt 0.676800 0.395500 0.000000
vt 0.696300 0.390100 0.000000
vt 0.701200 0.394500 0.000000
vt 0.705100 0.412100 0.000000
vt 0.712400 0.427200 0.000000
vt 0.714800 0.396000 0.000000
vt 0.713900 0.388200 0.000000
vt 0.698700 0.386200 0.000000
vt 0.706100 0.385300 0.000000
vt 0.695800 0.384300 0.000000
vt 0.720200 0.407700 0.000000
vt 0.708500 0.396000 0.000000
vt 0.679200 0.377400 0.000000
vt 0.679700 0.384800 0.000000
vt 0.690400 0.383300 0.000000
vt 0.693400 0.376500 0.000000
vt 0.672400 0.376500 0.000000
vt 0.674300 0.382800 0.000000
vt 0.675800 0.374500 0.000000
vt 0.685500 0.375000 0.000000
vt 0.683100 0.369100 0.000000
vt 0.673300 0.364300 0.000000
vt 0.689000 0.365200 0.000000
vt 0.644000 0.367200 0.000000
vt 0.652800 0.371600 0.000000
vt 0.668900 0.377900 0.000000
vt 0.668000 0.381300 0.000000
vt 0.668900 0.377000 0.000000
vt 0.680200 0.358400 0.000000
vt 0.665000 0.377900 0.000000
vt 0.666000 0.374500 0.000000
vt 0.661100 0.370600 0.000000
vt 0.667000 0.378900 0.000000
vt 0.690400 0.361800 0.000000
vt 0.661600 0.384300 0.000000
vt 0.669400 0.387200 0.000000
vt 0.642600 0.381300 0.000000
vt 0.637700 0.383800 0.000000
vt 0.650400 0.385300 0.000000
vt 0.642100 0.374500 0.000000
vt 0.645500 0.377000 0.000000
vt 0.658200 0.387200 0.000000
vt 0.669400 0.368700 0.000000
vt 0.648400 0.371600 0.000000
vt 0.637700 0.379400 0.000000
vt 0.679200 0.363300 0.000000
vt 0.654300 0.382300 0.000000
vt 0.632300 0.408700 0.000000
vt 0.631800 0.404300 0.000000
vt 0.629900 0.403800 0.000000
vt 0.633800 0.400900 0.000000
vt 0.634800 0.410200 0.000000
vt 0.637200 0.410200 0.000000
vt 0.645500 0.411100 0.000000
vt 0.653300 0.419400 0.000000
vt 0.655800 0.431600 0.000000
vt 0.647900 0.425300 0.000000
vt 0.632800 0.417000 0.000000
vt 0.641100 0.419400 0.000000
vt 0.645000 0.397000 0.000000
vt 0.651900 0.387200 0.000000
vt 0.644000 0.418000 0.000000
vt 0.644000 0.424300 0.000000
vt 0.653800 0.392600 0.000000
vt 0.657200 0.398400 0.000000
vt 0.652300 0.404300 0.000000
vt 0.647900 0.396000 0.000000
vt 0.651400 0.399900 0.000000
vt 0.645500 0.401900 0.000000
vt 0.631800 0.399400 0.000000
vt 0.636200 0.395000 0.000000
vt 0.647900 0.389600 0.000000
vt 0.611300 0.340800 0.000000
vt 0.619600 0.341300 0.000000
vt 0.615200 0.336900 0.000000
vt 0.611300 0.335000 0.000000
vt 0.608900 0.351600 0.000000
vt 0.604000 0.345700 0.000000
vt 0.604000 0.340300 0.000000
vt 0.564500 0.348600 0.000000
vt 0.558600 0.354000 0.000000
vt 0.567400 0.353500 0.000000
vt 0.565900 0.356900 0.000000
vt 0.569800 0.350600 0.000000
vt 0.569300 0.345700 0.000000
vt 0.572800 0.353500 0.000000
vt 0.570300 0.356900 0.000000
vt 0.569300 0.364300 0.000000
vt 0.567400 0.368700 0.000000
vt 0.570300 0.357900 0.000000
vt 0.629400 0.330600 0.000000
vt 0.607400 0.327100 0.000000
vt 0.612300 0.326700 0.000000
vt 0.603000 0.321800 0.000000
vt 0.567400 0.342300 0.000000
vt 0.567400 0.339400 0.000000
vt 0.571800 0.335000 0.000000
vt 0.593800 0.325200 0.000000
vt 0.597200 0.320300 0.000000
vt 0.595200 0.316400 0.000000
vt 0.600100 0.326200 0.000000
vt 0.600100 0.394500 0.000000
vt 0.603500 0.387200 0.000000
vt 0.599100 0.386700 0.000000
vt 0.609400 0.388200 0.000000
vt 0.605500 0.393100 0.000000
vt 0.592300 0.388700 0.000000
vt 0.600100 0.403300 0.000000
vt 0.575200 0.368200 0.000000
vt 0.592300 0.382300 0.000000
vt 0.587900 0.378900 0.000000
vt 0.584000 0.383300 0.000000
vt 0.578100 0.374500 0.000000
vt 0.574200 0.381300 0.000000
vt 0.581500 0.366200 0.000000
vt 0.584500 0.375000 0.000000
vt 0.589400 0.332500 0.000000
vt 0.592300 0.335000 0.000000
vt 0.596700 0.332000 0.000000
vt 0.584500 0.336400 0.000000
vt 0.592300 0.338400 0.000000
vt 0.600100 0.342800 0.000000
vt 0.587400 0.337900 0.000000
vt 0.588400 0.340800 0.000000
vt 0.591300 0.345700 0.000000
vt 0.588900 0.371100 0.000000
vt 0.592800 0.374500 0.000000
vt 0.598600 0.381300 0.000000
vt 0.602500 0.382800 0.000000
vt 0.597200 0.386700 0.000000
vt 0.606000 0.380400 0.000000
vt 0.576200 0.342800 0.000000
vt 0.584000 0.346700 0.000000
vt 0.594200 0.367700 0.000000
vt 0.594700 0.365700 0.000000
vt 0.600100 0.350100 0.000000
vt 0.598100 0.359400 0.000000
vt 0.585400 0.354000 0.000000
vt 0.601100 0.365200 0.000000
vt 0.604500 0.365200 0.000000
vt 0.598100 0.370100 0.000000
vt 0.596700 0.368200 0.000000
vt 0.584000 0.360400 0.000000
vt 0.578100 0.352500 0.000000
vt 0.582000 0.356000 0.000000
vt 0.575700 0.356000 0.000000
vt 0.578100 0.362300 0.000000
vt 0.575200 0.362300 0.000000
vt 0.640600 0.365700 0.000000
vt 0.637200 0.363300 0.000000
vt 0.633300 0.370100 0.000000
vt 0.623500 0.373500 0.000000
vt 0.627400 0.383300 0.000000
vt 0.628900 0.374500 0.000000
vt 0.629900 0.363800 0.000000
vt 0.624500 0.366700 0.000000
vt 0.622100 0.348100 0.000000
vt 0.631800 0.347700 0.000000
vt 0.627900 0.347200 0.000000
vt 0.625000 0.354000 0.000000
vt 0.638200 0.357400 0.000000
vt 0.631300 0.359900 0.000000
vt 0.626500 0.338900 0.000000
vt 0.625500 0.342800 0.000000
vt 0.629900 0.340300 0.000000
vt 0.636700 0.375000 0.000000
vt 0.621100 0.356400 0.000000
vt 0.611300 0.358400 0.000000
vt 0.617700 0.360400 0.000000
vt 0.623000 0.352500 0.000000
vt 0.615700 0.366200 0.000000
vt 0.609900 0.361800 0.000000
vt 0.613800 0.368200 0.000000
vt 0.636700 0.380400 0.000000
vt 0.631300 0.379400 0.000000
vt 0.635300 0.376500 0.000000
vt 0.633300 0.384300 0.000000
vt 0.632800 0.385300 0.000000
vt 0.625000 0.385700 0.000000
vt 0.630400 0.396000 0.000000
vt 0.616700 0.371100 0.000000
vt 0.611300 0.373500 0.000000
vt 0.616200 0.407700 0.000000
vt 0.628400 0.416500 0.000000
vt 0.619100 0.405800 0.000000
vt 0.619600 0.404300 0.000000
vt 0.615700 0.414600 0.000000
vt 0.621100 0.402800 0.000000
vt 0.605000 0.401400 0.000000
vt 0.611800 0.395000 0.000000
vt 0.626000 0.400900 0.000000
vt 0.606900 0.405300 0.000000
vt 0.614700 0.398900 0.000000
vt 0.609400 0.407200 0.000000
vt 0.607900 0.413100 0.000000
vt 0.610400 0.409700 0.000000
vt 0.621100 0.399900 0.000000
vt 0.625500 0.422400 0.000000
vt 0.625000 0.396500 0.000000
vt 0.620600 0.393100 0.000000
vt 0.614300 0.378900 0.000000
vt 0.617700 0.384800 0.000000
vt 0.617700 0.376000 0.000000
vt 0.549800 0.366700 0.000000
vt 0.536600 0.423800 0.000000
vt 0.538100 0.429200 0.000000
vt 0.541500 0.422400 0.000000
vt 0.557600 0.431200 0.000000
vt 0.547400 0.424300 0.000000
vt 0.545900 0.438500 0.000000
vt 0.567400 0.376500 0.000000
vt 0.529300 0.456100 0.000000
vt 0.534700 0.443800 0.000000
vt 0.527300 0.440400 0.000000
vt 0.534700 0.431600 0.000000
vt 0.566400 0.387700 0.000000
vt 0.574200 0.388700 0.000000
vt 0.544400 0.445300 0.000000
vt 0.548800 0.412100 0.000000
vt 0.561500 0.412600 0.000000
vt 0.527800 0.426800 0.000000
vt 0.513700 0.419400 0.000000
vt 0.530300 0.412600 0.000000
vt 0.564500 0.418500 0.000000
vt 0.527800 0.403800 0.000000
vt 0.527300 0.408200 0.000000
vt 0.528300 0.404300 0.000000
vt 0.520000 0.399400 0.000000
vt 0.534200 0.409700 0.000000
vt 0.533700 0.405300 0.000000
vt 0.528800 0.400900 0.000000
vt 0.527800 0.398400 0.000000
vt 0.520000 0.396500 0.000000
vt 0.524400 0.394000 0.000000
vt 0.531200 0.401900 0.000000
vt 0.534700 0.401900 0.000000
vt 0.530300 0.397900 0.000000
vt 0.526400 0.395500 0.000000
vt 0.531200 0.390600 0.000000
vt 0.522500 0.388200 0.000000
vt 0.523400 0.383300 0.000000
vt 0.531700 0.381300 0.000000
vt 0.530800 0.386700 0.000000
vt 0.521500 0.375000 0.000000
vt 0.518100 0.383300 0.000000
vt 0.531200 0.377400 0.000000
vt 0.532700 0.369100 0.000000
vt 0.542500 0.406200 0.000000
vt 0.551300 0.407200 0.000000
vt 0.551300 0.398400 0.000000
vt 0.548800 0.395500 0.000000
vt 0.551300 0.395000 0.000000
vt 0.549800 0.387200 0.000000
vt 0.563500 0.399900 0.000000
vt 0.568800 0.402300 0.000000
vt 0.572800 0.406200 0.000000
vt 0.562500 0.383300 0.000000
vt 0.560500 0.376500 0.000000
vt 0.555200 0.378400 0.000000
vt 0.548800 0.376000 0.000000
vt 0.544400 0.384300 0.000000
vt 0.559100 0.387700 0.000000
vt 0.538100 0.387700 0.000000
vt 0.546900 0.371600 0.000000
vt 0.636700 0.462400 0.000000
vt 0.634300 0.464800 0.000000
vt 0.635700 0.469200 0.000000
vt 0.637700 0.474100 0.000000
vt 0.634800 0.475600 0.000000
vt 0.633300 0.473600 0.000000
vt 0.635300 0.480000 0.000000
vt 0.638700 0.492200 0.000000
vt 0.627900 0.460400 0.000000
vt 0.627900 0.465800 0.000000
vt 0.626500 0.458500 0.000000
vt 0.618200 0.476100 0.000000
vt 0.629900 0.474600 0.000000
vt 0.613300 0.455100 0.000000
vt 0.607400 0.480000 0.000000
vt 0.619100 0.487300 0.000000
vt 0.616200 0.495100 0.000000
vt 0.616700 0.429700 0.000000
vt 0.623500 0.432100 0.000000
vt 0.626000 0.519000 0.000000
vt 0.595700 0.456100 0.000000
vt 0.607400 0.451700 0.000000
vt 0.612300 0.446800 0.000000
vt 0.623000 0.440400 0.000000
vt 0.620100 0.439900 0.000000
vt 0.602500 0.484900 0.000000
vt 0.625000 0.444800 0.000000
vt 0.619100 0.446300 0.000000
vt 0.608400 0.491200 0.000000
vt 0.588900 0.483900 0.000000
vt 0.590800 0.469200 0.000000
vt 0.580600 0.462900 0.000000
vt 0.573700 0.472200 0.000000
vt 0.599100 0.486300 0.000000
vt 0.592800 0.491200 0.000000
vt 0.568400 0.497600 0.000000
vt 0.602100 0.492700 0.000000
vt 0.610400 0.499500 0.000000
vt 0.601600 0.501000 0.000000
vt 0.598600 0.502700 0.000000
vt 0.611300 0.505900 0.000000
vt 0.612300 0.513700 0.000000
vt 0.617200 0.519800 0.000000
vt 0.601600 0.514200 0.000000
vt 0.591300 0.516400 0.000000
vt 0.570800 0.465300 0.000000
vt 0.562500 0.473100 0.000000
vt 0.561000 0.462900 0.000000
vt 0.556600 0.469700 0.000000
vt 0.554700 0.478000 0.000000
vt 0.589800 0.455100 0.000000
vt 0.585900 0.452600 0.000000
vt 0.568800 0.454600 0.000000
vt 0.553200 0.496600 0.000000
vt 0.558100 0.455600 0.000000
vt 0.543000 0.481900 0.000000
vt 0.539600 0.478500 0.000000
vt 0.533200 0.485400 0.000000
vt 0.541000 0.493700 0.000000
vt 0.534200 0.479500 0.000000
vt 0.529800 0.481400 0.000000
vt 0.525900 0.472200 0.000000
vt 0.597700 0.412600 0.000000
vt 0.586900 0.409700 0.000000
vt 0.592300 0.413600 0.000000
vt 0.592300 0.417000 0.000000
vt 0.596200 0.421900 0.000000
vt 0.602500 0.421400 0.000000
vt 0.584500 0.403800 0.000000
vt 0.593300 0.404300 0.000000
vt 0.574700 0.413600 0.000000
vt 0.588400 0.426300 0.000000
vt 0.590800 0.438500 0.000000
vt 0.596200 0.430700 0.000000
vt 0.590800 0.394500 0.000000
vt 0.581500 0.412600 0.000000
vt 0.602500 0.435500 0.000000
vt 0.576200 0.391600 0.000000
vt 0.609900 0.431600 0.000000
vt 0.585400 0.391600 0.000000
vt 0.578600 0.406200 0.000000
vt 0.549300 0.448700 0.000000
vt 0.554200 0.452600 0.000000
vt 0.555700 0.453100 0.000000
vt 0.551300 0.453100 0.000000
vt 0.543000 0.452100 0.000000
vt 0.542500 0.462900 0.000000
vt 0.539100 0.459500 0.000000
vt 0.556600 0.449700 0.000000
vt 0.555700 0.442900 0.000000
vt 0.558100 0.437500 0.000000
vt 0.567900 0.437000 0.000000
vt 0.560100 0.447800 0.000000
vt 0.596200 0.443800 0.000000
vt 0.574200 0.436500 0.000000
vt 0.566400 0.428700 0.000000
vt 0.579600 0.431200 0.000000
vt 0.586900 0.441900 0.000000
vt 0.556600 0.452600 0.000000
vt 0.549300 0.465300 0.000000
vt 0.617200 0.259800 0.000000
vt 0.613300 0.261200 0.000000
vt 0.620600 0.263200 0.000000
vt 0.613800 0.255400 0.000000
vt 0.619100 0.250500 0.000000
vt 0.610400 0.268100 0.000000
vt 0.606900 0.260700 0.000000
vt 0.610400 0.252000 0.000000
vt 0.619600 0.274900 0.000000
vt 0.628400 0.275900 0.000000
vt 0.629900 0.268600 0.000000
vt 0.629400 0.264200 0.000000
vt 0.623000 0.265600 0.000000
vt 0.632300 0.277300 0.000000
vt 0.634300 0.272000 0.000000
vt 0.624500 0.260300 0.000000
vt 0.624500 0.252400 0.000000
vt 0.606400 0.245600 0.000000
vt 0.602100 0.253900 0.000000
vt 0.603000 0.247100 0.000000
vt 0.602100 0.241200 0.000000
vt 0.611300 0.249000 0.000000
vt 0.611300 0.241700 0.000000
vt 0.622600 0.245600 0.000000
vt 0.608400 0.235400 0.000000
vt 0.598100 0.280300 0.000000
vt 0.613800 0.276400 0.000000
vt 0.606000 0.272900 0.000000
vt 0.615200 0.276400 0.000000
vt 0.621600 0.283700 0.000000
vt 0.614700 0.252400 0.000000
vt 0.620100 0.287100 0.000000
vt 0.600100 0.301300 0.000000
vt 0.609400 0.297400 0.000000
vt 0.604000 0.293000 0.000000
vt 0.621100 0.293900 0.000000
vt 0.614300 0.299800 0.000000
vt 0.621600 0.299800 0.000000
vt 0.629900 0.302200 0.000000
vt 0.625000 0.296900 0.000000
vt 0.625000 0.291500 0.000000
vt 0.629400 0.295400 0.000000
vt 0.632300 0.285600 0.000000
vt 0.627000 0.282700 0.000000
vt 0.629400 0.279800 0.000000
vt 0.603000 0.286600 0.000000
vt 0.605000 0.268600 0.000000
vt 0.627400 0.310100 0.000000
vt 0.623500 0.309600 0.000000
vt 0.597700 0.294400 0.000000
vt 0.590300 0.278300 0.000000
vt 0.598600 0.267600 0.000000
vt 0.595200 0.284200 0.000000
vt 0.588900 0.272900 0.000000
vt 0.585900 0.276400 0.000000
vt 0.591800 0.269500 0.000000
vt 0.590800 0.266600 0.000000
vt 0.599100 0.243200 0.000000
vt 0.596200 0.255900 0.000000
vt 0.587400 0.266600 0.000000
vt 0.587400 0.253400 0.000000
vt 0.583500 0.271500 0.000000
vt 0.586900 0.261700 0.000000
vt 0.593800 0.263700 0.000000
vt 0.599600 0.201700 0.000000
vt 0.605500 0.198200 0.000000
vt 0.602100 0.189500 0.000000
vt 0.609400 0.227100 0.000000
vt 0.601600 0.224100 0.000000
vt 0.608900 0.231000 0.000000
vt 0.608900 0.221700 0.000000
vt 0.616200 0.216300 0.000000
vt 0.602500 0.216800 0.000000
vt 0.628900 0.221700 0.000000
vt 0.624000 0.229500 0.000000
vt 0.595700 0.202600 0.000000
vt 0.597700 0.208000 0.000000
vt 0.621600 0.217800 0.000000
vt 0.609900 0.207000 0.000000
vt 0.611300 0.210400 0.000000
vt 0.618700 0.214400 0.000000
vt 0.627000 0.207000 0.000000
vt 0.634300 0.233400 0.000000
vt 0.638200 0.224100 0.000000
vt 0.593800 0.206100 0.000000
vt 0.589800 0.206100 0.000000
vt 0.569800 0.255900 0.000000
vt 0.569800 0.244100 0.000000
vt 0.561500 0.242700 0.000000
vt 0.583500 0.242700 0.000000
vt 0.585900 0.232900 0.000000
vt 0.570300 0.230000 0.000000
vt 0.582500 0.227100 0.000000
vt 0.588400 0.246600 0.000000
vt 0.595200 0.238300 0.000000
vt 0.653800 0.215300 0.000000
vt 0.647900 0.227100 0.000000
vt 0.644000 0.223600 0.000000
vt 0.625500 0.193400 0.000000
vt 0.622100 0.194300 0.000000
vt 0.629900 0.199700 0.000000
vt 0.635300 0.201200 0.000000
vt 0.614700 0.191900 0.000000
vt 0.625000 0.189500 0.000000
vt 0.616200 0.186500 0.000000
vt 0.590800 0.232400 0.000000
vt 0.591800 0.227500 0.000000
vt 0.548300 0.234900 0.000000
vt 0.601100 0.234400 0.000000
vt 0.604500 0.205600 0.000000
vt 0.591300 0.212400 0.000000
vt 0.593800 0.216300 0.000000
vt 0.595200 0.223100 0.000000
vt 0.612800 0.202600 0.000000
vt 0.613800 0.183600 0.000000
vt 0.580600 0.207500 0.000000
vt 0.585900 0.219200 0.000000
vt 0.622100 0.233400 0.000000
vt 0.632300 0.215300 0.000000
vt 0.588900 0.220200 0.000000
vt 0.599100 0.226100 0.000000
vt 0.570800 0.216300 0.000000
vt 0.633300 0.238800 0.000000
vt 0.628900 0.239300 0.000000
vt 0.625500 0.238300 0.000000
vt 0.630400 0.243200 0.000000
vt 0.585000 0.309100 0.000000
vt 0.585400 0.305700 0.000000
vt 0.580600 0.306600 0.000000
vt 0.588900 0.327100 0.000000
vt 0.578100 0.302200 0.000000
vt 0.593300 0.297900 0.000000
vt 0.579100 0.327600 0.000000
vt 0.577100 0.331500 0.000000
vt 0.582000 0.332000 0.000000
vt 0.578600 0.323200 0.000000
vt 0.582500 0.327600 0.000000
vt 0.575200 0.329600 0.000000
vt 0.574700 0.321300 0.000000
vt 0.570800 0.327600 0.000000
vt 0.562500 0.295400 0.000000
vt 0.560500 0.305200 0.000000
vt 0.566900 0.302200 0.000000
vt 0.565400 0.311500 0.000000
vt 0.560100 0.322800 0.000000
vt 0.568400 0.324700 0.000000
vt 0.572300 0.317900 0.000000
vt 0.564000 0.322300 0.000000
vt 0.571800 0.297900 0.000000
vt 0.565400 0.329100 0.000000
vt 0.562500 0.326700 0.000000
vt 0.558100 0.334500 0.000000
vt 0.580100 0.315400 0.000000
vt 0.576200 0.286100 0.000000
vt 0.582000 0.279300 0.000000
vt 0.584500 0.317900 0.000000
vt 0.577100 0.312500 0.000000
vt 0.572300 0.312500 0.000000
vt 0.568400 0.273400 0.000000
vt 0.592300 0.288600 0.000000
vt 0.621100 0.313500 0.000000
vt 0.634300 0.317900 0.000000
vt 0.622100 0.320300 0.000000
vt 0.610400 0.309100 0.000000
vt 0.627400 0.322300 0.000000
vt 0.617200 0.319300 0.000000
vt 0.613800 0.305200 0.000000
vt 0.611300 0.321800 0.000000
vt 0.612300 0.313500 0.000000
vt 0.589800 0.304200 0.000000
vt 0.591300 0.304700 0.000000
vt 0.602100 0.316900 0.000000
vt 0.606000 0.314500 0.000000
vt 0.602500 0.311000 0.000000
vt 0.610400 0.305200 0.000000
vt 0.602100 0.306600 0.000000
vt 0.587400 0.308600 0.000000
vt 0.595200 0.307100 0.000000
vt 0.593300 0.311500 0.000000
vt 0.591800 0.314000 0.000000
vt 0.553200 0.314000 0.000000
vt 0.555700 0.317400 0.000000
vt 0.550800 0.325200 0.000000
vt 0.543500 0.315900 0.000000
vt 0.543500 0.323700 0.000000
vt 0.537600 0.329600 0.000000
vt 0.532200 0.321300 0.000000
vt 0.558600 0.348600 0.000000
vt 0.557600 0.339800 0.000000
vt 0.550300 0.346200 0.000000
vt 0.552700 0.334000 0.000000
vt 0.543900 0.332000 0.000000
vt 0.559600 0.346700 0.000000
vt 0.558100 0.342800 0.000000
vt 0.547900 0.341800 0.000000
vt 0.530800 0.327600 0.000000
vt 0.525900 0.321300 0.000000
vt 0.533200 0.333500 0.000000
vt 0.535600 0.340300 0.000000
vt 0.547400 0.351100 0.000000
vt 0.522000 0.342800 0.000000
vt 0.530800 0.348100 0.000000
vt 0.516100 0.347200 0.000000
vt 0.527800 0.356000 0.000000
vt 0.540000 0.355000 0.000000
vt 0.525400 0.333500 0.000000
vt 0.520500 0.328600 0.000000
vt 0.510300 0.338900 0.000000
vt 0.512700 0.332000 0.000000
vt 0.507800 0.332000 0.000000
vt 0.504400 0.336900 0.000000
vt 0.504400 0.327100 0.000000
vt 0.495800 0.333000 0.000000
vt 0.506300 0.323200 0.000000
vt 0.512700 0.324700 0.000000
vt 0.505900 0.351600 0.000000
vt 0.509300 0.343800 0.000000
vt 0.502400 0.339400 0.000000
vt 0.520500 0.325700 0.000000
vt 0.518600 0.329600 0.000000
vt 0.515600 0.324200 0.000000
vt 0.516100 0.318800 0.000000
vt 0.542000 0.362300 0.000000
vt 0.497300 0.357900 0.000000
vt 0.509800 0.376500 0.000000
vt 0.517600 0.363800 0.000000
vt 0.518100 0.355500 0.000000
vt 0.522900 0.356900 0.000000
vt 0.510300 0.356400 0.000000
vt 0.524400 0.364700 0.000000
vt 0.506800 0.359900 0.000000
vt 0.514200 0.365700 0.000000
vt 0.504900 0.367700 0.000000
vt 0.568400 0.281200 0.000000
vt 0.562000 0.287100 0.000000
vt 0.552700 0.303200 0.000000
vt 0.548800 0.298800 0.000000
vt 0.546900 0.285200 0.000000
vt 0.528800 0.290500 0.000000
vt 0.540000 0.297900 0.000000
vt 0.538600 0.305200 0.000000
vt 0.502000 0.314000 0.000000
vt 0.502900 0.303700 0.000000
vt 0.511700 0.309100 0.000000
vt 0.523900 0.319300 0.000000
vt 0.518100 0.314900 0.000000
vt 0.517600 0.316400 0.000000
vt 0.518100 0.309600 0.000000
vt 0.519000 0.313000 0.000000
vt 0.573200 0.285200 0.000000
vt 0.521000 0.305700 0.000000
vt 0.530800 0.312500 0.000000
vt 0.512700 0.249000 0.000000
vt 0.528300 0.278300 0.000000
vt 0.538600 0.314900 0.000000
vt 0.542500 0.306600 0.000000
vt 0.564500 0.266600 0.000000
vt 0.563000 0.274400 0.000000
vt 0.541000 0.241200 0.000000
vt 0.550800 0.243700 0.000000
vt 0.575700 0.260700 0.000000
vt 0.575700 0.267600 0.000000
vt 0.560500 0.250500 0.000000
vt 0.552700 0.252400 0.000000
vt 0.546400 0.261200 0.000000
vt 0.555200 0.269500 0.000000
vt 0.534700 0.242700 0.000000
vt 0.533200 0.246100 0.000000
vt 0.537600 0.242200 0.000000
vt 0.547400 0.274400 0.000000
vt 0.527300 0.247600 0.000000
vt 0.534700 0.252400 0.000000
vt 0.538100 0.235800 0.000000
vt 0.534200 0.238800 0.000000
vt 0.543500 0.248000 0.000000
vt 0.539600 0.253900 0.000000
vt 0.531200 0.240200 0.000000
vt 0.537600 0.261700 0.000000
vt 0.542500 0.266100 0.000000
vt 0.531700 0.263700 0.000000
vt 0.523900 0.236800 0.000000
# 1123 texture coordinates

g taobaodianpu_CFSC31
usemtl mi_PathRocky_01_01
f 1/3/3 2/2/2 3/1/1
f 3/1/1 2/2/2 4/4/4
f 5/6/6 6/5/5 1/3/3
f 3/1/1 7/7/7 1/3/3
f 42/10/10 8/9/9 9/8/8
f 10/13/13 11/12/12 12/11/11
f 13/14/14 9/8/8 8/9/9
f 13/14/14 8/9/9 12/11/11
f 12/11/11 8/9/9 42/10/10
f 42/10/10 10/13/13 12/11/11
f 5/6/6 1/3/3 7/7/7
f 5/6/6 7/7/7 14/15/15
f 15/16/16 7/7/7 3/1/1
f 14/15/15 7/7/7 15/16/16
f 14/15/15 12/11/11 16/17/17
f 14/15/15 13/14/14 12/11/11
f 13/14/14 14/15/15 15/16/16
f 11/12/12 10/13/13 17/18/18
f 17/18/18 18/19/19 11/12/12
f 19/20/20 17/18/18 10/13/13
f 19/20/20 20/21/21 17/18/18
f 21/24/24 22/23/23 23/22/22
f 24/25/25 22/23/23 21/24/24
f 25/28/28 26/27/27 27/26/26
f 25/28/28 27/26/26 28/29/29
f 4/4/4 2/2/2 29/30/30
f 42/10/10 19/20/20 10/13/13
f 22/23/23 24/25/25 28/29/29
f 1/3/3 6/5/5 2/2/2
f 12/11/11 11/12/12 18/19/19
f 18/19/19 16/17/17 12/11/11
f 18/19/19 23/22/22 16/17/17
f 22/23/23 27/26/26 23/22/22
f 28/29/29 27/26/26 22/23/23
f 26/27/27 30/31/31 27/26/26
f 30/31/31 26/27/27 32/32/32
f 26/27/27 25/28/28 32/32/32
f 16/17/17 5/6/6 14/15/15
f 31/34/34 32/32/32 33/33/33
f 16/17/17 23/22/22 34/35/35
f 30/31/31 35/36/36 34/35/35
f 16/17/17 6/5/5 5/6/6
f 32/32/32 36/37/37 30/31/31
f 36/37/37 32/32/32 31/34/34
f 30/31/31 36/37/37 37/38/38
f 34/35/35 35/36/36 16/17/17
f 38/39/39 31/34/34 33/33/33
f 31/34/34 38/39/39 36/37/37
f 33/33/33 29/30/30 38/39/39
f 16/17/17 35/36/36 6/5/5
f 6/5/5 35/36/36 37/38/38
f 20/21/21 19/20/20 42/10/10
f 2/2/2 36/37/37 38/39/39
f 2/2/2 37/38/38 36/37/37
f 29/30/30 2/2/2 38/39/39
f 6/5/5 37/38/38 2/2/2
f 35/36/36 30/31/31 37/38/38
f 34/35/35 27/26/26 30/31/31
f 27/26/26 34/35/35 23/22/22
f 20/21/21 39/41/41 40/40/40
f 20/21/21 42/10/10 41/42/42
f 42/10/10 43/43/43 41/42/42
f 43/43/43 42/10/10 44/44/44
f 39/41/41 20/21/21 41/42/42
f 39/41/41 41/42/42 45/45/45
f 40/40/40 39/41/41 45/45/45
f 46/48/48 47/47/47 48/46/46
f 49/51/51 50/50/50 51/49/49
f 52/53/53 48/46/46 53/52/52
f 52/53/53 49/51/51 51/49/49
f 54/55/55 55/54/54 41/42/42
f 55/54/54 45/45/45 41/42/42
f 40/40/40 45/45/45 56/56/56
f 56/56/56 45/45/45 55/54/54
f 47/47/47 43/43/43 48/46/46
f 57/57/57 53/52/52 48/46/46
f 58/58/58 53/52/52 57/57/57
f 57/57/57 59/59/59 58/58/58
f 48/46/46 59/59/59 57/57/57
f 59/59/59 60/61/61 61/60/60
f 62/63/63 58/58/58 63/62/62
f 64/64/64 63/62/62 58/58/58
f 65/65/65 59/59/59 61/60/60
f 65/65/65 64/64/64 58/58/58
f 48/46/46 52/53/53 66/66/66
f 66/66/66 46/48/48 48/46/46
f 66/66/66 52/53/53 51/49/49
f 46/48/48 66/66/66 51/49/49
f 67/67/67 59/59/59 48/46/46
f 67/67/67 43/43/43 44/44/44
f 67/67/67 44/44/44 68/68/68
f 68/68/68 13/14/14 15/16/16
f 69/69/69 59/59/59 67/67/67
f 58/58/58 59/59/59 65/65/65
f 43/43/43 67/67/67 48/46/46
f 58/58/58 62/63/63 53/52/52
f 52/53/53 53/52/52 62/63/63
f 70/70/70 51/49/49 50/50/50
f 47/47/47 41/42/42 43/43/43
f 54/55/55 41/42/42 47/47/47
f 44/44/44 42/10/10 9/8/8
f 44/44/44 9/8/8 68/68/68
f 13/14/14 68/68/68 9/8/8
f 67/67/67 68/68/68 69/69/69
f 69/69/69 60/61/61 59/59/59
f 60/61/61 4/4/4 61/60/60
f 4/4/4 60/61/61 69/69/69
f 15/16/16 69/69/69 68/68/68
f 69/69/69 15/16/16 3/1/1
f 69/69/69 3/1/1 4/4/4
f 46/48/48 71/71/71 47/47/47
f 54/55/55 47/47/47 71/71/71
f 72/72/72 54/55/55 71/71/71
f 40/40/40 56/56/56 72/72/72
f 73/73/73 71/71/71 46/48/48
f 71/71/71 73/73/73 70/70/70
f 73/73/73 51/49/49 70/70/70
f 73/73/73 46/48/48 51/49/49
f 56/56/56 54/55/55 72/72/72
f 55/54/54 54/55/55 56/56/56
f 65/65/65 61/60/60 4/4/4
f 65/65/65 74/75/75 75/74/74
f 76/77/77 4/4/4 77/76/76
f 75/74/74 74/75/75 78/78/78
f 76/77/77 79/79/79 74/75/75
f 79/79/79 80/80/80 74/75/75
f 80/80/80 81/81/81 74/75/75
f 81/81/81 78/78/78 74/75/75
f 76/77/77 74/75/75 65/65/65
f 65/65/65 4/4/4 76/77/77
f 76/77/77 77/76/76 79/79/79
f 77/76/76 4/4/4 82/82/82
f 28/29/29 121/83/83 25/28/28
f 24/25/25 121/83/83 28/29/29
f 82/82/82 4/4/4 29/30/30
f 79/79/79 83/84/84 80/80/80
f 82/82/82 79/79/79 77/76/76
f 79/79/79 82/82/82 83/84/84
f 84/85/85 83/84/84 82/82/82
f 82/82/82 85/86/86 84/85/85
f 80/80/80 83/84/84 81/81/81
f 86/87/87 32/32/32 25/28/28
f 87/90/90 88/89/89 89/88/88
f 87/90/90 89/88/88 90/91/91
f 90/91/91 89/88/88 86/87/87
f 87/90/90 91/92/92 88/89/89
f 92/95/95 93/94/94 94/93/93
f 94/93/93 95/96/96 92/95/95
f 96/98/98 97/97/97 94/93/93
f 97/97/97 95/96/96 94/93/93
f 99/101/101 98/100/100 100/99/99
f 100/99/99 93/94/94 101/102/102
f 101/102/102 93/94/94 92/95/95
f 101/102/102 92/95/95 102/103/103
f 98/100/100 99/101/101 103/104/104
f 101/102/102 104/105/105 99/101/101
f 101/102/102 99/101/101 100/99/99
f 101/102/102 102/103/103 105/106/106
f 106/107/66 104/105/105 101/102/102
f 92/95/95 107/108/107 102/103/103
f 108/110/109 102/103/103 109/109/108
f 102/103/103 107/108/107 109/109/108
f 109/109/108 107/108/107 110/111/110
f 92/95/95 95/96/96 107/108/107
f 107/108/107 95/96/96 110/111/110
f 110/111/110 95/96/96 97/97/97
f 111/112/111 85/86/86 110/111/110
f 102/103/103 108/110/109 105/106/106
f 85/86/86 105/106/106 108/110/109
f 108/110/109 109/109/108 85/86/86
f 85/86/86 101/102/102 105/106/106
f 109/109/108 110/111/110 85/86/86
f 90/91/91 91/92/92 87/90/90
f 96/98/98 112/113/112 97/97/97
f 121/83/83 86/87/87 25/28/28
f 90/91/91 86/87/87 113/114/113
f 86/87/87 121/83/83 113/114/113
f 90/91/91 113/114/113 91/92/92
f 114/116/115 32/32/32 115/115/114
f 111/112/111 97/97/97 112/113/112
f 32/32/32 86/87/87 115/115/114
f 116/118/117 111/112/111 117/117/116
f 111/112/111 110/111/110 97/97/97
f 29/30/30 106/107/66 82/82/82
f 82/82/82 106/107/66 101/102/102
f 85/86/86 111/112/111 116/118/117
f 84/85/85 85/86/86 116/118/117
f 83/84/84 84/85/85 81/81/81
f 115/115/114 86/87/87 114/116/115
f 89/88/88 88/89/89 106/107/66
f 89/88/88 114/116/115 86/87/87
f 118/119/118 113/114/113 121/83/83
f 91/92/92 113/114/113 119/120/119
f 78/78/78 116/118/117 117/117/116
f 119/120/119 113/114/113 120/121/120
f 78/78/78 84/85/85 116/118/117
f 81/81/81 84/85/85 78/78/78
f 82/82/82 101/102/102 85/86/86
f 24/25/25 122/122/121 121/83/83
f 106/107/66 29/30/30 33/33/33
f 122/122/121 123/123/122 121/83/83
f 123/123/122 124/124/123 121/83/83
f 106/107/66 33/33/33 125/125/124
f 32/32/32 126/126/125 33/33/33
f 126/126/125 125/125/124 33/33/33
f 32/32/32 114/116/115 126/126/125
f 114/116/115 89/88/88 125/125/124
f 106/107/66 125/125/124 89/88/88
f 126/126/125 114/116/115 125/125/124
f 118/119/118 120/121/120 113/114/113
f 121/83/83 124/124/123 118/119/118
f 118/119/118 127/128/127 128/127/126
f 123/123/122 129/129/128 124/124/123
f 124/124/123 127/128/127 118/119/118
f 88/89/89 104/105/105 106/107/66
f 91/92/92 119/120/119 88/89/89
f 104/105/105 88/89/89 119/120/119
f 104/105/105 119/120/119 130/130/129
f 104/105/105 103/104/104 99/101/101
f 130/130/129 131/131/130 104/105/105
f 104/105/105 131/131/130 103/104/104
f 103/104/104 131/131/130 132/132/131
f 120/121/120 130/130/129 119/120/119
f 130/130/129 133/133/132 131/131/130
f 130/130/129 134/134/133 133/133/132
f 130/130/129 120/121/120 134/134/133
f 131/131/130 133/133/132 132/132/131
f 133/133/132 134/134/133 132/132/131
f 118/119/118 128/127/126 120/121/120
f 120/121/120 128/127/126 134/134/133
f 128/127/126 132/132/131 134/134/133
f 129/129/128 135/136/135 136/135/134
f 135/136/135 129/129/128 123/123/122
f 137/137/136 136/135/134 135/136/135
f 138/138/137 136/135/134 137/137/136
f 136/135/134 139/140/139 140/139/138
f 144/143/142 145/142/141 141/141/140
f 141/141/140 140/139/138 139/140/139
f 142/145/144 21/24/24 143/144/143
f 144/143/142 143/144/143 145/142/141
f 135/136/135 123/123/122 146/146/145
f 137/137/136 135/136/135 146/146/145
f 122/122/121 146/146/145 123/123/122
f 147/147/146 137/137/136 146/146/145
f 147/147/146 146/146/145 122/122/121
f 147/147/146 122/122/121 24/25/25
f 147/147/146 24/25/25 160/148/147
f 160/148/147 24/25/25 142/145/144
f 21/24/24 142/145/144 24/25/25
f 148/149/148 21/24/24 23/22/22
f 149/151/150 137/137/136 150/150/149
f 151/152/151 143/144/143 148/149/148
f 145/142/141 143/144/143 151/152/151
f 145/142/141 151/152/151 152/153/152
f 148/149/148 143/144/143 21/24/24
f 151/152/151 148/149/148 153/154/153
f 151/152/151 153/154/153 154/155/154
f 149/151/150 138/138/137 137/137/136
f 153/154/153 148/149/148 155/156/155
f 156/158/157 155/156/155 157/157/156
f 18/19/19 158/159/158 23/22/22
f 155/156/155 148/149/148 158/159/158
f 23/22/22 158/159/158 148/149/148
f 159/160/159 138/138/137 149/151/150
f 155/156/155 158/159/158 157/157/156
f 159/160/159 149/151/150 142/145/144
f 139/140/139 136/135/134 138/138/137
f 147/147/146 150/150/149 137/137/136
f 142/145/144 149/151/150 150/150/149
f 159/160/159 139/140/139 138/138/137
f 156/158/157 153/154/153 155/156/155
f 156/158/157 154/155/154 153/154/153
f 161/161/160 141/141/140 145/142/141
f 152/153/152 161/161/160 145/142/141
f 161/161/160 152/153/152 162/162/161
f 154/155/154 162/162/161 152/153/152
f 163/163/162 162/162/161 154/155/154
f 154/155/154 156/158/157 163/163/162
f 151/152/151 154/155/154 152/153/152
f 141/141/140 139/140/139 144/143/142
f 144/143/142 139/140/139 159/160/159
f 143/144/143 144/143/142 142/145/144
f 160/148/147 142/145/144 150/150/149
f 159/160/159 142/145/144 144/143/142
f 160/148/147 150/150/149 147/147/146
f 164/166/165 165/165/164 166/164/163
f 166/164/163 167/168/167 168/167/166
f 169/169/168 166/164/163 165/165/164
f 165/165/164 170/171/170 171/170/169
f 171/170/169 169/169/168 165/165/164
f 172/172/171 166/164/163 168/167/166
f 166/164/163 172/172/171 164/166/165
f 165/165/164 164/166/165 173/173/172
f 164/166/165 172/172/171 173/173/172
f 174/174/173 165/165/164 173/173/172
f 166/164/163 175/175/174 167/168/167
f 171/170/169 176/176/175 169/169/168
f 169/169/168 176/176/175 177/177/176
f 175/175/174 166/164/163 178/178/177
f 176/176/175 179/179/178 177/177/176
f 166/164/163 180/180/179 178/178/177
f 179/179/178 181/181/180 177/177/176
f 175/175/174 178/178/177 182/182/181
f 167/168/167 175/175/174 183/183/182
f 167/168/167 163/163/162 172/172/171
f 172/172/171 163/163/162 184/184/183
f 167/168/167 183/183/182 163/163/162
f 182/182/181 183/183/182 175/175/174
f 184/184/183 163/163/162 185/185/184
f 185/185/184 163/163/162 156/158/157
f 180/180/179 186/186/185 178/178/177
f 186/186/185 182/182/181 178/178/177
f 187/188/187 186/186/185 188/187/186
f 163/163/162 189/189/188 162/162/161
f 189/189/188 163/163/162 190/190/189
f 182/182/181 190/190/189 183/183/182
f 189/189/188 190/190/189 182/182/181
f 183/183/182 190/190/189 163/163/162
f 189/189/188 161/161/160 162/162/161
f 187/188/187 188/187/186 191/191/190
f 187/188/187 182/182/181 186/186/185
f 189/189/188 192/192/191 161/161/160
f 182/182/181 187/188/187 193/193/192
f 187/188/187 191/191/190 193/193/192
f 182/182/181 193/193/192 194/194/193
f 191/191/190 195/195/194 193/193/192
f 196/196/195 156/158/157 157/157/156
f 174/174/173 173/173/172 172/172/171
f 174/174/173 197/197/196 165/165/164
f 165/165/164 197/197/196 170/171/170
f 156/158/157 196/196/195 185/185/184
f 185/185/184 197/197/196 184/184/183
f 172/172/171 184/184/183 174/174/173
f 168/167/166 167/168/167 172/172/171
f 174/174/173 184/184/183 197/197/196
f 198/199/198 199/198/197 195/195/194
f 199/198/197 198/199/198 200/200/199
f 171/170/169 170/171/170 176/176/175
f 182/182/181 201/201/200 189/189/188
f 189/189/188 201/201/200 192/192/191
f 194/194/193 201/201/200 182/182/181
f 161/161/160 192/192/191 141/141/140
f 192/192/191 201/201/200 141/141/140
f 195/195/194 194/194/193 193/193/192
f 194/194/193 195/195/194 199/198/197
f 200/200/199 194/194/193 199/198/197
f 141/141/140 201/201/200 140/139/138
f 194/194/193 200/200/199 140/139/138
f 194/194/193 140/139/138 201/201/200
f 198/199/198 140/139/138 200/200/199
f 202/204/203 203/203/202 204/202/201
f 205/207/206 206/206/205 207/205/204
f 205/207/206 207/205/204 208/208/207
f 209/209/52 202/204/203 204/202/201
f 206/206/205 210/210/208 207/205/204
f 211/213/211 212/212/210 213/211/209
f 212/212/210 202/204/203 213/211/209
f 209/209/52 213/211/209 202/204/203
f 214/216/214 215/215/213 216/214/212
f 217/219/217 218/218/216 219/217/215
f 219/217/215 220/220/218 217/219/217
f 218/218/216 216/214/212 219/217/215
f 219/217/215 210/210/208 206/206/205
f 216/214/212 221/221/219 219/217/215
f 221/221/219 210/210/208 219/217/215
f 223/222/220 210/210/208 221/221/219
f 212/212/210 211/213/211 216/214/212
f 216/214/212 211/213/211 221/221/219
f 221/221/219 211/213/211 222/223/221
f 222/223/221 223/222/220 221/221/219
f 216/214/212 215/215/213 224/224/222
f 203/203/202 202/204/203 224/224/222
f 226/225/223 213/211/209 209/209/52
f 213/211/209 226/225/223 225/226/224
f 218/218/216 217/219/217 227/227/225
f 226/225/223 228/228/226 225/226/224
f 229/229/227 211/213/211 213/211/209
f 225/226/224 230/230/228 229/229/227
f 228/228/226 230/230/228 225/226/224
f 229/229/227 222/223/221 211/213/211
f 229/229/227 213/211/209 225/226/224
f 224/224/222 212/212/210 216/214/212
f 212/212/210 224/224/222 202/204/203
f 230/230/228 222/223/221 229/229/227
f 230/230/228 231/231/229 40/40/40
f 232/232/230 231/231/229 230/230/228
f 218/218/216 214/216/214 216/214/212
f 217/219/217 220/220/218 227/227/225
f 40/40/40 231/231/229 20/21/21
f 207/205/204 210/210/208 223/222/220
f 207/205/204 223/222/220 233/233/231
f 222/223/221 72/72/72 223/222/220
f 223/222/220 72/72/72 233/233/231
f 219/217/215 206/206/205 205/207/206
f 72/72/72 222/223/221 40/40/40
f 71/71/71 233/233/231 72/72/72
f 205/207/206 234/235/233 235/234/232
f 205/207/206 208/208/207 234/235/233
f 232/232/230 20/21/21 231/231/229
f 235/234/232 227/227/225 220/220/218
f 222/223/221 230/230/228 40/40/40
f 234/235/233 227/227/225 235/234/232
f 227/227/225 234/235/233 208/208/207
f 236/236/234 207/205/204 233/233/231
f 220/220/218 219/217/215 205/207/206
f 236/236/234 71/71/71 70/70/70
f 235/234/232 220/220/218 205/207/206
f 233/233/231 71/71/71 236/236/234
f 17/18/18 20/21/21 232/232/230
f 17/18/18 232/232/230 237/237/235
f 170/171/170 238/239/237 239/238/236
f 240/242/240 241/241/239 242/240/238
f 240/242/240 243/243/241 241/241/239
f 185/185/184 244/244/242 241/241/239
f 230/230/228 237/237/235 232/232/230
f 185/185/184 241/241/239 243/243/241
f 244/244/242 185/185/184 196/196/195
f 238/239/237 170/171/170 197/197/196
f 238/239/237 245/246/244 246/245/243
f 245/246/244 238/239/237 197/197/196
f 246/245/243 245/246/244 240/242/240
f 240/242/240 245/246/244 243/243/241
f 245/246/244 197/197/196 243/243/241
f 243/243/241 197/197/196 185/185/184
f 247/248/246 240/242/240 248/247/245
f 230/230/228 228/228/226 237/237/235
f 242/240/238 248/247/245 240/242/240
f 237/237/235 249/249/247 17/18/18
f 247/248/246 249/249/247 237/237/235
f 247/248/246 246/245/243 240/242/240
f 247/248/246 237/237/235 228/228/226
f 228/228/226 246/245/243 247/248/246
f 242/240/238 250/250/248 248/247/245
f 249/249/247 248/247/245 250/250/248
f 249/249/247 250/250/248 251/251/249
f 249/249/247 247/248/246 248/247/245
f 258/254/252 252/253/251 253/252/250
f 241/241/239 254/255/253 242/240/238
f 254/255/253 250/250/248 242/240/238
f 226/225/223 209/209/52 253/252/250
f 253/252/250 209/209/52 258/254/252
f 251/251/249 250/250/248 254/255/253
f 238/239/237 246/245/243 239/238/236
f 246/245/243 228/228/226 255/256/254
f 255/256/254 228/228/226 256/257/255
f 257/258/256 256/257/255 253/252/250
f 257/258/256 239/238/236 246/245/243
f 257/258/256 246/245/243 255/256/254
f 257/258/256 255/256/254 256/257/255
f 257/258/256 252/253/251 239/238/236
f 170/171/170 239/238/236 252/253/251
f 176/176/175 170/171/170 252/253/251
f 254/255/253 18/19/19 251/251/249
f 257/258/256 253/252/250 252/253/251
f 256/257/255 228/228/226 226/225/223
f 249/249/247 251/251/249 17/18/18
f 256/257/255 226/225/223 253/252/250
f 17/18/18 251/251/249 18/19/19
f 254/255/253 158/159/158 18/19/19
f 244/244/242 157/157/156 241/241/239
f 241/241/239 158/159/158 254/255/253
f 241/241/239 157/157/156 158/159/158
f 196/196/195 157/157/156 244/244/242
f 258/254/252 179/179/178 252/253/251
f 179/179/178 258/254/252 204/202/201
f 209/209/52 204/202/201 258/254/252
f 252/253/251 179/179/178 176/176/175
f 204/202/201 181/181/180 179/179/178
f 65/65/65 259/259/257 64/64/64
f 261/262/260 262/261/259 263/260/258
f 264/264/262 263/260/258 265/263/261
f 261/262/260 266/266/264 267/265/263
f 261/262/260 263/260/258 266/266/264
f 264/264/262 266/266/264 263/260/258
f 268/268/266 261/262/260 269/267/265
f 260/269/267 269/267/265 261/262/260
f 269/267/265 64/64/64 268/268/266
f 270/270/268 262/261/259 64/64/64
f 260/269/267 63/62/62 269/267/265
f 269/267/265 63/62/62 64/64/64
f 264/264/262 265/263/261 75/74/74
f 65/65/65 75/74/74 265/263/261
f 271/271/269 266/266/264 264/264/262
f 270/270/268 259/259/257 65/65/65
f 262/261/259 268/268/266 64/64/64
f 270/270/268 64/64/64 259/259/257
f 262/261/259 265/263/261 263/260/258
f 270/270/268 65/65/65 265/263/261
f 262/261/259 270/270/268 265/263/261
f 268/268/266 262/261/259 261/262/260
f 272/274/272 273/273/271 274/272/270
f 274/272/270 273/273/271 275/275/273
f 275/275/273 280/277/275 276/276/274
f 276/276/274 280/277/275 277/278/276
f 273/273/271 278/280/278 279/279/277
f 280/277/275 275/275/273 273/273/271
f 266/266/264 271/271/269 273/273/271
f 279/279/277 267/265/263 273/273/271
f 280/277/275 273/273/271 281/281/279
f 277/278/276 280/277/275 303/282/280
f 267/265/263 260/269/267 261/262/260
f 267/265/263 279/279/277 260/269/267
f 278/280/278 260/269/267 279/279/277
f 282/283/281 260/269/267 278/280/278
f 273/273/271 267/265/263 266/266/264
f 282/283/281 63/62/62 260/269/267
f 62/63/63 63/62/62 283/284/282
f 283/284/282 63/62/62 282/283/281
f 284/287/284 363/286/283 285/285/215
f 286/289/286 287/288/285 284/287/284
f 272/274/272 278/280/278 273/273/271
f 282/283/281 278/280/278 283/284/282
f 278/280/278 288/290/287 283/284/282
f 278/280/278 272/274/272 288/290/287
f 284/287/284 287/288/285 363/286/283
f 289/292/289 299/291/288 287/288/285
f 75/74/74 78/78/78 290/293/290
f 291/295/292 290/293/290 292/294/291
f 293/296/293 292/294/291 290/293/290
f 290/293/290 78/78/78 117/117/116
f 294/298/295 292/294/291 295/297/294
f 290/293/290 117/117/116 293/296/293
f 292/294/291 293/296/293 295/297/294
f 295/297/294 293/296/293 111/112/111
f 293/296/293 117/117/116 111/112/111
f 295/297/294 111/112/111 112/113/112
f 295/297/294 112/113/112 296/299/296
f 297/300/297 295/297/294 296/299/296
f 298/301/298 297/300/297 296/299/296
f 297/300/297 298/301/298 299/291/288
f 296/299/296 112/113/112 298/301/298
f 272/274/272 274/272/270 288/290/287
f 274/272/270 275/275/273 276/276/274
f 298/301/298 112/113/112 96/98/98
f 300/302/299 303/282/280 280/277/275
f 276/276/274 301/304/301 302/303/300
f 276/276/274 277/278/276 301/304/301
f 301/304/301 303/282/280 302/303/300
f 277/278/276 303/282/280 301/304/301
f 302/303/300 305/306/303 304/305/302
f 303/282/280 305/306/303 302/303/300
f 305/306/303 285/285/215 304/305/302
f 289/292/289 297/300/297 299/291/288
f 294/298/295 295/297/294 297/300/297
f 306/307/304 297/300/297 289/292/289
f 294/298/295 297/300/297 306/307/304
f 303/282/280 307/308/305 305/306/303
f 307/308/305 303/282/280 300/302/299
f 307/308/305 300/302/299 311/309/306
f 307/308/305 311/309/306 289/292/289
f 305/306/303 284/287/284 285/285/215
f 284/287/284 305/306/303 308/310/307
f 308/310/307 286/289/286 284/287/284
f 305/306/303 307/308/305 308/310/307
f 308/310/307 307/308/305 289/292/289
f 309/311/308 264/264/262 291/295/292
f 264/264/262 309/311/308 271/271/269
f 271/271/269 309/311/308 310/312/309
f 310/312/309 309/311/308 291/295/292
f 264/264/262 290/293/290 291/295/292
f 75/74/74 290/293/290 264/264/262
f 286/289/286 289/292/289 287/288/285
f 286/289/286 308/310/307 289/292/289
f 291/295/292 294/298/295 312/313/310
f 289/292/289 311/309/306 306/307/304
f 300/302/299 312/313/310 306/307/304
f 300/302/299 306/307/304 311/309/306
f 306/307/304 312/313/310 294/298/295
f 312/313/310 310/312/309 291/295/292
f 281/281/279 310/312/309 300/302/299
f 310/312/309 312/313/310 300/302/299
f 281/281/279 300/302/299 280/277/275
f 273/273/271 310/312/309 281/281/279
f 273/273/271 271/271/269 310/312/309
f 291/295/292 292/294/291 294/298/295
f 313/316/313 314/315/312 315/314/311
f 314/315/312 316/318/315 318/317/314
f 317/319/316 314/315/312 313/316/313
f 314/315/312 317/319/316 316/318/315
f 314/315/312 318/317/314 315/314/311
f 321/322/319 322/321/318 323/320/317
f 315/314/311 318/317/314 320/323/320
f 324/325/322 321/322/319 325/324/321
f 321/322/319 326/326/323 322/321/318
f 208/208/207 324/325/322 325/324/321
f 318/317/314 316/318/315 319/327/324
f 327/330/327 328/329/326 329/328/325
f 319/327/324 327/330/327 318/317/314
f 208/208/207 207/205/204 324/325/322
f 319/327/324 330/331/328 327/330/327
f 327/330/327 329/328/325 318/317/314
f 321/322/319 324/325/322 70/70/70
f 324/325/322 207/205/204 70/70/70
f 321/322/319 70/70/70 326/326/323
f 236/236/234 70/70/70 207/205/204
f 285/285/215 331/332/279 304/305/302
f 304/305/302 332/333/329 302/303/300
f 304/305/302 331/332/279 332/333/329
f 332/333/329 331/332/279 327/330/327
f 331/332/279 328/329/326 327/330/327
f 330/331/328 332/333/329 327/330/327
f 323/320/317 322/321/318 333/334/330
f 335/335/331 330/331/328 319/327/324
f 330/331/328 335/335/331 334/336/332
f 316/318/315 335/335/331 319/327/324
f 332/333/329 330/331/328 334/336/332
f 336/337/333 317/319/316 313/316/313
f 316/318/315 317/319/316 337/338/334
f 337/338/334 317/319/316 336/337/333
f 337/338/334 335/335/331 316/318/315
f 336/337/333 338/339/335 337/338/334
f 338/339/335 335/335/331 337/338/334
f 339/340/336 334/336/332 335/335/331
f 339/340/336 335/335/331 338/339/335
f 339/340/336 338/339/335 340/341/337
f 334/336/332 339/340/336 341/342/338
f 302/303/300 332/333/329 334/336/332
f 334/336/332 276/276/274 302/303/300
f 274/272/270 276/276/274 334/336/332
f 333/334/330 342/344/340 343/343/339
f 344/345/341 274/272/270 334/336/332
f 344/345/341 288/290/287 274/272/270
f 344/345/341 334/336/332 341/342/338
f 341/342/338 345/346/342 344/345/341
f 341/342/338 339/340/336 340/341/337
f 345/346/342 341/342/338 346/347/343
f 333/334/330 322/321/318 347/348/344
f 348/350/346 288/290/287 349/349/345
f 350/352/348 351/351/347 348/350/346
f 349/349/345 352/353/349 348/350/346
f 350/352/348 348/350/346 353/354/350
f 288/290/287 344/345/341 349/349/345
f 344/345/341 352/353/349 349/349/345
f 348/350/346 352/353/349 353/354/350
f 353/354/350 352/353/349 354/355/351
f 355/357/353 356/356/352 350/352/348
f 353/354/350 357/358/354 350/352/348
f 350/352/348 357/358/354 355/357/353
f 355/357/353 357/358/354 343/343/339
f 358/359/355 333/334/330 343/343/339
f 323/320/317 333/334/330 358/359/355
f 352/353/349 344/345/341 345/346/342
f 354/355/351 352/353/349 345/346/342
f 347/348/344 342/344/340 333/334/330
f 343/343/339 342/344/340 355/357/353
f 326/326/323 347/348/344 322/321/318
f 359/360/356 52/53/53 62/63/63
f 356/356/352 355/357/353 360/361/357
f 342/344/340 360/361/357 355/357/353
f 351/351/347 360/361/357 359/360/356
f 50/50/50 326/326/323 70/70/70
f 326/326/323 50/50/50 347/348/344
f 360/361/357 342/344/340 347/348/344
f 360/361/357 347/348/344 361/362/358
f 359/360/356 360/361/357 361/362/358
f 361/362/358 347/348/344 50/50/50
f 359/360/356 49/51/51 52/53/53
f 361/362/358 50/50/50 49/51/51
f 49/51/51 359/360/356 361/362/358
f 350/352/348 356/356/352 351/351/347
f 356/356/352 360/361/357 351/351/347
f 348/350/346 283/284/282 288/290/287
f 362/363/359 320/323/320 318/317/314
f 363/286/283 287/288/285 362/363/359
f 364/364/360 363/286/283 362/363/359
f 351/351/347 283/284/282 348/350/346
f 62/63/63 283/284/282 351/351/347
f 328/329/326 363/286/283 364/364/360
f 285/285/215 363/286/283 328/329/326
f 62/63/63 351/351/347 359/360/356
f 285/285/215 328/329/326 331/332/279
f 328/329/326 364/364/360 362/363/359
f 329/328/325 328/329/326 362/363/359
f 362/363/359 318/317/314 329/328/325
f 365/367/362 366/366/162 367/365/361
f 368/370/365 376/369/364 369/368/363
f 370/373/368 371/372/367 372/371/366
f 370/373/368 372/371/366 373/374/369
f 374/376/370 372/371/366 375/375/28
f 378/379/373 379/378/372 380/377/371
f 377/380/374 366/366/162 376/369/364
f 381/381/375 378/379/373 371/372/367
f 365/367/362 376/369/364 366/366/162
f 365/367/362 382/382/376 369/368/363
f 365/367/362 369/368/363 376/369/364
f 365/367/362 375/375/28 382/382/376
f 375/375/28 365/367/362 383/383/377
f 367/365/361 384/384/378 365/367/362
f 365/367/362 384/384/378 385/385/379
f 365/367/362 385/385/379 383/383/377
f 370/373/368 373/374/369 386/386/380
f 373/374/369 374/376/370 387/387/381
f 373/374/369 387/387/381 386/386/380
f 373/374/369 372/371/366 374/376/370
f 375/375/28 383/383/377 374/376/370
f 387/387/381 374/376/370 383/383/377
f 383/383/377 385/385/379 387/387/381
f 387/387/381 388/388/382 386/386/380
f 379/378/372 381/381/375 371/372/367
f 379/378/372 389/390/384 390/389/383
f 379/378/372 371/372/367 389/390/384
f 390/389/383 389/390/384 391/391/385
f 379/378/372 390/389/383 391/391/385
f 389/390/384 392/392/386 391/391/385
f 371/372/367 370/373/368 389/390/384
f 379/378/372 378/379/373 381/381/375
f 372/371/366 378/379/373 393/393/387
f 372/371/366 371/372/367 378/379/373
f 382/382/376 372/371/366 394/394/388
f 389/390/384 370/373/368 395/395/389
f 389/390/384 395/395/389 392/392/386
f 395/395/389 370/373/368 396/396/390
f 370/373/368 386/386/380 396/396/390
f 396/396/390 386/386/380 388/388/382
f 372/371/366 382/382/376 375/375/28
f 397/397/391 382/382/376 394/394/388
f 397/397/391 369/368/363 382/382/376
f 396/396/390 388/388/382 395/395/389
f 395/395/389 398/398/392 392/392/386
f 388/388/382 398/398/392 395/395/389
f 392/392/386 398/398/392 402/399/393
f 402/399/393 398/398/392 399/400/394
f 401/402/396 400/401/395 399/400/394
f 399/400/394 400/401/395 402/399/393
f 400/401/395 401/402/396 402/399/393
f 403/403/397 402/399/393 401/402/396
f 404/406/400 405/405/399 406/404/398
f 404/406/400 407/407/401 405/405/399
f 408/409/403 409/408/402 377/380/374
f 366/366/162 377/380/374 409/408/402
f 410/410/404 406/404/398 405/405/399
f 407/407/401 368/370/365 405/405/399
f 405/405/399 368/370/365 411/411/405
f 368/370/365 377/380/374 376/369/364
f 368/370/365 408/409/403 377/380/374
f 412/413/407 413/412/406 409/408/402
f 409/408/402 413/412/406 366/366/162
f 414/414/408 366/366/162 413/412/406
f 366/366/162 414/414/408 367/365/361
f 414/414/408 415/415/409 367/365/361
f 413/412/406 416/416/410 414/414/408
f 384/384/378 367/365/361 415/415/409
f 413/412/406 422/417/411 416/416/410
f 409/408/402 408/409/403 412/413/407
f 415/415/409 414/414/408 416/416/410
f 416/416/410 384/384/378 415/415/409
f 384/384/378 416/416/410 417/418/412
f 443/419/413 417/418/412 416/416/410
f 418/420/414 387/387/381 385/385/379
f 418/420/414 417/418/412 419/421/415
f 417/418/412 418/420/414 385/385/379
f 419/421/415 387/387/381 418/420/414
f 387/387/381 419/421/415 420/422/392
f 419/421/415 417/418/412 420/422/392
f 385/385/379 384/384/378 417/418/412
f 420/422/392 417/418/412 421/423/416
f 422/417/411 413/412/406 412/413/407
f 408/409/403 763/424/417 412/413/407
f 422/417/411 412/413/407 763/424/417
f 763/424/417 423/425/418 422/417/411
f 423/425/418 763/424/417 424/426/419
f 424/426/419 763/424/417 425/427/420
f 426/428/421 346/347/343 341/342/338
f 401/402/396 341/342/338 427/429/422
f 341/342/338 401/402/396 426/428/421
f 403/403/397 401/402/396 427/429/422
f 399/400/394 426/428/421 401/402/396
f 380/377/371 393/393/387 378/379/373
f 411/411/405 428/431/424 429/430/423
f 411/411/405 397/397/391 428/431/424
f 410/410/404 411/411/405 429/430/423
f 428/431/424 410/410/404 429/430/423
f 411/411/405 410/410/404 405/405/399
f 428/431/424 372/371/366 410/410/404
f 410/410/404 372/371/366 393/393/387
f 411/411/405 369/368/363 397/397/391
f 411/411/405 368/370/365 369/368/363
f 397/397/391 394/394/388 428/431/424
f 428/431/424 394/394/388 372/371/366
f 346/347/343 426/428/421 430/432/425
f 430/432/425 426/428/421 398/398/392
f 398/398/392 420/422/392 430/432/425
f 398/398/392 426/428/421 399/400/394
f 417/418/412 443/419/413 431/433/426
f 431/433/426 421/423/416 417/418/412
f 388/388/382 420/422/392 398/398/392
f 387/387/381 420/422/392 388/388/382
f 420/422/392 432/434/427 430/432/425
f 433/435/428 432/434/427 420/422/392
f 434/438/431 435/437/430 436/436/429
f 437/440/433 438/439/432 431/433/426
f 439/442/435 440/441/434 438/439/432
f 441/443/436 440/441/434 439/442/435
f 439/442/435 438/439/432 442/444/437
f 433/435/428 421/423/416 438/439/432
f 434/438/431 436/436/429 444/445/438
f 445/446/439 435/437/430 434/438/431
f 446/448/441 436/436/429 447/447/440
f 433/435/428 448/449/442 432/434/427
f 444/445/438 436/436/429 446/448/441
f 449/451/444 450/450/443 448/449/442
f 433/435/428 449/451/444 448/449/442
f 440/441/434 451/452/445 438/439/432
f 435/437/430 452/453/446 443/419/413
f 445/446/439 434/438/431 453/454/447
f 438/439/432 451/452/445 433/435/428
f 440/441/434 441/443/436 454/455/448
f 440/441/434 454/455/448 455/456/449
f 441/443/436 442/444/437 454/455/448
f 454/455/448 442/444/437 462/457/450
f 452/453/446 435/437/430 445/446/439
f 442/444/437 456/458/451 462/457/450
f 436/436/429 435/437/430 443/419/413
f 433/435/428 420/422/392 421/423/416
f 430/432/425 432/434/427 448/449/442
f 448/449/442 346/347/343 430/432/425
f 439/442/435 442/444/437 441/443/436
f 346/347/343 448/449/442 450/450/443
f 447/447/440 436/436/429 443/419/413
f 445/446/439 453/454/447 452/453/446
f 457/460/453 444/445/438 458/459/452
f 459/462/455 457/460/453 460/461/454
f 460/461/454 462/457/450 459/462/455
f 460/461/454 457/460/453 458/459/452
f 460/461/454 461/463/456 462/457/450
f 455/456/449 454/455/448 462/457/450
f 458/459/452 444/445/438 463/464/457
f 446/448/441 463/464/457 444/445/438
f 459/462/455 464/465/458 457/460/453
f 446/448/441 447/447/440 463/464/457
f 457/460/453 453/454/447 434/438/431
f 437/440/433 442/444/437 438/439/432
f 437/440/433 456/458/451 442/444/437
f 437/440/433 453/454/447 456/458/451
f 461/463/456 460/461/454 458/459/452
f 463/464/457 461/463/456 458/459/452
f 457/460/453 434/438/431 444/445/438
f 421/423/416 431/433/426 438/439/432
f 437/440/433 431/433/426 443/419/413
f 453/454/447 437/440/433 443/419/413
f 453/454/447 443/419/413 452/453/446
f 464/465/458 456/458/451 465/466/459
f 456/458/451 464/465/458 459/462/455
f 464/465/458 465/466/459 457/460/453
f 459/462/455 462/457/450 456/458/451
f 465/466/459 453/454/447 457/460/453
f 462/457/450 461/463/456 455/456/449
f 456/458/451 453/454/447 465/466/459
f 466/468/461 467/467/460 346/347/343
f 450/450/443 466/468/461 346/347/343
f 450/450/443 468/469/462 466/468/461
f 469/470/463 468/469/462 450/450/443
f 470/472/465 471/471/464 468/469/462
f 468/469/462 469/470/463 470/472/465
f 469/470/463 450/450/443 472/473/466
f 472/473/466 473/474/467 470/472/465
f 473/474/467 433/435/428 451/452/445
f 455/456/449 474/475/468 440/441/434
f 455/456/449 461/463/456 475/476/469
f 474/475/468 455/456/449 475/476/469
f 474/475/468 475/476/469 476/477/470
f 477/479/472 461/463/456 478/478/471
f 475/476/469 461/463/456 477/479/472
f 477/479/472 478/478/471 476/477/470
f 474/475/468 476/477/470 479/480/473
f 474/475/468 479/480/473 480/481/474
f 477/479/472 476/477/470 475/476/469
f 470/472/465 451/452/445 481/482/475
f 451/452/445 470/472/465 473/474/467
f 451/452/445 440/441/434 481/482/475
f 482/483/476 449/451/444 433/435/428
f 449/451/444 472/473/466 450/450/443
f 482/483/476 472/473/466 449/451/444
f 472/473/466 482/483/476 473/474/467
f 483/485/478 353/354/350 488/484/477
f 484/487/480 485/486/479 358/359/355
f 485/486/479 486/488/481 358/359/355
f 483/485/478 357/358/354 353/354/350
f 483/485/478 343/343/339 357/358/354
f 483/485/478 484/487/480 343/343/339
f 484/487/480 483/485/478 488/484/477
f 433/435/428 473/474/467 482/483/476
f 358/359/355 343/343/339 484/487/480
f 472/473/466 470/472/465 469/470/463
f 484/487/480 479/480/473 485/486/479
f 480/481/474 479/480/473 484/487/480
f 487/489/482 354/355/351 345/346/342
f 346/347/343 467/467/460 345/346/342
f 467/467/460 487/489/482 345/346/342
f 487/489/482 467/467/460 466/468/461
f 488/484/477 353/354/350 354/355/351
f 489/490/483 484/487/480 488/484/477
f 489/490/483 480/481/474 484/487/480
f 471/471/464 480/481/474 489/490/483
f 354/355/351 468/469/462 488/484/477
f 487/489/482 468/469/462 354/355/351
f 471/471/464 489/490/483 488/484/477
f 466/468/461 468/469/462 487/489/482
f 468/469/462 471/471/464 488/484/477
f 471/471/464 474/475/468 480/481/474
f 474/475/468 471/471/464 481/482/475
f 440/441/434 474/475/468 481/482/475
f 470/472/465 481/482/475 471/471/464
f 485/486/479 479/480/473 486/488/481
f 490/492/485 491/491/484 476/477/470
f 490/492/485 476/477/470 478/478/471
f 476/477/470 491/491/484 492/493/486
f 476/477/470 492/493/486 479/480/473
f 479/480/473 492/493/486 486/488/481
f 492/493/486 358/359/355 486/488/481
f 493/494/487 358/359/355 492/493/486
f 494/496/489 495/495/488 491/491/484
f 496/497/490 491/491/484 495/495/488
f 497/498/491 491/491/484 496/497/490
f 496/497/490 498/500/493 499/499/492
f 496/497/490 499/499/492 497/498/491
f 491/491/484 493/494/487 492/493/486
f 493/494/487 491/491/484 497/498/491
f 497/498/491 500/501/494 323/320/317
f 493/494/487 323/320/317 358/359/355
f 497/498/491 323/320/317 493/494/487
f 501/503/496 502/502/495 214/216/214
f 495/495/488 503/505/498 504/504/497
f 503/505/498 505/506/499 504/504/497
f 504/504/497 505/506/499 495/495/488
f 325/324/321 506/507/500 208/208/207
f 507/509/502 505/506/499 508/508/501
f 505/506/499 507/509/502 495/495/488
f 508/508/501 509/510/503 507/509/502
f 510/511/504 508/508/501 505/506/499
f 503/505/498 510/511/504 505/506/499
f 511/512/505 321/322/319 323/320/317
f 325/324/321 321/322/319 511/512/505
f 503/505/498 508/508/501 510/511/504
f 508/508/501 503/505/498 512/513/506
f 503/505/498 513/514/507 512/513/506
f 514/517/510 515/516/509 516/515/508
f 515/516/509 517/518/511 516/515/508
f 516/515/508 518/519/512 514/517/510
f 517/518/511 518/519/512 516/515/508
f 508/508/501 512/513/506 519/520/513
f 496/497/490 507/509/502 520/521/514
f 518/519/512 521/522/515 514/517/510
f 502/502/495 517/518/511 522/523/516
f 523/524/517 325/324/321 511/512/505
f 511/512/505 500/501/494 523/524/517
f 517/518/511 502/502/495 521/522/515
f 521/522/515 518/519/512 517/518/511
f 495/495/488 507/509/502 496/497/490
f 494/496/489 503/505/498 495/495/488
f 509/510/503 508/508/501 519/520/513
f 498/500/493 496/497/490 520/521/514
f 509/510/503 524/525/518 501/503/496
f 517/518/511 515/516/509 522/523/516
f 500/501/494 511/512/505 323/320/317
f 499/499/492 500/501/494 497/498/491
f 523/524/517 506/507/500 325/324/321
f 506/507/500 523/524/517 498/500/493
f 499/499/492 523/524/517 500/501/494
f 499/499/492 498/500/493 523/524/517
f 502/502/495 501/503/496 521/522/515
f 521/522/515 501/503/496 524/525/518
f 521/522/515 524/525/518 514/517/510
f 227/227/225 208/208/207 506/507/500
f 520/521/514 507/509/502 218/218/216
f 509/510/503 218/218/216 507/509/502
f 506/507/500 498/500/493 227/227/225
f 218/218/216 227/227/225 498/500/493
f 498/500/493 520/521/514 218/218/216
f 501/503/496 218/218/216 509/510/503
f 501/503/496 214/216/214 218/218/216
f 519/520/513 514/517/510 524/525/518
f 524/525/518 509/510/503 519/520/513
f 512/513/506 513/514/507 519/520/513
f 494/496/489 513/514/507 503/505/498
f 525/528/521 526/527/520 527/526/519
f 528/531/524 529/530/523 530/529/522
f 527/526/519 526/527/520 530/529/522
f 513/514/507 494/496/489 478/478/471
f 525/528/521 530/529/522 526/527/520
f 531/533/526 532/532/525 447/447/440
f 533/534/527 531/533/526 447/447/440
f 534/535/528 531/533/526 533/534/527
f 529/530/523 527/526/519 530/529/522
f 528/531/524 535/536/529 529/530/523
f 529/530/523 535/536/529 527/526/519
f 528/531/524 532/532/525 536/537/530
f 528/531/524 537/538/531 532/532/525
f 519/520/513 538/539/532 514/517/510
f 532/532/525 531/533/526 539/540/533
f 539/540/533 536/537/530 532/532/525
f 540/541/534 539/540/533 531/533/526
f 424/426/419 425/427/420 536/537/530
f 540/541/534 424/426/419 536/537/530
f 534/535/528 540/541/534 531/533/526
f 536/537/530 539/540/533 540/541/534
f 536/537/530 425/427/420 535/536/529
f 535/536/529 528/531/524 536/537/530
f 534/535/528 533/534/527 422/417/411
f 540/541/534 423/425/418 424/426/419
f 534/535/528 422/417/411 423/425/418
f 534/535/528 423/425/418 540/541/534
f 519/520/513 541/542/535 538/539/532
f 513/514/507 478/478/471 461/463/456
f 416/416/410 447/447/440 443/419/413
f 533/534/527 447/447/440 416/416/410
f 416/416/410 422/417/411 533/534/527
f 542/543/536 513/514/507 461/463/456
f 461/463/456 463/464/457 542/543/536
f 542/543/536 519/520/513 513/514/507
f 519/520/513 542/543/536 541/542/535
f 542/543/536 463/464/457 543/544/537
f 541/542/535 542/543/536 544/545/538
f 545/546/539 542/543/536 543/544/537
f 545/546/539 544/545/538 542/543/536
f 546/547/540 543/544/537 532/532/525
f 463/464/457 532/532/525 543/544/537
f 547/548/541 530/529/522 525/528/521
f 530/529/522 537/538/531 528/531/524
f 548/549/542 530/529/522 547/548/541
f 530/529/522 548/549/542 537/538/531
f 532/532/525 537/538/531 546/547/540
f 537/538/531 545/546/539 546/547/540
f 543/544/537 546/547/540 545/546/539
f 537/538/531 548/549/542 549/550/543
f 544/545/538 545/546/539 537/538/531
f 544/545/538 537/538/531 549/550/543
f 544/545/538 549/550/543 541/542/535
f 549/550/543 548/549/542 515/516/509
f 514/517/510 549/550/543 515/516/509
f 549/550/543 514/517/510 538/539/532
f 549/550/543 538/539/532 541/542/535
f 494/496/489 490/492/485 478/478/471
f 490/492/485 494/496/489 491/491/484
f 447/447/440 532/532/525 463/464/457
f 550/553/546 551/552/545 552/551/544
f 550/553/546 552/551/544 553/554/547
f 554/556/549 552/551/544 555/555/548
f 553/554/547 552/551/544 556/557/550
f 557/560/553 558/559/552 559/558/551
f 557/560/553 560/561/554 558/559/552
f 559/558/551 561/563/556 562/562/555
f 561/563/556 563/564/557 562/562/555
f 557/560/553 559/558/551 562/562/555
f 563/564/557 564/565/558 562/562/555
f 564/565/558 557/560/553 562/562/555
f 560/561/554 565/566/559 558/559/552
f 565/566/559 566/567/560 558/559/552
f 557/560/553 564/565/558 560/561/554
f 567/568/561 565/566/559 560/561/554
f 568/569/562 551/552/545 550/553/546
f 567/568/561 560/561/554 564/565/558
f 569/570/563 553/554/547 556/557/550
f 553/554/547 570/571/564 550/553/546
f 570/571/564 569/570/563 571/572/565
f 569/570/563 570/571/564 553/554/547
f 568/569/562 550/553/546 570/571/564
f 561/563/556 559/558/551 572/573/566
f 572/573/566 559/558/551 573/574/567
f 572/573/566 573/574/567 574/575/568
f 575/578/571 576/577/570 601/576/569
f 577/579/572 601/576/569 576/577/570
f 571/572/565 577/579/572 576/577/570
f 576/577/570 575/578/571 571/572/565
f 578/582/575 579/581/574 580/580/573
f 581/584/577 579/581/574 677/583/576
f 582/586/579 583/585/578 580/580/573
f 579/581/574 581/584/577 580/580/573
f 566/567/560 565/566/559 584/587/580
f 585/589/582 586/588/581 583/585/578
f 587/590/300 585/589/582 583/585/578
f 588/592/584 589/591/583 587/590/300
f 584/587/580 589/591/583 588/592/584
f 584/587/580 588/592/584 566/567/560
f 590/593/585 589/591/583 584/587/580
f 587/590/300 589/591/583 585/589/582
f 589/591/583 591/594/586 585/589/582
f 592/597/589 593/596/588 594/595/587
f 595/598/590 594/595/587 593/596/588
f 590/593/585 591/594/586 589/591/583
f 593/596/588 596/600/592 597/599/591
f 597/599/591 598/601/593 593/596/588
f 595/598/590 593/596/588 598/601/593
f 599/602/594 598/601/593 597/599/591
f 599/602/594 595/598/590 598/601/593
f 597/599/591 600/603/595 599/602/594
f 577/579/572 571/572/565 569/570/563
f 592/597/589 577/579/572 569/570/563
f 601/576/569 577/579/572 592/597/589
f 592/597/589 569/570/563 556/557/550
f 590/593/585 602/604/596 591/594/586
f 601/576/569 592/597/589 594/595/587
f 592/597/589 596/600/592 593/596/588
f 552/551/544 554/556/549 556/557/550
f 554/556/549 596/600/592 556/557/550
f 592/597/589 556/557/550 596/600/592
f 597/599/591 596/600/592 600/603/595
f 591/594/586 602/604/596 585/589/582
f 603/607/599 604/606/598 605/605/597
f 606/608/600 586/588/581 578/582/575
f 606/608/600 583/585/578 586/588/581
f 578/582/575 586/588/581 604/606/598
f 606/608/600 578/582/575 583/585/578
f 586/588/581 585/589/582 604/606/598
f 604/606/598 579/581/574 578/582/575
f 604/606/598 603/607/599 579/581/574
f 603/607/599 677/583/576 579/581/574
f 603/607/599 607/609/601 677/583/576
f 603/607/599 605/605/597 607/609/601
f 604/606/598 585/589/582 605/605/597
f 608/610/602 595/598/590 599/602/594
f 608/610/602 599/602/594 609/611/603
f 595/598/590 572/573/566 574/575/568
f 608/610/602 572/573/566 595/598/590
f 608/610/602 561/563/556 572/573/566
f 610/613/605 611/612/604 602/604/596
f 554/556/549 555/555/548 596/600/592
f 612/614/606 596/600/592 555/555/548
f 613/615/607 596/600/592 612/614/606
f 600/603/595 596/600/592 613/615/607
f 612/614/606 555/555/548 613/615/607
f 599/602/594 600/603/595 614/616/608
f 614/616/608 600/603/595 613/615/607
f 615/617/609 610/613/605 613/615/607
f 613/615/607 616/618/610 615/617/609
f 617/619/611 615/617/609 616/618/610
f 610/613/605 615/617/609 618/620/612
f 618/620/612 615/617/609 617/619/611
f 613/615/607 555/555/548 616/618/610
f 619/621/613 613/615/607 610/613/605
f 611/612/604 610/613/605 618/620/612
f 617/619/611 611/612/604 618/620/612
f 610/613/605 602/604/596 590/593/585
f 599/602/594 614/616/608 609/611/603
f 620/622/614 608/610/602 609/611/603
f 609/611/603 621/623/615 620/622/614
f 609/611/603 614/616/608 621/623/615
f 620/622/614 563/564/557 608/610/602
f 620/622/614 622/624/616 563/564/557
f 563/564/557 561/563/556 608/610/602
f 621/623/615 619/621/613 623/625/617
f 590/593/585 619/621/613 610/613/605
f 590/593/585 623/625/617 619/621/613
f 621/623/615 613/615/607 619/621/613
f 614/616/608 613/615/607 621/623/615
f 623/625/617 622/624/616 620/622/614
f 620/622/614 621/623/615 623/625/617
f 563/564/557 622/624/616 623/625/617
f 590/593/585 584/587/580 623/625/617
f 584/587/580 624/626/618 623/625/617
f 584/587/580 565/566/559 624/626/618
f 563/564/557 623/625/617 564/565/558
f 624/626/618 564/565/558 623/625/617
f 567/568/561 624/626/618 565/566/559
f 567/568/561 564/565/558 624/626/618
f 605/605/597 611/612/604 617/619/611
f 607/609/601 617/619/611 616/618/610
f 607/609/601 605/605/597 617/619/611
f 583/585/578 578/582/575 580/580/573
f 611/612/604 605/605/597 585/589/582
f 585/589/582 602/604/596 611/612/604
f 625/629/621 626/628/620 627/627/619
f 628/632/624 629/631/623 630/630/622
f 625/629/621 631/633/625 626/628/620
f 631/633/625 625/629/621 632/634/626
f 633/635/627 552/551/544 551/552/545
f 634/638/630 635/637/629 636/636/628
f 637/639/631 634/638/630 636/636/628
f 215/215/213 637/639/631 636/636/628
f 215/215/213 214/216/214 637/639/631
f 634/638/630 637/639/631 638/640/632
f 637/639/631 214/216/214 626/628/620
f 626/628/620 214/216/214 502/502/495
f 627/627/619 626/628/620 502/502/495
f 551/552/545 568/569/562 639/641/633
f 640/643/634 641/642/271 639/641/633
f 502/502/495 642/644/635 627/627/619
f 631/633/625 637/639/631 626/628/620
f 637/639/631 631/633/625 638/640/632
f 643/647/638 644/646/637 645/645/636
f 632/634/626 643/647/638 631/633/625
f 633/635/627 641/642/271 646/648/639
f 635/637/629 646/648/639 641/642/271
f 633/635/627 551/552/545 641/642/271
f 639/641/633 641/642/271 551/552/545
f 640/643/634 215/215/213 636/636/628
f 224/224/222 215/215/213 640/643/634
f 635/637/629 640/643/634 636/636/628
f 631/633/625 643/647/638 645/645/636
f 647/649/640 643/647/638 632/634/626
f 639/641/633 224/224/222 640/643/634
f 630/630/622 647/649/640 632/634/626
f 568/569/562 224/224/222 639/641/633
f 640/643/634 635/637/629 641/642/271
f 647/649/640 644/646/637 643/647/638
f 647/649/640 648/650/641 644/646/637
f 634/638/630 646/648/639 635/637/629
f 552/551/544 633/635/627 645/645/636
f 645/645/636 633/635/627 646/648/639
f 645/645/636 634/638/630 638/640/632
f 634/638/630 645/645/636 646/648/639
f 645/645/636 555/555/548 552/551/544
f 645/645/636 644/646/637 555/555/548
f 648/650/641 555/555/548 644/646/637
f 638/640/632 631/633/625 645/645/636
f 616/618/610 555/555/548 648/650/641
f 648/650/641 647/649/640 649/651/642
f 616/618/610 648/650/641 649/651/642
f 628/632/624 630/630/622 632/634/626
f 650/652/643 522/523/516 515/516/509
f 628/632/624 632/634/626 625/629/621
f 629/631/623 628/632/624 651/653/644
f 625/629/621 651/653/644 628/632/624
f 515/516/509 651/653/644 650/652/643
f 642/644/635 650/652/643 652/654/645
f 642/644/635 522/523/516 650/652/643
f 642/644/635 502/502/495 522/523/516
f 651/653/644 652/654/645 650/652/643
f 651/653/644 625/629/621 652/654/645
f 625/629/621 642/644/635 652/654/645
f 625/629/621 627/627/619 642/644/635
f 515/516/509 653/655/646 651/653/644
f 654/656/647 653/655/646 515/516/509
f 651/653/644 653/655/646 654/656/647
f 629/631/623 651/653/644 654/656/647
f 654/656/647 655/657/648 629/631/623
f 548/549/542 654/656/647 515/516/509
f 654/656/647 548/549/542 655/657/648
f 655/657/648 548/549/542 656/658/649
f 630/630/622 657/659/650 647/649/640
f 616/618/610 649/651/642 658/660/651
f 657/659/650 649/651/642 647/649/640
f 659/663/654 660/662/653 661/661/652
f 659/663/654 661/661/652 662/664/655
f 661/661/652 660/662/653 663/665/656
f 659/663/654 527/526/519 660/662/653
f 664/666/657 527/526/519 659/663/654
f 581/584/577 665/668/659 666/667/658
f 666/667/658 580/580/573 581/584/577
f 527/526/519 667/669/660 525/528/521
f 666/667/658 668/671/662 669/670/661
f 580/580/573 666/667/658 582/586/579
f 666/667/658 669/670/661 582/586/579
f 659/663/654 662/664/655 664/666/657
f 670/673/664 669/670/661 671/672/663
f 669/670/661 670/673/664 582/586/579
f 672/674/665 670/673/664 671/672/663
f 664/666/657 662/664/655 673/675/666
f 673/675/666 662/664/655 661/661/652
f 671/672/663 669/670/661 661/661/652
f 671/672/663 661/661/652 672/674/665
f 660/662/653 527/526/519 535/536/529
f 674/676/667 663/665/656 660/662/653
f 674/676/667 660/662/653 535/536/529
f 668/671/662 673/675/666 661/661/652
f 664/666/657 673/675/666 667/669/660
f 664/666/657 667/669/660 527/526/519
f 525/528/521 667/669/660 547/548/541
f 667/669/660 656/658/649 547/548/541
f 667/669/660 675/677/668 656/658/649
f 676/678/669 667/669/660 673/675/666
f 675/677/668 676/678/669 656/658/649
f 667/669/660 676/678/669 675/677/668
f 663/665/656 672/674/665 661/661/652
f 670/673/664 672/674/665 663/665/656
f 670/673/664 663/665/656 674/676/667
f 669/670/661 668/671/662 661/661/652
f 666/667/658 665/668/659 668/671/662
f 581/584/577 677/583/576 665/668/659
f 668/671/662 676/678/669 673/675/666
f 668/671/662 665/668/659 676/678/669
f 676/678/669 665/668/659 655/657/648
f 547/548/541 656/658/649 548/549/542
f 678/679/670 677/583/576 607/609/601
f 677/583/576 678/679/670 679/680/671
f 676/678/669 655/657/648 656/658/649
f 680/681/672 679/680/671 678/679/670
f 678/679/670 607/609/601 658/660/651
f 616/618/610 658/660/651 607/609/601
f 678/679/670 657/659/650 680/681/672
f 658/660/651 649/651/642 678/679/670
f 678/679/670 649/651/642 657/659/650
f 679/680/671 665/668/659 677/583/576
f 665/668/659 679/680/671 655/657/648
f 679/680/671 680/681/672 629/631/623
f 679/680/671 629/631/623 655/657/648
f 680/681/672 630/630/622 629/631/623
f 657/659/650 630/630/622 680/681/672
f 558/559/552 566/567/560 681/682/673
f 682/685/676 683/684/675 684/683/674
f 832/688/679 685/687/678 686/686/677
f 566/567/560 588/592/584 687/689/680
f 696/692/683 688/691/682 689/690/681
f 682/685/676 685/687/678 832/688/679
f 832/688/679 683/684/675 682/685/676
f 690/693/684 683/684/675 832/688/679
f 691/695/686 692/694/685 588/592/584
f 693/696/687 689/690/681 688/691/682
f 694/697/688 685/687/678 682/685/676
f 695/698/689 685/687/678 694/697/688
f 696/692/683 690/693/684 832/688/679
f 688/691/682 696/692/683 832/688/679
f 696/692/683 697/699/690 690/693/684
f 686/686/677 685/687/678 695/698/689
f 698/701/692 697/699/690 699/700/691
f 684/683/674 683/684/675 690/693/684
f 700/702/693 686/686/677 695/698/689
f 698/701/692 682/685/676 684/683/674
f 701/705/696 702/704/695 703/703/694
f 702/704/695 698/701/692 699/700/691
f 704/706/697 702/704/695 699/700/691
f 702/704/695 705/707/698 698/701/692
f 702/704/695 701/705/696 706/708/699
f 706/708/699 705/707/698 702/704/695
f 701/705/696 703/703/694 707/709/700
f 703/703/694 708/710/701 707/709/700
f 702/704/695 704/706/697 703/703/694
f 704/706/697 708/710/701 703/703/694
f 708/710/701 704/706/697 709/711/702
f 710/712/703 708/710/701 709/711/702
f 701/705/696 707/709/700 711/713/704
f 706/708/699 701/705/696 711/713/704
f 711/713/704 712/714/626 706/708/699
f 713/715/705 711/713/704 707/709/700
f 712/714/626 705/707/698 706/708/699
f 707/709/700 708/710/701 713/715/705
f 714/716/706 713/715/705 708/710/701
f 712/714/626 711/713/704 713/715/705
f 717/717/707 712/714/626 713/715/705
f 708/710/701 710/712/703 714/716/706
f 717/717/707 714/716/706 710/712/703
f 710/712/703 715/718/708 717/717/707
f 716/720/70 717/717/707 718/719/709
f 716/720/70 719/721/710 717/717/707
f 713/715/705 714/716/706 717/717/707
f 718/719/709 717/717/707 715/718/708
f 720/722/711 718/719/709 715/718/708
f 715/718/708 721/723/712 720/722/711
f 720/722/711 722/724/713 718/719/709
f 716/720/70 718/719/709 722/724/713
f 720/722/711 723/725/714 722/724/713
f 682/685/676 698/701/692 705/707/698
f 682/685/676 705/707/698 694/697/688
f 705/707/698 712/714/626 724/726/715
f 705/707/698 724/726/715 694/697/688
f 694/697/688 724/726/715 725/727/716
f 724/726/715 712/714/626 726/728/717
f 712/714/626 717/717/707 727/729/718
f 712/714/626 727/729/718 726/728/717
f 724/726/715 726/728/717 725/727/716
f 727/729/718 737/731/720 728/730/719
f 728/730/719 726/728/717 727/729/718
f 695/698/689 694/697/688 729/732/721
f 729/732/721 694/697/688 725/727/716
f 729/732/721 730/733/722 695/698/689
f 730/733/722 731/734/723 695/698/689
f 690/693/684 697/699/690 684/683/674
f 695/698/689 731/734/723 700/702/693
f 726/728/717 729/732/721 725/727/716
f 697/699/690 698/701/692 684/683/674
f 687/689/680 732/735/724 566/567/560
f 733/736/725 566/567/560 732/735/724
f 734/738/727 681/682/673 735/737/726
f 735/737/726 739/739/728 734/738/727
f 733/736/725 735/737/726 681/682/673
f 729/732/721 726/728/717 736/740/729
f 566/567/560 733/736/725 681/682/673
f 735/737/726 733/736/725 732/735/724
f 687/689/680 588/592/584 692/694/685
f 732/735/724 687/689/680 692/694/685
f 736/740/729 732/735/724 692/694/685
f 728/730/719 736/740/729 726/728/717
f 736/740/729 692/694/685 730/733/722
f 728/730/719 737/731/720 736/740/729
f 735/737/726 732/735/724 736/740/729
f 730/733/722 729/732/721 736/740/729
f 692/694/685 691/695/686 730/733/722
f 688/691/682 832/688/679 693/696/687
f 738/741/730 727/729/718 717/717/707
f 717/717/707 719/721/710 738/741/730
f 719/721/710 716/720/70 738/741/730
f 738/741/730 716/720/70 739/739/728
f 739/739/728 727/729/718 738/741/730
f 727/729/718 739/739/728 737/731/720
f 716/720/70 722/724/713 739/739/728
f 722/724/713 723/725/714 739/739/728
f 734/738/727 739/739/728 723/725/714
f 740/742/731 681/682/673 734/738/727
f 740/742/731 734/738/727 723/725/714
f 739/739/728 735/737/726 737/731/720
f 735/737/726 736/740/729 737/731/720
f 368/370/365 741/743/732 408/409/403
f 742/745/734 743/744/733 741/743/732
f 741/743/732 368/370/365 742/745/734
f 744/747/736 742/745/734 745/746/735
f 746/748/737 742/745/734 744/747/736
f 745/746/735 742/745/734 368/370/365
f 747/749/738 745/746/735 368/370/365
f 744/747/736 745/746/735 747/749/738
f 756/750/739 747/749/738 368/370/365
f 748/752/741 749/751/740 743/744/733
f 748/752/741 743/744/733 742/745/734
f 748/752/741 750/754/743 751/753/742
f 742/745/734 752/755/744 748/752/741
f 746/748/737 752/755/744 742/745/734
f 750/754/743 748/752/741 752/755/744
f 753/757/746 754/756/745 751/753/742
f 753/757/746 751/753/742 750/754/743
f 744/747/736 747/749/738 752/755/744
f 746/748/737 744/747/736 752/755/744
f 747/749/738 750/754/743 752/755/744
f 755/758/747 750/754/743 747/749/738
f 756/750/739 368/370/365 407/407/401
f 756/750/739 407/407/401 757/759/748
f 763/424/417 674/676/667 425/427/420
f 535/536/529 425/427/420 674/676/667
f 756/750/739 755/758/747 747/749/738
f 756/750/739 757/759/748 755/758/747
f 674/676/667 760/761/750 758/760/749
f 757/759/748 407/407/401 404/406/400
f 757/759/748 404/406/400 759/762/751
f 763/424/417 760/761/750 674/676/667
f 833/764/753 754/756/745 761/763/752
f 833/764/753 762/765/754 754/756/745
f 760/761/750 763/424/417 764/766/755
f 765/767/756 760/761/750 764/766/755
f 765/767/756 758/760/749 760/761/750
f 762/765/754 758/760/749 765/767/756
f 766/768/757 754/756/745 753/757/746
f 766/768/757 761/763/752 754/756/745
f 741/743/732 751/753/742 408/409/403
f 763/424/417 767/769/758 764/766/755
f 767/769/758 765/767/756 764/766/755
f 767/769/758 768/770/759 765/767/756
f 767/769/758 763/424/417 408/409/403
f 768/770/759 767/769/758 408/409/403
f 762/765/754 765/767/756 768/770/759
f 757/759/748 769/771/760 753/757/746
f 757/759/748 753/757/746 755/758/747
f 768/770/759 754/756/745 762/765/754
f 751/753/742 768/770/759 408/409/403
f 741/743/732 749/751/740 751/753/742
f 748/752/741 751/753/742 749/751/740
f 754/756/745 768/770/759 751/753/742
f 743/744/733 749/751/740 741/743/732
f 755/758/747 753/757/746 750/754/743
f 766/768/757 753/757/746 769/771/760
f 772/774/762 770/773/761 771/772/154
f 771/772/154 770/773/761 761/763/752
f 771/772/154 761/763/752 766/768/757
f 773/775/763 772/774/762 771/772/154
f 774/776/764 771/772/154 766/768/757
f 774/776/764 775/777/765 771/772/154
f 775/777/765 776/778/766 773/775/763
f 775/777/765 773/775/763 771/772/154
f 757/759/748 777/779/767 769/771/760
f 778/780/768 777/779/767 757/759/748
f 766/768/757 777/779/767 774/776/764
f 777/779/767 775/777/765 774/776/764
f 777/779/767 778/780/768 779/781/769
f 777/779/767 780/782/770 775/777/765
f 779/781/769 780/782/770 777/779/767
f 777/779/767 766/768/757 769/771/760
f 781/783/771 778/780/768 757/759/748
f 781/783/771 757/759/748 782/784/772
f 779/781/769 778/780/768 781/783/771
f 757/759/748 783/785/773 782/784/772
f 782/784/772 779/781/769 781/783/771
f 784/786/774 779/781/769 782/784/772
f 779/781/769 784/786/774 780/782/770
f 775/777/765 780/782/770 784/786/774
f 785/787/775 775/777/765 784/786/774
f 776/778/766 775/777/765 785/787/775
f 783/785/773 757/759/748 759/762/751
f 787/789/777 786/788/776 773/775/763
f 786/788/776 787/789/777 788/790/778
f 787/789/777 789/791/779 788/790/778
f 790/792/780 789/791/779 787/789/777
f 792/794/782 791/793/781 772/774/762
f 772/774/762 791/793/781 761/763/752
f 761/763/752 770/773/761 772/774/762
f 772/774/762 786/788/776 792/794/782
f 786/788/776 793/795/783 792/794/782
f 772/774/762 773/775/763 786/788/776
f 773/775/763 794/796/784 787/789/777
f 794/796/784 773/775/763 776/778/766
f 786/788/776 788/790/778 795/797/785
f 789/791/779 795/797/785 788/790/778
f 796/798/786 789/791/779 790/792/780
f 796/798/786 797/799/787 789/791/779
f 790/792/780 787/789/777 794/796/784
f 798/800/788 797/799/787 796/798/786
f 799/801/789 796/798/786 790/792/780
f 799/801/789 790/792/780 794/796/784
f 797/799/787 798/800/788 800/802/790
f 830/804/792 800/802/790 801/803/791
f 800/802/790 830/804/792 797/799/787
f 801/803/791 800/802/790 798/800/788
f 796/798/786 799/801/789 798/800/788
f 793/795/783 786/788/776 795/797/785
f 802/807/795 803/806/794 804/805/793
f 802/807/795 804/805/793 805/808/796
f 804/805/793 815/809/797 805/808/796
f 804/805/793 582/586/579 806/810/798
f 807/812/800 804/805/793 808/811/799
f 807/812/800 582/586/579 804/805/793
f 809/813/801 700/702/693 731/734/723
f 814/816/804 810/815/803 811/814/802
f 700/702/693 809/813/801 811/814/802
f 670/673/664 806/810/798 582/586/579
f 812/817/805 582/586/579 807/812/800
f 812/817/805 583/585/578 582/586/579
f 805/808/796 811/814/802 820/818/806
f 813/819/807 810/815/803 814/816/804
f 816/820/808 691/695/686 587/590/300
f 814/816/804 817/821/809 813/819/807
f 691/695/686 588/592/584 587/590/300
f 587/590/300 819/822/28 816/820/808
f 819/822/28 583/585/578 812/817/805
f 819/822/28 587/590/300 583/585/578
f 817/821/809 814/816/804 815/809/797
f 815/809/797 814/816/804 811/814/802
f 811/814/802 805/808/796 815/809/797
f 815/809/797 804/805/793 806/810/798
f 817/821/809 815/809/797 806/810/798
f 806/810/798 670/673/664 817/821/809
f 818/823/810 819/822/28 808/811/799
f 808/811/799 812/817/805 807/812/800
f 808/811/799 819/822/28 812/817/805
f 819/822/28 818/823/810 816/820/808
f 816/820/808 818/823/810 731/734/723
f 691/695/686 816/820/808 730/733/722
f 731/734/723 730/733/722 816/820/808
f 803/806/794 808/811/799 804/805/793
f 808/811/799 803/806/794 818/823/810
f 803/806/794 820/818/806 818/823/810
f 802/807/795 805/808/796 803/806/794
f 803/806/794 805/808/796 820/818/806
f 818/823/810 809/813/801 731/734/723
f 809/813/801 818/823/810 820/818/806
f 820/818/806 811/814/802 809/813/801
f 817/821/809 670/673/664 758/760/749
f 758/760/749 670/673/664 674/676/667
f 821/826/813 822/825/812 823/824/811
f 824/829/816 825/828/815 826/827/814
f 762/765/754 817/821/809 758/760/749
f 822/825/812 795/797/785 826/827/814
f 825/828/815 824/829/816 827/830/817
f 823/824/811 828/832/819 829/831/818
f 829/831/818 821/826/813 823/824/811
f 830/804/792 689/690/681 824/829/816
f 689/690/681 827/830/817 824/829/816
f 689/690/681 693/696/687 827/830/817
f 831/833/820 832/688/679 686/686/677
f 832/688/679 831/833/820 828/832/819
f 833/764/753 813/819/807 817/821/809
f 793/795/783 834/835/822 835/834/821
f 834/835/822 828/832/819 831/833/820
f 834/835/822 831/833/820 835/834/821
f 836/836/823 810/815/803 813/819/807
f 835/834/821 831/833/820 686/686/677
f 838/837/824 793/795/783 835/834/821
f 837/839/826 835/834/821 839/838/825
f 835/834/821 686/686/677 839/838/825
f 839/838/825 686/686/677 700/702/693
f 839/838/825 811/814/802 837/839/826
f 834/835/822 793/795/783 795/797/785
f 839/838/825 700/702/693 811/814/802
f 840/840/827 837/839/826 811/814/802
f 811/814/802 810/815/803 840/840/827
f 837/839/826 838/837/824 835/834/821
f 837/839/826 840/840/827 838/837/824
f 833/764/753 817/821/809 762/765/754
f 836/836/823 833/764/753 761/763/752
f 761/763/752 791/793/781 836/836/823
f 833/764/753 836/836/823 813/819/807
f 836/836/823 840/840/827 810/815/803
f 791/793/781 840/840/827 836/836/823
f 792/794/782 840/840/827 791/793/781
f 838/837/824 840/840/827 792/794/782
f 792/794/782 793/795/783 838/837/824
f 789/791/779 826/827/814 795/797/785
f 841/841/828 834/835/822 795/797/785
f 822/825/812 841/841/828 795/797/785
f 797/799/787 845/842/829 789/791/779
f 842/826/813 843/841/828 844/825/812
f 834/835/822 829/831/818 828/832/819
f 824/829/816 826/827/814 845/842/829
f 845/842/829 826/827/814 789/791/779
f 693/696/687 823/824/811 825/828/815
f 829/831/818 834/835/822 841/841/828
f 827/830/817 693/696/687 825/828/815
f 821/826/813 829/831/818 841/841/828
f 830/804/792 824/829/816 845/842/829
f 830/804/792 845/842/829 797/799/787
f 823/824/811 822/825/812 826/827/814
f 826/827/814 825/828/815 823/824/811
f 823/824/811 832/688/679 828/832/819
f 823/824/811 693/696/687 832/688/679
f 846/845/832 847/844/831 848/843/830
f 848/843/830 847/844/831 849/846/833
f 848/843/830 849/846/833 850/847/834
f 851/849/836 849/846/833 852/848/835
f 849/846/833 851/849/836 853/850/837
f 849/846/833 847/844/831 852/848/835
f 854/853/840 855/852/839 856/851/838
f 857/855/842 858/854/841 854/853/840
f 180/180/179 854/853/840 858/854/841
f 854/853/840 859/856/843 855/852/839
f 854/853/840 860/857/844 859/856/843
f 854/853/840 180/180/179 860/857/844
f 166/164/163 860/857/844 180/180/179
f 861/858/845 858/854/841 857/855/842
f 188/187/186 858/854/841 861/858/845
f 862/859/846 188/187/186 861/858/845
f 858/854/841 188/187/186 186/186/185
f 858/854/841 186/186/185 180/180/179
f 863/861/848 864/860/847 853/850/837
f 864/860/847 863/861/848 865/862/849
f 866/863/850 864/860/847 865/862/849
f 867/865/852 868/864/851 864/860/847
f 862/859/846 850/847/834 869/866/853
f 869/866/853 850/847/834 867/865/852
f 867/865/852 850/847/834 868/864/851
f 870/867/854 864/860/847 866/863/850
f 871/870/857 872/869/856 873/868/855
f 870/867/854 867/865/852 864/860/847
f 867/865/852 870/867/854 869/866/853
f 855/852/839 875/872/859 874/871/858
f 868/864/851 853/850/837 864/860/847
f 876/873/860 853/850/837 868/864/851
f 868/864/851 850/847/834 876/873/860
f 876/873/860 849/846/833 853/850/837
f 876/873/860 850/847/834 849/846/833
f 869/866/853 188/187/186 862/859/846
f 855/852/839 874/871/858 856/851/838
f 875/872/859 877/874/861 874/871/858
f 874/871/858 877/874/861 872/869/856
f 874/871/858 872/869/856 856/851/838
f 878/877/864 879/876/863 880/875/862
f 881/879/866 879/876/863 882/878/865
f 882/878/865 883/880/867 881/879/866
f 884/882/869 885/881/868 883/880/867
f 884/882/869 883/880/867 882/878/865
f 882/878/865 877/874/861 886/883/870
f 882/878/865 886/883/870 884/882/869
f 886/883/870 887/884/871 884/882/869
f 888/886/873 889/885/872 886/883/870
f 889/885/872 169/169/168 886/883/870
f 889/885/872 166/164/163 169/169/168
f 875/872/859 890/887/874 888/886/873
f 890/887/874 875/872/859 855/852/839
f 890/887/874 889/885/872 888/886/873
f 890/887/874 855/852/839 859/856/843
f 890/887/874 859/856/843 889/885/872
f 889/885/872 859/856/843 166/164/163
f 859/856/843 860/857/844 166/164/163
f 884/882/869 887/884/871 885/881/868
f 887/884/871 169/169/168 885/881/868
f 886/883/870 169/169/168 887/884/871
f 891/888/687 872/869/856 877/874/861
f 877/874/861 875/872/859 886/883/870
f 875/872/859 888/886/873 886/883/870
f 862/859/846 848/843/830 850/847/834
f 846/845/832 862/859/846 861/858/845
f 861/858/845 857/855/842 846/845/832
f 862/859/846 846/845/832 848/843/830
f 853/850/837 851/849/836 863/861/848
f 863/861/848 851/849/836 892/889/875
f 856/851/838 857/855/842 854/853/840
f 852/848/835 847/844/831 846/845/832
f 879/876/863 877/874/861 882/878/865
f 877/874/861 879/876/863 891/888/687
f 879/876/863 878/877/864 891/888/687
f 885/881/868 169/169/168 177/177/176
f 177/177/176 181/181/180 885/881/868
f 852/848/835 856/851/838 872/869/856
f 846/845/832 856/851/838 852/848/835
f 846/845/832 857/855/842 856/851/838
f 892/889/875 851/849/836 852/848/835
f 872/869/856 871/870/857 852/848/835
f 871/870/857 892/889/875 852/848/835
f 885/881/868 181/181/180 893/890/876
f 885/881/868 893/890/876 894/891/877
f 885/881/868 894/891/877 883/880/867
f 881/879/866 883/880/867 894/891/877
f 895/892/878 891/888/687 878/877/864
f 880/875/862 895/892/878 878/877/864
f 896/894/880 873/868/855 897/893/879
f 873/868/855 872/869/856 891/888/687
f 898/895/881 873/868/855 891/888/687
f 899/897/883 900/896/882 897/893/879
f 873/868/855 898/895/881 897/893/879
f 899/897/883 897/893/879 898/895/881
f 901/898/884 897/893/879 900/896/882
f 900/896/882 902/899/885 901/898/884
f 891/888/687 895/892/878 898/895/881
f 903/900/886 866/863/850 865/862/849
f 904/901/887 903/900/886 865/862/849
f 899/897/883 905/902/888 900/896/882
f 904/901/887 865/862/849 863/861/848
f 903/900/886 904/901/887 933/903/889
f 905/902/888 902/899/885 900/896/882
f 899/897/883 906/904/890 905/902/888
f 905/902/888 906/904/890 907/905/891
f 901/898/884 896/894/880 897/893/879
f 901/898/884 902/899/885 896/894/880
f 896/894/880 902/899/885 908/906/892
f 896/894/880 871/870/857 873/868/855
f 896/894/880 892/889/875 871/870/857
f 905/902/888 907/905/891 902/899/885
f 902/899/885 907/905/891 908/906/892
f 907/905/891 933/903/889 904/901/887
f 892/889/875 904/901/887 863/861/848
f 896/894/880 908/906/892 904/901/887
f 908/906/892 907/905/891 904/901/887
f 892/889/875 896/894/880 904/901/887
f 909/909/895 910/908/894 911/907/893
f 912/912/898 913/911/897 914/910/896
f 915/913/899 914/910/896 913/911/897
f 915/913/899 916/914/900 914/910/896
f 915/913/899 913/911/897 917/915/901
f 918/917/903 914/910/896 926/916/902
f 911/907/893 919/919/905 920/918/904
f 914/910/896 916/914/900 921/920/906
f 921/920/906 926/916/902 914/910/896
f 915/913/899 917/915/901 922/921/907
f 916/914/900 915/913/899 923/922/908
f 915/913/899 922/921/907 923/922/908
f 924/923/909 921/920/906 916/914/900
f 921/920/906 924/923/909 925/924/910
f 925/924/910 926/916/902 921/920/906
f 923/922/908 924/923/909 916/914/900
f 925/924/910 924/923/909 923/922/908
f 919/919/905 922/921/907 917/915/901
f 918/917/903 926/916/902 927/925/911
f 964/926/279 927/925/911 926/916/902
f 929/928/913 920/918/904 928/927/912
f 930/931/915 931/930/515 932/929/914
f 931/930/515 934/932/916 933/903/889
f 931/930/515 930/931/915 935/933/917
f 931/930/515 935/933/917 934/932/916
f 931/930/515 933/903/889 932/929/914
f 930/931/915 936/934/918 935/933/917
f 937/935/919 935/933/917 936/934/918
f 934/932/916 938/936/920 933/903/889
f 935/933/917 938/936/920 934/932/916
f 903/900/886 933/903/889 938/936/920
f 938/936/920 939/937/921 903/900/886
f 198/199/198 940/938/922 140/139/138
f 941/939/923 940/938/922 198/199/198
f 940/938/922 941/939/923 942/940/924
f 195/195/194 941/939/923 198/199/198
f 195/195/194 942/940/924 941/939/923
f 943/943/927 944/942/926 945/941/925
f 943/943/927 945/941/925 946/944/928
f 946/944/928 925/924/910 943/943/927
f 947/947/931 948/946/930 949/945/929
f 950/948/932 938/936/920 935/933/917
f 950/948/932 939/937/921 938/936/920
f 935/933/917 951/949/933 950/948/932
f 930/931/915 952/950/934 936/934/918
f 950/948/932 866/863/850 939/937/921
f 903/900/886 939/937/921 866/863/850
f 950/948/932 953/951/935 866/863/850
f 951/949/933 953/951/935 950/948/932
f 954/952/936 911/907/893 910/908/894
f 954/952/936 919/919/905 911/907/893
f 919/919/905 928/927/912 920/918/904
f 928/927/912 919/919/905 955/953/937
f 956/954/938 955/953/937 919/919/905
f 956/954/938 919/919/905 917/915/901
f 957/955/939 956/954/938 917/915/901
f 944/942/926 949/945/929 948/946/930
f 944/942/926 958/956/940 949/945/929
f 959/957/941 947/947/931 949/945/929
f 909/909/895 959/957/941 910/908/894
f 949/945/929 910/908/894 959/957/941
f 944/942/926 943/943/927 923/922/908
f 944/942/926 923/922/908 958/956/940
f 929/928/913 960/959/943 961/958/942
f 962/960/944 912/912/898 914/910/896
f 929/928/913 928/927/912 955/953/937
f 925/924/910 923/922/908 943/943/927
f 958/956/940 910/908/894 949/945/929
f 954/952/936 958/956/940 922/921/907
f 922/921/907 958/956/940 923/922/908
f 910/908/894 958/956/940 954/952/936
f 919/919/905 954/952/936 922/921/907
f 960/959/943 929/928/913 955/953/937
f 946/944/928 940/938/922 963/961/945
f 963/961/945 925/924/910 946/944/928
f 963/961/945 940/938/922 942/940/924
f 926/916/902 925/924/910 963/961/945
f 964/926/279 963/961/945 942/940/924
f 964/926/279 942/940/924 195/195/194
f 926/916/902 963/961/945 964/926/279
f 955/953/937 956/954/938 965/962/946
f 960/959/943 955/953/937 965/962/946
f 957/955/939 917/915/901 913/911/897
f 913/911/897 966/963/947 957/955/939
f 960/959/943 937/935/919 961/958/942
f 951/949/933 937/935/919 965/962/946
f 956/954/938 957/955/939 951/949/933
f 913/911/897 953/951/935 966/963/947
f 953/951/935 951/949/933 966/963/947
f 957/955/939 966/963/947 951/949/933
f 956/954/938 951/949/933 965/962/946
f 937/935/919 960/959/943 965/962/946
f 937/935/919 951/949/933 935/933/917
f 961/958/942 937/935/919 967/964/948
f 937/935/919 936/934/918 967/964/948
f 927/925/911 964/926/279 195/195/194
f 191/191/190 927/925/911 195/195/194
f 191/191/190 968/965/949 927/925/911
f 927/925/911 968/965/949 969/966/950
f 969/966/950 970/967/951 927/925/911
f 968/965/949 971/968/952 969/966/950
f 969/966/950 869/866/853 970/967/951
f 927/925/911 970/967/951 918/917/903
f 962/960/944 918/917/903 970/967/951
f 191/191/190 971/968/952 968/965/949
f 971/968/952 869/866/853 969/966/950
f 188/187/186 971/968/952 191/191/190
f 869/866/853 971/968/952 188/187/186
f 912/912/898 962/960/944 970/967/951
f 962/960/944 914/910/896 918/917/903
f 970/967/951 869/866/853 870/867/854
f 912/912/898 970/967/951 870/867/854
f 953/951/935 913/911/897 870/867/854
f 912/912/898 870/867/854 913/911/897
f 866/863/850 953/951/935 870/867/854
f 972/971/955 973/970/954 974/969/953
f 595/598/590 1020/972/956 594/595/587
f 975/974/958 973/970/954 976/973/957
f 977/977/961 978/976/960 979/975/959
f 980/979/963 979/975/959 981/978/962
f 977/977/961 979/975/959 980/979/963
f 980/979/963 1020/972/956 595/598/590
f 595/598/590 977/977/961 980/979/963
f 978/976/960 977/977/961 595/598/590
f 978/976/960 982/980/964 979/975/959
f 979/975/959 982/980/964 983/981/965
f 981/978/962 979/975/959 983/981/965
f 983/981/965 982/980/964 984/982/966
f 984/982/966 982/980/964 574/575/568
f 574/575/568 982/980/964 978/976/960
f 574/575/568 978/976/960 595/598/590
f 985/985/969 986/984/968 987/983/967
f 986/984/968 985/985/969 988/986/970
f 988/986/970 989/987/971 986/984/968
f 990/989/973 991/988/972 988/986/970
f 991/988/972 992/990/974 988/986/970
f 987/983/967 993/991/975 985/985/969
f 988/986/970 992/990/974 989/987/971
f 991/988/972 994/992/976 992/990/974
f 995/993/977 989/987/971 992/990/974
f 995/993/977 992/990/974 994/992/976
f 991/988/972 984/982/966 994/992/976
f 976/973/957 985/985/969 993/991/975
f 573/574/567 984/982/966 574/575/568
f 996/994/978 989/987/971 995/993/977
f 994/992/976 996/994/978 995/993/977
f 972/971/955 974/969/953 997/995/979
f 987/983/967 998/996/980 993/991/975
f 975/974/958 976/973/957 993/991/975
f 999/997/981 975/974/958 993/991/975
f 997/995/979 974/969/953 1000/998/982
f 972/971/955 1001/999/983 976/973/957
f 972/971/955 997/995/979 1001/999/983
f 988/986/970 985/985/969 1002/1000/984
f 976/973/957 1002/1000/984 985/985/969
f 993/991/975 998/996/980 999/997/981
f 994/992/976 984/982/966 573/574/567
f 906/904/890 998/996/980 1102/1001/985
f 996/994/978 994/992/976 573/574/567
f 899/897/883 999/997/981 906/904/890
f 573/574/567 559/558/551 996/994/978
f 999/997/981 998/996/980 906/904/890
f 976/973/957 1001/999/983 1002/1000/984
f 980/979/963 1000/998/982 1020/972/956
f 997/995/979 1000/998/982 981/978/962
f 981/978/962 1000/998/982 980/979/963
f 1002/1000/984 990/989/973 988/986/970
f 1001/999/983 997/995/979 1002/1000/984
f 990/989/973 1002/1000/984 997/995/979
f 990/989/973 997/995/979 983/981/965
f 983/981/965 997/995/979 981/978/962
f 999/997/981 1003/1002/986 975/974/958
f 975/974/958 1003/1002/986 895/892/878
f 990/989/973 983/981/965 991/988/972
f 973/970/954 972/971/955 976/973/957
f 1003/1002/986 898/895/881 895/892/878
f 991/988/972 983/981/965 984/982/966
f 1003/1002/986 999/997/981 898/895/881
f 999/997/981 899/897/883 898/895/881
f 1004/1004/988 1005/1003/987 893/890/876
f 1006/1006/990 1005/1003/987 1007/1005/989
f 1007/1005/989 1005/1003/987 1004/1004/988
f 1007/1005/989 1004/1004/988 1008/1007/991
f 570/571/564 1009/1008/992 1007/1005/989
f 1005/1003/987 894/891/877 893/890/876
f 894/891/877 1010/1009/993 881/879/866
f 1010/1009/993 894/891/877 1006/1006/990
f 1005/1003/987 1006/1006/990 894/891/877
f 224/224/222 1008/1007/991 203/203/202
f 975/974/958 895/892/878 880/875/862
f 1011/1011/995 1012/1010/994 571/572/565
f 1012/1010/994 1009/1008/992 570/571/564
f 1013/1013/997 1014/1012/996 975/974/958
f 1012/1010/994 1011/1011/995 1009/1008/992
f 1015/1015/999 1011/1011/995 1016/1014/998
f 1006/1006/990 1009/1008/992 1011/1011/995
f 1009/1008/992 1006/1006/990 1007/1005/989
f 224/224/222 568/569/562 1008/1007/991
f 570/571/564 571/572/565 1012/1010/994
f 1008/1007/991 568/569/562 1007/1005/989
f 973/970/954 975/974/958 1014/1012/996
f 1013/1013/997 973/970/954 1014/1012/996
f 568/569/562 570/571/564 1007/1005/989
f 1015/1015/999 1017/1016/1000 1006/1006/990
f 1011/1011/995 1015/1015/999 1006/1006/990
f 1018/1018/1002 880/875/862 1019/1017/1001
f 1018/1018/1002 1019/1017/1001 1006/1006/990
f 880/875/862 879/876/863 1019/1017/1001
f 1006/1006/990 1019/1017/1001 1010/1009/993
f 881/879/866 1010/1009/993 1019/1017/1001
f 881/879/866 1019/1017/1001 879/876/863
f 203/203/202 1008/1007/991 1004/1004/988
f 203/203/202 1004/1004/988 204/202/201
f 1004/1004/988 181/181/180 204/202/201
f 181/181/180 1004/1004/988 893/890/876
f 975/974/958 880/875/862 1018/1018/1002
f 1018/1018/1002 1013/1013/997 975/974/958
f 1017/1016/1000 1018/1018/1002 1006/1006/990
f 973/970/954 1021/1019/1003 974/969/953
f 1016/1014/998 1011/1011/995 571/572/565
f 1013/1013/997 1018/1018/1002 1022/1020/1004
f 575/578/571 1018/1018/1002 1017/1016/1000
f 575/578/571 1022/1020/1004 1018/1018/1002
f 1013/1013/997 1022/1020/1004 1021/1019/1003
f 1023/1021/1005 1021/1019/1003 1022/1020/1004
f 973/970/954 1013/1013/997 1021/1019/1003
f 1024/1022/1006 1021/1019/1003 1023/1021/1005
f 1023/1021/1005 1022/1020/1004 575/578/571
f 1000/998/982 1021/1019/1003 1024/1022/1006
f 1024/1022/1006 1023/1021/1005 575/578/571
f 575/578/571 1017/1016/1000 1015/1015/999
f 1015/1015/999 1016/1014/998 575/578/571
f 571/572/565 575/578/571 1016/1014/998
f 1000/998/982 1024/1022/1006 601/576/569
f 1020/972/956 1000/998/982 601/576/569
f 575/578/571 601/576/569 1024/1022/1006
f 594/595/587 1020/972/956 601/576/569
f 1000/998/982 974/969/953 1021/1019/1003
f 986/984/968 1025/1024/1008 1026/1023/1007
f 1025/1024/1008 986/984/968 989/987/971
f 1026/1023/1007 1025/1024/1008 1027/1025/1009
f 1027/1025/1009 1028/1026/1010 1026/1023/1007
f 1027/1025/1009 1025/1024/1008 989/987/971
f 1027/1025/1009 1029/1027/1011 1028/1026/1010
f 1028/1026/1010 1029/1027/1011 1030/1028/777
f 1030/1028/777 1099/1029/1012 1028/1026/1010
f 1031/1032/1015 1032/1031/1014 1033/1030/1013
f 559/558/551 1032/1031/1014 996/994/978
f 1037/1034/1017 1027/1025/1009 1034/1033/1016
f 996/994/978 1027/1025/1009 989/987/971
f 996/994/978 1034/1033/1016 1027/1025/1009
f 996/994/978 1032/1031/1014 1034/1033/1016
f 1033/1030/1013 1035/1036/1019 1036/1035/1018
f 1032/1031/1014 1035/1036/1019 1033/1030/1013
f 559/558/551 1035/1036/1019 1032/1031/1014
f 1035/1036/1019 559/558/551 1036/1035/1018
f 1031/1032/1015 1034/1033/1016 1032/1031/1014
f 1027/1025/1009 1037/1034/1017 1029/1027/1011
f 1041/1037/1020 1037/1034/1017 1034/1033/1016
f 1030/1028/777 1029/1027/1011 1037/1034/1017
f 1039/1039/698 1099/1029/1012 1038/1038/1021
f 1099/1029/1012 1030/1028/777 1038/1038/1021
f 1040/1040/1022 1030/1028/777 1037/1034/1017
f 1043/1041/1023 1040/1040/1022 1037/1034/1017
f 1040/1040/1022 1038/1038/1021 1030/1028/777
f 1041/1037/1020 1043/1041/1023 1037/1034/1017
f 1042/1042/1024 1043/1041/1023 1041/1037/1020
f 1043/1041/1023 1044/1044/584 1048/1043/1025
f 1033/1030/1013 1036/1035/1018 559/558/551
f 558/559/552 1033/1030/1013 559/558/551
f 1042/1042/1024 1033/1030/1013 558/559/552
f 1031/1032/1015 1033/1030/1013 1042/1042/1024
f 681/682/673 1042/1042/1024 558/559/552
f 1031/1032/1015 1042/1042/1024 1041/1037/1020
f 1045/1046/1026 1046/1045/180 1044/1044/584
f 1042/1042/1024 1047/1047/1027 1043/1041/1023
f 1042/1042/1024 681/682/673 1047/1047/1027
f 1048/1043/1025 1044/1044/584 1046/1045/180
f 1044/1044/584 1043/1041/1023 1047/1047/1027
f 1045/1046/1026 1044/1044/584 1047/1047/1027
f 1038/1038/1021 1040/1040/1022 1049/1048/749
f 1039/1039/698 1038/1038/1021 1050/1049/1028
f 1031/1032/1015 1041/1037/1020 1034/1033/1016
f 1050/1049/1028 1038/1038/1021 1049/1048/749
f 1048/1043/1025 1049/1048/749 1040/1040/1022
f 1043/1041/1023 1048/1043/1025 1040/1040/1022
f 1051/1052/1031 1052/1051/1030 1053/1050/1029
f 1054/1055/1034 1055/1054/1033 1056/1053/1032
f 1056/1053/1032 1055/1054/1033 1051/1052/1031
f 1052/1051/1030 1051/1052/1031 1057/1056/1035
f 1051/1052/1031 1055/1054/1033 1057/1056/1035
f 1057/1056/1035 1058/1057/1036 1052/1051/1030
f 1053/1050/1029 1048/1043/1025 1046/1045/180
f 1053/1050/1029 1052/1051/1030 1048/1043/1025
f 1052/1051/1030 1049/1048/749 1048/1043/1025
f 1059/1060/1039 1061/1059/1038 1060/1058/1037
f 1056/1053/1032 1051/1052/1031 1053/1050/1029
f 1056/1053/1032 1053/1050/1029 1061/1059/1038
f 1056/1053/1032 1061/1059/1038 1059/1060/1039
f 1050/1049/1028 1062/1062/1041 1063/1061/1040
f 1064/1063/1042 1063/1061/1040 1062/1062/1041
f 1064/1063/1042 1065/1064/1043 1063/1061/1040
f 1052/1051/1030 1062/1062/1041 1049/1048/749
f 1058/1057/1036 1064/1063/1042 1062/1062/1041
f 1052/1051/1030 1058/1057/1036 1062/1062/1041
f 1062/1062/1041 1050/1049/1028 1049/1048/749
f 1061/1059/1038 1053/1050/1029 1046/1045/180
f 1054/1055/1034 1056/1053/1032 1059/1060/1039
f 1066/1065/1044 723/725/714 1045/1046/1026
f 1066/1065/1044 740/742/731 723/725/714
f 740/742/731 1066/1065/1044 681/682/673
f 1066/1065/1044 1047/1047/1027 681/682/673
f 1054/1055/1034 1059/1060/1039 1067/1066/1045
f 1066/1065/1044 1045/1046/1026 1047/1047/1027
f 1068/1067/1046 720/722/711 721/723/712
f 1068/1067/1046 1073/1068/1047 720/722/711
f 1069/1070/292 1070/1069/1048 1045/1046/1026
f 1070/1069/1048 1046/1045/180 1045/1046/1026
f 1071/1071/1049 1046/1045/180 1070/1069/1048
f 1045/1046/1026 723/725/714 1072/1072/1050
f 720/722/711 1072/1072/1050 723/725/714
f 1069/1070/292 1045/1046/1026 1072/1072/1050
f 1069/1070/292 1072/1072/1050 1073/1068/1047
f 1072/1072/1050 720/722/711 1073/1068/1047
f 1073/1068/1047 1070/1069/1048 1069/1070/292
f 1060/1058/1037 1061/1059/1038 1046/1045/180
f 1060/1058/1037 1046/1045/180 1071/1071/1049
f 1070/1069/1048 1075/1073/1051 1071/1071/1049
f 1071/1071/1049 1075/1073/1051 1060/1058/1037
f 1059/1060/1039 1060/1058/1037 1067/1066/1045
f 1075/1073/1051 1067/1066/1045 1060/1058/1037
f 1076/1075/1053 1075/1073/1051 1074/1074/1052
f 1074/1074/1052 1073/1068/1047 1068/1067/1046
f 1074/1074/1052 1068/1067/1046 1076/1075/1053
f 1073/1068/1047 1074/1074/1052 1075/1073/1051
f 1075/1073/1051 1070/1069/1048 1073/1068/1047
f 1075/1073/1051 1076/1075/1053 1067/1066/1045
f 1057/1056/1035 1065/1064/1043 1058/1057/1036
f 1064/1063/1042 1058/1057/1036 1065/1064/1043
f 1077/1077/1055 1078/1076/1054 987/983/967
f 1079/1078/1056 1077/1077/1055 987/983/967
f 1050/1049/1028 1063/1061/1040 1039/1039/698
f 1080/1080/1058 1077/1077/1055 1081/1079/1057
f 1079/1078/1056 1081/1079/1057 1077/1077/1055
f 1080/1080/1058 1081/1079/1057 1083/1081/1059
f 1083/1081/1059 1081/1079/1057 1084/1082/1060
f 1084/1082/1060 1085/1083/1061 1083/1081/1059
f 987/983/967 986/984/968 1079/1078/1056
f 1026/1023/1007 1079/1078/1056 986/984/968
f 1081/1079/1057 1079/1078/1056 1026/1023/1007
f 1057/1056/1035 1086/1084/1062 1065/1064/1043
f 1086/1084/1062 1087/1085/1063 1065/1064/1043
f 1087/1085/1063 1088/1086/1064 1065/1064/1043
f 1089/1089/1067 1090/1088/1066 1091/1087/1065
f 1092/1090/1068 1090/1088/1066 1089/1089/1067
f 1090/1088/1066 1093/1091/1069 1091/1087/1065
f 1090/1088/1066 1092/1090/1068 1093/1091/1069
f 1065/1064/1043 1091/1087/1065 1063/1061/1040
f 1089/1089/1067 1091/1087/1065 1065/1064/1043
f 1089/1089/1067 1065/1064/1043 1092/1090/1068
f 1094/1092/1070 987/983/967 1078/1076/1054
f 1039/1039/698 1063/1061/1040 1091/1087/1065
f 1093/1091/1069 1095/1093/1071 1091/1087/1065
f 1091/1087/1065 1095/1093/1071 1039/1039/698
f 1097/1094/1072 1039/1039/698 1095/1093/1071
f 1094/1092/1070 998/996/980 987/983/967
f 1092/1090/1068 1065/1064/1043 1088/1086/1064
f 1092/1090/1068 1095/1093/1071 1093/1091/1069
f 1088/1086/1064 1095/1093/1071 1092/1090/1068
f 998/996/980 1094/1092/1070 1078/1076/1054
f 1077/1077/1055 1102/1001/985 1078/1076/1054
f 1096/1085/1073 1095/1093/1071 1088/1086/1064
f 1095/1093/1071 1083/1081/1059 1097/1094/1072
f 1098/1095/1074 1095/1093/1071 1096/1085/1073
f 1083/1081/1059 1095/1093/1071 1082/1096/376
f 1095/1093/1071 1098/1095/1074 1082/1096/376
f 1102/1001/985 998/996/980 1078/1076/1054
f 1085/1083/1061 1028/1026/1010 1100/1097/1075
f 1099/1029/1012 1100/1097/1075 1028/1026/1010
f 1097/1094/1072 1099/1029/1012 1039/1039/698
f 1084/1082/1060 1026/1023/1007 1101/1098/1076
f 1100/1097/1075 1099/1029/1012 1097/1094/1072
f 1026/1023/1007 1084/1082/1060 1081/1079/1057
f 1085/1083/1061 1084/1082/1060 1101/1098/1076
f 1026/1023/1007 1028/1026/1010 1101/1098/1076
f 1101/1098/1076 1028/1026/1010 1085/1083/1061
f 1097/1094/1072 1085/1083/1061 1100/1097/1075
f 1083/1081/1059 1085/1083/1061 1097/1094/1072
f 1104/1100/1078 1103/1099/1077 1102/1001/985
f 1105/1102/139 1106/1101/1079 952/950/934
f 907/905/891 1107/1103/1080 933/903/889
f 1107/1103/1080 932/929/914 933/903/889
f 1107/1103/1080 907/905/891 1108/1104/1081
f 1105/1102/139 952/950/934 930/931/915
f 932/929/914 1107/1103/1080 1103/1099/1077
f 906/904/890 1108/1104/1081 907/905/891
f 1105/1102/139 930/931/915 1109/1105/1082
f 932/929/914 1110/1106/1083 1109/1105/1082
f 1108/1104/1081 906/904/890 1102/1001/985
f 1107/1103/1080 1102/1001/985 1103/1099/1077
f 1109/1105/1082 930/931/915 932/929/914
f 1103/1099/1077 1111/1107/1084 1110/1106/1083
f 1103/1099/1077 1104/1100/1078 1111/1107/1084
f 1104/1100/1078 1112/1108/1085 1111/1107/1084
f 1102/1001/985 1107/1103/1080 1108/1104/1081
f 1110/1106/1083 1105/1102/139 1109/1105/1082
f 932/929/914 1103/1099/1077 1110/1106/1083
f 1113/1111/1088 1114/1110/1087 1115/1109/1086
f 1116/1112/1089 1111/1107/1084 1112/1108/1085
f 1080/1080/1058 1116/1112/1089 1112/1108/1085
f 1110/1106/1083 1111/1107/1084 1105/1102/139
f 1117/1114/1091 1118/1113/1090 1114/1110/1087
f 1106/1101/1079 1113/1111/1088 1119/1115/1092
f 1113/1111/1088 1120/1116/1093 1119/1115/1092
f 1115/1109/1086 1120/1116/1093 1113/1111/1088
f 1114/1110/1087 1120/1116/1093 1115/1109/1086
f 1106/1101/1079 1105/1102/139 1121/1117/1094
f 1116/1112/1089 1083/1081/1059 1082/1096/376
f 1083/1081/1059 1116/1112/1089 1080/1080/1058
f 1106/1101/1079 1121/1117/1094 1117/1114/1091
f 1121/1117/1094 1105/1102/139 1111/1107/1084
f 1121/1117/1094 1122/1118/1095 1117/1114/1091
f 1120/1116/1093 1118/1113/1090 1123/1119/1096
f 1106/1101/1079 1114/1110/1087 1113/1111/1088
f 1111/1107/1084 1124/1121/1098 1125/1120/1097
f 1114/1110/1087 1118/1113/1090 1120/1116/1093
f 1104/1100/1078 1077/1077/1055 1080/1080/1058
f 1080/1080/1058 1112/1108/1085 1104/1100/1078
f 1114/1110/1087 1106/1101/1079 1117/1114/1091
f 1102/1001/985 1077/1077/1055 1104/1100/1078
f 1121/1117/1094 1111/1107/1084 1122/1118/1095
f 1122/1118/1095 1111/1107/1084 1125/1120/1097
f 1122/1118/1095 1125/1120/1097 1117/1114/1091
f 1125/1120/1097 1118/1113/1090 1117/1114/1091
f 1118/1113/1090 1125/1120/1097 1126/1122/1099
f 1124/1121/1098 1126/1122/1099 1125/1120/1097
f 1111/1107/1084 1116/1112/1089 1124/1121/1098
f 1124/1121/1098 1116/1112/1089 1126/1122/1099
f 1116/1112/1089 1082/1096/376 1126/1122/1099
f 1118/1113/1090 1127/1123/1100 1123/1119/1096
f 1098/1095/1074 1127/1123/1100 1118/1113/1090
f 1126/1122/1099 1098/1095/1074 1118/1113/1090
f 1098/1095/1074 1126/1122/1099 1082/1096/376

