# WaveFront *.obj file (generated by Cinema 4D)

mtllib ./taobaodianpu_CFSC142.mtl

v 41.176600 127.712100 40.280350
v 41.564900 128.282900 40.837450
v 42.296000 130.495800 41.118050
v 43.903400 131.703700 47.952950
v 44.716700 132.517800 49.074550
v 39.964500 126.483500 35.950550
v 39.964500 126.483500 35.950550
v 39.043900 117.032100 35.910350
v 1.406500 135.719700 51.317450
v 1.406500 135.719700 51.317450
v -41.478200 127.671200 40.150850
v -42.324100 130.512800 41.519750
v -42.324100 130.512800 41.519750
v -45.087400 132.505300 49.483050
v -39.781700 126.401400 35.817450
v -40.769000 109.886200 40.997750
v -39.781700 126.401400 35.817450
v -44.438300 131.666000 48.338150
v -44.729800 131.711000 0.004550
v -41.960800 128.251900 40.495050
v -41.478200 127.671200 40.150850
v -39.781700 126.401400 35.817450
v -42.324100 130.512800 41.519750
v -46.950800 136.370300 0.004550
v -45.254800 135.272200 0.004550
v -46.127300 135.601800 50.288550
v -45.254800 132.994900 0.004550
v -45.087400 132.505300 49.483050
v -45.254800 135.272200 0.004550
v -42.324100 130.512800 41.519750
v -40.390800 126.594100 -35.856150
v -39.781700 126.401400 35.817450
v -40.390800 126.594100 -35.856150
v -39.163300 117.008300 35.409950
v -42.093900 116.274300 0.004550
v -41.405300 116.310500 40.408850
v -39.163300 117.008300 35.409950
v -39.455900 117.053300 -35.714950
v -41.557000 109.895000 0.004550
v -41.405300 116.310500 40.408850
v -42.093900 116.274300 0.004550
v -39.455900 117.053300 -35.714950
v -46.124900 135.590000 -50.257550
v -44.262400 131.731500 -47.976950
v -45.002400 132.544600 -49.142250
v -41.813900 127.757000 -40.133350
v -39.163300 117.008300 35.409950
v -42.679700 130.487600 -40.906350
v -42.156700 128.322800 -40.736750
v -42.679700 130.487600 -40.906350
v -46.124900 135.590000 -50.257550
v -42.156700 128.322800 -40.736750
v -41.813900 127.757000 -40.133350
v -41.399300 116.328900 -40.410450
v -41.399300 116.328900 -40.410450
v -41.111300 110.230900 39.504750
v -41.111300 110.230900 39.504750
v -41.405300 116.310500 40.408850
v -41.405300 116.310500 40.408850
v -39.163300 117.008300 35.409950
v -41.960800 128.251900 40.495050
v -46.127300 135.601800 50.288550
v -44.438300 131.666000 48.338150
v -46.127300 135.601800 50.288550
v -42.679700 130.487600 -40.906350
v -42.679700 130.487600 -40.906350
v -46.124900 135.590000 -50.257550
v -45.002400 132.544600 -49.142250
v 1.041300 135.776700 -51.197250
v -44.262400 131.731500 -47.976950
v -0.191600 130.502700 -41.646650
v -0.191600 130.502700 -41.646650
v 44.903300 132.590600 -49.415150
v -40.390800 126.594100 -35.856150
v -40.390800 126.594100 -35.856150
v 42.296000 130.495800 41.118050
v 43.903400 131.703700 47.952950
v 44.871600 132.994900 0.004550
v 44.716700 132.517800 49.074550
v 44.871600 135.272200 0.004550
v 45.915300 135.506200 50.447150
v -41.399300 116.328900 -40.410450
v -39.455900 117.053300 -35.714950
v -39.455900 117.053300 -35.714950
v 47.106600 135.875600 -51.272550
v 41.911900 130.540700 -40.920750
v 41.804500 128.267100 -40.463650
v 44.074000 131.649600 -48.340250
v 45.869800 135.558000 -50.374550
v 45.869800 135.558000 -50.374550
v 39.438900 126.404600 -35.735450
v 39.964500 126.483500 35.950550
v 38.791500 116.977900 -35.501050
v 39.438900 126.404600 -35.735450
v 41.380900 127.757900 -40.044050
v 39.438900 126.404600 -35.735450
v 44.074000 131.649600 -48.340250
v 44.903300 132.590600 -49.415150
v 44.346600 131.711000 0.004550
v 45.869800 135.558000 -50.374550
v 47.106600 135.875600 -51.272550
v 45.869800 135.558000 -50.374550
v 41.564900 128.282900 40.837450
v 41.380900 127.757900 -40.044050
v 41.804500 128.267100 -40.463650
v 39.438900 126.404600 -35.735450
v 41.911900 130.540700 -40.920750
v 39.964500 126.483500 35.950550
v 41.911900 130.540700 -40.920750
v 42.296000 130.495800 41.118050
v 42.296000 130.495800 41.118050
v 1.041300 135.776700 -51.197250
v 41.911900 130.540700 -40.920750
v 38.791500 116.977900 -35.501050
v 41.176600 127.712100 40.280350
v 38.791500 116.977900 -35.501050
v 45.915300 135.506200 50.447150
v 44.871600 135.272200 0.004550
v 39.043900 117.032100 35.910350
v -41.399300 116.328900 -40.410450
v 40.359900 109.933200 -40.885950
v 38.182600 108.883500 -36.669550
v 15.016600 108.839500 -37.396050
v 15.016600 108.839500 -37.396050
v 10.745200 99.759400 -35.006650
v 41.710700 116.274300 0.004550
v 39.043900 117.032100 35.910350
v 11.181000 99.737500 -35.737050
v 41.050500 116.326900 40.409150
v 41.173800 109.895000 0.004550
v 41.710700 116.274300 0.004550
v 39.043900 117.032100 35.910350
v 41.050500 116.326900 40.409150
v 40.133000 109.850800 40.561750
v 38.182600 108.883500 36.678650
v 40.133000 109.850800 40.561750
v 13.864600 108.843800 37.413450
v 13.864600 108.843800 37.413450
v 38.280100 99.095300 34.526950
v 11.210500 99.757000 35.742250
v -10.631900 108.882600 37.348050
v -10.631900 108.882600 37.348050
v -11.131300 99.691400 35.318550
v -11.560800 99.728800 35.745450
v 41.065300 116.287700 -40.404850
v 38.791500 116.977900 -35.501050
v 40.728100 110.230900 39.504750
v 38.902000 108.883500 35.396350
v 40.151100 108.883400 0.004550
v 38.902000 108.883500 35.396350
v 38.280100 99.095300 34.526950
v 40.151100 108.883400 0.004550
v 37.366600 98.725400 33.192250
v 39.326600 99.618600 0.004550
v 36.917700 88.635100 33.098050
v 38.330100 98.970500 -0.398350
v 37.366600 98.725400 33.192250
v 38.330100 98.970500 -0.398350
v 38.902000 108.883500 -35.387250
v 37.366600 98.725400 -33.183150
v 38.267100 99.104800 -34.519150
v 36.917700 88.635100 -33.088950
v 42.933600 155.458300 -52.409650
v 49.181200 155.726000 -55.192350
v 37.540300 54.858400 -1.198550
v 37.168700 55.995000 -34.224250
v 37.168700 55.995000 -34.224250
v 36.917700 88.635100 -33.088950
v 41.065300 116.287700 -40.404850
v 37.168700 55.995000 34.233350
v 40.359900 109.933200 -40.885950
v 40.728100 110.230900 -39.495650
v 41.065300 116.287700 -40.404850
v 41.065300 116.287700 -40.404850
v 37.168700 55.995000 34.233350
v 36.917700 88.635100 33.098050
v 40.728100 110.230900 -39.495650
v 38.902000 108.883500 -35.387250
v 37.366600 98.725400 33.192250
v 38.280100 99.095300 34.526950
v 38.902000 108.883500 -35.387250
v 38.902000 108.883500 35.396350
v 38.182600 108.883500 36.678650
v 38.902000 108.883500 35.396350
v 40.728100 110.230900 39.504750
v 41.050500 116.326900 40.409150
v -38.565800 108.883500 36.678650
v -40.769000 109.886200 40.997750
v -38.565800 108.883500 36.678650
v 38.902000 108.883500 -35.387250
v 38.182600 108.883500 -36.669550
v 37.366600 98.725400 -33.183150
v 38.267100 99.104800 -34.519150
v -39.285200 108.883500 35.396350
v -39.285200 108.883500 35.396350
v 37.366600 98.725400 -33.183150
v 38.267100 99.104800 -34.519150
v 41.050500 116.326900 40.409150
v -39.285200 108.883500 35.396350
v -40.534300 108.883400 0.004550
v -38.645200 99.111900 34.537650
v -39.285200 108.883500 35.396350
v -40.534300 108.883400 0.004550
v -39.709800 99.618600 0.004550
v -37.749800 98.725400 33.192250
v -38.747900 98.960600 1.670850
v -37.300900 88.635100 33.098050
v -37.749800 98.725400 33.192250
v -38.565800 108.883500 -36.669550
v -11.578000 99.741200 -35.731450
v -8.366500 108.889600 -37.366150
v -11.578000 99.741200 -35.731450
v -36.235600 56.278500 -35.000850
v -38.662100 99.098500 -34.527850
v -41.111300 110.230900 -39.495650
v -39.285200 108.883500 -35.387250
v -38.662100 99.098500 -34.527850
v -39.285200 108.883500 -35.387250
v -39.285200 108.883500 -35.387250
v -41.111300 110.230900 -39.495650
v -38.565800 108.883500 -36.669550
v -40.484200 109.868400 -40.524050
v -39.285200 108.883500 -35.387250
v -37.749800 98.725400 -33.183150
v -37.300900 88.635100 -33.088950
v -37.749800 98.725400 -33.183150
v -38.662100 99.098500 -34.527850
v -37.749800 98.725400 -33.183150
v -37.300900 88.635100 -33.088950
v -38.747900 98.960600 1.670850
v -37.749800 98.725400 33.192250
v -37.300900 88.635100 33.098050
v -38.645200 99.111900 34.537650
v -38.645200 99.111900 34.537650
v -11.560800 99.728800 35.745450
v -8.366500 108.889600 -37.366150
v -40.484200 109.868400 -40.524050
v -11.970100 57.500400 36.791550
v -24.467900 56.132200 36.077850
v -37.551900 55.995000 34.233350
v 10.188800 16.323400 -33.921950
v -10.083100 99.917700 -33.786350
v 10.188800 16.323400 -33.921950
v 10.658300 56.120700 -34.835450
v -10.987900 100.239000 -35.384150
v -37.551900 55.995000 34.233350
v 24.084700 56.132200 -36.068750
v 11.586900 57.500400 -36.782450
v 11.181000 99.737500 -35.737050
v 9.633500 99.728800 -33.805650
v 10.745200 99.759400 -35.006650
v -10.987900 100.239000 -35.384150
v 9.633500 99.728800 -33.805650
v -11.041500 56.120700 -34.835450
v -37.551900 55.995000 -34.224250
v -10.083100 99.917700 -33.786350
v 9.633500 99.728800 -33.805650
v -11.131300 99.691400 35.318550
v -11.970100 57.500400 -36.782450
v -37.551900 55.995000 -34.224250
v -24.467900 56.132200 -36.068750
v 10.658300 56.120700 -34.835450
v -11.041500 56.120700 -34.835450
v -10.083100 99.917700 -33.786350
v 42.360300 147.784000 -53.217150
v 48.071700 139.101000 -53.170250
v 48.429400 141.066600 -50.799750
v 47.172700 148.144300 -53.377450
v 47.314500 148.154200 -47.114850
v 42.360300 147.784000 -53.217150
v 47.967600 148.977400 -44.995550
v 40.466500 148.071400 -54.351550
v 47.359800 149.062000 -54.442350
v 19.140600 155.700500 -56.427850
v 42.933600 155.458300 -52.409650
v 49.392600 163.047700 -56.312350
v 49.181200 155.726000 -55.192350
v 47.959300 149.055700 -53.151450
v 47.356500 157.866400 -53.568850
v 47.703500 157.925200 -52.198650
v 50.863900 163.262900 -55.418050
v 51.345500 155.504600 -55.377150
v 44.389300 155.684900 -51.371950
v 51.345500 155.504600 -55.377150
v 46.884400 137.935800 -0.429850
v 48.071700 139.101000 -53.170250
v -18.514100 141.734100 -54.895550
v -45.720000 181.464900 -34.785650
v -43.980800 178.763200 -50.727050
v -44.963100 181.919000 -51.865150
v -44.811000 178.323000 -34.102450
v -43.980800 178.763200 -50.727050
v -0.191600 182.096400 -52.481850
v -44.963100 181.919000 -51.865150
v -44.963100 181.919000 -51.865150
v -0.191600 182.096400 -52.481850
v -0.191600 178.936600 -51.330250
v 45.297100 164.116200 -52.882350
v 49.392600 163.047700 -56.312350
v 45.380300 171.804000 -53.244750
v 45.297100 164.116200 -52.882350
v 46.486400 164.112300 -52.020450
v 50.863900 163.262900 -55.418050
v 45.297100 164.116200 -52.882350
v 46.486400 164.112300 -52.020450
v 46.596100 172.011200 -52.093050
v 49.740600 180.899200 -56.160450
v 50.199800 173.249800 -56.603450
v 50.199800 173.249800 -56.603450
v 49.740600 180.899200 -56.160450
v 12.650900 180.708700 -57.963850
v 44.579900 181.919000 -51.865150
v 46.596100 172.011200 -52.093050
v 45.380300 171.804000 -53.244750
v 50.841300 173.283700 -55.296250
v 51.200300 180.464300 -55.543050
v 50.841300 173.283700 -55.296250
v 51.200300 180.464300 -55.543050
v 44.579900 181.919000 -51.865150
v 45.336800 181.464900 -34.785650
v 44.579900 181.919000 -51.865150
v 43.597600 178.763200 -50.727050
v 44.337800 178.319000 -34.022350
v 45.336800 181.464900 -34.785650
v -43.980800 178.763200 -50.727050
v -44.811000 178.323000 -34.102450
v -0.191600 178.936600 -51.330250
v -45.116300 178.450900 -0.138550
v -44.811000 178.323000 -34.102450
v -0.211800 155.338000 -53.313050
v -21.175900 162.934900 -56.552750
v -19.453500 155.712200 -56.387250
v 23.037000 157.897500 -55.619750
v -45.829100 163.961400 -52.794250
v -21.175900 162.934900 -56.552750
v -0.081700 163.486500 -53.645550
v -45.829100 163.961400 -52.794250
v -0.081700 163.486500 -53.645550
v 45.380300 171.804000 -53.244750
v 12.650900 180.708700 -57.963850
v 44.337800 178.319000 -34.022350
v 43.597600 178.763200 -50.727050
v 44.337800 178.319000 -34.022350
v -0.191600 182.096400 -52.481850
v 43.597600 178.763200 -50.727050
v 44.579900 181.919000 -51.865150
v -0.191600 178.936600 -51.330250
v -45.295400 156.179800 0.004550
v -51.124700 156.098000 0.004550
v -48.304600 140.099300 51.225950
v -47.627000 139.770200 0.004550
v -47.218300 136.059700 51.615050
v -48.621500 157.921100 52.838350
v -19.505700 171.818700 -53.835150
v -19.898000 172.960500 -57.529750
v -19.898000 172.960500 -57.529750
v -51.124700 156.098000 0.004550
v -51.631700 163.106900 -34.998150
v -48.069500 163.980800 0.004550
v -51.631700 163.106900 -34.998150
v -48.069500 163.980800 0.004550
v -19.505700 171.818700 -53.835150
v -51.717300 172.718500 0.004550
v -51.247300 173.301400 -55.452250
v -51.717300 172.718500 0.004550
v -51.791400 180.275000 55.851650
v -51.791400 180.275000 55.851650
v -46.007300 181.596900 0.004550
v -44.811000 178.323000 -34.102450
v -46.007300 181.596900 0.004550
v -45.116300 178.450900 -0.138550
v -46.958800 171.603800 52.310850
v -46.863700 164.125700 52.082650
v -46.863700 164.125700 52.082650
v -46.958800 171.603800 52.310850
v -46.007300 181.596900 0.004550
v -44.813700 178.321200 33.932050
v -45.116300 178.450900 -0.138550
v -45.720000 181.464900 34.794750
v -45.720000 181.464900 34.794750
v -44.813700 178.321200 33.932050
v -45.116300 178.450900 -0.138550
v -48.500200 157.888800 -52.822850
v -47.354000 140.678900 -52.579850
v -48.304600 140.099300 -51.216850
v -46.127300 135.601800 50.288550
v -47.218300 136.059700 51.615050
v -45.720000 181.464900 -34.785650
v -45.720000 181.464900 -34.785650
v -51.247300 173.301400 -55.452250
v -46.871500 164.120200 -51.907950
v -46.871500 164.120200 -51.907950
v 0.213700 136.307300 -53.728450
v -50.123800 180.899200 -56.160450
v -45.264800 171.959400 -52.499250
v -45.264800 171.959400 -52.499250
v -44.963100 181.919000 -51.865150
v -46.124900 135.590000 -50.257550
v -51.504100 180.502500 -55.584950
v -51.504100 180.502500 -55.584950
v -46.958600 172.076600 -52.177150
v -50.123800 180.899200 -56.160450
v -50.062200 173.434100 -56.317250
v -45.264800 171.959400 -52.499250
v -50.062200 173.434100 -56.317250
v -46.958600 172.076600 -52.177150
v -50.019000 163.342800 -53.746150
v -51.834600 155.715200 -35.079250
v -50.019000 163.342800 -53.746150
v -48.562700 163.337200 -54.896650
v -48.562700 163.337200 -54.896650
v -48.595000 155.726000 -55.261450
v -45.829100 163.961400 -52.794250
v -51.834600 155.715200 -35.079250
v -48.500200 157.888800 -52.822850
v -47.263500 136.112100 -51.624750
v -48.304600 140.099300 -51.216850
v -19.885600 157.686000 -55.141750
v -43.316800 155.458300 -52.409650
v -44.772500 155.688000 -51.374750
v -50.054800 155.576700 -54.101550
v -50.054800 155.576700 -54.101550
v -48.595000 155.726000 -55.261450
v -47.915300 157.896800 -53.282350
v -43.316800 155.458300 -52.409650
v -47.263500 136.112100 -51.624750
v 48.986700 180.899200 57.120550
v 44.579900 181.919000 51.874250
v 7.031000 180.704200 57.970450
v 48.986700 180.899200 57.120550
v 12.303400 172.966200 57.598350
v 48.911100 173.434100 56.846350
v 12.303400 172.966200 57.598350
v 44.881600 171.959400 52.508350
v 48.911100 173.434100 56.846350
v 7.031000 180.704200 57.970450
v -0.191600 182.096400 52.490950
v 44.579900 181.919000 51.874250
v 43.597600 178.763200 50.736150
v -0.191600 182.096400 52.490950
v -4.191500 163.327800 53.599650
v 44.881600 171.959400 52.508350
v -14.063300 171.733000 54.321350
v -4.191500 163.327800 53.599650
v -14.063300 171.733000 54.321350
v -51.024000 173.272700 56.932350
v -51.024000 173.272700 56.932350
v 15.933000 162.796200 56.670050
v 19.076300 156.016700 56.532350
v 15.933000 162.796200 56.670050
v -19.524100 162.919800 56.682250
v -19.524100 162.919800 56.682250
v -0.191600 178.936600 51.339350
v 43.597600 178.763200 50.736150
v -0.191600 178.936600 51.339350
v 44.337800 178.319000 34.031450
v 47.356500 157.866400 53.577950
v 23.037000 157.897500 55.628850
v 40.466500 148.071400 54.360650
v 42.933600 155.458300 52.418750
v 44.337800 178.319000 34.031450
v -0.342100 136.432800 53.735250
v -19.523800 156.031700 56.436950
v -48.304600 140.099300 51.225950
v -51.638400 155.411800 56.494350
v -44.772900 155.682700 51.373450
v -51.886800 163.255600 55.277350
v -51.638400 155.411800 56.494350
v -47.354000 140.678900 52.588950
v -48.621500 157.921100 52.838350
v -47.915300 157.896800 53.291450
v -49.667600 155.726000 56.277750
v -49.667600 155.726000 56.277750
v -50.071300 163.337200 55.565050
v -43.316800 155.458300 52.418750
v -19.883300 157.686100 55.150950
v -43.316800 155.458300 52.418750
v 0.000000 155.528800 53.323350
v -51.886800 163.255600 55.277350
v -45.720000 181.464900 34.794750
v -43.980800 178.763200 50.736150
v -44.813700 178.321200 33.932050
v -51.275500 173.293900 55.503950
v -51.275500 173.293900 55.503950
v -44.963100 181.919000 51.874250
v -44.963100 181.919000 51.874250
v -43.980800 178.763200 50.736150
v -44.813700 178.321200 33.932050
v -43.980800 178.763200 50.736150
v -0.191600 182.096400 52.490950
v -0.191600 178.936600 51.339350
v -50.071300 163.337200 55.565050
v -45.680300 164.116200 52.891450
v -45.680300 164.116200 52.891450
v -45.264800 171.959400 52.508350
v -45.680300 164.116200 52.891450
v -50.745000 180.955200 56.670450
v -50.745000 180.955200 56.670450
v -45.264800 171.959400 52.508350
v -45.264800 171.959400 52.508350
v -44.963100 181.919000 51.874250
v -44.963100 181.919000 51.874250
v -18.855700 141.749800 54.907550
v 47.686300 163.980800 0.004550
v 47.686300 163.980800 0.004550
v 51.333600 172.708000 0.004550
v 50.741500 156.098000 0.004550
v 45.624100 181.596900 0.004550
v 45.336800 181.464900 -34.785650
v 44.337800 178.319000 -34.022350
v 45.624100 181.596900 0.004550
v 45.915300 135.506200 50.447150
v 44.618800 178.448100 0.004550
v 44.618800 178.448100 0.004550
v 45.336800 181.464900 34.794750
v 45.624100 181.596900 0.004550
v 44.337800 178.319000 34.031450
v 45.336800 181.464900 34.794750
v 48.194000 155.726000 57.647650
v 51.435800 180.328600 39.138550
v 51.435800 180.328600 39.138550
v 44.618800 178.448100 0.004550
v 51.333600 172.708000 0.004550
v 46.522500 164.131300 51.872050
v 46.522500 164.131300 51.872050
v 51.248500 163.106900 35.007250
v 51.613900 163.126200 0.004550
v 51.248500 163.106900 35.007250
v 51.613900 163.126200 0.004550
v 44.618800 178.448100 0.004550
v 50.741500 156.098000 0.004550
v 48.058500 157.903000 0.004550
v 47.967600 148.977400 -44.995550
v 47.703500 157.925200 -52.198650
v 46.978800 139.789700 0.004550
v 48.429400 141.066600 -50.799750
v 51.451400 155.715200 35.088350
v 44.389600 155.683700 51.383150
v 51.451400 155.715200 35.088350
v 45.297200 164.116200 52.891450
v 44.912200 156.179800 0.004550
v 48.058500 157.903000 0.004550
v 47.967600 148.977400 45.004650
v 47.317500 142.409500 0.020850
v 48.423200 141.016800 50.803850
v 47.877000 139.456300 53.373850
v 47.112600 135.914100 51.448450
v 45.915300 135.506200 50.447150
v 47.112600 135.914100 51.448450
v 47.877000 139.456300 53.373850
v 48.423200 141.016800 50.803850
v 47.314500 148.154200 47.123950
v 47.967600 148.977400 45.004650
v 42.360300 147.784000 53.226250
v 47.172700 148.144300 53.386550
v 42.360300 147.784000 53.226250
v 47.703500 157.925200 52.207750
v 47.959300 149.055700 53.160550
v 47.703500 157.925200 52.207750
v 49.653900 155.576700 56.487750
v 49.723100 163.342800 56.257250
v 49.653900 155.576700 56.487750
v 47.359800 149.062000 54.451450
v 48.194000 155.726000 57.647650
v 48.194000 155.726000 57.647650
v 42.933600 155.458300 52.418750
v 48.194000 155.726000 57.647650
v 49.723100 163.342800 56.257250
v 46.561600 171.686000 52.051450
v 43.597600 178.763200 50.736150
v 45.336800 181.464900 34.794750
v 44.337800 178.319000 34.031450
v 46.561600 171.686000 52.051450
v 50.502100 173.321000 56.371750
v 50.502100 173.321000 56.371750
v 44.579900 181.919000 51.874250
v 44.579900 181.919000 51.874250
v 50.353300 180.559200 55.966050
v 50.353300 180.559200 55.966050
v 48.266800 163.337200 57.407650
v 48.266800 163.337200 57.407650
v 45.297200 164.116200 52.891450
v 48.266800 163.337200 57.407650
v 45.297200 164.116200 52.891450
v 48.266800 163.337200 57.407650
v 44.881600 171.959400 52.508350
v 45.297200 164.116200 52.891450
v 47.317500 142.409500 0.020850
v 48.911100 173.434100 56.846350
v 44.881600 171.959400 52.508350
v 48.911100 173.434100 56.846350
v 48.986700 180.899200 57.120550
v 48.986700 180.899200 57.120550
v 46.598600 -85.478600 45.731350
v 41.230500 -76.192700 0.024750
v 42.277300 -77.284200 -0.070050
v 39.211500 -91.393400 0.045350
v 37.762800 -90.164600 17.551850
v 39.362500 -91.043500 18.283250
v 43.158300 -83.693300 42.411450
v 46.137800 -84.524600 1.525750
v 43.158300 -83.693300 42.411450
v 37.907700 -90.164600 38.281550
v 39.362500 -91.043500 18.283250
v 37.762800 -90.164600 17.551850
v 41.647100 -79.300900 40.235050
v 45.995000 -84.600200 46.090550
v 41.452200 -76.841900 39.304350
v 46.598600 -85.478600 -45.722250
v 46.932900 -94.636500 -47.054150
v 47.078800 -85.715000 2.488050
v 37.618000 -90.164600 0.054850
v 42.779000 -79.540100 -0.046650
v 37.618000 -90.164600 -37.722250
v 37.618000 -90.164600 0.054850
v 39.211500 -91.393400 0.045350
v 41.292600 -76.971800 -38.684850
v 41.950700 -79.496300 -41.294650
v 39.211500 -91.393400 -39.331450
v -42.364200 -83.614800 42.137950
v -43.598700 -80.545000 41.030450
v -16.500100 -83.189000 43.101350
v -45.221100 -84.454200 45.817150
v -42.364200 -83.614800 42.137950
v 46.896800 -94.626300 47.130150
v 45.665700 -84.459000 -44.691650
v 43.230000 -83.833000 -41.659750
v -0.191600 -94.646800 48.260250
v 46.896800 -94.626300 47.130150
v -16.500100 -83.189000 43.101350
v -42.313200 -79.490000 41.308250
v -0.191600 -84.459000 46.961750
v -20.613400 -77.146200 40.105050
v 43.230000 -83.833000 -41.659750
v 43.215500 -80.545000 -41.021350
v 37.762800 -90.164600 17.551850
v 9.233300 -90.164600 38.056750
v -0.159200 -90.164600 37.831950
v -37.936300 -90.164600 37.831950
v 37.618000 -90.164600 0.054850
v 37.618000 -90.164600 -37.722250
v -37.936300 -90.164600 37.831950
v -0.165300 -91.393400 39.422150
v -0.159200 -90.164600 37.831950
v -0.165300 -91.393400 39.422150
v 9.233300 -90.164600 38.056750
v -0.159200 -90.164600 37.831950
v 9.624900 -91.217400 39.656450
v -0.191600 -85.508300 48.049050
v 45.995000 -84.600200 46.090550
v 42.951600 -80.732800 42.597150
v 9.624900 -91.217400 39.656450
v 37.907700 -90.164600 38.281550
v 9.233300 -90.164600 38.056750
v 37.907700 -90.164600 38.281550
v 39.513500 -91.393400 39.890750
v 43.158300 -83.693300 42.411450
v 43.158300 -83.693300 42.411450
v 41.452200 -76.841900 39.304350
v 41.647100 -79.300900 40.235050
v 46.598600 -85.478600 45.731350
v 46.011700 -85.476400 47.009550
v 42.951600 -80.732800 42.597150
v 39.513500 -91.393400 39.890750
v -0.191600 -60.759800 -38.616950
v -0.191600 -60.759800 -38.616950
v -41.417000 -61.312900 -39.210250
v -0.191600 -94.646800 -48.251150
v -46.394900 -85.476400 -47.000450
v -0.191600 -85.508300 -48.039950
v -0.191600 -84.459000 -46.952650
v -19.042200 -76.034500 -38.920250
v 20.230200 -77.146200 -40.095950
v 16.149500 -83.190800 -43.093750
v 16.149500 -83.190800 -43.093750
v 44.837900 -84.454200 -45.808050
v 41.981000 -83.614800 -42.128850
v 41.950700 -79.496300 -41.294650
v 40.777500 -76.067700 -38.349250
v 37.618000 -90.164600 -37.722250
v -3.480900 -91.178900 -39.331450
v -3.340100 -90.164600 -37.722250
v 39.211500 -91.393400 -39.331450
v -3.340100 -90.164600 -37.722250
v 37.037400 -60.722000 -34.070650
v 37.037400 -60.722000 -34.070650
v 25.165300 -61.131700 -39.155250
v 46.011700 -85.476400 -47.000450
v 46.932900 -94.636500 -47.054150
v -3.844300 -91.178900 -43.483950
v 39.211500 -91.393400 -39.331450
v 43.323600 -91.393400 -43.483950
v -4.084600 -93.804800 -46.230150
v 43.323600 -91.393400 -43.483950
v 46.043100 -94.019300 -46.230150
v -3.480900 -91.178900 -39.331450
v -3.844300 -91.178900 -43.483950
v -39.542100 -91.393400 -39.331450
v -3.480900 -91.178900 -39.331450
v -3.844300 -91.178900 -43.483950
v -43.685900 -91.393400 -43.483950
v -3.844300 -91.178900 -43.483950
v -4.084600 -93.804800 -46.230150
v -43.685900 -91.393400 -43.483950
v -43.348300 -80.676400 -42.553350
v 40.777500 -76.067700 -38.349250
v 37.752500 -75.493200 -34.154950
v 37.752500 -75.493200 -34.154950
v 41.292600 -76.971800 -38.684850
v 45.665700 -84.459000 -44.691650
v 43.230000 -83.833000 -41.659750
v 46.598600 -85.478600 -45.722250
v 43.215500 -80.545000 -41.021350
v 41.981000 -83.614800 -42.128850
v 43.230000 -83.833000 -41.659750
v -3.480900 -91.178900 -39.331450
v -39.542100 -91.393400 -39.331450
v -37.936300 -90.164600 -37.722250
v -40.948700 -61.134800 14.541850
v -40.978300 -61.145900 -14.654650
v -3.340100 -90.164600 -37.722250
v -38.231200 -53.208500 34.595850
v -41.097300 -54.095900 16.239550
v -41.097300 -54.095900 16.239550
v -37.600000 -61.159600 -33.815850
v -41.417000 -61.312900 -39.210250
v -37.481600 -75.537400 -34.193650
v -37.600000 -61.159600 -33.815850
v -38.138800 -45.356100 -34.173450
v -38.764800 -53.475800 -35.075250
v -38.764800 -53.475800 -35.075250
v -41.532000 -53.987700 -37.397750
v -41.532000 -53.987700 -37.397750
v -38.764800 -53.475800 -35.075250
v -41.566600 -61.121100 -37.878650
v -37.481600 -75.537400 -34.193650
v -41.566600 -61.121100 -37.878650
v -38.074100 -61.381200 -32.696350
v -38.074100 -61.381200 -32.696350
v -38.074100 -61.381200 -32.696350
v -38.215100 -60.890500 32.881350
v -38.738000 -61.475000 0.004550
v -38.013900 -75.380700 -33.049050
v -41.816300 -76.837300 -39.233450
v -38.738000 -61.475000 0.004550
v -38.215100 -60.890500 32.881350
v -37.965700 -75.463000 33.193050
v -37.936300 -90.164600 -37.722250
v -38.198000 -76.102000 0.004550
v -38.013900 -75.380700 -33.049050
v -41.622700 -76.194300 0.228950
v -38.198000 -76.102000 0.004550
v -37.965700 -75.463000 33.193050
v -41.034000 -76.197000 38.180650
v -41.662300 -76.999100 38.746050
v -43.610000 -83.823800 41.804850
v -43.164200 -79.541000 0.057750
v -43.610000 -83.823800 41.804850
v -47.462000 -85.715000 -2.479550
v -46.048900 -84.459000 44.700750
v -42.313200 -79.490000 41.308250
v -46.981800 -85.478600 45.731350
v -41.056300 -76.178100 -38.176750
v -42.660500 -77.284200 0.078450
v -41.816300 -76.837300 -39.233450
v -42.024600 -79.284600 -40.211150
v -41.056300 -76.178100 -38.176750
v -38.013900 -75.380700 -33.049050
v -41.034000 -76.197000 38.180650
v -41.662300 -76.999100 38.746050
v -42.024600 -79.284600 -40.211150
v -43.542000 -83.670700 -42.342750
v -43.542000 -83.670700 -42.342750
v -46.521100 -84.524700 -1.514150
v -46.375500 -84.597900 -46.072950
v -46.981800 -85.478600 -45.722250
v -43.348300 -80.676400 -42.553350
v -37.936300 -90.164600 37.831950
v -37.936300 -90.164600 -37.722250
v -46.048900 -84.459000 44.700750
v -46.981800 -85.478600 45.731350
v -43.610000 -83.823800 41.804850
v -43.610000 -83.823800 41.804850
v -43.598700 -80.545000 41.030450
v -43.542000 -83.670700 -42.342750
v -46.375500 -84.597900 -46.072950
v -43.542000 -83.670700 -42.342750
v -46.981800 -85.478600 -45.722250
v -47.283000 -94.617800 -47.109150
v -47.283000 -94.617800 -47.109150
v -43.685900 -91.393400 0.020750
v -39.542100 -91.393400 -39.331450
v -43.685900 -91.393400 -43.483950
v -39.542100 -91.393400 -39.331450
v -39.534900 -91.390100 39.372850
v -43.685900 -91.393400 43.525550
v -39.534900 -91.390100 39.372850
v -38.043800 -35.603800 34.476750
v -37.266300 -35.950500 34.532250
v -36.965400 55.633800 -33.734150
v -36.965400 55.633800 -33.734150
v -37.886000 55.047800 -0.051850
v -37.836900 16.477500 34.332250
v -36.965400 55.633800 33.743250
v -38.030700 15.836000 0.969350
v -37.836900 16.640000 -34.323150
v -37.043600 15.671500 33.508550
v -37.317200 -3.413000 33.241350
v -37.043600 15.070200 -33.499450
v -37.266300 -35.950500 34.532250
v -11.625900 -22.423200 34.890350
v -9.993100 99.648900 33.827050
v -9.993100 99.648900 33.827050
v 9.689400 99.954100 33.803450
v -36.488900 -3.413100 34.347350
v -37.317200 -3.413000 33.241350
v -9.993100 99.648900 33.827050
v 9.689400 99.954100 33.803450
v 10.712600 99.964600 35.045750
v 9.689400 99.954100 33.803450
v 10.712600 99.964600 35.045750
v 16.420900 -36.076800 34.734950
v 16.420900 -36.076800 34.734950
v -11.621000 -22.409800 33.949050
v -11.621000 -22.409800 33.949050
v -11.621000 -22.409800 33.949050
v -37.043600 15.671500 33.508550
v 11.231300 -22.281800 33.986050
v 11.231300 -22.281800 33.986050
v -37.836900 16.477500 34.332250
v -36.695900 16.515300 35.248450
v -24.350900 15.487700 34.928050
v -11.257400 17.016600 34.844550
v -11.763900 18.059000 35.671350
v -36.965400 55.633800 33.743250
v -36.236400 56.293700 35.009150
v -12.037000 55.117300 35.683650
v -10.572000 17.254400 33.931050
v -10.572000 17.254400 33.931050
v 10.188800 17.254400 33.931050
v 11.173900 -22.443700 34.947050
v 10.874200 17.016600 34.844550
v 11.231300 -22.281800 33.986050
v 10.188800 17.254400 33.931050
v -37.317200 -3.413000 -33.232250
v -37.836900 16.640000 -34.323150
v -37.043600 15.070200 -33.499450
v -11.041500 56.120700 34.844550
v -36.545200 15.072400 -35.116450
v 10.658300 56.120700 34.844550
v -38.043800 -35.603800 34.476750
v -24.467900 56.132200 36.077850
v -11.041500 56.120700 34.844550
v 35.849700 56.364600 35.007950
v 24.084700 56.132200 36.077850
v 11.586900 57.500400 36.791550
v 36.722800 14.589900 -35.105250
v 11.387200 17.205900 -35.658350
v 11.653800 55.117300 35.683650
v 10.658300 56.120700 34.844550
v 24.084700 56.132200 36.077850
v 36.934000 -3.413000 33.241350
v 37.209600 12.867200 -3.616650
v 36.934000 -3.413000 -33.232250
v 36.934000 -3.413000 33.241350
v 36.660400 16.066300 33.508550
v 36.105700 -3.413100 34.347350
v 36.806600 15.963300 35.228150
v 38.094100 16.771600 34.332250
v 36.582200 55.633800 33.743250
v 10.986300 16.141600 -34.852550
v 36.105700 -3.413100 -34.338250
v 23.103000 -36.048600 -34.646950
v 11.345400 -22.530500 -33.940050
v 11.403900 18.013800 35.669450
v 24.446800 16.782400 34.534850
v 36.855400 -35.514500 -34.503550
v 36.852600 -35.598300 34.552250
v 37.578700 -35.453600 34.649250
v 36.934000 -3.413000 -33.232250
v 11.653800 55.117300 -35.674550
v 36.582200 55.633800 33.743250
v 40.176700 -37.279400 39.122450
v 36.852600 -35.598300 34.552250
v 36.582200 55.633800 -33.734150
v 35.851300 56.366200 -34.999650
v 36.582200 55.633800 -33.734150
v 38.094100 16.771600 34.332250
v 39.015200 15.455200 -5.290750
v 11.210500 99.757000 35.742250
v 36.660400 16.066300 33.508550
v 36.660400 14.914300 -33.499450
v 38.094100 16.303500 -34.323150
v 38.094100 16.303500 -34.323150
v 36.660400 14.914300 -33.499450
v 24.084700 56.132200 -36.068750
v -24.467900 56.132200 -36.068750
v -12.037000 55.117300 -35.674550
v -10.913600 18.752700 -33.915950
v -38.231200 -53.208500 34.595850
v -11.380600 16.225300 -34.848850
v -10.913600 18.752700 -33.915950
v -39.252500 -45.536800 -0.269150
v -38.200000 -35.347200 -34.711550
v -38.043800 -35.603800 34.476750
v -41.439800 -44.251100 38.199450
v -41.439800 -44.251100 38.199450
v -42.273800 -36.884100 -9.109750
v -42.273800 -36.884100 -9.109750
v -39.252500 -45.536800 -0.269150
v -38.200000 -35.347200 -34.711550
v -41.220500 -44.107700 -38.092050
v -41.220500 -44.107700 -38.092050
v 11.345400 -22.530500 -33.940050
v -10.936900 -21.849600 -33.921950
v -11.753200 17.233400 -35.660750
v 11.224000 -22.595200 -34.836850
v 11.345400 -22.530500 -33.940050
v -36.488900 -3.413100 -34.338250
v -10.936900 -21.849600 -33.921950
v -11.622300 -22.521100 -34.835450
v -10.936900 -21.849600 -33.921950
v -37.317200 -3.413000 -33.232250
v -38.522700 -45.692600 -35.638350
v -40.217300 -44.073500 -38.698150
v -38.522700 -45.692600 -35.638350
v -38.138800 -45.356100 -34.173450
v -40.217300 -44.073500 -38.698150
v -38.138800 -45.356100 -34.173450
v -40.785000 -36.674300 -37.857950
v -40.785000 -36.674300 -37.857950
v -37.262100 -35.522500 -34.526050
v -38.200000 -35.347200 -34.711550
v -37.262100 -35.522500 -34.526050
v -38.200000 -35.347200 -34.711550
v -40.483500 -37.086700 -38.998150
v -40.483500 -37.086700 -38.998150
v -23.261400 -36.147200 -34.611450
v -37.710700 -52.958700 -35.485750
v -0.191600 -44.629100 -39.065950
v -0.191600 -44.629100 -39.065950
v -23.261400 -36.147200 -34.611450
v 40.176700 -37.279400 39.122450
v 37.777300 -45.722100 35.509150
v 38.032600 -52.972900 34.497650
v 40.772300 -54.134900 14.663950
v 40.772300 -54.134900 14.663950
v 40.665200 -60.843100 14.644050
v 38.542500 -53.743600 -6.175750
v -42.712500 -53.804900 -39.020250
v -0.191600 -53.104500 -36.300250
v -42.712500 -53.804900 -39.020250
v -0.191600 -53.104500 -36.300250
v 25.106700 -53.953200 -39.001350
v -37.710700 -52.958700 -35.485750
v 25.106700 -53.953200 -39.001350
v 25.165300 -61.131700 -39.155250
v 37.870500 -45.356000 -35.181350
v 37.870500 -45.356000 -35.181350
v 40.763400 -54.208100 -12.963550
v 40.763400 -54.208100 -12.963550
v 39.066300 -45.572400 7.077250
v 38.542500 -53.743600 -6.175750
v 38.354800 -61.328300 0.004550
v 40.595100 -60.824200 -14.654650
v 38.354800 -61.328300 0.004550
v 37.921300 -76.130300 6.713250
v 37.755600 -45.356100 34.182550
v 38.032600 -52.972900 34.497650
v 41.486200 -44.265000 -38.056650
v 41.486200 -44.265000 -38.056650
v 41.486200 -44.265000 -38.056650
v 37.870500 -45.356000 -35.181350
v 41.245800 -36.951200 -38.948150
v 41.486200 -44.265000 -38.056650
v 36.855400 -35.514500 -34.503550
v 41.245800 -36.951200 -38.948150
v 41.245800 -36.951200 -38.948150
v 37.700300 -35.628600 -34.496350
v 37.328200 -52.957100 35.494550
v 37.755600 -45.356100 34.182550
v 40.975000 -44.105800 38.485450
v 40.975000 -44.105800 38.485450
v 39.968300 -44.067600 38.743850
v 39.968300 -44.067600 38.743850
v 37.755600 -45.356100 34.182550
v 37.578700 -35.453600 34.649250
v 23.103000 -36.048600 -34.646950
v 41.245800 -36.951200 -38.948150
v 37.700300 -35.628600 -34.496350
v 41.721200 -36.870700 -4.917250
v 39.066300 -45.572400 7.077250
v 41.721200 -36.870700 -4.917250
v 37.700300 -35.628600 -34.496350
v 37.921300 -76.130300 6.713250
v 37.700300 -35.628600 -34.496350
v 37.578700 -35.453600 34.649250
v 40.777600 -36.606100 38.302350
v 40.777600 -36.606100 38.302350
v 37.578700 -35.453600 34.649250
v 37.870500 -45.356000 -35.181350
v 37.993200 -52.901800 -35.436450
v 37.993200 -52.901800 -35.436450
v 37.993200 -52.901800 -35.436450
v 37.777300 -45.722100 35.509150
v 41.248200 -53.685600 -37.773050
v 41.561300 -61.256600 -37.389750
v 41.248200 -53.685600 -37.773050
v 37.993200 -52.901800 -35.436450
v 41.248200 -53.685600 -37.773050
v 41.248200 -53.685600 -37.773050
v 37.747800 -60.907300 -33.320150
v 41.561300 -61.256600 -37.389750
v 37.747800 -60.907300 -33.320150
v 41.561300 -61.256600 -37.389750
v 37.747800 -60.907300 -33.320150
v 41.561300 -61.256600 -37.389750
v 37.747800 -60.907300 -33.320150
v 37.752500 -75.493200 -34.154950
v 37.752500 -75.493200 -34.154950
v -40.871400 -53.729600 37.349350
v -41.135100 -61.121100 37.373850
v -40.871400 -53.729600 37.349350
v -41.289100 -61.354200 39.048150
v -41.135100 -61.121100 37.373850
v -38.215100 -60.890500 32.881350
v -41.289100 -61.354200 39.048150
v -37.522900 -75.506100 34.234250
v -18.244100 -76.065700 39.033850
v 37.014500 -75.581000 34.156650
v -37.522900 -75.506100 34.234250
v -37.965700 -75.463000 33.193050
v -38.231200 -53.208500 34.595850
v -38.138800 -45.356100 34.182550
v -37.982900 -45.262900 35.516050
v 37.014500 -75.581000 34.156650
v -40.785000 -36.674300 37.867050
v -40.785000 -36.674300 37.867050
v -38.138800 -45.356100 34.182550
v 40.759800 -76.145200 38.633950
v -37.657200 -60.719000 34.095850
v -0.191600 -60.759800 38.626050
v -37.657200 -60.719000 34.095850
v -40.789800 -53.890900 38.871550
v -0.191600 -60.759800 38.626050
v -40.789800 -53.890900 38.871550
v -0.191600 -53.104500 36.309350
v -37.626300 -52.952400 35.494450
v -0.191600 -53.104500 36.309350
v 41.396400 -61.353100 38.906650
v 41.396400 -61.353100 38.906650
v 37.232500 -61.170900 33.795350
v 37.232500 -61.170900 33.795350
v 37.328200 -52.957100 35.494550
v 40.666900 -53.917900 39.036950
v -38.138800 -45.356100 34.182550
v -37.982900 -45.262900 35.516050
v -40.286400 -37.038700 38.948950
v -40.286400 -37.038700 38.948950
v -38.043800 -35.603800 34.476750
v -40.491300 -44.564000 38.995350
v -37.626300 -52.952400 35.494450
v 37.516100 -75.465900 33.124550
v 40.488200 -53.729600 37.349350
v 40.666900 -53.917900 39.036950
v 38.032600 -52.972900 34.497650
v 41.003300 -61.121100 37.043250
v 40.488200 -53.729600 37.349350
v 41.003300 -61.121100 37.043250
v 37.850300 -60.830500 32.874450
v 37.516100 -75.465900 33.124550
v 40.759800 -76.145200 38.633950
v 37.516100 -75.465900 33.124550
v -40.491300 -44.564000 38.995350
v 37.850300 -60.830500 32.874450
v 37.850300 -60.830500 32.874450
v 41.499700 -121.881000 -42.561250
v 20.944800 -120.893700 -42.992350
v 44.658000 -119.074800 -44.363550
v 40.910500 -140.318100 -23.110450
v 40.815800 -138.910700 -41.966150
v 41.499700 -121.881000 -42.561250
v 42.468900 -121.207900 -42.137150
v 22.162400 -121.766700 -41.924150
v 40.815800 -138.910700 -41.966150
v 40.910500 -140.318100 -23.110450
v 41.345500 -140.208600 -41.170250
v 41.345500 -140.208600 -41.170250
v 42.840700 -143.178600 -42.725650
v 41.345500 -140.208600 -41.170250
v 38.136200 -140.350000 -42.173050
v 41.345500 -140.208600 -41.170250
v 42.840700 -143.178600 -42.725650
v 40.305200 -143.310900 -43.442950
v 32.319000 -139.704500 -41.937250
v 44.150200 -147.765000 -20.978450
v 45.195900 -146.975300 -47.204650
v 42.468900 -121.207900 -42.137150
v 42.840700 -143.178600 -42.725650
v 44.508300 -144.073900 -46.624850
v 40.305200 -143.310900 -43.442950
v 42.840700 -143.178600 -42.725650
v 44.508300 -144.073900 -46.624850
v 42.468900 -121.207900 -42.137150
v 42.468900 -121.207900 -42.137150
v 43.085300 -121.606500 -29.330850
v 43.085300 -121.606500 -29.330850
v 45.195900 -146.975300 -47.204650
v 45.195900 -146.975300 -47.204650
v 44.658000 -119.074800 -44.363550
v 22.162400 -121.766700 -41.924150
v 22.786800 -139.135700 -41.264050
v 22.266000 -140.132100 -41.443650
v 20.944800 -120.893700 -42.992350
v 22.266000 -140.132100 -41.443650
v 17.187700 -141.716900 -42.528550
v 14.747000 -142.905100 -41.756250
v 19.318500 -140.363000 -42.651250
v 14.747000 -142.905100 -41.756250
v 10.324500 -139.044600 -38.669150
v 44.658000 -119.074800 -44.363550
v -0.191600 -139.604300 -40.584050
v 42.135600 -140.722300 -21.692450
v 43.973100 -121.833000 32.382050
v 42.580800 -121.960700 14.985950
v 42.580800 -121.960700 14.985950
v 40.124500 -140.211800 -22.173250
v 44.280600 -119.226800 22.744450
v 41.480200 -125.409500 21.339150
v 43.827100 -122.369600 5.858350
v 41.000200 -125.748400 20.984450
v 40.493800 -125.051800 20.607850
v 40.910500 -140.318100 23.119550
v 40.493800 -125.051800 20.607850
v 39.769900 -125.488000 6.459750
v 41.000200 -125.748400 -20.975350
v 39.455000 -140.035200 -21.731350
v 40.124500 -140.211800 -22.173250
v 42.534800 -143.822300 -5.079050
v 39.455000 -140.035200 -21.731350
v 39.624800 -140.249300 22.818850
v 39.769900 -125.488000 6.459750
v 40.920300 -124.743800 0.031650
v 38.854000 -140.046400 22.084950
v 44.280600 -119.226800 22.744450
v 39.624800 -140.249300 22.818850
v -15.234100 -142.876100 -42.012050
v -15.234100 -142.876100 -42.012050
v 40.225900 -124.910400 -21.754650
v 42.534800 -143.822300 -5.079050
v 40.225900 -124.910400 -21.754650
v 38.854000 -140.046400 22.084950
v 41.480200 -125.409500 -21.330050
v 43.869700 -144.246800 2.611150
v -20.146200 -123.144300 40.130450
v 19.684200 -123.599500 39.760750
v -19.480800 -124.198100 38.833250
v 42.805500 -143.814200 20.312850
v 49.587000 -149.766600 6.671250
v 43.838700 -147.587600 14.639450
v -10.707700 -139.044600 38.678250
v 9.471700 -139.340600 38.912750
v 43.838700 -147.587600 14.639450
v 42.248700 -140.739500 19.969250
v -20.146200 -123.144300 40.130450
v -21.926400 -139.213900 39.662850
v -22.645500 -140.134400 41.452750
v -21.298400 -139.221400 38.746650
v -4.003100 -147.497200 50.724450
v -45.463700 -147.004200 47.115550
v 44.503400 -144.366200 46.800550
v -45.463700 -147.004200 47.115550
v 42.805500 -143.814200 20.312850
v 44.503400 -144.366200 46.800550
v 42.217100 -140.555500 22.258250
v 40.910500 -140.318100 23.119550
v 41.130900 -140.047300 42.061550
v 44.150200 -147.765000 -20.978450
v 14.850900 -142.876100 42.021150
v 17.187700 -141.716900 42.537650
v 9.471700 -139.340600 38.912750
v 22.270300 -140.133300 41.455450
v 20.915200 -139.221400 38.746650
v 19.085000 -140.404700 42.768850
v 14.850900 -142.876100 42.021150
v 42.865600 -143.339000 43.526050
v 21.543200 -139.213900 39.662850
v 42.457300 -121.392900 42.036050
v 44.803500 -119.239100 44.464450
v 42.457300 -121.392900 42.036050
v 44.803500 -119.239100 44.464450
v 41.510000 -121.880400 42.570550
v 42.457300 -121.392900 42.036050
v -0.191600 -139.604300 40.593150
v -10.707700 -139.044600 38.678250
v 20.775600 -121.153300 42.525750
v -14.420100 -142.909000 41.758250
v 41.510000 -121.880400 42.570550
v 22.160500 -121.683600 41.948350
v 40.024700 -138.856500 41.974950
v -14.420100 -142.909000 41.758250
v -17.570900 -141.716900 42.537650
v -19.883800 -140.350100 42.650650
v -22.645500 -140.134400 41.452750
v -21.298400 -139.221400 38.746650
v -40.524000 -143.304400 43.446750
v -21.926400 -139.213900 39.662850
v -44.909500 -144.002500 46.544850
v 42.457300 -121.392900 42.036050
v 41.130900 -140.047300 42.061550
v 45.211600 -147.311300 47.313450
v 50.387300 -148.897500 50.272950
v 50.387300 -148.897500 50.272950
v 45.211600 -147.311300 47.313450
v 45.211600 -147.311300 47.313450
v 42.865600 -143.339000 43.526050
v 41.130900 -140.047300 42.061550
v 41.130900 -140.047300 42.061550
v 42.865600 -143.339000 43.526050
v 32.319000 -139.704500 41.946350
v 45.211600 -147.311300 47.313450
v 42.865600 -143.339000 43.526050
v -38.690900 -140.349400 42.173550
v -43.046900 -143.129400 42.602350
v 22.789800 -139.138900 41.270350
v 22.160500 -121.683600 41.948350
v 22.270300 -140.133300 41.455450
v 20.775600 -121.153300 42.525750
v -40.524000 -143.304400 43.446750
v -43.046900 -143.129400 42.602350
v -43.046900 -143.129400 42.602350
v -44.909500 -144.002500 46.544850
v 19.684200 -123.599500 39.760750
v 21.543200 -139.213900 39.662850
v 18.972600 -124.308600 38.814550
v 20.915200 -139.221400 38.746650
v 45.218900 -164.371900 47.259150
v 49.780000 -159.547800 -49.538650
v 51.535700 -167.014900 26.458350
v 45.218900 -164.371900 47.259150
v 55.871800 -177.269800 62.197850
v -54.328900 -182.092800 60.591750
v 54.607800 -182.063700 60.597050
v -28.148700 -170.073900 62.208650
v 9.704400 -169.424200 62.219250
v 8.868600 -168.396400 61.053250
v 16.148900 -167.593800 54.977150
v -0.485300 -165.808200 54.452250
v 16.148900 -167.593800 54.977150
v 56.958400 -182.094000 59.080350
v 54.607800 -182.063700 60.597050
v -54.328900 -182.092800 60.591750
v 51.672200 -165.913500 53.716250
v -0.191600 -164.446600 46.134350
v -0.191600 -164.446600 46.134350
v 35.162000 -159.497800 51.805150
v 45.218900 -164.371900 47.259150
v 58.652000 -171.804800 -36.106250
v 57.950800 -170.572200 27.046450
v 51.980700 -169.364100 -35.440250
v 52.325900 -169.822600 33.595050
v 52.325900 -169.822600 33.595050
v 51.980700 -169.364100 -35.440250
v 51.672200 -165.913500 53.716250
v 53.138900 -169.104600 55.052850
v 58.048800 -170.100500 61.018750
v 53.138900 -169.104600 55.052850
v 53.138900 -169.104600 55.052850
v 58.048800 -170.100500 61.018750
v 55.936700 -171.721600 61.374950
v 56.958400 -182.094000 59.080350
v 56.958400 -182.094000 59.080350
v 58.541300 -177.404100 60.303350
v 58.541300 -177.404100 60.303350
v 58.369200 -171.621600 59.959250
v 53.138900 -169.104600 55.052850
v 58.369200 -171.621600 59.959250
v 49.618000 -160.291300 49.433950
v 47.562000 -156.827000 53.304950
v 45.218900 -164.371900 47.259150
v 49.351200 -159.875900 51.852450
v 49.351200 -159.875900 51.852450
v 50.955800 -151.409600 52.099450
v -57.548600 -182.093700 59.436250
v 51.197200 -155.183100 50.032450
v 50.955800 -151.409600 52.099450
v -57.548600 -182.093700 59.436250
v -59.001500 -177.742500 58.779550
v -56.229800 -178.027600 62.150350
v -57.548600 -182.093700 59.436250
v -58.702100 -172.331600 61.008450
v -58.702100 -172.331600 61.008450
v -59.038200 -171.751300 58.897150
v -58.015300 -170.148900 60.486150
v -53.403000 -169.103600 55.059150
v -52.222700 -166.266800 53.910950
v -56.319900 -171.721600 61.374950
v -58.015300 -170.148900 60.486150
v -53.403000 -169.103600 55.059150
v -55.681000 -169.272200 61.006050
v -27.446300 -168.181000 55.012750
v -27.446300 -168.181000 55.012750
v -45.817000 -164.522200 47.228850
v -47.032700 -159.878900 52.029650
v -45.817000 -164.522200 47.228850
v 45.667600 -164.507900 -47.252050
v 45.667600 -164.507900 -47.252050
v 51.398900 -154.876600 -50.129750
v 57.847300 -170.697100 -27.598150
v -59.062400 -177.924000 -60.335350
v -44.533400 -147.765000 20.987550
v -44.403200 -144.263300 21.606250
v -50.392400 -149.372300 50.132150
v -44.533400 -147.765000 20.987550
v -44.142100 -147.472900 -16.844850
v 47.226400 -149.811700 51.923150
v -44.142100 -147.472900 -16.844850
v 0.321600 -153.852100 53.448050
v -47.622200 -149.403100 52.136450
v -48.036300 -154.750500 53.118350
v -51.381400 -151.486800 51.996750
v -51.381400 -151.486800 51.996750
v -51.063800 -158.582000 50.234050
v -51.279000 -151.061800 48.964050
v -45.463700 -147.004200 47.115550
v -45.463700 -147.004200 47.115550
v -49.734400 -159.875900 51.852450
v -49.734400 -159.875900 51.852450
v -45.817000 -164.522200 47.228850
v -46.149400 -164.397400 -46.508250
v -44.203400 -164.446600 -47.211450
v -46.888100 -159.628300 -51.681250
v -44.203400 -164.446600 -47.211450
v -46.149400 -164.397400 -46.508250
v -46.149400 -164.397400 -46.508250
v -50.842100 -158.262500 -52.914450
v -50.392400 -149.372300 50.132150
v -50.842100 -158.262500 -52.914450
v -51.411000 -150.646100 -48.973150
v -48.036300 -154.759100 -53.112250
v -50.695200 -150.217200 -51.381850
v -50.695200 -150.217200 -51.381850
v -47.591400 -149.822700 -51.921950
v 51.020100 -150.678600 48.933550
v -10.864700 -164.396200 -46.133050
v -10.864700 -164.396200 -46.133050
v -0.882800 -153.844800 -53.427450
v -51.384600 -158.439700 -50.192850
v -50.710900 -148.233300 -50.815250
v -50.221000 -149.357900 -48.152950
v -46.001700 -147.046400 -46.985250
v -50.710900 -148.233300 -50.815250
v -46.001700 -147.046400 -46.985250
v -44.883700 -144.099900 -46.294250
v -46.001700 -147.046400 -46.985250
v -44.883700 -144.099900 -46.294250
v -46.001700 -147.046400 -46.985250
v 23.716400 -147.763700 -50.467750
v 47.203900 -149.409400 -52.114750
v 46.630600 -159.902500 -52.062950
v 45.667600 -164.507900 -47.252050
v 47.597300 -154.807200 -53.133950
v 50.821300 -150.788400 -48.922350
v 49.351200 -159.875900 -51.843350
v 49.351200 -159.875900 -51.843350
v 50.959500 -151.529200 -52.083750
v 50.959500 -151.529200 -52.083750
v 50.333700 -148.954300 -50.467850
v 45.195900 -146.975300 -47.204650
v 50.333700 -148.954300 -50.467850
v -46.426300 -94.019300 -46.230150
v -4.084600 -93.804800 -46.230150
v -46.394900 -85.476400 47.009550
v 47.826500 -113.698300 0.004550
v 47.187900 -118.175300 46.740250
v 50.019200 -112.668800 48.515550
v 49.168000 -113.132000 0.004550
v 49.690400 -110.541800 -48.821150
v -51.717100 -94.297800 52.218450
v 13.188700 -94.808400 52.827450
v -51.717100 -94.019300 51.530050
v -0.191600 -94.019300 51.530050
v -46.969500 -94.019300 46.653550
v -0.191600 -94.019300 51.530050
v -0.191600 -94.019300 46.239250
v -47.312400 -94.628200 47.069850
v -52.690700 -109.660900 0.004550
v -52.687200 -109.683400 -52.008450
v -52.405500 -110.333200 0.004550
v -52.690700 -94.970000 0.004550
v -0.181100 -91.393400 43.525550
v 9.624900 -91.217400 39.656450
v -0.165300 -91.393400 39.422150
v -43.685900 -91.393400 43.525550
v -0.191600 -94.019300 46.239250
v -0.181100 -91.393400 43.525550
v -46.426300 -94.019300 0.004550
v -43.685900 -91.393400 -43.483950
v -46.426300 -94.019300 -46.230150
v -46.426300 -94.019300 -46.230150
v -51.717100 -94.019300 0.004550
v -46.426300 -94.019300 -46.230150
v -51.469300 -95.178600 -51.896550
v -52.148700 -95.479400 -52.629150
v -51.717100 -94.019300 0.004550
v -52.442900 -96.129400 -51.896550
v -51.469300 -95.178600 -51.896550
v -52.405500 -94.297800 0.004550
v -46.426300 -94.019300 0.004550
v -43.685900 -91.393400 0.020750
v -52.148700 -95.479400 -52.629150
v -52.687200 -109.683400 -52.008450
v -52.442900 -96.129400 -51.896550
v -0.181100 -91.393400 43.525550
v -0.165300 -91.393400 39.422150
v -39.534900 -91.390100 39.372850
v -51.553400 -108.871800 51.100950
v 3.191600 -110.422100 49.612550
v -50.119400 -112.816700 48.754850
v -0.795400 -112.691000 48.945750
v 48.909300 -112.998400 47.691350
v 47.826500 -113.698300 0.004550
v 48.909300 -112.998400 47.691350
v -47.394100 -113.357700 47.866050
v 48.909300 -112.998400 47.691350
v -47.394100 -113.357700 47.866050
v 0.235100 -116.806100 46.886250
v 48.909300 -112.998400 47.691350
v -51.717100 -94.970000 52.503650
v -51.717100 -94.019300 51.530050
v -52.383300 -94.254500 52.131450
v 43.323600 -91.393400 0.020750
v 43.323600 -91.393400 -43.483950
v 39.211500 -91.393400 -39.331450
v 50.359800 -110.542300 48.844250
v 39.362500 -91.043500 18.283250
v 43.323600 -91.393400 0.020750
v 39.211500 -91.393400 0.045350
v 46.043100 -94.019300 0.004550
v 52.495400 -93.746200 22.948050
v 51.996600 -94.086300 0.505350
v 43.490400 -91.043500 20.170550
v 46.043100 -94.019300 0.004550
v 43.323600 -91.393400 0.020750
v 43.490400 -91.043500 20.170550
v 46.220400 -93.669400 21.418750
v 46.220400 -93.669400 21.418750
v 46.043100 -94.019300 0.004550
v 46.043100 -94.019300 -46.230150
v 43.323600 -91.393400 -43.483950
v 39.211500 -91.393400 0.045350
v 46.043100 -94.019300 -46.230150
v 46.043100 -94.019300 0.004550
v 51.996600 -94.086300 0.505350
v 43.323600 -91.393400 0.020750
v -52.273000 -109.509700 50.678050
v 39.513500 -91.393400 39.890750
v 43.490400 -91.043500 20.170550
v 39.362500 -91.043500 18.283250
v 46.397700 -94.019300 46.789450
v 43.657300 -91.393400 44.043250
v 46.220400 -93.669400 21.418750
v 43.490400 -91.043500 20.170550
v -52.690700 -94.970000 51.530050
v -46.969500 -94.019300 46.653550
v 44.803500 -119.239100 44.464450
v 47.187900 -118.175300 46.740250
v 50.019200 -112.668800 48.515550
v -47.312400 -94.628200 47.069850
v -51.717100 -94.019300 0.004550
v -51.717100 -94.019300 51.530050
v -46.969500 -94.019300 46.653550
v -52.273000 -109.509700 50.678050
v 51.579700 -110.108900 53.100850
v 50.359800 -110.542300 48.844250
v -0.191600 -94.019300 46.239250
v 11.303700 -93.843400 46.514350
v 10.635400 -91.217400 43.784350
v 10.635400 -91.217400 43.784350
v -0.181100 -91.393400 43.525550
v 10.635400 -91.217400 43.784350
v 39.513500 -91.393400 39.890750
v 9.624900 -91.217400 39.656450
v 11.303700 -93.843400 46.514350
v 43.657300 -91.393400 44.043250
v 10.635400 -91.217400 43.784350
v 46.397700 -94.019300 46.789450
v 43.657300 -91.393400 44.043250
v -0.191600 -94.019300 46.239250
v -0.191600 -94.019300 51.530050
v 11.303700 -93.843400 46.514350
v 9.484000 -93.939800 52.472250
v 9.484000 -93.939800 52.472250
v 46.397700 -94.019300 46.789450
v 51.695400 -96.112400 53.083150
v 44.803500 -119.239100 44.464450
v -52.527000 -108.871800 50.127350
v -46.426300 -94.019300 0.004550
v -46.426300 -94.019300 0.004550
v -43.685900 -91.393400 43.525550
v -43.685900 -91.393400 0.020750
v -52.690700 -94.970000 51.530050
v -52.383300 -94.254500 52.131450
v -46.969500 -94.019300 46.653550
v -51.717100 -94.019300 51.530050
v 51.549400 -110.533600 52.018150
v 52.278500 -109.539600 52.046050
v 46.397700 -94.019300 46.789450
v 43.657300 -91.393400 44.043250
v 51.688500 -95.130800 52.080250
v 51.688500 -95.130800 52.080250
v 51.688500 -95.130800 52.080250
v 51.688500 -95.130800 52.080250
v -52.527000 -108.871800 50.127350
v 52.670100 -96.181300 52.579650
v -57.449200 -182.089400 -59.138350
v -56.250300 -177.359700 -62.182050
v -57.449200 -182.089400 -59.138350
v -57.449200 -182.089400 -59.138350
v -59.062400 -177.924000 -60.335350
v -52.222700 -166.266800 53.910950
v -52.624500 -169.784900 23.400450
v -53.403000 -169.103600 55.059150
v -58.231300 -170.697600 27.551550
v -52.233500 -166.991900 29.627550
v -53.403000 -169.103600 55.059150
v -52.624500 -169.784900 23.400450
v -53.077300 -169.526100 0.004550
v -53.077300 -169.526100 0.004550
v -58.337800 -170.574900 -26.964350
v 57.282600 -182.096400 -58.067150
v -58.781600 -171.617500 -60.031650
v 51.893000 -166.746200 -53.392950
v -56.319900 -171.721600 -61.365850
v -58.781600 -171.617500 -60.031650
v -58.379000 -170.099500 -61.062050
v -58.379000 -170.099500 -61.062050
v -53.347400 -169.102900 -54.997550
v -52.280300 -166.032100 -53.815150
v -53.347400 -169.102900 -54.997550
v -53.347400 -169.102900 -54.997550
v -55.779300 -182.086600 -60.808550
v 51.893000 -166.746200 -53.392950
v 45.667600 -164.507900 -47.252050
v 2.966900 -165.757500 -54.551350
v 53.265400 -169.120200 -54.826350
v -45.817000 -164.522200 47.228850
v -52.629100 -169.838000 -18.138450
v -52.280300 -166.032100 -53.815150
v -53.347400 -169.102900 -54.997550
v -52.629100 -169.838000 -18.138450
v -52.063400 -166.880900 -30.918450
v -46.149400 -164.397400 -46.508250
v -55.779300 -182.086600 -60.808550
v -6.677400 -169.283200 -62.219250
v -9.309500 -168.387900 -61.034650
v 57.633600 -170.149800 -60.482050
v 53.265400 -169.120200 -54.826350
v 57.282600 -182.096400 -58.067150
v 59.062400 -171.606500 -60.283350
v 53.265400 -169.120200 -54.826350
v 57.633600 -170.149800 -60.482050
v 55.936700 -171.721600 -61.365850
v 59.062400 -171.606500 -60.283350
v 55.851200 -177.705900 -62.129950
v 57.212800 -180.797000 -60.001350
v -6.444600 -167.264900 -54.919350
v -6.444600 -167.264900 -54.919350
v 27.765500 -170.073900 -62.199550
v 27.063100 -168.181000 -55.003650
v 27.063100 -168.181000 -55.003650
v 55.317100 -169.285700 -60.997050
v 57.212800 -180.797000 -60.001350
v 54.084200 -182.096300 -60.372050
v 57.212800 -180.797000 -60.001350
v 54.084200 -182.096300 -60.372050
v 53.265400 -169.120200 -54.826350
v -52.346600 -110.330900 -52.234850
v -45.547300 -118.707400 -45.019950
v -47.207600 -118.093200 -46.628450
v -49.122100 -112.923200 -46.737650
v -45.547300 -118.707400 -45.019950
v -47.207600 -118.093200 -46.628450
v -4.030000 -110.424700 -49.603750
v -50.181900 -112.743100 -48.639050
v -50.783200 -110.552100 -48.830550
v 0.135300 -116.807400 -46.876550
v -47.484500 -113.352800 -47.858550
v -51.717100 -109.660900 -52.494550
v -52.346600 -110.330900 -52.234850
v -50.181900 -112.743100 -48.639050
v -49.122100 -112.923200 -46.737650
v -50.783200 -110.552100 -48.830550
v -50.181900 -112.743100 -48.639050
v -50.181900 -112.743100 -48.639050
v 27.986500 -118.456000 44.109150
v 2.817600 -120.544500 42.596950
v -21.268000 -120.883300 43.030950
v -22.536800 -121.765800 41.932750
v -21.268000 -120.883300 43.030950
v -23.172600 -139.136300 41.273250
v -32.702200 -139.704500 41.946350
v -41.868600 -121.919100 42.563250
v -44.663800 -119.226800 -22.735350
v -9.144200 -118.059400 43.644050
v -9.144200 -118.059400 43.644050
v 27.986500 -118.456000 44.109150
v -49.551200 -113.132000 0.004550
v -22.536800 -121.765800 41.932750
v -43.071800 -121.025200 43.197950
v -43.071800 -121.025200 43.197950
v -44.356300 -121.833000 32.382050
v -41.863400 -125.409500 21.339150
v -41.868600 -121.919100 42.563250
v -40.413200 -138.854000 41.979950
v -43.071800 -121.025200 43.197950
v -41.614900 -139.793700 41.473450
v -41.614900 -139.793700 41.473450
v -41.293700 -140.318100 23.119550
v -45.353000 -118.798400 44.915550
v -43.071800 -121.025200 43.197950
v -44.920900 -119.063700 21.958950
v -48.209700 -113.698300 0.004550
v -41.614900 -139.793700 41.473450
v -39.838200 -140.035200 -21.731350
v -41.383400 -125.748400 -20.975350
v -40.507700 -140.211800 -22.173250
v -48.209700 -113.698300 0.004550
v -50.112900 -110.427900 6.979550
v -43.046900 -143.129400 42.602350
v -41.614900 -139.793700 41.473450
v -40.596300 -140.314700 0.004550
v -39.838200 -140.035200 -21.731350
v -40.507700 -140.211800 -22.173250
v -41.293700 -140.318100 23.119550
v -42.847100 -122.014900 20.333250
v -39.948800 -139.941400 21.530550
v -42.847100 -122.014900 20.333250
v -41.383400 -125.748400 20.984450
v -41.428300 -124.923200 0.702950
v -40.515600 -125.058800 21.301950
v -40.875100 -125.055100 -20.584450
v -40.212900 -125.510900 -8.954950
v -40.875100 -125.055100 -20.584450
v -42.745000 -122.018200 -19.328950
v -41.863400 -125.409500 -21.330050
v -43.651200 -122.461600 -1.381150
v -44.663800 -119.226800 -22.735350
v -42.745000 -122.018200 -19.328950
v -39.948800 -139.941400 21.530550
v -40.212900 -125.510900 -8.954950
v -43.651200 -122.461600 -1.381150
v -40.515600 -125.058800 21.301950
v -40.507700 -140.211800 22.182350
v -45.353000 -118.798400 44.915550
v -40.507700 -140.211800 22.182350
v -44.920900 -119.063700 21.958950
v -47.653200 -118.001500 45.980150
v -49.095300 -112.919800 46.830350
v -50.119400 -112.816700 48.754850
v -49.095300 -112.919800 46.830350
v -45.353000 -118.798400 44.915550
v -46.786200 -117.632600 47.049450
v -47.653200 -118.001500 45.980150
v -50.831700 -110.543000 48.861250
v -45.353000 -118.798400 44.915550
v -50.831700 -110.543000 48.861250
v -50.119400 -112.816700 48.754850
v -50.119400 -112.816700 48.754850
v -42.875000 -140.385200 19.969250
v 20.915200 -139.221400 -38.737550
v 21.543200 -139.213900 -39.653750
v -43.501300 -143.645000 19.761150
v -42.108200 -140.422400 0.004550
v -43.501300 -143.645000 19.761150
v -19.346400 -124.303900 -38.804950
v 19.097600 -124.198100 -38.824150
v 10.324500 -139.044600 -38.669150
v -43.710800 -143.541700 -20.051050
v 20.915200 -139.221400 -38.737550
v -19.944500 -123.567700 -39.756350
v 19.763000 -123.144300 -40.121350
v 4.294000 -120.555100 -42.638550
v 21.543200 -139.213900 -39.653750
v 19.763000 -123.144300 -40.121350
v 44.658000 -119.074800 -44.363550
v 19.515300 -118.083500 -43.805450
v 19.515300 -118.083500 -43.805450
v -43.061400 -121.036700 -43.143550
v -41.293700 -140.318100 -23.110450
v -44.356300 -121.833000 -32.372950
v -42.875000 -140.385200 -19.960150
v -44.704100 -143.870700 -43.738450
v -43.710800 -143.541700 -20.051050
v -41.293700 -140.318100 -23.110450
v -21.184800 -121.187400 -42.504550
v -9.347700 -139.320700 -38.899950
v -27.867700 -118.348800 -44.046850
v -22.550700 -121.765900 -41.924550
v -21.298400 -139.221400 -38.737550
v -21.926400 -139.213900 -39.653750
v -19.944500 -123.567700 -39.756350
v -21.184800 -121.187400 -42.504550
v -22.651000 -140.131300 -41.443750
v -22.550700 -121.765900 -41.924550
v -23.168600 -139.135500 -41.263850
v -9.347700 -139.320700 -38.899950
v -22.651000 -140.131300 -41.443750
v -17.570900 -141.716900 -42.528550
v -21.298400 -139.221400 -38.737550
v -19.498900 -140.365700 -42.694650
v -21.926400 -139.213900 -39.653750
v -32.702200 -139.704500 -41.937250
v -40.569700 -143.305700 -43.448450
v -27.867700 -118.348800 -44.046850
v -45.547300 -118.707400 -45.019950
v -43.061400 -121.036700 -43.143550
v -43.061400 -121.036700 -43.143550
v -41.881000 -121.912000 -42.555450
v -43.148500 -143.267300 -42.637050
v -40.569700 -143.305700 -43.448450
v -43.148500 -143.267300 -42.637050
v -43.148500 -143.267300 -42.637050
v -38.703400 -140.348700 -42.162750
v -43.148500 -143.267300 -42.637050
v -41.610200 -139.799500 -41.467050
v -40.412900 -138.853300 -41.970750
v -41.610200 -139.799500 -41.467050
v -41.610200 -139.799500 -41.467050
v -41.610200 -139.799500 -41.467050
v -45.547300 -118.707400 -45.019950
v -41.881000 -121.912000 -42.555450
v -43.061400 -121.036700 -43.143550
v -51.831100 -109.572900 50.836150
v 52.670100 -96.181300 52.579650
v -49.816400 -110.611600 48.446850
v -0.191600 -110.611600 51.530050
v -51.831100 -109.572900 50.836150
v -0.191600 -110.611600 51.530050
v -51.717100 -110.611600 0.004550
v -49.816400 -110.611600 48.446850
v -51.831100 -109.572900 50.836150
v -51.717100 -110.611600 0.004550
v -51.831100 -109.572900 50.836150
v 18.667000 -110.979100 52.429250
v 18.667000 -110.979100 52.429250
v 49.401200 -110.611600 48.288350
v 51.549400 -110.533600 52.018150
v 52.278500 -109.539600 52.046050
v 52.504000 -109.826400 21.613350
v 51.549400 -110.533600 52.018150
v 51.966000 -111.066300 23.240050
v 49.401200 -110.611600 48.288350
v 51.966000 -111.066300 23.240050
v 51.549400 -110.533600 52.018150
v -49.816400 -110.611600 0.004550
v -0.360100 -110.725600 48.687950
v -0.191600 -110.611600 51.530050
v 52.495400 -93.746200 22.948050
v 52.315200 -94.409600 19.008050
v 51.996600 -94.086300 0.505350
v 53.554500 -94.908500 -52.014550
v 54.143100 -96.080200 -51.960350
v 49.548200 -110.680700 0.444350
v 52.223100 -110.370700 20.386650
v 51.451500 -109.929800 -51.610650
v 51.807800 -109.656300 -51.316050
v 51.333900 -110.611600 0.004550
v 50.566800 -110.171800 -50.762550
v 48.775200 -112.953500 -46.608650
v 49.433200 -110.611600 -48.437750
v 51.333900 -110.611600 0.004550
v 49.548200 -110.680700 0.444350
v 49.739200 -112.796300 -48.731950
v 48.775200 -112.953500 -46.608650
v 54.044000 -95.328900 -52.762950
v 53.554500 -94.908500 -52.014550
v 54.044000 -95.328900 -52.762950
v 53.426500 -95.201800 -52.678550
v 53.183000 -95.821900 -52.909450
v 50.845400 -109.383100 -51.808150
v 54.143100 -96.080200 -51.960350
v 51.807800 -109.656300 -51.316050
v -3.686400 -94.181400 -52.022850
v 46.857000 -118.055400 -46.578150
v -47.484500 -113.352800 -47.858550
v -0.795500 -112.691000 -48.936650
v -4.226000 -110.736500 -52.473050
v -51.717100 -110.611600 -51.520950
v -4.882200 -109.899200 -52.904950
v -51.469300 -96.129400 -52.870150
v 46.857000 -118.055400 -46.578150
v -51.717100 -110.611600 -51.520950
v -0.360100 -110.725600 48.687950
v -51.717100 -110.611600 0.004550
v -49.830100 -110.728000 -48.456050
v 51.451500 -109.929800 -51.610650
v 49.690400 -110.541800 -48.821150
v 49.739200 -112.796300 -48.731950
v 47.118800 -113.355800 -47.843450
v 49.739200 -112.796300 -48.731950
v 47.118800 -113.355800 -47.843450
v 49.739200 -112.796300 -48.731950
v 46.043100 -94.019300 -46.230150
v -3.686400 -94.181400 -52.022850
v -4.838700 -94.617300 -52.734850
v 51.333900 -110.611600 0.004550
v 50.566800 -110.171800 -50.762550
v 49.433200 -110.611600 -48.437750
v -49.830100 -110.728000 -48.456050
v -4.226000 -110.736500 -52.473050
v -9.974400 -113.079800 -47.649050
v -9.974400 -113.079800 -47.649050
v -51.469300 -95.457100 -52.584950
v -49.816400 -110.611600 0.004550
v -4.838700 -94.617300 -52.734850
# 1816 vertices

vn 0.030969 -0.015969 -0.999375
vn 0.180875 0.007969 -0.983437
vn 0.039031 -0.985469 0.165219
vn -0.030875 -0.988281 0.149438
vn 0.031094 -0.948219 0.316063
vn -0.031000 -0.945781 0.323250
vn 0.046844 -0.690687 0.721594
vn -0.046875 -0.636312 0.769969
vn 0.046937 -0.369594 0.928000
vn 0.024062 -0.956125 0.291938
vn -0.024062 -0.956125 0.291938
vn 0.030969 -0.897156 0.440562
vn 0.054906 -0.007969 0.998438
vn -0.054875 -0.023937 0.998187
vn 0.023937 -0.330469 0.943500
vn 0.039031 -0.535406 0.843656
vn -0.055062 -0.480625 0.875156
vn -0.055125 -0.315719 0.947219
vn -0.030969 -0.889125 0.456562
vn -0.054906 -0.015969 0.998344
vn -0.502969 -0.864250 0.007969
vn -0.666625 -0.745344 0.000000
vn -0.781594 -0.623281 0.024031
vn -0.645656 -0.763594 0.000000
vn -0.527656 -0.849437 0.000000
vn -0.905312 -0.424688 0.000000
vn -0.959250 -0.282469 0.000000
vn -0.992969 -0.118094 0.000000
vn -0.963094 -0.268562 0.016031
vn -0.583594 -0.811844 -0.016000
vn -0.698719 -0.714688 0.030875
vn -0.535750 -0.844187 0.016000
vn -0.996375 -0.070719 0.046813
vn -0.996375 -0.070719 -0.046813
vn -0.259125 0.965781 0.007969
vn -0.227406 0.973500 0.023937
vn -0.268625 0.963219 0.000000
vn -0.998469 -0.054906 0.000000
vn -0.998125 -0.046906 0.038906
vn -0.973781 -0.227469 0.000000
vn -0.268594 0.963188 -0.008000
vn -0.637031 -0.770813 0.000000
vn -0.770594 -0.636844 -0.023937
vn -0.963094 -0.268562 -0.016031
vn -0.784156 -0.619750 -0.030875
vn -0.943313 -0.330406 0.030938
vn -0.487469 -0.873062 -0.007969
vn -0.962750 -0.268469 -0.031031
vn -0.994438 -0.102250 -0.024031
vn -0.995031 -0.094281 0.031094
vn -0.992844 -0.118094 -0.016000
vn -0.227406 0.973500 -0.023937
vn -0.998125 -0.046906 -0.038906
vn -0.988813 -0.141531 0.046844
vn -0.046937 0.015969 0.998750
vn -0.062844 0.015937 0.997875
vn -0.992844 -0.118094 0.016000
vn -0.093844 -0.361469 0.927625
vn -0.093844 -0.361469 -0.927625
vn -0.047031 -0.669875 -0.740969
vn 0.016031 -0.316156 -0.948531
vn -0.055094 -0.986000 -0.157312
vn 0.000000 -0.988750 -0.149500
vn -0.031000 -0.945781 -0.323250
vn -0.047000 -0.535219 -0.843375
vn 0.000000 -0.340187 -0.940344
vn -0.094000 -0.260000 -0.961000
vn 0.031000 -0.945781 -0.323250
vn 0.038906 -0.636531 -0.770250
vn 0.963094 -0.268562 0.016031
vn 0.959250 -0.282469 0.000000
vn 0.767313 -0.640781 0.024094
vn 0.991719 -0.125938 0.023969
vn 0.992969 -0.118094 0.000000
vn -0.015969 0.990844 -0.133844
vn 0.007969 0.990937 -0.133844
vn -0.007969 0.989875 -0.141687
vn -0.078750 -0.007969 -0.996844
vn 0.070781 -0.023906 -0.997187
vn -0.062844 -0.007969 -0.997969
vn -0.030844 -0.901812 -0.431000
vn -0.031094 -0.955938 -0.291875
vn 0.024062 -0.956125 -0.291938
vn 0.117781 -0.527094 -0.841563
vn 0.000000 -0.615094 -0.788406
vn 0.046875 -0.872156 -0.486969
vn 0.996375 -0.070719 -0.046813
vn 0.996375 -0.070719 0.046813
vn 0.967656 -0.251656 -0.015969
vn 0.777687 -0.628156 -0.023906
vn 0.496969 -0.867719 -0.008000
vn 0.666625 -0.745344 0.000000
vn 0.991719 -0.125938 -0.023969
vn 0.654219 -0.756281 0.000000
vn 0.986219 -0.165344 0.000000
vn 0.938062 -0.346375 0.000000
vn 0.960656 -0.275906 -0.030969
vn 0.777562 -0.628031 -0.030875
vn 0.949000 -0.313656 0.030844
vn 0.535750 -0.844187 -0.016000
vn 0.710750 -0.702719 0.031063
vn 0.559906 -0.828375 0.016000
vn 0.996406 -0.078687 -0.030875
vn 0.493531 -0.869656 0.007938
vn 0.994438 -0.102250 0.024031
vn 0.038938 -0.888875 -0.456406
vn 0.055062 -0.480625 -0.875156
vn 0.062750 -0.352719 -0.933594
vn 0.008000 -0.969688 -0.244156
vn 0.047031 -0.985125 -0.165187
vn 0.093594 -0.274812 -0.956906
vn 0.054906 -0.015969 -0.998344
vn 0.527656 -0.849437 0.000000
vn 0.662156 -0.749313 0.000000
vn 0.062844 0.015937 -0.997875
vn -0.046937 0.015969 -0.998750
vn 0.046937 0.015969 -0.998750
vn 0.007969 0.989875 0.141687
vn 0.015969 0.990844 0.133844
vn -0.007969 0.990937 0.133844
vn 0.000000 -0.969719 -0.244156
vn 0.046781 -0.964750 -0.258844
vn 0.023937 -0.967500 -0.251594
vn -0.024000 -0.244094 -0.969437
vn 0.015969 -0.133844 -0.990844
vn -0.031000 -0.299188 -0.953656
vn 0.157500 -0.213687 -0.964094
vn 0.998469 -0.054906 0.000000
vn 0.973781 -0.227469 0.000000
vn 0.998125 -0.046906 0.038906
vn 0.268594 0.963188 0.008000
vn 0.268625 0.963219 0.000000
vn 0.227406 0.973500 0.023937
vn 0.046937 0.015969 0.998750
vn -0.015969 0.990844 0.133844
vn 0.054906 0.015969 0.998344
vn 0.030938 -0.967344 0.251563
vn 0.046781 -0.964750 0.258844
vn 0.000000 -0.969719 0.244156
vn -0.023937 -0.967500 0.251594
vn -0.024000 -0.244094 0.969437
vn 0.007969 -0.141687 0.989875
vn 0.157500 -0.213687 0.964094
vn 0.008000 -0.969688 0.244156
vn 0.024000 -0.244094 0.969437
vn 0.007969 -0.188594 0.982000
vn 0.031094 -0.379500 0.924656
vn 0.998125 -0.046906 -0.038906
vn 0.259125 0.965781 -0.007969
vn 0.988813 -0.141531 0.046844
vn 0.614937 -0.788188 0.024031
vn 0.015937 -0.188594 -0.981906
vn 0.988625 -0.142656 0.047219
vn 0.994656 -0.087219 0.055125
vn 0.996875 -0.078750 0.000000
vn 0.623469 -0.781844 0.000000
vn 0.987500 -0.157531 0.000000
vn 0.686938 -0.726031 0.031063
vn 0.997719 -0.038906 0.054875
vn 0.999844 -0.015969 0.000000
vn 0.998844 -0.007969 0.046937
vn 0.770813 -0.637031 0.000000
vn 0.614937 -0.788188 -0.024031
vn 0.686938 -0.726031 -0.031063
vn 0.988625 -0.142656 -0.047219
vn -0.015969 -0.999719 0.015969
vn 0.007969 -0.997437 -0.070813
vn 0.007969 -0.996188 -0.086656
vn 0.998844 -0.007969 -0.046937
vn 1.000000 0.000000 0.000000
vn 0.133844 -0.007969 -0.990937
vn 0.227406 0.973500 -0.023937
vn 0.133844 -0.007969 0.990937
vn 0.988813 -0.141531 -0.046844
vn 0.994656 -0.087219 -0.055125
vn 0.205469 0.024031 0.978344
vn 0.117594 -0.156438 0.980656
vn -0.046781 -0.964750 0.258844
vn -0.156281 -0.212031 0.964656
vn -0.117594 -0.156438 0.980656
vn 0.117594 -0.156438 -0.980656
vn 0.997719 -0.038906 -0.054875
vn -0.614937 -0.788188 0.024031
vn -0.994656 -0.087219 0.055125
vn 0.197781 0.024094 -0.979937
vn -0.988625 -0.142656 0.047219
vn -0.996875 -0.078750 0.000000
vn -0.623469 -0.781844 0.000000
vn -0.686938 -0.726031 0.031063
vn -0.987500 -0.157531 0.000000
vn -0.997719 -0.038906 0.054875
vn -0.998844 -0.007969 0.046937
vn -0.999687 -0.023969 0.000000
vn -0.117594 -0.156438 -0.980656
vn -0.156281 -0.212031 -0.964656
vn 0.024000 -0.244094 -0.969437
vn -0.988813 -0.141531 -0.046844
vn -0.614937 -0.788188 -0.024031
vn -0.994656 -0.087219 -0.055125
vn -0.988625 -0.142656 -0.047219
vn -0.046781 -0.964750 -0.258844
vn -0.030875 -0.965375 -0.259000
vn -0.686938 -0.726031 -0.031063
vn -0.997719 -0.038906 -0.054875
vn -0.998844 -0.007969 -0.046937
vn -0.133844 -0.007969 -0.990937
vn -0.770813 -0.637031 0.000000
vn -0.133844 -0.007969 0.990937
vn -0.205469 0.024031 0.978344
vn -0.205469 0.024031 -0.978344
vn -0.054875 0.023937 -0.998187
vn 0.078719 0.023906 0.996594
vn 0.569188 0.008000 0.822156
vn 0.102250 -0.008000 0.994719
vn -0.054906 0.007969 0.998438
vn 0.000000 0.000000 -1.000000
vn -0.015969 0.015969 -0.999719
vn 0.007969 0.007969 -0.999906
vn -0.801906 0.015969 -0.597188
vn -0.811969 0.000000 -0.583687
vn -0.802000 -0.007969 -0.597250
vn -1.000000 0.000000 0.000000
vn 0.054906 0.007969 -0.998438
vn -0.078719 0.023906 -0.996594
vn -0.102250 -0.008000 -0.994719
vn -0.640938 0.008031 -0.767531
vn 0.569188 0.008000 -0.822156
vn 0.801906 0.015969 -0.597188
vn 0.811969 0.000000 -0.583687
vn 0.023969 -0.369875 -0.928750
vn 0.007969 -0.909563 -0.415437
vn -0.008000 -0.892781 -0.450406
vn 0.070781 0.023906 -0.997187
vn 0.102250 -0.008000 -0.994719
vn -0.055062 -0.804156 -0.591844
vn 0.055062 -0.804156 -0.591844
vn -0.054906 0.007969 -0.998438
vn 0.590969 0.338969 -0.731969
vn 0.054844 -0.046875 -0.997375
vn 0.094187 -0.252500 -0.962969
vn 0.807063 0.218938 -0.548312
vn 0.062937 -0.920438 -0.385750
vn 0.920438 -0.062937 -0.385750
vn 0.267500 -0.943250 -0.196625
vn 0.999937 -0.007969 0.000000
vn 0.118063 0.024000 -0.992688
vn 0.173156 0.000000 -0.984875
vn 0.015969 -0.393250 -0.919281
vn 0.079281 -0.047156 -0.995719
vn 0.062750 -0.054781 -0.996500
vn 0.988500 -0.070750 -0.133500
vn 0.999687 0.000000 -0.023969
vn 0.997875 0.015937 -0.062844
vn 0.982000 -0.188594 -0.007969
vn 0.947625 0.315875 0.047125
vn 0.008000 0.340187 0.940313
vn 0.016031 0.963094 -0.268562
vn 0.000000 0.971594 -0.236625
vn -0.109719 0.989500 -0.093750
vn 0.070813 -0.007969 -0.997437
vn 0.054875 -0.038906 -0.997719
vn -0.007969 -0.054906 -0.998438
vn 0.213188 0.976969 -0.008000
vn 0.205531 0.978594 -0.008000
vn 0.000000 0.975500 -0.219875
vn -0.007969 0.973750 -0.227469
vn 0.998000 0.030938 -0.054875
vn 0.998469 0.038938 -0.038938
vn 0.109719 0.989500 -0.093750
vn 0.038938 0.982750 -0.180750
vn -0.007969 -0.935406 -0.353406
vn 0.251594 -0.967500 -0.023937
vn 0.038906 -0.951094 -0.306375
vn 0.244062 -0.969250 -0.031000
vn 0.998750 -0.030938 -0.038938
vn 0.078750 -0.007969 -0.996844
vn 0.180875 0.983437 -0.007969
vn 0.070813 0.007969 -0.997437
vn -0.947625 0.315875 0.047125
vn 0.197844 0.980219 0.000000
vn 0.000000 0.999500 0.030969
vn -0.030938 -0.054875 -0.998000
vn -0.030969 -0.030969 -0.999031
vn 0.000000 -0.994750 -0.102281
vn -0.024000 -0.386406 -0.922000
vn 0.023937 -0.046906 -0.998594
vn 0.000000 0.982031 -0.188625
vn 0.000000 0.965813 -0.259125
vn -0.054906 -0.015969 -0.998344
vn -0.030969 0.000000 -0.999500
vn 0.000000 1.000000 0.000000
vn -0.008000 0.340187 0.940313
vn 0.015969 -0.030969 -0.999375
vn 0.023969 -0.999687 0.000000
vn 0.015969 -0.999719 0.015969
vn -0.997469 -0.070813 0.000000
vn -0.938062 -0.346375 0.000000
vn -0.998844 -0.046937 -0.007969
vn -0.999188 -0.038969 0.007969
vn 0.015969 -0.999719 -0.015969
vn 0.007969 -0.999812 -0.015969
vn 0.030844 -0.949000 -0.313656
vn -0.015937 -0.949344 -0.313781
vn -0.023969 -0.007969 -0.999656
vn -0.998750 -0.015969 0.046937
vn -0.998875 -0.046937 0.000000
vn -0.998750 -0.030938 0.038938
vn -0.999219 -0.023969 -0.030969
vn -0.197844 0.980219 0.000000
vn -0.219875 0.975500 0.000000
vn -0.213219 0.977000 0.000000
vn -0.998000 0.062875 0.000000
vn -0.998406 0.030938 -0.046906
vn -0.997375 0.054844 0.046875
vn -0.023969 -0.030969 -0.999219
vn -0.251594 -0.967500 0.023937
vn -0.244094 -0.969437 -0.024000
vn -0.259125 -0.965813 0.000000
vn -0.999500 -0.030969 0.000000
vn -0.998937 -0.023969 -0.038938
vn -0.998937 -0.023969 0.038938
vn -0.196281 0.980406 0.015937
vn -0.180875 0.983344 -0.015969
vn 0.951781 0.306594 0.007969
vn -0.188594 0.982000 0.007969
vn -0.997531 0.030906 0.062844
vn 0.951781 0.306594 -0.007969
vn -0.236500 -0.971125 0.031063
vn -0.996188 -0.086656 -0.007969
vn -0.126344 -0.102250 -0.986687
vn -0.777562 -0.030875 -0.628031
vn -0.996188 -0.086656 0.007969
vn -0.998594 -0.023937 -0.046906
vn -0.236500 -0.971125 -0.031063
vn -0.998000 0.030938 -0.054875
vn -0.219875 0.975469 -0.007969
vn -0.941250 -0.337656 0.000000
vn -0.054875 -0.880344 -0.471094
vn -0.070813 0.007969 -0.997437
vn -0.030938 -0.951375 -0.306469
vn -0.070813 -0.007969 -0.997437
vn -0.038938 0.982750 -0.180750
vn -0.039094 -0.955656 -0.291813
vn -0.078750 0.007969 -0.996844
vn -0.987219 0.024062 -0.157500
vn -0.219812 0.975219 -0.023969
vn -0.016000 0.969594 -0.244125
vn -0.087344 0.008031 -0.996125
vn -0.086656 0.007969 -0.996188
vn -0.016031 0.971469 -0.236594
vn 0.015969 -0.999812 0.007969
vn -0.007969 -0.996188 -0.086656
vn -0.118031 -0.031000 -0.992500
vn -0.117937 -0.471844 -0.873719
vn 0.007969 -0.999906 0.007969
vn -0.007969 -0.997437 -0.070813
vn -0.015969 0.967656 0.251656
vn 0.117656 0.989250 0.086750
vn 0.031031 0.985750 0.165281
vn 0.054875 -0.023937 0.998187
vn 0.015969 -0.038938 0.999094
vn 0.046906 -0.023937 0.998594
vn 0.030906 -0.958781 0.282344
vn 0.008000 -0.954094 0.299344
vn 0.007969 -0.030969 0.999469
vn -0.008000 0.340187 -0.940313
vn 0.000000 0.973781 0.227469
vn -0.008000 -0.954094 0.299344
vn -0.023937 -0.046906 0.998594
vn 0.070813 -0.007969 0.997437
vn -0.007969 -0.046937 0.998844
vn -0.078687 0.030875 0.996406
vn -0.047031 0.985125 0.165187
vn -0.087312 0.031094 0.995687
vn -0.039094 -0.955656 0.291813
vn -0.007969 0.983437 0.180875
vn 0.008000 0.976969 0.213188
vn 0.000000 0.982031 0.188625
vn -0.015969 -0.030969 0.999375
vn -0.007969 -0.456750 0.889531
vn -0.015969 0.007969 0.999812
vn 0.000000 0.999500 -0.030969
vn 0.054844 -0.046875 0.997375
vn 0.023937 -0.046906 0.998594
vn 0.118063 0.024000 0.992688
vn -0.008031 -0.996125 0.087344
vn 0.000000 -0.987500 0.157531
vn -0.030969 -0.030969 0.999031
vn -0.110406 -0.481813 0.869281
vn 0.000000 -0.597250 0.802031
vn -0.055062 -0.875156 0.480625
vn 0.007969 -0.965781 0.259125
vn 0.093813 -0.235563 0.967281
vn -0.030938 -0.054875 0.998000
vn -0.007969 -0.393281 0.919344
vn -0.126344 -0.102250 0.986687
vn -0.824344 -0.030875 0.565188
vn -0.118031 -0.031000 0.992500
vn 0.000000 -0.996219 0.086656
vn -0.062844 0.030906 0.997531
vn -0.054875 0.030938 0.998000
vn 0.008000 -0.994719 0.102250
vn 0.947625 0.315875 -0.047125
vn -0.109719 0.989500 0.093750
vn 0.008000 0.340187 -0.940313
vn -0.016000 0.976875 0.213188
vn 0.007969 0.973750 0.227469
vn -0.070813 -0.007969 0.997437
vn -0.024000 -0.953844 0.299250
vn 0.213219 0.977000 0.000000
vn 0.998000 0.062875 0.000000
vn 0.259125 -0.965813 0.000000
vn 0.999219 -0.030969 0.023969
vn 0.998875 -0.046937 0.000000
vn -0.951781 0.306594 0.007969
vn 0.047031 -0.866781 0.496437
vn 0.117750 -0.502969 0.856219
vn 0.205531 0.978625 0.000000
vn -0.951781 0.306594 -0.007969
vn 0.007969 0.000000 0.999937
vn 0.251563 -0.967344 0.030938
vn 0.259062 -0.965531 0.023906
vn 0.999500 -0.030969 0.000000
vn 0.997187 -0.023906 0.070781
vn 0.998406 0.046906 0.030938
vn 0.997531 0.030906 0.062844
vn 0.219875 0.975500 0.000000
vn 0.219875 0.975469 0.007969
vn 0.999406 -0.023969 0.023969
vn -0.023969 -0.999687 0.000000
vn 0.991969 -0.125969 -0.007969
vn 0.999094 -0.038938 0.015969
vn 0.999219 -0.023969 0.030969
vn -0.015969 -0.999812 -0.007969
vn -0.015969 -0.999719 -0.015969
vn 0.999094 -0.038938 -0.015969
vn 0.982000 -0.188594 0.007969
vn 0.940344 -0.340187 0.000000
vn 0.808281 0.212281 0.549156
vn 0.920438 -0.062937 0.385750
vn 0.590969 0.338969 0.731969
vn 0.062937 -0.920438 0.385750
vn 0.267500 -0.943250 0.196625
vn 0.999687 0.000000 0.023969
vn 0.988500 -0.070750 0.133500
vn -0.007969 -0.999906 -0.007969
vn 0.990937 0.007969 0.133844
vn 0.173156 0.000000 0.984875
vn -0.007969 -0.996844 0.078750
vn 0.188531 0.981562 0.030906
vn -0.947625 0.315875 -0.047125
vn 0.993594 -0.024031 0.110156
vn -0.008000 0.984844 0.173125
vn 0.550687 0.834531 -0.015969
vn 0.550750 0.834625 0.000000
vn 0.995531 0.094312 0.000000
vn 0.999469 0.007969 0.030969
vn 0.997000 0.070781 0.030906
vn 0.376875 0.926250 0.000000
vn 0.683062 0.729937 0.023906
vn 0.943750 0.330563 0.000000
vn 0.932781 0.360375 0.000000
vn 0.973594 0.219437 0.062844
vn 0.999469 0.007969 -0.030969
vn 0.997000 0.070781 -0.030906
vn 0.173156 0.984875 0.000000
vn 0.999219 0.023969 0.030969
vn 0.611219 0.791438 0.000000
vn 0.972313 0.227125 -0.054781
vn 0.827563 0.559375 -0.047031
vn -0.979125 0.197625 0.047125
vn -0.054906 0.653250 0.755125
vn -0.102187 0.039063 0.993969
vn -0.008000 0.102250 0.994719
vn 0.574406 0.818187 -0.023969
vn 0.094281 0.024062 0.995250
vn 0.000000 0.023969 0.999687
vn 0.054969 0.117937 0.991469
vn -0.008000 0.963188 0.268594
vn -0.031031 0.914750 0.402750
vn -0.024031 0.971313 0.236563
vn 0.000000 0.912594 0.408812
vn -0.054969 0.117937 0.991469
vn 0.979125 0.197625 -0.047125
vn 0.000000 0.788406 0.615094
vn -0.024000 0.811719 0.583500
vn 0.000000 0.126000 0.992000
vn 0.038938 0.896906 0.440469
vn 0.062844 0.455875 0.887812
vn 0.047031 0.661438 0.748500
vn -0.016031 0.466281 0.884469
vn 0.000000 0.811969 0.583687
vn 0.078750 0.007969 0.996844
vn 0.031000 0.969250 0.244062
vn 0.823844 0.564844 0.046813
vn 0.980656 0.189875 0.047219
vn 0.055125 0.544312 0.837031
vn 0.000000 -0.999687 0.023969
vn 0.000000 -0.038969 -0.999219
vn -0.038969 0.000000 -0.999219
vn 0.000000 0.126000 -0.992000
vn -0.054969 0.117937 -0.991469
vn 0.000000 0.023969 -0.999687
vn 0.000000 0.912594 -0.408812
vn 0.008000 0.963188 -0.268594
vn -0.039063 0.900063 -0.433969
vn 0.054906 0.653250 -0.755125
vn -0.063031 0.465438 -0.882813
vn 0.008000 0.102250 -0.994719
vn 0.054969 0.117937 -0.991469
vn 0.031031 0.914750 -0.402750
vn 0.000000 0.967781 -0.251687
vn -0.062906 0.511406 -0.857000
vn 0.016031 0.466281 -0.884469
vn -0.047031 0.661438 -0.748500
vn 0.024031 0.971313 -0.236563
vn 0.024000 0.953844 -0.299250
vn -0.008000 0.993875 -0.110188
vn 0.000000 0.818406 -0.574594
vn 0.007969 0.991969 -0.125969
vn 0.038938 0.015969 -0.999094
vn 0.030969 0.007969 -0.999469
vn -0.023969 0.007969 -0.999656
vn -0.054906 0.015969 -0.998344
vn -0.015969 -0.999563 0.023969
vn 0.007969 0.999937 0.000000
vn 0.000000 0.722375 -0.691469
vn 0.087312 0.024094 -0.995875
vn -0.007969 0.999937 0.000000
vn -0.094281 0.024062 -0.995250
vn 0.282469 0.959250 0.000000
vn 0.623156 0.781438 -0.031031
vn 0.180906 0.983500 0.000000
vn 0.150656 0.498219 -0.853844
vn -0.031063 0.971125 -0.236500
vn -0.078719 0.015937 -0.996750
vn 0.219531 0.974031 -0.054875
vn 0.102187 0.039063 -0.993969
vn 0.943750 0.000000 -0.330563
vn -0.935344 -0.353344 0.015969
vn -0.998750 -0.046937 0.015969
vn -0.951781 -0.306594 -0.007969
vn -0.219844 0.975375 0.015969
vn -0.999937 0.007969 0.000000
vn -0.997531 -0.030906 -0.062844
vn -0.038938 0.023969 -0.998937
vn -0.997969 -0.007969 -0.062844
vn -0.205500 0.978500 -0.016031
vn -0.007969 0.967750 -0.251656
vn -0.008000 0.969688 -0.244156
vn -0.999094 -0.038938 -0.015969
vn -0.101781 0.896062 -0.432063
vn -0.282438 0.959125 -0.015969
vn -0.087344 -0.996156 0.000000
vn -0.078750 -0.996875 0.000000
vn -0.998438 -0.007969 -0.054906
vn -0.999188 -0.007969 0.038969
vn -0.999469 -0.030969 0.007969
vn -0.133844 -0.990969 0.000000
vn -0.141687 -0.989906 0.000000
vn -0.046937 0.998875 0.000000
vn -0.282469 0.959250 0.000000
vn -0.157531 0.987500 0.000000
vn -0.614812 0.788031 0.031031
vn -0.165344 0.986188 -0.008000
vn -0.943750 0.330563 0.000000
vn -0.932781 0.360375 0.000000
vn -0.974031 0.219531 0.054875
vn -0.376875 0.926250 0.000000
vn -0.574406 0.818187 0.023969
vn -0.995531 0.094312 0.000000
vn -0.997000 0.070781 0.030906
vn -0.999469 0.007969 -0.030969
vn -0.619750 0.784156 -0.030875
vn -0.973594 0.219437 -0.062844
vn -0.823844 0.564844 -0.046813
vn -0.150219 0.488750 0.859344
vn -0.094187 0.883937 0.458000
vn -0.683062 0.729937 -0.023906
vn -0.997000 0.070781 -0.030906
vn -0.979125 0.197625 -0.047125
vn -0.999219 0.023969 -0.030969
vn -0.165344 0.986219 0.000000
vn -0.827563 0.559375 0.047031
vn -0.606219 0.795281 0.000000
vn -0.912594 0.000000 0.408812
vn -0.219437 0.973594 0.062844
vn -0.999687 0.000000 0.023969
vn -0.998844 0.007969 -0.046937
vn -0.998844 0.007969 0.046937
vn -0.999937 -0.007969 0.000000
vn -0.997719 -0.054875 0.038906
vn -0.999094 0.015969 0.038938
vn 0.015969 0.015969 0.999719
vn -0.007969 -0.023969 0.999656
vn -0.745344 -0.007969 0.666625
vn -0.118094 0.008000 0.992938
vn -0.007969 -0.897563 0.440781
vn 0.007969 -0.905281 0.424656
vn -0.031094 -0.291875 0.955938
vn 0.015969 0.967656 0.251656
vn 0.007969 0.967750 0.251656
vn -0.015937 0.965688 0.259094
vn 0.000000 0.967781 0.251687
vn -0.015969 -0.007969 0.999812
vn -0.007969 0.023969 0.999656
vn 0.000000 0.703062 0.711094
vn 0.000000 0.678969 0.734125
vn -0.110156 -0.024031 0.993594
vn 0.227406 -0.023937 0.973500
vn 0.070813 -0.015937 0.997344
vn 0.070813 0.015937 0.997344
vn 0.637031 0.000000 0.770813
vn 0.802000 -0.007969 0.597250
vn 0.000000 0.000000 1.000000
vn -0.007969 0.007969 0.999906
vn -0.637000 0.007969 0.770781
vn -0.219812 -0.023969 0.975219
vn -0.802000 -0.007969 0.597250
vn -0.999094 0.015969 -0.038938
vn -0.102250 -0.016031 -0.994625
vn 0.801906 0.015969 0.597188
vn 0.814656 0.000000 0.579906
vn -0.801906 0.015969 0.597188
vn -0.811969 0.000000 0.583687
vn -0.999375 0.015969 -0.030969
vn -0.999469 0.007969 0.030969
vn 0.070719 0.595781 0.800000
vn 0.055062 -0.804156 0.591844
vn -0.102250 -0.008000 0.994719
vn 0.054906 0.007969 0.998438
vn -0.070813 0.015937 0.997344
vn -0.055062 -0.804156 0.591844
vn -0.070719 0.595781 0.800000
vn 0.999375 0.015969 0.030969
vn -0.070781 0.023906 0.997187
vn 0.118094 0.008000 0.992938
vn 0.993969 -0.102187 0.039063
vn 0.094312 -0.016031 0.995406
vn 0.998844 0.007969 0.046937
vn -0.070813 -0.015937 0.997344
vn 0.998594 0.023937 0.046906
vn -0.180844 -0.023969 -0.983187
vn 0.102250 -0.016031 -0.994625
vn -0.070813 -0.015937 -0.997344
vn 0.000000 -0.007969 -0.999937
vn 0.118094 0.008000 -0.992938
vn -0.015969 0.023969 -0.999563
vn -0.597250 0.007969 -0.802000
vn 0.683250 -0.007969 0.730125
vn 0.094281 -0.024062 0.995250
vn 0.999094 0.015969 -0.038938
vn 0.763563 -0.007969 -0.645625
vn 0.998750 0.038938 -0.030938
vn 0.094281 -0.024062 -0.995250
vn -0.070813 0.015937 -0.997344
vn 0.998187 0.023937 -0.054875
vn 0.994000 -0.094187 -0.055094
vn 0.998750 0.015969 -0.046937
vn -0.070719 0.595781 -0.800000
vn 0.070813 0.015937 -0.997344
vn 0.070719 0.595781 -0.800000
vn 0.777906 -0.007969 -0.628313
vn -0.999219 -0.038969 0.000000
vn -0.998000 0.000000 0.062875
vn 0.180875 -0.015969 -0.983344
vn 0.070813 -0.015937 -0.997344
vn -0.313719 0.949188 -0.023875
vn -0.306531 0.951531 0.023937
vn -0.323375 0.946125 -0.016000
vn -0.999563 -0.023969 -0.015969
vn -0.996875 0.000000 0.078750
vn -0.996188 -0.007969 -0.086656
vn -0.395781 -0.917125 0.047187
vn -0.386531 -0.922250 0.000000
vn -0.386094 -0.921250 -0.047000
vn 0.802031 0.000000 -0.597250
vn 0.015969 0.007969 -0.999812
vn -0.008000 0.615094 -0.788406
vn 0.000000 0.805375 -0.592750
vn -0.118094 0.008000 -0.992938
vn -0.054844 0.046875 -0.997375
vn -0.039000 -0.945531 -0.323156
vn -0.402656 -0.914500 -0.039063
vn -0.038938 -0.023969 -0.998937
vn -0.997469 0.000000 -0.070813
vn 0.015969 0.967656 -0.251656
vn 0.007969 0.965781 -0.259125
vn -0.235719 0.967906 -0.086875
vn -0.150156 0.977156 -0.150156
vn 0.007969 0.967750 -0.251656
vn -0.007969 -0.015969 -0.999812
vn 0.046906 -0.023937 -0.998594
vn 0.000000 -0.023969 -0.999687
vn 0.039094 -0.947937 -0.315969
vn 0.000000 -0.946250 -0.323406
vn -0.008000 0.963188 -0.268594
vn -0.094281 -0.024062 -0.995250
vn -0.811938 -0.008000 -0.583656
vn 0.236625 0.971563 0.008000
vn 0.268594 0.963188 -0.008000
vn 0.276031 0.961094 -0.008000
vn 0.999563 -0.023969 0.015969
vn 0.946219 -0.323406 -0.008000
vn 0.999937 0.007969 0.000000
vn 0.236594 0.971469 0.016031
vn 0.000000 0.046937 -0.998875
vn 0.000000 0.963219 -0.268625
vn 0.000000 0.961125 -0.276031
vn 0.054875 0.023937 -0.998187
vn 0.046750 -0.948438 -0.313469
vn 0.071062 -0.291281 0.953969
vn 0.219875 -0.975500 0.000000
vn 0.935344 -0.353344 0.015969
vn 0.125969 -0.991969 0.007969
vn 0.999375 -0.030969 0.015969
vn 0.999469 -0.030969 -0.007969
vn 0.997969 -0.007969 0.062844
vn 0.110437 0.979969 -0.165656
vn -0.008000 0.961094 -0.276031
vn 0.038938 0.023969 0.998937
vn 0.054844 0.046875 0.997375
vn 0.031000 -0.945781 0.323250
vn 0.386094 -0.921250 0.047000
vn 0.386344 -0.921812 0.031000
vn 0.031000 -0.953656 0.299188
vn 0.046937 -0.015969 0.998750
vn 0.038938 -0.015969 0.999094
vn 0.996594 0.023906 0.078719
vn 0.997187 0.023906 0.070781
vn 0.118344 0.979062 0.165500
vn 0.275813 0.960406 0.038969
vn 0.323406 0.946219 0.008000
vn 0.261063 0.965000 -0.024094
vn 0.219313 0.973063 -0.070781
vn 0.386500 -0.922219 0.008000
vn 0.379375 -0.924375 -0.039125
vn 0.379500 -0.924656 -0.031094
vn 0.999656 -0.023969 -0.007969
vn 0.998750 -0.015969 -0.046937
vn 0.997250 -0.038875 -0.062812
vn 0.316125 0.948406 0.024062
vn 0.997437 -0.007969 -0.070813
vn 0.999937 0.000000 -0.007969
vn 0.047063 0.970500 -0.236344
vn 0.078750 -0.996844 0.007969
vn 0.000000 -0.999937 0.007969
vn 0.205531 0.008000 -0.978594
vn 0.824750 0.000000 -0.565469
vn 0.998438 -0.007969 -0.054906
vn 0.054906 0.998469 0.000000
vn -0.007969 0.965781 0.259125
vn -0.999188 0.007969 0.038969
vn -0.054906 0.000000 0.998469
vn -0.062875 0.000000 0.998000
vn -0.094312 -0.995531 0.000000
vn 0.015969 -0.999563 -0.023969
vn -0.030969 0.007969 0.999469
vn -0.023969 0.015969 0.999563
vn 0.023969 0.007969 0.999656
vn 0.000000 0.965813 0.259125
vn 0.008000 0.992938 0.118094
vn 0.030906 0.935000 0.353250
vn -0.007969 0.991969 0.125969
vn -0.149500 0.988719 0.007969
vn -0.244094 0.969437 0.024000
vn -0.997969 -0.007969 0.062844
vn -0.038938 0.023969 0.998937
vn -0.062844 0.023937 0.997719
vn -0.235719 0.967906 0.086875
vn -0.997437 0.007969 0.070813
vn -0.402750 -0.914750 0.031031
vn 0.038938 0.015969 0.999094
vn 0.000000 -0.999687 -0.023969
vn 0.000000 -0.038969 0.999219
vn 0.000000 0.963219 0.268625
vn 0.007969 0.965781 0.259125
vn 0.000000 0.046937 0.998875
vn -0.039000 -0.953406 0.299125
vn -0.038938 -0.023969 0.998937
vn -0.038938 -0.015969 0.999094
vn -0.165156 0.977094 0.134125
vn 0.259125 0.965781 0.007969
vn 0.998937 0.023969 0.038938
vn 0.110188 -0.993875 -0.008000
vn 0.118094 -0.992938 -0.008000
vn 0.157531 0.987469 -0.008000
vn 0.631938 0.774375 0.031094
vn 0.141687 0.989875 0.007969
vn 0.173125 -0.984844 -0.008000
vn 0.047031 -0.110063 -0.992781
vn -0.038969 -0.653719 -0.755687
vn -0.015969 -0.818313 -0.574500
vn 0.997250 -0.062812 -0.038875
vn 0.995313 -0.055156 0.079250
vn 0.994250 -0.102219 -0.031063
vn 0.891344 -0.102125 -0.441656
vn 0.055188 -0.071250 -0.995906
vn 0.078719 -0.023906 -0.996594
vn -0.118000 -0.039000 -0.992219
vn 0.417844 -0.173344 -0.891813
vn 0.929844 0.339312 -0.142125
vn 0.801125 0.596594 -0.046875
vn 0.714406 0.423469 -0.556969
vn 0.214000 0.886156 -0.410937
vn 0.046844 0.502437 -0.863312
vn 0.062937 0.298750 -0.952219
vn -0.024031 0.102250 -0.994438
vn 0.259562 -0.793719 -0.550094
vn 0.503000 0.864281 0.000000
vn 0.873000 0.487437 0.015969
vn 0.532656 0.846281 0.007938
vn 0.965531 0.259062 -0.023906
vn 0.998750 0.046937 0.015969
vn 0.244312 -0.875156 -0.417563
vn 0.235281 0.950156 -0.204375
vn -0.008000 0.946219 -0.323406
vn 0.008000 0.805344 -0.592719
vn 0.956375 -0.292000 0.008000
vn 0.466219 -0.884313 -0.024062
vn 0.699063 -0.715031 0.000000
vn -0.047094 -0.852063 -0.521250
vn -0.415125 -0.038812 -0.908906
vn -0.660500 -0.070937 -0.747437
vn -0.086750 0.345094 -0.934531
vn -0.030969 0.983000 -0.180812
vn -0.054719 0.258750 -0.964375
vn -0.110281 -0.173438 -0.978625
vn 0.000000 0.481375 -0.876500
vn 0.000000 0.834625 -0.550750
vn 0.007969 0.415437 -0.909563
vn 0.965781 0.259125 -0.007969
vn 0.313656 0.949000 0.030844
vn 0.795250 0.606188 0.008000
vn 0.487437 -0.873000 0.015969
vn 0.450281 -0.892531 0.024062
vn 0.840656 -0.541469 -0.007969
vn 0.227469 0.973750 0.007969
vn 0.961312 -0.268063 0.063000
vn 0.951531 -0.306531 -0.023937
vn 0.948219 -0.316063 -0.031094
vn 0.990531 -0.125813 -0.054906
vn 0.994250 -0.102219 0.031063
vn 0.788406 -0.615094 0.000000
vn 0.849406 -0.527625 -0.007969
vn 0.644969 -0.456250 -0.613031
vn 0.995313 -0.055156 -0.079250
vn 0.983719 -0.070969 -0.164937
vn 0.994656 -0.055125 -0.087219
vn 0.998438 -0.054906 -0.007969
vn 0.606906 -0.102125 0.788156
vn 0.993531 -0.063094 0.094125
vn 0.644969 -0.456250 0.613031
vn 0.227437 0.973656 -0.015937
vn 0.393281 0.919344 0.007969
vn 0.471844 -0.873719 -0.117937
vn 0.275000 -0.957500 0.086656
vn 0.323375 -0.946125 -0.016000
vn 0.976250 -0.213031 0.039000
vn 0.418094 -0.908375 0.000000
vn 0.463062 -0.886312 0.000000
vn 0.840688 -0.541500 0.000000
vn 0.675969 -0.093844 -0.730906
vn 0.055062 0.236250 -0.970125
vn 0.994187 -0.063125 0.087187
vn 0.990531 -0.125813 0.054906
vn 0.363063 0.931719 -0.008000
vn -0.023969 -0.763375 0.645469
vn 0.007969 -0.777906 0.628313
vn -0.030906 -0.729781 0.682938
vn -0.062969 -0.109969 0.991906
vn 0.094000 -0.150000 0.984187
vn 0.535812 0.844281 -0.008000
vn 0.015969 0.007969 0.999812
vn -0.007969 0.000000 0.999937
vn 0.703031 0.711062 -0.008000
vn 0.840594 -0.093719 0.533469
vn 0.716781 -0.078969 0.692781
vn 0.660500 -0.070937 0.747437
vn 0.213094 -0.031000 0.976531
vn 0.995500 0.094312 -0.008000
vn 0.440781 0.897563 -0.007969
vn 0.496750 0.867312 -0.031031
vn 0.330563 0.943750 0.000000
vn 0.999563 0.023969 -0.015969
vn 0.884469 0.466281 -0.016031
vn 0.922219 0.386500 -0.008000
vn 0.313656 0.949000 -0.030844
vn 0.787531 0.614438 0.047031
vn 0.337625 0.941219 0.007938
vn -0.087219 0.307781 0.947438
vn -0.110281 -0.173438 0.978625
vn -0.055062 0.236250 0.970125
vn -0.030969 0.983000 0.180812
vn -0.008000 0.931719 0.363063
vn 0.016000 0.946125 0.323375
vn 0.000000 0.802031 0.597250
vn -0.251094 0.957563 0.141469
vn 0.110281 0.346875 0.931375
vn -0.015969 -0.818313 0.574500
vn 0.031031 -0.110156 0.993406
vn 0.284125 -0.893594 0.347406
vn 0.000000 0.481375 0.876500
vn 0.055156 0.260750 0.963812
vn -0.118000 -0.039000 0.992219
vn 0.063219 -0.071219 0.995438
vn 0.086750 0.345094 0.934531
vn -0.015937 0.808062 0.588844
vn 0.000000 0.418094 0.908375
vn 0.110281 -0.173438 0.978625
vn 0.030969 0.983000 0.180812
vn -0.007969 0.989875 0.141687
vn -0.055094 0.291594 0.954938
vn 0.251094 0.957563 0.141469
vn 0.906656 -0.102063 0.409281
vn 0.597687 -0.267844 0.755625
vn 0.996906 -0.062781 0.046844
vn 0.039000 0.976250 0.213031
vn 0.070844 0.793281 0.604688
vn -0.007969 0.943750 0.330531
vn -0.024031 0.102250 0.994438
vn 0.933406 0.329719 0.141438
vn -0.047156 0.505906 0.861281
vn 0.527625 0.849406 -0.007969
vn 0.973312 0.227344 0.030906
vn -0.724750 0.433437 0.535563
vn -0.078719 0.023906 0.996594
vn -0.047000 -0.843375 0.535219
vn -0.433969 -0.039063 0.900063
vn -0.660500 -0.070937 0.747437
vn 0.008000 0.946219 0.323406
vn -0.228437 0.954938 0.189375
vn -0.720281 -0.087375 0.688125
vn -0.840594 -0.093719 0.533469
vn -0.213094 -0.031000 0.976531
vn 0.039000 0.323156 0.945531
vn -0.031000 0.984406 0.173063
vn 0.157156 0.614719 0.772906
vn 0.849437 -0.527656 0.000000
vn 0.741687 -0.670531 0.016031
vn 0.990937 -0.133844 -0.007969
vn 0.015969 -0.353344 0.935344
vn -0.016031 -0.340156 0.940219
vn 0.031000 -0.118031 0.992500
vn -0.007969 0.125969 0.991969
vn -0.007969 0.141687 0.989875
vn 0.000000 -1.000000 0.000000
vn 0.000000 0.550750 0.834625
vn 0.000000 0.940344 0.340187
vn 0.039000 0.858063 0.512031
vn 0.000000 0.990969 0.133844
vn -0.015906 -0.556219 0.830844
vn 0.047031 -0.748500 0.661438
vn -0.008000 -0.734125 0.678937
vn 0.023969 0.975219 0.219812
vn 0.995250 0.094281 0.024062
vn 0.993875 -0.110188 0.008000
vn 0.157531 0.987375 -0.016031
vn 0.125969 0.991969 0.007969
vn 0.606188 0.795250 -0.008000
vn 0.935188 0.353312 0.023937
vn 0.948219 0.316063 -0.031094
vn 0.683250 0.730125 0.007969
vn 0.173094 0.984594 -0.024000
vn 0.606031 0.795062 0.024000
vn 0.141937 0.479875 0.865750
vn 0.016000 0.992844 0.118094
vn 0.055156 0.995313 0.079250
vn 0.008000 0.963188 0.268594
vn 0.093750 0.863906 0.494781
vn 0.086875 0.204750 0.974937
vn 0.723063 -0.464406 0.511344
vn 0.809781 -0.180719 0.558156
vn 0.849500 0.156906 0.503688
vn 0.906563 0.417250 0.063031
vn 0.016031 -0.205500 0.978500
vn 0.528188 -0.512187 0.677250
vn 0.637250 0.188781 0.747125
vn 0.661000 0.165000 0.732000
vn -0.716375 -0.456594 0.527531
vn -0.030906 -0.188531 0.981562
vn -0.607750 0.087250 0.789281
vn -0.992938 -0.118094 0.008000
vn -0.742469 0.094312 0.663188
vn -0.997437 0.070813 0.007969
vn -0.086875 0.204750 0.974937
vn -0.402156 0.890406 0.213094
vn -0.063094 0.938469 0.339531
vn -0.055156 0.995313 0.079250
vn -0.047219 0.814844 0.577719
vn -0.023969 0.456625 0.889313
vn -0.142500 0.473656 0.869062
vn -0.024031 0.993594 0.110156
vn -0.031031 -0.748969 0.661844
vn 0.007969 -0.541469 0.840656
vn 0.337656 0.941250 0.000000
vn 0.645625 0.763563 0.007969
vn 0.340187 0.940313 0.008000
vn 0.718813 -0.694750 -0.024031
vn 0.991969 -0.125969 0.007969
vn -0.963094 0.268562 -0.016031
vn -0.878313 0.477969 -0.007938
vn -0.999219 0.030969 -0.023969
vn -0.999375 0.015969 0.030969
vn -0.015969 0.393250 0.919281
vn 0.015969 0.393250 0.919281
vn -0.462938 0.886063 -0.023875
vn -0.330531 0.943750 0.007969
vn -0.330531 0.943750 -0.007969
vn 0.000000 -0.023969 0.999687
vn -0.015969 0.000000 0.999844
vn -0.659969 0.204656 0.722844
vn -0.962937 0.268531 0.024031
vn -0.662031 0.189281 0.725125
vn -0.894406 -0.447188 0.000000
vn -0.967750 0.251656 -0.007969
vn -0.504875 -0.543969 0.670187
vn -0.698875 -0.714813 0.023906
vn -0.023969 0.975219 -0.219812
vn -0.189688 0.972562 -0.134469
vn -0.038938 0.848781 -0.527250
vn -0.487875 -0.786844 -0.377906
vn -0.016031 -0.741687 -0.670531
vn 0.008000 -0.559969 -0.828438
vn -0.638250 -0.394156 -0.661250
vn -0.908344 -0.418063 0.008000
vn -0.756250 -0.654219 -0.008000
vn -0.582125 -0.385406 -0.715906
vn -0.015969 0.000000 -0.999844
vn -0.589562 0.345156 -0.730219
vn -0.015969 0.393250 -0.919281
vn -0.973781 0.227469 0.000000
vn 0.969594 0.244125 -0.016000
vn -0.008000 0.992938 -0.118094
vn 0.000000 -0.734125 -0.678969
vn 0.000000 -0.015969 -0.999844
vn -0.055031 0.780656 0.622500
vn -0.377656 0.834281 -0.401625
vn -0.466125 0.884156 0.031063
vn -0.268594 0.963188 0.008000
vn -0.566250 0.676094 -0.471375
vn -0.928312 0.369719 0.038969
vn -0.964750 0.258844 -0.046781
vn 0.008000 0.922219 -0.386500
vn 0.016031 0.402906 -0.915094
vn -0.031094 0.987031 -0.157469
vn -0.039000 0.386219 -0.921562
vn -0.008000 -0.535812 -0.844281
vn 0.047031 -0.748500 -0.661438
vn 0.015969 -0.015969 -0.999719
vn 0.963094 0.268562 0.016031
vn 0.528188 -0.512187 -0.677250
vn 0.638219 0.181063 -0.748250
vn 0.496750 0.867312 0.031031
vn 0.646750 0.181187 -0.740844
vn 0.030969 0.983000 -0.180812
vn 0.070969 0.779844 -0.621875
vn 0.000000 0.988750 -0.149500
vn -0.007969 0.996188 -0.086656
vn -0.062812 0.997250 -0.038875
vn 0.834625 -0.550750 0.000000
vn 0.969719 -0.244156 0.000000
vn 0.967781 -0.251687 0.000000
vn 0.864281 -0.503000 0.000000
vn -0.007969 -0.007969 0.999906
vn 0.000000 0.715031 0.699063
vn 0.008000 0.719000 0.694938
vn 0.000000 0.926250 0.376875
vn -0.196875 0.960437 0.196875
vn -0.087312 0.024094 0.995875
vn -0.699031 -0.715000 0.007969
vn -0.999906 -0.007969 -0.007969
vn -0.999844 -0.015969 0.000000
vn -0.999687 0.023969 0.000000
vn -0.015969 0.999844 0.000000
vn 0.000000 0.741781 0.670594
vn -0.691469 0.722375 0.000000
vn -0.094031 0.992406 -0.079031
vn -0.102250 0.994625 -0.016031
vn -0.376844 0.926219 -0.007969
vn -0.698875 0.714813 -0.023906
vn -0.999656 0.023969 -0.007969
vn -0.699031 0.715000 -0.007969
vn -0.881562 -0.015969 -0.471750
vn -0.690687 0.046844 -0.721594
vn -0.023937 -0.062844 0.997719
vn 0.000000 -0.541500 0.840688
vn -0.024094 -0.379562 0.924844
vn 0.000000 -0.259125 0.965813
vn 0.424688 -0.905312 0.000000
vn 0.606219 -0.795281 0.000000
vn 0.971594 -0.236625 0.000000
vn 0.007969 -0.864250 0.502969
vn -0.008000 -0.741750 0.670594
vn 0.024031 -0.102250 0.994438
vn 0.000000 -0.588938 0.808156
vn -0.008000 -0.165344 0.986188
vn -0.749313 0.008000 0.662156
vn 0.976875 -0.213188 0.016000
vn 0.007969 0.999812 -0.015969
vn 0.030969 0.999469 -0.007969
vn 0.038969 0.999188 0.007969
vn 0.694875 0.718938 -0.016031
vn 0.046937 0.998750 0.015969
vn 0.694969 0.719031 0.000000
vn 0.070813 0.997437 -0.007969
vn 0.062844 0.997969 -0.007969
vn 0.038906 0.997719 -0.054875
vn -0.762906 -0.109844 0.637094
vn -0.007969 0.999812 0.015969
vn 0.046906 0.998125 0.038906
vn 0.691437 0.722375 0.007969
vn -0.999812 0.015969 0.007969
vn 0.047031 -0.614438 0.787531
vn -0.008000 -0.915156 0.402938
vn 0.024094 -0.379562 0.924844
vn -0.722281 -0.691375 0.015937
vn 0.039031 -0.110125 0.993125
vn -0.031063 0.718687 0.694625
vn 0.000000 0.722375 0.691469
vn 0.007969 0.998438 0.054906
vn 0.015937 0.997875 0.062844
vn 0.023906 0.997187 0.070781
vn 0.007969 0.015969 0.999812
vn 0.353312 -0.935188 0.023937
vn -0.999656 -0.023969 0.007969
vn -0.658188 0.752781 -0.007938
vn -0.674969 0.737781 0.007969
vn 0.038969 -0.755687 0.653719
vn 0.796625 -0.079156 0.599219
vn 0.188656 0.951344 0.243563
vn 0.734031 0.678875 -0.016031
vn 0.999375 0.030969 0.015969
vn 0.867469 -0.024031 0.496844
vn -0.038906 -0.306375 -0.951094
vn -0.030969 -0.125938 -0.991531
vn -0.729781 -0.463594 -0.502469
vn -0.819375 -0.205094 -0.535250
vn -0.921250 0.386094 0.047000
vn -0.937813 0.346281 -0.024000
vn -0.694625 0.718687 0.031063
vn -0.346375 0.938062 0.000000
vn -0.601094 0.799125 -0.008031
vn -0.141687 0.989906 0.000000
vn -0.173094 0.984594 -0.024000
vn -0.376844 0.926219 0.007969
vn -0.954125 0.299344 0.000000
vn -0.149500 0.988750 0.000000
vn -0.340187 0.940344 0.000000
vn 0.996750 0.078719 -0.015937
vn 0.957031 -0.289781 -0.007938
vn -0.846969 0.149438 -0.510156
vn -0.086875 0.204750 -0.974937
vn -0.093750 0.863906 -0.494781
vn 0.015969 0.125969 -0.991875
vn -0.055156 0.995313 -0.079250
vn -0.173094 0.984594 0.024000
vn -0.605906 0.794906 -0.030969
vn -0.007969 0.990937 -0.133844
vn 0.071000 0.803344 -0.591250
vn 0.023937 0.973500 -0.227406
vn -0.008000 0.931719 -0.363063
vn -0.134625 0.474187 -0.870031
vn 0.015937 0.619969 -0.784437
vn 0.180844 0.983187 0.023969
vn -0.990687 0.133813 -0.023969
vn -0.916313 0.395406 -0.063219
vn -0.678656 0.733781 -0.031063
vn -0.939625 0.339938 0.039094
vn -0.597250 0.802000 0.007969
vn 0.565281 0.824531 -0.023906
vn 0.904938 0.416500 -0.086875
vn 0.402156 0.890406 -0.213094
vn 0.063250 0.995969 -0.063250
vn 0.063094 0.938469 -0.339531
vn 0.897781 0.141937 -0.416875
vn 0.086875 0.204750 -0.974937
vn 0.031000 -0.173063 -0.984406
vn 0.638781 -0.378469 -0.669813
vn -0.928563 -0.369812 -0.030969
vn 0.007969 0.141687 -0.989875
vn 0.024031 0.994438 -0.102250
vn 0.024062 0.450281 -0.892531
vn 0.614937 -0.402594 -0.678031
vn 0.039000 -0.346125 -0.937344
vn 0.102469 0.482219 -0.870000
vn 0.937813 -0.346281 0.024000
vn -0.674969 -0.737781 -0.007969
vn -0.024031 -0.102250 -0.994438
vn -0.023906 -0.376750 -0.925969
vn 0.000000 -0.259125 -0.965813
vn -0.008000 -0.165344 -0.986188
vn -0.046937 -0.605531 -0.794406
vn 0.000000 -0.588938 -0.808156
vn -0.024031 -0.694750 -0.718813
vn -0.015969 -0.030969 -0.999375
vn -0.904469 -0.259562 -0.338406
vn 0.008000 -0.867719 -0.496969
vn -0.512469 -0.228219 -0.827781
vn -0.971563 -0.236625 -0.008000
vn -0.840688 -0.541500 0.000000
vn -0.008000 -0.363063 0.931719
vn 0.039187 -0.649125 0.759656
vn 0.038812 -0.258938 0.965094
vn -0.008000 -0.496969 0.867719
vn 0.417781 -0.039063 0.907687
vn 0.118000 -0.039000 0.992219
vn 0.024031 0.102250 0.994438
vn 0.016031 -0.822062 0.569125
vn -0.463062 -0.886312 0.000000
vn -0.450344 -0.892687 -0.016031
vn -0.024000 -0.922000 0.386406
vn 0.015969 -0.943656 0.330500
vn -0.550750 -0.834625 0.007969
vn -0.849437 -0.527656 0.000000
vn 0.047094 -0.852063 0.521250
vn -0.834531 -0.550687 -0.015969
vn -0.490531 -0.870500 0.039187
vn -0.521812 -0.853000 0.008000
vn -0.055188 -0.071250 0.995906
vn -0.762156 -0.267344 0.589562
vn -0.833938 -0.101844 0.542313
vn -0.995313 -0.055156 -0.079250
vn -0.994250 -0.102219 0.031063
vn -0.995906 -0.071250 0.055188
vn -0.969125 -0.236031 0.071000
vn -0.962937 -0.268531 -0.024031
vn -0.969719 -0.244156 0.000000
vn -0.188875 0.881500 0.432750
vn -0.606906 -0.102125 0.788156
vn -0.644969 -0.456250 0.613031
vn -0.997000 -0.030906 0.070781
vn -0.424688 -0.905312 0.000000
vn -0.978594 -0.205531 -0.008000
vn -0.973750 -0.227469 -0.007969
vn -0.188594 0.982000 -0.007969
vn -0.447188 0.894375 -0.007938
vn -0.173156 0.984875 0.000000
vn -0.965531 -0.259062 -0.023906
vn -0.990531 -0.125813 -0.054906
vn -0.424656 0.905281 0.007969
vn -0.259562 -0.959437 -0.109812
vn -0.858719 -0.512406 0.000000
vn -0.644969 -0.456250 -0.613031
vn -0.983719 -0.070969 0.164937
vn -0.990531 -0.125813 0.054906
vn -0.962937 -0.268531 0.024031
vn -0.512406 -0.858688 -0.008000
vn -0.951531 -0.306531 0.023937
vn -0.756281 -0.654219 0.000000
vn -0.998187 -0.023937 -0.054875
vn -0.479875 -0.865750 0.141937
vn -0.919375 -0.393313 0.000000
vn -0.487500 -0.873094 0.000000
vn -0.996375 -0.046813 -0.070719
vn -0.606906 -0.102125 -0.788156
vn 0.007938 -0.878313 0.477969
vn -0.323312 -0.945969 0.024000
vn -0.844312 -0.535812 0.000000
vn -0.535812 -0.844312 0.000000
vn -0.834625 -0.550750 0.007969
vn -0.971969 -0.235000 0.000000
vn -0.408688 -0.912344 0.023969
vn -0.678031 -0.614937 0.402594
vn -0.023906 -0.541344 0.840437
vn -0.976531 -0.213094 0.031000
vn -0.055125 -0.197531 0.978719
vn -0.024031 -0.102250 0.994438
vn -0.464812 -0.219906 0.857656
vn -0.896406 -0.267500 0.353344
vn -0.988719 0.149500 -0.007969
vn -0.711000 0.702969 -0.016031
vn -0.662094 0.749219 -0.016000
vn 0.007969 0.989875 -0.141687
vn -0.251094 0.957563 -0.141469
vn -0.763594 0.645656 0.000000
vn -0.755125 0.653250 0.054906
vn 0.007969 0.000000 -0.999937
vn -0.094000 -0.150000 -0.984187
vn 0.062969 -0.109969 -0.991906
vn -0.694938 0.719000 0.008000
vn -0.213094 -0.031000 -0.976531
vn -0.007969 -0.777906 -0.628313
vn 0.023969 -0.763375 -0.645469
vn -0.007969 -0.369969 -0.928969
vn 0.031063 -0.733781 -0.678656
vn -0.038812 -0.258938 -0.965094
vn -0.840594 -0.093719 -0.533469
vn -0.716781 -0.078969 -0.692781
vn -0.024000 -0.937813 -0.346281
vn -0.015969 -0.919281 -0.393250
vn -0.994250 -0.102219 -0.031063
vn -0.995313 -0.055156 0.079250
vn -0.834531 -0.550687 0.015969
vn -0.711000 0.702969 0.016031
vn -0.466344 0.884562 0.000000
vn -0.931281 0.331813 0.150344
vn -0.990969 0.133844 0.000000
vn -0.759063 0.648625 -0.055219
vn -0.015969 0.007969 -0.999812
vn 0.039125 -0.197688 -0.979469
vn 0.213094 -0.031000 -0.976531
vn 0.711906 -0.094375 -0.695844
vn 0.840594 -0.093719 -0.533469
vn 0.660500 -0.070937 -0.747437
vn 0.433969 -0.039063 -0.900063
vn 0.118000 -0.039000 -0.992219
vn 0.078719 0.023906 -0.996594
vn 0.007969 0.928969 -0.369969
vn 0.087187 0.331813 -0.939281
vn 0.110281 -0.173438 -0.978625
vn 0.251094 0.957563 -0.141469
vn 0.024031 0.102250 -0.994438
vn -0.054969 0.298875 -0.952688
vn 0.023937 -0.919125 -0.393187
vn -0.008000 -0.512406 -0.858688
vn -0.054781 -0.188313 -0.980563
vn -0.481000 -0.875812 -0.039063
vn 0.047094 -0.852063 -0.521250
vn 0.016031 -0.822062 -0.569125
vn -0.512406 0.858688 0.008000
vn -0.995906 -0.071250 -0.055188
vn -0.228094 0.953469 -0.197094
vn 0.008000 0.946219 -0.323406
vn -0.047156 0.505906 -0.861281
vn -0.739563 0.408750 -0.534688
vn -0.188875 0.881500 -0.432750
vn -0.762156 -0.267344 -0.589562
vn -0.046937 -0.015969 -0.998750
vn -0.932375 0.332188 -0.142500
vn -0.974531 -0.212656 -0.070875
vn -0.055188 -0.071250 -0.995906
vn -0.833938 -0.101844 -0.542313
vn -0.030906 -0.722031 0.691125
vn -0.008000 -0.987469 0.157531
vn -0.205531 -0.978594 0.008000
vn -0.456375 -0.880813 0.125813
vn -0.376844 -0.926219 0.007969
vn 0.007969 -0.999937 0.000000
vn 0.535656 -0.844063 -0.024000
vn 0.369906 -0.912812 0.172937
vn 0.999188 -0.038969 -0.007969
vn -0.024000 -0.795062 0.606031
vn -0.015969 -0.999844 0.000000
vn 0.694938 0.719000 0.008000
vn 0.997437 -0.070813 0.007969
vn 0.730125 -0.683250 -0.007969
vn 0.654219 -0.756250 -0.008000
vn 0.994719 -0.102250 0.008000
vn 0.055000 -0.992375 -0.110031
vn 0.259125 -0.965781 -0.007969
vn 0.565469 -0.824750 0.000000
vn 0.141687 -0.989875 -0.007969
vn 0.062781 -0.996906 -0.046844
vn 0.094031 0.992406 -0.079031
vn 0.745344 0.666625 0.007969
vn 0.008000 0.756250 -0.654219
vn 0.668531 -0.133906 -0.731500
vn 0.007969 -0.015969 -0.999812
vn 0.007969 -0.054906 -0.998438
vn 0.873469 -0.188875 -0.448719
vn 0.000000 -0.541500 -0.840688
vn -0.008000 -0.741750 -0.670594
vn -0.079219 -0.994844 -0.063156
vn 0.008000 -0.986188 -0.165344
vn 0.007969 -0.038969 -0.999188
vn -0.023906 -0.925969 0.376750
vn -0.007969 -0.999937 0.000000
vn 0.016000 -0.662094 -0.749219
vn 0.424875 -0.204938 -0.881719
vn 0.879906 -0.243406 -0.408031
vn 0.016031 -0.165344 -0.986094
vn 0.047031 -0.614438 -0.787531
vn 0.016000 0.512344 -0.858594
vn 0.015969 -0.007969 -0.999812
vn 0.024094 -0.379562 -0.924844
vn 0.008000 -0.749313 -0.662156
vn 0.015969 -0.440719 -0.897469
vn 0.000000 -0.909594 -0.415437
vn 0.000000 -0.094312 -0.995531
vn -0.030875 0.698719 -0.714688
vn -0.016031 0.963094 -0.268562
# 1382 normals

vt 0.742200 0.964400 0.000000
vt 0.742200 0.981800 0.000000
vt 0.781200 0.964500 0.000000
vt 0.758300 0.426800 0.000000
vt 0.959500 0.426800 0.000000
vt 0.753900 0.443800 0.000000
vt 0.964800 0.444300 0.000000
vt 0.752400 0.446800 0.000000
vt 0.966300 0.447300 0.000000
vt 0.749500 0.455100 0.000000
vt 0.764600 0.409200 0.000000
vt 0.952100 0.409200 0.000000
vt 0.762200 0.419900 0.000000
vt 0.767100 0.386700 0.000000
vt 0.950700 0.387700 0.000000
vt 0.855500 0.456100 0.000000
vt 0.761200 0.421400 0.000000
vt 0.957000 0.421400 0.000000
vt 0.958500 0.427200 0.000000
vt 0.956100 0.419900 0.000000
vt 0.765600 0.778100 0.000000
vt 0.864300 0.783700 0.000000
vt 0.750000 0.785000 0.000000
vt 0.987800 0.128400 0.000000
vt 0.868700 0.129400 0.000000
vt 0.868700 0.125000 0.000000
vt 0.864300 0.786900 0.000000
vt 0.864300 0.792100 0.000000
vt 0.747600 0.787500 0.000000
vt 0.949200 0.766800 0.000000
vt 0.768600 0.769900 0.000000
vt 0.778800 0.765900 0.000000
vt 0.779800 0.743900 0.000000
vt 0.949200 0.766400 0.000000
vt 0.778800 0.765600 0.000000
vt 0.779800 0.743700 0.000000
vt 0.768600 0.738000 0.000000
vt 0.863800 0.737800 0.000000
vt 0.948700 0.744100 0.000000
vt 0.768600 0.738500 0.000000
vt 0.863800 0.723100 0.000000
vt 0.948700 0.743700 0.000000
vt 0.750000 0.128400 0.000000
vt 0.977100 0.783100 0.000000
vt 0.979500 0.785600 0.000000
vt 0.959000 0.771700 0.000000
vt 0.768100 0.772100 0.000000
vt 0.960900 0.778400 0.000000
vt 0.960400 0.773400 0.000000
vt 0.765600 0.777100 0.000000
vt 0.982400 0.793100 0.000000
vt 0.959500 0.738000 0.000000
vt 0.959500 0.738500 0.000000
vt 0.770500 0.724400 0.000000
vt 0.953600 0.360400 0.000000
vt 0.954600 0.360400 0.000000
vt 0.955100 0.375500 0.000000
vt 0.745600 0.794900 0.000000
vt 0.968800 0.454600 0.000000
vt 0.617200 0.436000 0.000000
vt 0.624500 0.438500 0.000000
vt 0.615200 0.548100 0.000000
vt 0.645000 0.444800 0.000000
vt 0.644500 0.545200 0.000000
vt 0.627400 0.440400 0.000000
vt 0.650400 0.446800 0.000000
vt 0.644500 0.444800 0.000000
vt 0.627400 0.650600 0.000000
vt 0.624000 0.652600 0.000000
vt 0.973600 0.617400 0.000000
vt 0.858400 0.618900 0.000000
vt 0.971200 0.614700 0.000000
vt 0.977100 0.624800 0.000000
vt 0.858400 0.624000 0.000000
vt 0.695800 0.449200 0.000000
vt 0.695800 0.641600 0.000000
vt 0.684100 0.453100 0.000000
vt 0.685100 0.453100 0.000000
vt 0.684100 0.637000 0.000000
vt 0.662600 0.450700 0.000000
vt 0.651900 0.447800 0.000000
vt 0.662600 0.638400 0.000000
vt 0.976100 0.211900 0.000000
vt 0.867200 0.216800 0.000000
vt 0.973600 0.209500 0.000000
vt 0.773400 0.597400 0.000000
vt 0.773900 0.575700 0.000000
vt 0.943800 0.597900 0.000000
vt 0.741700 0.617700 0.000000
vt 0.744100 0.615000 0.000000
vt 0.761200 0.609400 0.000000
vt 0.858400 0.615700 0.000000
vt 0.739700 0.624800 0.000000
vt 0.749500 0.013700 0.000000
vt 0.867200 0.021000 0.000000
vt 0.747100 0.016600 0.000000
vt 0.762200 0.605200 0.000000
vt 0.763200 0.603500 0.000000
vt 0.955100 0.604000 0.000000
vt 0.773400 0.597900 0.000000
vt 0.953600 0.602100 0.000000
vt 0.943800 0.598400 0.000000
vt 0.761200 0.609600 0.000000
vt 0.955600 0.610100 0.000000
vt 0.955600 0.610400 0.000000
vt 0.651900 0.642600 0.000000
vt 0.650400 0.643600 0.000000
vt 0.616700 0.654800 0.000000
vt 0.868700 0.210400 0.000000
vt 0.644500 0.644800 0.000000
vt 0.645000 0.644800 0.000000
vt 0.684100 0.636700 0.000000
vt 0.662100 0.638400 0.000000
vt 0.868200 0.013200 0.000000
vt 0.987300 0.013700 0.000000
vt 0.696300 0.641100 0.000000
vt 0.710900 0.639600 0.000000
vt 0.767100 0.387200 0.000000
vt 0.762700 0.375500 0.000000
vt 0.955600 0.376000 0.000000
vt 0.719700 0.580600 0.000000
vt 0.719700 0.634800 0.000000
vt 0.322800 0.327600 0.000000
vt 0.331100 0.349600 0.000000
vt 0.320600 0.328100 0.000000
vt 0.386200 0.328100 0.000000
vt 0.858400 0.569600 0.000000
vt 0.858400 0.554900 0.000000
vt 0.953600 0.570300 0.000000
vt 0.943400 0.575700 0.000000
vt 0.953600 0.569600 0.000000
vt 0.763200 0.376000 0.000000
vt 0.950700 0.387200 0.000000
vt 0.943400 0.575900 0.000000
vt 0.765600 0.360800 0.000000
vt 0.765100 0.360800 0.000000
vt 0.769500 0.351600 0.000000
vt 0.826200 0.352100 0.000000
vt 0.953600 0.360800 0.000000
vt 0.071100 0.327600 0.000000
vt 0.065700 0.349600 0.000000
vt 0.007900 0.328100 0.000000
vt 0.883800 0.351600 0.000000
vt 0.127300 0.327600 0.000000
vt 0.124300 0.350600 0.000000
vt 0.125000 0.330100 0.000000
vt 0.762700 0.570100 0.000000
vt 0.773900 0.575200 0.000000
vt 0.951700 0.556200 0.000000
vt 0.942400 0.550800 0.000000
vt 0.720200 0.526100 0.000000
vt 0.275100 0.350600 0.000000
vt 0.560500 0.324700 0.000000
vt 0.562000 0.347200 0.000000
vt 0.479000 0.346200 0.000000
vt 0.858400 0.551500 0.000000
vt 0.479000 0.324700 0.000000
vt 0.557600 0.322800 0.000000
vt 0.478300 0.322300 0.000000
vt 0.557600 0.299300 0.000000
vt 0.773900 0.550800 0.000000
vt 0.400400 0.322800 0.000000
vt 0.397500 0.324700 0.000000
vt 0.589400 0.993100 0.000000
vt 0.579100 0.980300 0.000000
vt 0.586900 0.995000 0.000000
vt 0.397500 0.224100 0.000000
vt 0.476300 0.221200 0.000000
vt 0.400400 0.299300 0.000000
vt 0.385300 0.302200 0.000000
vt 0.382100 0.225600 0.000000
vt 0.386000 0.225100 0.000000
vt 0.762700 0.569600 0.000000
vt 0.560500 0.224100 0.000000
vt 0.008800 0.302200 0.000000
vt 0.008000 0.225100 0.000000
vt 0.012000 0.225600 0.000000
vt 0.764600 0.556200 0.000000
vt 0.396000 0.347200 0.000000
vt 0.008300 0.326200 0.000000
vt 0.007900 0.326700 0.000000
vt 0.722700 0.637000 0.000000
vt 0.711400 0.640600 0.000000
vt 0.009300 0.351600 0.000000
vt 0.005900 0.351100 0.000000
vt 0.763700 0.360400 0.000000
vt 0.767600 0.349100 0.000000
vt 0.948700 0.351600 0.000000
vt 0.190700 0.328100 0.000000
vt 0.189200 0.351600 0.000000
vt 0.384800 0.351600 0.000000
vt 0.388200 0.351100 0.000000
vt 0.951200 0.349100 0.000000
vt 0.192600 0.351100 0.000000
vt 0.385700 0.326200 0.000000
vt 0.386200 0.326700 0.000000
vt 0.572800 0.323700 0.000000
vt 0.654300 0.345200 0.000000
vt 0.570800 0.346200 0.000000
vt 0.779800 0.719000 0.000000
vt 0.863800 0.719700 0.000000
vt 0.575700 0.321800 0.000000
vt 0.654300 0.323700 0.000000
vt 0.575700 0.298300 0.000000
vt 0.650400 0.321300 0.000000
vt 0.204800 0.351600 0.000000
vt 0.203400 0.328100 0.000000
vt 0.266600 0.327600 0.000000
vt 0.957500 0.724400 0.000000
vt 0.948200 0.719000 0.000000
vt 0.737300 0.346200 0.000000
vt 0.735800 0.323700 0.000000
vt 0.719700 0.455600 0.000000
vt 0.711400 0.449700 0.000000
vt 0.722700 0.453600 0.000000
vt 0.710900 0.451700 0.000000
vt 0.201400 0.351100 0.000000
vt 0.732900 0.321800 0.000000
vt 0.732900 0.298300 0.000000
vt 0.204300 0.302200 0.000000
vt 0.207500 0.225600 0.000000
vt 0.203900 0.326200 0.000000
vt 0.189700 0.302200 0.000000
vt 0.190300 0.326200 0.000000
vt 0.186600 0.225600 0.000000
vt 0.190700 0.326700 0.000000
vt 0.203400 0.326700 0.000000
vt 0.127100 0.327100 0.000000
vt 0.126100 0.327100 0.000000
vt 0.130400 0.229000 0.000000
vt 0.158700 0.225100 0.000000
vt 0.190600 0.225100 0.000000
vt 0.319100 0.133300 0.000000
vt 0.317600 0.326200 0.000000
vt 0.271700 0.328100 0.000000
vt 0.321300 0.225100 0.000000
vt 0.654300 0.220200 0.000000
vt 0.572800 0.223100 0.000000
vt 0.354200 0.225100 0.000000
vt 0.322500 0.327100 0.000000
vt 0.325900 0.229000 0.000000
vt 0.321000 0.327100 0.000000
vt 0.268100 0.328600 0.000000
vt 0.268300 0.225100 0.000000
vt 0.272000 0.326700 0.000000
vt 0.269300 0.331100 0.000000
vt 0.272500 0.326700 0.000000
vt 0.316900 0.326700 0.000000
vt 0.266800 0.327100 0.000000
vt 0.263700 0.229000 0.000000
vt 0.735800 0.223100 0.000000
vt 0.235400 0.225100 0.000000
vt 0.203500 0.225100 0.000000
vt 0.967300 0.241700 0.000000
vt 0.961900 0.243700 0.000000
vt 0.978500 0.221700 0.000000
vt 0.981400 0.224600 0.000000
vt 0.988800 0.241200 0.000000
vt 0.976600 0.246600 0.000000
vt 0.994100 0.242200 0.000000
vt 0.977500 0.267600 0.000000
vt 0.975600 0.248500 0.000000
vt 0.565900 0.987900 0.000000
vt 0.522500 0.979000 0.000000
vt 0.578600 0.962000 0.000000
vt 0.978000 0.248500 0.000000
vt 0.981400 0.267600 0.000000
vt 0.581500 0.979700 0.000000
vt 0.581500 0.979600 0.000000
vt 0.581500 0.961600 0.000000
vt 0.742700 0.024400 0.000000
vt 0.264600 0.323700 0.000000
vt 0.270500 0.321300 0.000000
vt 0.264600 0.292500 0.000000
vt 0.270500 0.291000 0.000000
vt 0.810500 0.974500 0.000000
vt 0.874000 0.975800 0.000000
vt 0.812000 0.969800 0.000000
vt 0.275900 0.934200 0.000000
vt 0.300500 0.944700 0.000000
vt 0.385500 0.942800 0.000000
vt 0.874000 0.971100 0.000000
vt 0.511700 0.375500 0.000000
vt 0.512700 0.357400 0.000000
vt 0.431900 0.375500 0.000000
vt 0.582000 0.961900 0.000000
vt 0.588900 0.953500 0.000000
vt 0.578600 0.961300 0.000000
vt 0.586400 0.952100 0.000000
vt 0.514600 0.375500 0.000000
vt 0.514200 0.357400 0.000000
vt 0.215600 0.943100 0.000000
vt 0.204300 0.935600 0.000000
vt 0.199500 0.908400 0.000000
vt 0.197100 0.909800 0.000000
vt 0.203400 0.915800 0.000000
vt 0.202500 0.918000 0.000000
vt 0.202400 0.917800 0.000000
vt 0.202800 0.934300 0.000000
vt 0.203600 0.916400 0.000000
vt 0.197300 0.946200 0.000000
vt 0.202900 0.934300 0.000000
vt 0.316400 0.325700 0.000000
vt 0.322300 0.328100 0.000000
vt 0.322500 0.296900 0.000000
vt 0.316700 0.295400 0.000000
vt 0.168000 0.945200 0.000000
vt 0.811000 0.946300 0.000000
vt 0.823200 0.230000 0.000000
vt 0.819800 0.267600 0.000000
vt 0.486600 0.983900 0.000000
vt 0.450900 0.978600 0.000000
vt 0.920900 0.267600 0.000000
vt 0.447800 0.961200 0.000000
vt 0.486800 0.956800 0.000000
vt 0.402100 0.953800 0.000000
vt 0.350800 0.375000 0.000000
vt 0.447800 0.961500 0.000000
vt 0.937000 0.947100 0.000000
vt 0.811000 0.898300 0.000000
vt 0.936000 0.970700 0.000000
vt 0.937000 0.975400 0.000000
vt 0.275600 0.933800 0.000000
vt 0.570300 0.952800 0.000000
vt 0.295700 0.980200 0.000000
vt 0.295900 0.991000 0.000000
vt 0.386700 0.991300 0.000000
vt 0.868700 0.116700 0.000000
vt 0.990700 0.125500 0.000000
vt 0.744100 0.074200 0.000000
vt 0.993700 0.074200 0.000000
vt 0.204300 0.993300 0.000000
vt 0.195700 0.980900 0.000000
vt 0.212000 0.907600 0.000000
vt 0.337900 0.907400 0.000000
vt 0.338600 0.914800 0.000000
vt 0.195800 0.980700 0.000000
vt 0.198100 0.963600 0.000000
vt 0.356900 0.961500 0.000000
vt 0.198400 0.964100 0.000000
vt 0.295200 0.955900 0.000000
vt 0.260700 0.375500 0.000000
vt 0.349100 0.357400 0.000000
vt 0.172200 0.357900 0.000000
vt 0.397500 0.357400 0.000000
vt 0.580600 0.908100 0.000000
vt 0.403600 0.909700 0.000000
vt 0.492200 0.916700 0.000000
vt 0.398200 0.934000 0.000000
vt 0.586400 0.933500 0.000000
vt 0.492200 0.944800 0.000000
vt 0.586900 0.933500 0.000000
vt 0.397900 0.934100 0.000000
vt 0.270300 0.229500 0.000000
vt 0.264400 0.229000 0.000000
vt 0.203900 0.954600 0.000000
vt 0.173000 0.375500 0.000000
vt 0.271200 0.167000 0.000000
vt 0.585900 0.917200 0.000000
vt 0.585900 0.917100 0.000000
vt 0.265400 0.165500 0.000000
vt 0.551300 0.944500 0.000000
vt 0.752000 0.224600 0.000000
vt 0.755400 0.226600 0.000000
vt 0.752000 0.266600 0.000000
vt 0.989700 0.115700 0.000000
vt 0.433100 0.944900 0.000000
vt 0.398400 0.917500 0.000000
vt 0.398200 0.917700 0.000000
vt 0.348400 0.375500 0.000000
vt 0.387000 0.952300 0.000000
vt 0.747100 0.125500 0.000000
vt 0.758300 0.211900 0.000000
vt 0.396700 0.935400 0.000000
vt 0.387900 0.907700 0.000000
vt 0.351300 0.357400 0.000000
vt 0.403800 0.946000 0.000000
vt 0.395300 0.916800 0.000000
vt 0.402300 0.907300 0.000000
vt 0.357400 0.978900 0.000000
vt 0.392300 0.960900 0.000000
vt 0.395500 0.960400 0.000000
vt 0.395800 0.979000 0.000000
vt 0.389400 0.951700 0.000000
vt 0.748000 0.115700 0.000000
vt 0.407000 0.986300 0.000000
vt 0.753400 0.266600 0.000000
vt 0.755900 0.215300 0.000000
vt 0.392600 0.978400 0.000000
vt 0.389200 0.992600 0.000000
vt 0.697800 0.932900 0.000000
vt 0.769000 0.941700 0.000000
vt 0.780300 0.934100 0.000000
vt 0.778800 0.915600 0.000000
vt 0.708000 0.913900 0.000000
vt 0.771500 0.906400 0.000000
vt 0.708000 0.913600 0.000000
vt 0.697300 0.932600 0.000000
vt 0.937000 0.827400 0.000000
vt 0.938500 0.822600 0.000000
vt 0.875000 0.821300 0.000000
vt 0.684100 0.943700 0.000000
vt 0.656700 0.906600 0.000000
vt 0.114700 0.357900 0.000000
vt 0.010200 0.357400 0.000000
vt 0.097200 0.375500 0.000000
vt 0.586900 0.934400 0.000000
vt 0.586900 0.933800 0.000000
vt 0.586400 0.915500 0.000000
vt 0.586400 0.915900 0.000000
vt 0.074700 0.964100 0.000000
vt 0.140400 0.963700 0.000000
vt 0.111900 0.958700 0.000000
vt 0.074800 0.964200 0.000000
vt 0.069000 0.980200 0.000000
vt 0.875000 0.826000 0.000000
vt 0.812000 0.850200 0.000000
vt 0.938000 0.851000 0.000000
vt 0.778300 0.175300 0.000000
vt 0.819300 0.199200 0.000000
vt 0.762700 0.199200 0.000000
vt 0.025300 0.989800 0.000000
vt 0.104300 0.985300 0.000000
vt 0.920400 0.199700 0.000000
vt 0.984400 0.147500 0.000000
vt 0.874500 0.148900 0.000000
vt 0.981900 0.144000 0.000000
vt 0.870600 0.142600 0.000000
vt 0.762200 0.154300 0.000000
vt 0.918000 0.162100 0.000000
vt 0.140400 0.980000 0.000000
vt 0.988300 0.156200 0.000000
vt 0.984400 0.158200 0.000000
vt 0.988300 0.198700 0.000000
vt 0.986300 0.198700 0.000000
vt 0.194800 0.980800 0.000000
vt 0.195800 0.962200 0.000000
vt 0.201800 0.993800 0.000000
vt 0.184100 0.988600 0.000000
vt 0.271700 0.136700 0.000000
vt 0.580600 0.945500 0.000000
vt 0.265900 0.134300 0.000000
vt 0.813000 0.826400 0.000000
vt 0.201500 0.953100 0.000000
vt 0.188700 0.956000 0.000000
vt 0.170200 0.375500 0.000000
vt 0.170200 0.357400 0.000000
vt 0.581500 0.906900 0.000000
vt 0.596200 0.907100 0.000000
vt 0.812000 0.821700 0.000000
vt 0.599100 0.942300 0.000000
vt 0.680700 0.956800 0.000000
vt 0.602500 0.375500 0.000000
vt 0.108800 0.917200 0.000000
vt 0.042600 0.934600 0.000000
vt 0.680200 0.981100 0.000000
vt 0.323000 0.233400 0.000000
vt 0.108800 0.945300 0.000000
vt 0.766600 0.141600 0.000000
vt 0.764200 0.144000 0.000000
vt 0.938000 0.899000 0.000000
vt 0.049700 0.945200 0.000000
vt 0.042500 0.934200 0.000000
vt 0.322300 0.169900 0.000000
vt 0.316400 0.171400 0.000000
vt 0.015100 0.981100 0.000000
vt 0.013500 0.917800 0.000000
vt 0.020600 0.909000 0.000000
vt 0.317100 0.233400 0.000000
vt 0.013700 0.917900 0.000000
vt 0.689900 0.357900 0.000000
vt 0.689500 0.375500 0.000000
vt 0.772500 0.956700 0.000000
vt 0.680700 0.964300 0.000000
vt 0.745100 0.067900 0.000000
vt 0.761700 0.047400 0.000000
vt 0.868200 0.067900 0.000000
vt 0.868200 0.025900 0.000000
vt 0.748500 0.028800 0.000000
vt 0.868700 0.032200 0.000000
vt 0.771000 0.994800 0.000000
vt 0.020700 0.955100 0.000000
vt 0.680200 0.991900 0.000000
vt 0.975100 0.047400 0.000000
vt 0.988300 0.028800 0.000000
vt 0.994600 0.024900 0.000000
vt 0.989700 0.016600 0.000000
vt 0.746100 0.174300 0.000000
vt 0.758800 0.156200 0.000000
vt 0.751500 0.172900 0.000000
vt 0.772900 0.173800 0.000000
vt 0.763700 0.178700 0.000000
vt 0.991700 0.067900 0.000000
vt 0.762200 0.180200 0.000000
vt 0.758800 0.199700 0.000000
vt 0.779300 0.982800 0.000000
vt 0.779300 0.964600 0.000000
vt 0.764600 0.180700 0.000000
vt 0.773900 0.995600 0.000000
vt 0.782200 0.983700 0.000000
vt 0.316400 0.141100 0.000000
vt 0.020300 0.946200 0.000000
vt 0.322300 0.138700 0.000000
vt 0.015900 0.934200 0.000000
vt 0.014900 0.963100 0.000000
vt 0.010200 0.375500 0.000000
vt 0.782200 0.964000 0.000000
vt 0.774900 0.955800 0.000000
vt 0.692400 0.375500 0.000000
vt 0.692400 0.357400 0.000000
vt 0.019100 0.907600 0.000000
vt 0.011900 0.917100 0.000000
vt 0.013200 0.935600 0.000000
vt 0.922900 0.972900 0.000000
vt 0.921400 0.969300 0.000000
vt 0.890600 0.972900 0.000000
vt 0.963900 0.969300 0.000000
vt 0.665500 0.778200 0.000000
vt 0.686000 0.883700 0.000000
vt 0.664100 0.880300 0.000000
vt 0.661600 0.776000 0.000000
vt 0.661600 0.881100 0.000000
vt 0.638200 0.772200 0.000000
vt 0.644000 0.772200 0.000000
vt 0.636700 0.865700 0.000000
vt 0.685100 0.661100 0.000000
vt 0.664100 0.664600 0.000000
vt 0.654800 0.874000 0.000000
vt 0.654800 0.672600 0.000000
vt 0.654300 0.874100 0.000000
vt 0.654800 0.672400 0.000000
vt 0.890600 0.968400 0.000000
vt 0.818400 0.968400 0.000000
vt 0.637200 0.680700 0.000000
vt 0.643600 0.674600 0.000000
vt 0.814000 0.972900 0.000000
vt 0.965800 0.515100 0.000000
vt 0.962400 0.516400 0.000000
vt 0.962900 0.506800 0.000000
vt 0.902300 0.505400 0.000000
vt 0.660600 0.667000 0.000000
vt 0.753400 0.473100 0.000000
vt 0.863800 0.471200 0.000000
vt 0.755900 0.494600 0.000000
vt 0.969200 0.498000 0.000000
vt 0.863800 0.496100 0.000000
vt 0.972200 0.494600 0.000000
vt 0.647500 0.675300 0.000000
vt 0.963900 0.914400 0.000000
vt 0.819800 0.827100 0.000000
vt 0.963900 0.898300 0.000000
vt 0.963900 0.826500 0.000000
vt 0.968300 0.898300 0.000000
vt 0.968300 0.915100 0.000000
vt 0.863800 0.492700 0.000000
vt 0.755900 0.497600 0.000000
vt 0.763200 0.512500 0.000000
vt 0.766100 0.519000 0.000000
vt 0.911600 0.523700 0.000000
vt 0.968300 0.972900 0.000000
vt 0.762200 0.505900 0.000000
vt 0.762200 0.506300 0.000000
vt 0.642600 0.867900 0.000000
vt 0.753400 0.495100 0.000000
vt 0.647900 0.873300 0.000000
vt 0.767100 0.525100 0.000000
vt 0.579600 0.979700 0.000000
vt 0.588900 0.993100 0.000000
vt 0.580100 0.979700 0.000000
vt 0.577100 0.962100 0.000000
vt 0.859900 0.661400 0.000000
vt 0.751500 0.663300 0.000000
vt 0.859900 0.640100 0.000000
vt 0.859900 0.665000 0.000000
vt 0.897900 0.674600 0.000000
vt 0.751500 0.666300 0.000000
vt 0.958000 0.685500 0.000000
vt 0.758800 0.681600 0.000000
vt 0.897900 0.674300 0.000000
vt 0.967800 0.663300 0.000000
vt 0.965300 0.667000 0.000000
vt 0.815900 0.696500 0.000000
vt 0.762700 0.694300 0.000000
vt 0.907200 0.692600 0.000000
vt 0.762200 0.688000 0.000000
vt 0.959000 0.675800 0.000000
vt 0.955600 0.697500 0.000000
vt 0.772500 0.707500 0.000000
vt 0.818400 0.892000 0.000000
vt 0.814000 0.891700 0.000000
vt 0.948200 0.707300 0.000000
vt 0.676800 0.418500 0.000000
vt 0.675800 0.384800 0.000000
vt 0.501000 0.418500 0.000000
vt 0.501000 0.384800 0.000000
vt 0.771000 0.993500 0.000000
vt 0.808100 0.978700 0.000000
vt 0.808600 0.890800 0.000000
vt 0.802200 0.985500 0.000000
vt 0.802200 0.889900 0.000000
vt 0.970700 0.642100 0.000000
vt 0.814000 0.822100 0.000000
vt 0.808100 0.817000 0.000000
vt 0.749000 0.642100 0.000000
vt 0.634800 0.772200 0.000000
vt 0.634800 0.681400 0.000000
vt 0.627400 0.690900 0.000000
vt 0.956500 0.695300 0.000000
vt 0.758300 0.675500 0.000000
vt 0.758300 0.674800 0.000000
vt 0.962400 0.676300 0.000000
vt 0.967300 0.668900 0.000000
vt 0.970200 0.664300 0.000000
vt 0.961400 0.684300 0.000000
vt 0.961400 0.676800 0.000000
vt 0.818400 0.826500 0.000000
vt 0.577600 0.962000 0.000000
vt 0.451200 0.978600 0.000000
vt 0.577600 0.961900 0.000000
vt 0.572300 0.955200 0.000000
vt 0.447000 0.961500 0.000000
vt 0.447000 0.961400 0.000000
vt 0.513700 0.375500 0.000000
vt 0.511700 0.357400 0.000000
vt 0.585400 0.953900 0.000000
vt 0.588900 0.953800 0.000000
vt 0.577100 0.962500 0.000000
vt 0.764600 0.697300 0.000000
vt 0.498500 0.384800 0.000000
vt 0.344200 0.418500 0.000000
vt 0.421600 0.384800 0.000000
vt 0.344200 0.383800 0.000000
vt 0.498500 0.418500 0.000000
vt 0.406700 0.985800 0.000000
vt 0.421600 0.418500 0.000000
vt 0.863800 0.338900 0.000000
vt 0.862800 0.331100 0.000000
vt 0.941900 0.338400 0.000000
vt 0.772500 0.331100 0.000000
vt 0.782700 0.338900 0.000000
vt 0.862800 0.327600 0.000000
vt 0.862800 0.321800 0.000000
vt 0.771000 0.328600 0.000000
vt 0.866700 0.303700 0.000000
vt 0.757300 0.305200 0.000000
vt 0.868700 0.300300 0.000000
vt 0.754900 0.301800 0.000000
vt 0.974100 0.279800 0.000000
vt 0.953600 0.331100 0.000000
vt 0.956100 0.329100 0.000000
vt 0.958500 0.323200 0.000000
vt 0.771500 0.709700 0.000000
vt 0.960400 0.526100 0.000000
vt 0.959000 0.528300 0.000000
vt 0.971700 0.304200 0.000000
vt 0.971200 0.301800 0.000000
vt 0.963900 0.317900 0.000000
vt 0.964800 0.311500 0.000000
vt 0.964400 0.311000 0.000000
vt 0.765100 0.322300 0.000000
vt 0.818800 0.826500 0.000000
vt 0.967800 0.822100 0.000000
vt 0.971700 0.500000 0.000000
vt 0.974600 0.495100 0.000000
vt 0.965800 0.507600 0.000000
vt 0.966300 0.506800 0.000000
vt 0.762700 0.311000 0.000000
vt 0.765600 0.318400 0.000000
vt 0.749500 0.664300 0.000000
vt 0.891600 0.816800 0.000000
vt 0.968300 0.822100 0.000000
vt 0.974100 0.817100 0.000000
vt 0.734900 0.221200 0.000000
vt 0.204500 0.223600 0.000000
vt 0.573700 0.221200 0.000000
vt 0.572800 0.130900 0.000000
vt 0.651900 0.129400 0.000000
vt 0.735800 0.131300 0.000000
vt 0.574700 0.128400 0.000000
vt 0.575200 0.084500 0.000000
vt 0.126600 0.040000 0.000000
vt 0.186000 0.007300 0.000000
vt 0.158000 0.128900 0.000000
vt 0.187600 0.008300 0.000000
vt 0.185700 0.084000 0.000000
vt 0.188800 0.084000 0.000000
vt 0.077000 0.326700 0.000000
vt 0.121300 0.326700 0.000000
vt 0.073500 0.328600 0.000000
vt 0.405000 0.944800 0.000000
vt 0.531200 0.944500 0.000000
vt 0.060400 0.007800 0.000000
vt 0.072100 0.040000 0.000000
vt 0.125900 0.041500 0.000000
vt 0.189600 0.128900 0.000000
vt 0.072700 0.041500 0.000000
vt 0.187100 0.131300 0.000000
vt 0.190900 0.131300 0.000000
vt 0.126200 0.132800 0.000000
vt 0.128700 0.135700 0.000000
vt 0.189600 0.223600 0.000000
vt 0.128900 0.222200 0.000000
vt 0.125200 0.040500 0.000000
vt 0.123600 0.133300 0.000000
vt 0.076200 0.327600 0.000000
vt 0.126000 0.040500 0.000000
vt 0.072600 0.041000 0.000000
vt 0.075000 0.133300 0.000000
vt 0.073300 0.041000 0.000000
vt 0.072300 0.132800 0.000000
vt 0.732900 0.084500 0.000000
vt 0.733900 0.127000 0.000000
vt 0.204600 0.127400 0.000000
vt 0.207500 0.127900 0.000000
vt 0.203200 0.131800 0.000000
vt 0.122100 0.327100 0.000000
vt 0.125900 0.225100 0.000000
vt 0.122100 0.326700 0.000000
vt 0.072800 0.225100 0.000000
vt 0.076500 0.327600 0.000000
vt 0.073000 0.327600 0.000000
vt 0.736300 0.010300 0.000000
vt 0.572800 0.009300 0.000000
vt 0.068200 0.229000 0.000000
vt 0.039800 0.225100 0.000000
vt 0.069700 0.222200 0.000000
vt 0.557600 0.085400 0.000000
vt 0.470500 0.123500 0.000000
vt 0.561000 0.010700 0.000000
vt 0.071500 0.327100 0.000000
vt 0.012900 0.084000 0.000000
vt 0.009000 0.129900 0.000000
vt 0.009700 0.084000 0.000000
vt 0.011200 0.129900 0.000000
vt 0.007700 0.132300 0.000000
vt 0.069500 0.135700 0.000000
vt 0.009000 0.223600 0.000000
vt 0.322300 0.132300 0.000000
vt 0.382800 0.126500 0.000000
vt 0.324200 0.134300 0.000000
vt 0.349400 0.007800 0.000000
vt 0.381100 0.084000 0.000000
vt 0.322000 0.039600 0.000000
vt 0.321000 0.039100 0.000000
vt 0.039400 0.131800 0.000000
vt 0.011200 0.008300 0.000000
vt 0.012600 0.007800 0.000000
vt 0.384300 0.084000 0.000000
vt 0.383300 0.007800 0.000000
vt 0.397500 0.010300 0.000000
vt 0.400100 0.085400 0.000000
vt 0.381600 0.007800 0.000000
vt 0.324500 0.222200 0.000000
vt 0.559600 0.222200 0.000000
vt 0.579600 0.944300 0.000000
vt 0.398400 0.222200 0.000000
vt 0.385000 0.223600 0.000000
vt 0.560500 0.132800 0.000000
vt 0.466600 0.129900 0.000000
vt 0.558600 0.130400 0.000000
vt 0.399700 0.127400 0.000000
vt 0.397500 0.131300 0.000000
vt 0.386500 0.130900 0.000000
vt 0.385000 0.127000 0.000000
vt 0.265100 0.222200 0.000000
vt 0.269800 0.138700 0.000000
vt 0.432400 0.357400 0.000000
vt 0.350800 0.375500 0.000000
vt 0.267100 0.132300 0.000000
vt 0.265400 0.134300 0.000000
vt 0.212300 0.944400 0.000000
vt 0.388200 0.943000 0.000000
vt 0.277300 0.933700 0.000000
vt 0.397200 0.915200 0.000000
vt 0.204000 0.916400 0.000000
vt 0.397200 0.915300 0.000000
vt 0.299800 0.907400 0.000000
vt 0.203700 0.915600 0.000000
vt 0.269500 0.137700 0.000000
vt 0.321800 0.040500 0.000000
vt 0.270000 0.042000 0.000000
vt 0.267600 0.040000 0.000000
vt 0.321800 0.041500 0.000000
vt 0.208400 0.084000 0.000000
vt 0.205200 0.084000 0.000000
vt 0.513200 0.357400 0.000000
vt 0.198600 0.908800 0.000000
vt 0.202600 0.918000 0.000000
vt 0.198500 0.907600 0.000000
vt 0.202500 0.917800 0.000000
vt 0.203100 0.934300 0.000000
vt 0.203200 0.934200 0.000000
vt 0.196200 0.945100 0.000000
vt 0.198400 0.944400 0.000000
vt 0.213000 0.907900 0.000000
vt 0.163000 0.945100 0.000000
vt 0.240800 0.007300 0.000000
vt 0.012000 0.935200 0.000000
vt 0.011600 0.917200 0.000000
vt 0.011300 0.916700 0.000000
vt 0.011800 0.934700 0.000000
vt 0.054000 0.945300 0.000000
vt 0.208000 0.008300 0.000000
vt 0.206100 0.008800 0.000000
vt 0.089500 0.958600 0.000000
vt 0.072900 0.964100 0.000000
vt 0.140300 0.980000 0.000000
vt 0.691400 0.375500 0.000000
vt 0.773900 0.956800 0.000000
vt 0.691400 0.357900 0.000000
vt 0.019400 0.909500 0.000000
vt 0.758800 0.426800 0.000000
vt 0.104700 0.985800 0.000000
vt 0.068800 0.980300 0.000000
vt 0.023800 0.989000 0.000000
vt 0.009400 0.383800 0.000000
vt 0.103300 0.418900 0.000000
vt 0.087600 0.384800 0.000000
vt 0.106600 0.357400 0.000000
vt 0.075700 0.375500 0.000000
vt 0.019500 0.945000 0.000000
vt 0.021500 0.945100 0.000000
vt 0.173200 0.375500 0.000000
vt 0.172000 0.357400 0.000000
vt 0.581100 0.907900 0.000000
vt 0.586400 0.915700 0.000000
vt 0.586900 0.915300 0.000000
vt 0.586900 0.934500 0.000000
vt 0.581100 0.943900 0.000000
vt 0.586900 0.934200 0.000000
vt 0.696300 0.932700 0.000000
vt 0.771500 0.941700 0.000000
vt 0.784700 0.933600 0.000000
vt 0.665500 0.906600 0.000000
vt 0.780800 0.914800 0.000000
vt 0.773900 0.906800 0.000000
vt 0.695800 0.932600 0.000000
vt 0.784200 0.933400 0.000000
vt 0.780800 0.914100 0.000000
vt 0.596200 0.944200 0.000000
vt 0.007900 0.357900 0.000000
vt 0.008000 0.375500 0.000000
vt 0.018400 0.954900 0.000000
vt 0.012400 0.962800 0.000000
vt 0.012400 0.963000 0.000000
vt 0.013400 0.981400 0.000000
vt 0.781200 0.964700 0.000000
vt 0.013400 0.980900 0.000000
vt 0.773400 0.994400 0.000000
vt 0.781700 0.983500 0.000000
vt 0.781200 0.982900 0.000000
vt 0.677200 0.383800 0.000000
vt 0.008200 0.418500 0.000000
vt 0.627400 0.788200 0.000000
vt 0.394300 0.960800 0.000000
vt 0.387000 0.952600 0.000000
vt 0.394000 0.960700 0.000000
vt 0.395500 0.978200 0.000000
vt 0.389400 0.992000 0.000000
vt 0.387700 0.990400 0.000000
vt 0.395500 0.978300 0.000000
vt 0.342300 0.384800 0.000000
vt 0.341800 0.418500 0.000000
vt 0.167600 0.418500 0.000000
vt 0.906200 0.527100 0.000000
vt 0.776900 0.538300 0.000000
vt 0.768600 0.527600 0.000000
vt 0.951200 0.538100 0.000000
vt 0.952600 0.540300 0.000000
vt 0.389200 0.951500 0.000000
vt 0.348100 0.375500 0.000000
vt 0.349400 0.357900 0.000000
vt 0.166900 0.384800 0.000000
vt 0.203600 0.993300 0.000000
vt 0.196400 0.963800 0.000000
vt 0.196300 0.964000 0.000000
vt 0.194300 0.980600 0.000000
vt 0.194500 0.980500 0.000000
vt 0.204200 0.954700 0.000000
vt 0.403300 0.909900 0.000000
vt 0.397700 0.917200 0.000000
vt 0.397900 0.917100 0.000000
vt 0.398400 0.934000 0.000000
vt 0.403100 0.944800 0.000000
vt 0.165200 0.418000 0.000000
vt 0.201700 0.993200 0.000000
vt 0.627000 0.852300 0.000000
vt 0.164800 0.383800 0.000000
vt 0.634800 0.864100 0.000000
vt 0.775900 0.540500 0.000000
vt 0.184400 0.987600 0.000000
vt 0.336700 0.627700 0.000000
vt 0.392300 0.625500 0.000000
vt 0.344200 0.619400 0.000000
vt 0.246900 0.568600 0.000000
vt 0.204800 0.568600 0.000000
vt 0.250000 0.613500 0.000000
vt 0.342000 0.621600 0.000000
vt 0.344200 0.620100 0.000000
vt 0.346200 0.579100 0.000000
vt 0.389400 0.621300 0.000000
vt 0.248200 0.572800 0.000000
vt 0.250500 0.559600 0.000000
vt 0.163300 0.555900 0.000000
vt 0.246900 0.567100 0.000000
vt 0.341600 0.567600 0.000000
vt 0.344700 0.575700 0.000000
vt 0.352300 0.574700 0.000000
vt 0.347400 0.566900 0.000000
vt 0.366000 0.576900 0.000000
vt 0.344500 0.576200 0.000000
vt 0.250700 0.559300 0.000000
vt 0.259800 0.554900 0.000000
vt 0.163300 0.556200 0.000000
vt 0.261000 0.547600 0.000000
vt 0.200400 0.545700 0.000000
vt 0.342000 0.619400 0.000000
vt 0.341300 0.568100 0.000000
vt 0.347400 0.567100 0.000000
vt 0.337400 0.559300 0.000000
vt 0.256100 0.622300 0.000000
vt 0.250500 0.612300 0.000000
vt 0.220500 0.614700 0.000000
vt 0.387900 0.579300 0.000000
vt 0.390100 0.623500 0.000000
vt 0.388400 0.578100 0.000000
vt 0.396700 0.573700 0.000000
vt 0.389900 0.577400 0.000000
vt 0.407700 0.568100 0.000000
vt 0.401600 0.570800 0.000000
vt 0.407500 0.568400 0.000000
vt 0.418500 0.581100 0.000000
vt 0.442400 0.576400 0.000000
vt 0.546900 0.557100 0.000000
vt 0.335700 0.551800 0.000000
vt 0.145500 0.552700 0.000000
vt 0.201500 0.563700 0.000000
vt 0.116500 0.614700 0.000000
vt 0.053100 0.611800 0.000000
vt 0.075700 0.615000 0.000000
vt 0.202100 0.569100 0.000000
vt 0.047300 0.620100 0.000000
vt 0.097900 0.622100 0.000000
vt 0.116500 0.614300 0.000000
vt 0.101600 0.604700 0.000000
vt 0.053400 0.613000 0.000000
vt 0.137800 0.617700 0.000000
vt 0.151500 0.608600 0.000000
vt 0.102800 0.603800 0.000000
vt 0.098300 0.568600 0.000000
vt 0.104600 0.604500 0.000000
vt 0.101700 0.570600 0.000000
vt 0.136800 0.604500 0.000000
vt 0.200600 0.570600 0.000000
vt 0.200300 0.603800 0.000000
vt 0.099600 0.568800 0.000000
vt 0.104400 0.605500 0.000000
vt 0.201300 0.604500 0.000000
vt 0.220300 0.614300 0.000000
vt 0.256100 0.623800 0.000000
vt 0.261700 0.629400 0.000000
vt 0.100900 0.568800 0.000000
vt 0.477300 0.568100 0.000000
vt 0.200900 0.605200 0.000000
vt 0.201500 0.604700 0.000000
vt 0.101700 0.570300 0.000000
vt 0.396000 0.861100 0.000000
vt 0.488500 0.860700 0.000000
vt 0.392600 0.869500 0.000000
vt 0.398400 0.858300 0.000000
vt 0.485800 0.857400 0.000000
vt 0.104600 0.556900 0.000000
vt 0.420200 0.823200 0.000000
vt 0.465800 0.824300 0.000000
vt 0.105700 0.564000 0.000000
vt 0.491900 0.824300 0.000000
vt 0.496100 0.821200 0.000000
vt 0.489700 0.825100 0.000000
vt 0.136000 0.530500 0.000000
vt 0.034100 0.534900 0.000000
vt 0.117600 0.545400 0.000000
vt 0.117600 0.545200 0.000000
vt 0.043100 0.554200 0.000000
vt 0.100200 0.565200 0.000000
vt 0.054300 0.567900 0.000000
vt 0.396700 0.816800 0.000000
vt 0.401400 0.813800 0.000000
vt 0.407000 0.811300 0.000000
vt 0.389600 0.820600 0.000000
vt 0.420200 0.823600 0.000000
vt 0.394300 0.825100 0.000000
vt 0.341100 0.810200 0.000000
vt 0.337200 0.799300 0.000000
vt 0.392100 0.824300 0.000000
vt 0.341100 0.810100 0.000000
vt 0.344000 0.862500 0.000000
vt 0.335900 0.870400 0.000000
vt 0.341300 0.862800 0.000000
vt 0.442100 0.819600 0.000000
vt 0.475100 0.811400 0.000000
vt 0.347700 0.822400 0.000000
vt 0.389200 0.864900 0.000000
vt 0.344000 0.863400 0.000000
vt 0.488300 0.817000 0.000000
vt 0.475100 0.811500 0.000000
vt 0.546900 0.802900 0.000000
vt 0.548300 0.794400 0.000000
vt 0.482700 0.813800 0.000000
vt 0.494400 0.820600 0.000000
vt 0.536600 0.810200 0.000000
vt 0.341600 0.864100 0.000000
vt 0.345200 0.820300 0.000000
vt 0.054100 0.568800 0.000000
vt 0.335200 0.794800 0.000000
vt 0.323200 0.786700 0.000000
vt 0.450900 0.785800 0.000000
vt 0.365700 0.820200 0.000000
vt 0.050800 0.559100 0.000000
vt 0.532200 0.818000 0.000000
vt 0.050700 0.559100 0.000000
vt 0.041800 0.546600 0.000000
vt 0.542500 0.811200 0.000000
vt 0.041700 0.547600 0.000000
vt 0.387700 0.822600 0.000000
vt 0.389200 0.864700 0.000000
vt 0.390400 0.866000 0.000000
vt 0.387900 0.821200 0.000000
vt 0.536600 0.810300 0.000000
vt 0.542500 0.811600 0.000000
vt 0.396200 0.859600 0.000000
vt 0.335400 0.795000 0.000000
vt 0.548300 0.793900 0.000000
vt 0.345000 0.818600 0.000000
vt 0.268800 0.507300 0.000000
vt 0.039500 0.491700 0.000000
vt 0.034600 0.506600 0.000000
vt 0.033700 0.518100 0.000000
vt 0.313000 0.669900 0.000000
vt 0.569300 0.670400 0.000000
vt 0.310300 0.682100 0.000000
vt 0.418700 0.700200 0.000000
vt 0.507300 0.698500 0.000000
vt 0.802200 0.815700 0.000000
vt 0.802200 0.981200 0.000000
vt 0.802700 0.984800 0.000000
vt 0.403600 0.717800 0.000000
vt 0.442600 0.720900 0.000000
vt 0.319800 0.724400 0.000000
vt 0.441900 0.740000 0.000000
vt 0.358400 0.756300 0.000000
vt 0.334500 0.740700 0.000000
vt 0.441900 0.739300 0.000000
vt 0.334500 0.740200 0.000000
vt 0.010400 0.454100 0.000000
vt 0.236800 0.453600 0.000000
vt 0.009800 0.440400 0.000000
vt 0.072100 0.470200 0.000000
vt 0.235500 0.470700 0.000000
vt 0.087600 0.456500 0.000000
vt 0.088800 0.476600 0.000000
vt 0.235600 0.470700 0.000000
vt 0.024500 0.476600 0.000000
vt 0.021700 0.468300 0.000000
vt 0.008300 0.456500 0.000000
vt 0.316400 0.714800 0.000000
vt 0.316400 0.715100 0.000000
vt 0.420700 0.703600 0.000000
vt 0.305700 0.700200 0.000000
vt 0.310300 0.696300 0.000000
vt 0.306400 0.670700 0.000000
vt 0.303000 0.683100 0.000000
vt 0.304000 0.697800 0.000000
vt 0.039200 0.492200 0.000000
vt 0.329300 0.765400 0.000000
vt 0.325000 0.757700 0.000000
vt 0.029200 0.509000 0.000000
vt 0.321500 0.778200 0.000000
vt 0.029800 0.529300 0.000000
vt 0.577600 0.671100 0.000000
vt 0.573700 0.680700 0.000000
vt 0.289800 0.694800 0.000000
vt 0.285900 0.671600 0.000000
vt 0.284400 0.682400 0.000000
vt 0.580100 0.695100 0.000000
vt 0.284900 0.696500 0.000000
vt 0.573700 0.696300 0.000000
vt 0.288600 0.700400 0.000000
vt 0.577600 0.700900 0.000000
vt 0.572300 0.701700 0.000000
vt 0.567400 0.715100 0.000000
vt 0.564500 0.722900 0.000000
vt 0.506300 0.717000 0.000000
vt 0.567400 0.714800 0.000000
vt 0.506300 0.717300 0.000000
vt 0.549800 0.741000 0.000000
vt 0.552700 0.757400 0.000000
vt 0.549800 0.740500 0.000000
vt 0.799800 0.810700 0.000000
vt 0.216900 0.457000 0.000000
vt 0.278300 0.476600 0.000000
vt 0.264200 0.492700 0.000000
vt 0.263900 0.493200 0.000000
vt 0.269500 0.520000 0.000000
vt 0.005700 0.681900 0.000000
vt 0.197400 0.796400 0.000000
vt 0.255600 0.797000 0.000000
vt 0.195900 0.788300 0.000000
vt 0.107700 0.789100 0.000000
vt 0.553700 0.781000 0.000000
vt 0.330600 0.782100 0.000000
vt 0.264400 0.775100 0.000000
vt 0.107500 0.788900 0.000000
vt 0.440900 0.768900 0.000000
vt 0.554700 0.770300 0.000000
vt 0.562500 0.778300 0.000000
vt 0.256800 0.790000 0.000000
vt 0.256800 0.789300 0.000000
vt 0.269000 0.770100 0.000000
vt 0.264900 0.752800 0.000000
vt 0.261700 0.770000 0.000000
vt 0.559100 0.757700 0.000000
vt 0.268600 0.749800 0.000000
vt 0.258100 0.735100 0.000000
vt 0.546400 0.497100 0.000000
vt 0.551300 0.496600 0.000000
vt 0.564900 0.481000 0.000000
vt 0.551300 0.498500 0.000000
vt 0.552700 0.512700 0.000000
vt 0.023300 0.754200 0.000000
vt 0.029000 0.754200 0.000000
vt 0.037500 0.734900 0.000000
vt 0.561500 0.518800 0.000000
vt 0.555200 0.527100 0.000000
vt 0.026200 0.773600 0.000000
vt 0.561000 0.538300 0.000000
vt 0.553700 0.538800 0.000000
vt 0.032000 0.772200 0.000000
vt 0.036800 0.529800 0.000000
vt 0.467500 0.497100 0.000000
vt 0.467500 0.496600 0.000000
vt 0.444100 0.525900 0.000000
vt 0.560100 0.787000 0.000000
vt 0.561000 0.543200 0.000000
vt 0.027600 0.777500 0.000000
vt 0.034100 0.775800 0.000000
vt 0.037100 0.788600 0.000000
vt 0.038900 0.796400 0.000000
vt 0.044800 0.797200 0.000000
vt 0.037200 0.788800 0.000000
vt 0.386200 0.542500 0.000000
vt 0.330800 0.537800 0.000000
vt 0.549800 0.552000 0.000000
vt 0.549800 0.551800 0.000000
vt 0.331500 0.514400 0.000000
vt 0.333700 0.497100 0.000000
vt 0.329800 0.526900 0.000000
vt 0.266600 0.528100 0.000000
vt 0.325400 0.514400 0.000000
vt 0.273900 0.509000 0.000000
vt 0.321800 0.534700 0.000000
vt 0.269500 0.534900 0.000000
vt 0.273400 0.529100 0.000000
vt 0.335700 0.551500 0.000000
vt 0.323500 0.543500 0.000000
vt 0.261200 0.547900 0.000000
vt 0.152500 0.779900 0.000000
vt 0.153600 0.791400 0.000000
vt 0.247200 0.791400 0.000000
vt 0.041100 0.627200 0.000000
vt 0.151600 0.640900 0.000000
vt 0.267800 0.649700 0.000000
vt 0.151600 0.644300 0.000000
vt 0.036200 0.642100 0.000000
vt 0.470200 0.782700 0.000000
vt 0.328100 0.784200 0.000000
vt 0.462200 0.784300 0.000000
vt 0.441200 0.785800 0.000000
vt 0.327900 0.785800 0.000000
vt 0.441200 0.797500 0.000000
vt 0.339100 0.797100 0.000000
vt 0.974600 0.473100 0.000000
vt 0.149500 0.508100 0.000000
vt 0.035400 0.509500 0.000000
vt 0.149500 0.509500 0.000000
vt 0.149500 0.533200 0.000000
vt 0.974100 0.897800 0.000000
vt 0.981000 0.898100 0.000000
vt 0.802200 0.810700 0.000000
vt 0.892100 0.810700 0.000000
vt 0.036500 0.536400 0.000000
vt 0.048100 0.548100 0.000000
vt 0.149500 0.536400 0.000000
vt 0.034900 0.534700 0.000000
vt 0.036500 0.533200 0.000000
vt 0.258800 0.779800 0.000000
vt 0.149500 0.534700 0.000000
vt 0.149300 0.548300 0.000000
vt 0.261700 0.776700 0.000000
vt 0.260700 0.752800 0.000000
vt 0.260000 0.777700 0.000000
vt 0.554200 0.758800 0.000000
vt 0.328100 0.758900 0.000000
vt 0.443600 0.898400 0.000000
vt 0.561000 0.890700 0.000000
vt 0.433800 0.904700 0.000000
vt 0.038200 0.639900 0.000000
vt 0.038400 0.639400 0.000000
vt 0.324700 0.893600 0.000000
vt 0.554700 0.889000 0.000000
vt 0.325000 0.893100 0.000000
vt 0.440900 0.886100 0.000000
vt 0.328100 0.782600 0.000000
vt 0.326400 0.783800 0.000000
vt 0.890100 0.978900 0.000000
vt 0.035400 0.646700 0.000000
vt 0.439200 0.540500 0.000000
vt 0.391400 0.540000 0.000000
vt 0.440700 0.554200 0.000000
vt 0.889600 0.985500 0.000000
vt 0.927700 0.978600 0.000000
vt 0.932600 0.985500 0.000000
vt 0.394500 0.553700 0.000000
vt 0.439200 0.540800 0.000000
vt 0.541500 0.553700 0.000000
vt 0.326400 0.757800 0.000000
vt 0.338900 0.553700 0.000000
vt 0.974100 0.978500 0.000000
vt 0.325000 0.782800 0.000000
vt 0.981000 0.810700 0.000000
vt 0.330300 0.877700 0.000000
vt 0.335700 0.871300 0.000000
vt 0.322300 0.890900 0.000000
vt 0.752000 0.280800 0.000000
vt 0.251000 0.547900 0.000000
vt 0.262500 0.536400 0.000000
vt 0.263700 0.508100 0.000000
vt 0.321300 0.895600 0.000000
vt 0.974100 0.917700 0.000000
vt 0.981900 0.921800 0.000000
vt 0.981000 0.985500 0.000000
vt 0.461700 0.784700 0.000000
vt 0.466100 0.797200 0.000000
vt 0.542500 0.797400 0.000000
vt 0.553700 0.782500 0.000000
vt 0.047200 0.621100 0.000000
vt 0.262500 0.509500 0.000000
vt 0.262500 0.533200 0.000000
vt 0.263700 0.534900 0.000000
vt 0.554700 0.757200 0.000000
vt 0.555700 0.759200 0.000000
vt 0.327400 0.542000 0.000000
vt 0.391400 0.540500 0.000000
vt 0.326200 0.538800 0.000000
vt 0.554200 0.785800 0.000000
vt 0.325000 0.758800 0.000000
vt 0.556200 0.782500 0.000000
vt 0.573200 0.426300 0.000000
vt 0.574200 0.439000 0.000000
vt 0.578100 0.427700 0.000000
vt 0.581500 0.439000 0.000000
vt 0.275900 0.711700 0.000000
vt 0.201900 0.712900 0.000000
vt 0.273200 0.718800 0.000000
vt 0.211500 0.699500 0.000000
vt 0.216700 0.719000 0.000000
vt 0.201900 0.712600 0.000000
vt 0.258300 0.734900 0.000000
vt 0.037400 0.734600 0.000000
vt 0.147000 0.712900 0.000000
vt 0.083700 0.699700 0.000000
vt 0.293500 0.454100 0.000000
vt 0.287800 0.428700 0.000000
vt 0.580600 0.454600 0.000000
vt 0.573700 0.453100 0.000000
vt 0.578600 0.457000 0.000000
vt 0.457500 0.457000 0.000000
vt 0.463900 0.460400 0.000000
vt 0.567400 0.472200 0.000000
vt 0.018100 0.711700 0.000000
vt 0.004000 0.699700 0.000000
vt 0.457000 0.475100 0.000000
vt 0.319800 0.479000 0.000000
vt 0.435100 0.478000 0.000000
vt 0.567400 0.471700 0.000000
vt 0.281000 0.468300 0.000000
vt 0.006400 0.696800 0.000000
vt 0.018200 0.711700 0.000000
vt 0.020800 0.719000 0.000000
vt 0.104200 0.712900 0.000000
vt 0.104200 0.712600 0.000000
vt 0.074200 0.719200 0.000000
vt 0.293700 0.457000 0.000000
vt 0.306600 0.457500 0.000000
vt 0.316400 0.472700 0.000000
vt 0.312000 0.458500 0.000000
vt 0.303000 0.454600 0.000000
vt 0.310800 0.453100 0.000000
vt 0.310500 0.438500 0.000000
vt 0.306200 0.431200 0.000000
vt 0.008600 0.671400 0.000000
vt 0.981000 0.813100 0.000000
vt 0.978500 0.810700 0.000000
vt 0.976100 0.985100 0.000000
vt 0.376700 0.455100 0.000000
vt 0.378200 0.474100 0.000000
vt 0.291700 0.431200 0.000000
vt 0.981400 0.984900 0.000000
vt 0.980500 0.980200 0.000000
vt 0.314200 0.428200 0.000000
vt 0.316400 0.472200 0.000000
vt 0.013200 0.428700 0.000000
vt 0.034900 0.507800 0.000000
vt 0.563000 0.652300 0.000000
vt 0.561500 0.647700 0.000000
vt 0.451400 0.661400 0.000000
vt 0.555200 0.646000 0.000000
vt 0.553200 0.634500 0.000000
vt 0.441700 0.642800 0.000000
vt 0.260000 0.751300 0.000000
vt 0.258500 0.752900 0.000000
vt 0.561000 0.647000 0.000000
vt 0.549300 0.629400 0.000000
vt 0.032600 0.882900 0.000000
vt 0.036100 0.882300 0.000000
vt 0.036500 0.871300 0.000000
vt 0.375200 0.874400 0.000000
vt 0.434800 0.871500 0.000000
vt 0.491900 0.868800 0.000000
vt 0.463600 0.877400 0.000000
vt 0.543000 0.865800 0.000000
vt 0.494100 0.866700 0.000000
vt 0.494900 0.864600 0.000000
vt 0.496300 0.822600 0.000000
vt 0.518100 0.820200 0.000000
vt 0.540000 0.862500 0.000000
vt 0.093100 0.864500 0.000000
vt 0.040900 0.864900 0.000000
vt 0.463400 0.877600 0.000000
vt 0.035800 0.882600 0.000000
vt 0.031100 0.884600 0.000000
vt 0.147000 0.886200 0.000000
vt 0.223300 0.857700 0.000000
vt 0.248500 0.855200 0.000000
vt 0.194900 0.856700 0.000000
vt 0.536100 0.822500 0.000000
vt 0.540000 0.863300 0.000000
vt 0.539600 0.820800 0.000000
vt 0.542000 0.865400 0.000000
vt 0.200900 0.811400 0.000000
vt 0.248400 0.856400 0.000000
vt 0.243900 0.811800 0.000000
vt 0.252400 0.864100 0.000000
vt 0.199000 0.866200 0.000000
vt 0.147000 0.882900 0.000000
vt 0.539100 0.819100 0.000000
vt 0.095700 0.812000 0.000000
vt 0.097800 0.846300 0.000000
vt 0.097200 0.813200 0.000000
vt 0.030700 0.889500 0.000000
vt 0.163800 0.892000 0.000000
vt 0.147000 0.810800 0.000000
vt 0.194900 0.855800 0.000000
vt 0.197300 0.847400 0.000000
vt 0.196300 0.812700 0.000000
vt 0.196000 0.846700 0.000000
vt 0.148600 0.850100 0.000000
vt 0.196000 0.846300 0.000000
vt 0.099600 0.846900 0.000000
vt 0.126300 0.846300 0.000000
vt 0.096600 0.847400 0.000000
vt 0.101300 0.855800 0.000000
vt 0.101300 0.856700 0.000000
vt 0.143700 0.858800 0.000000
vt 0.196300 0.812600 0.000000
vt 0.099400 0.847700 0.000000
vt 0.143700 0.857300 0.000000
vt 0.199000 0.865800 0.000000
vt 0.195800 0.847200 0.000000
vt 0.198200 0.812000 0.000000
vt 0.548300 0.872400 0.000000
vt 0.255900 0.870400 0.000000
vt 0.258300 0.882400 0.000000
vt 0.262700 0.884300 0.000000
vt 0.258100 0.882300 0.000000
vt 0.252700 0.864400 0.000000
vt 0.554200 0.877100 0.000000
vt 0.551800 0.879200 0.000000
vt 0.262700 0.889300 0.000000
vt 0.548300 0.871800 0.000000
vt 0.563000 0.895600 0.000000
vt 0.261500 0.882700 0.000000
vt 0.561000 0.890100 0.000000
vt 0.193000 0.799700 0.000000
vt 0.193400 0.806600 0.000000
vt 0.193100 0.798800 0.000000
vt 0.394800 0.582000 0.000000
vt 0.392300 0.581100 0.000000
vt 0.147000 0.807300 0.000000
vt 0.243800 0.810800 0.000000
vt 0.398400 0.614300 0.000000
vt 0.485800 0.615000 0.000000
vt 0.100200 0.798800 0.000000
vt 0.395800 0.617400 0.000000
vt 0.488300 0.617900 0.000000
vt 0.431600 0.628200 0.000000
vt 0.491700 0.626200 0.000000
vt 0.395500 0.633800 0.000000
vt 0.395500 0.634000 0.000000
vt 0.336400 0.628400 0.000000
vt 0.045700 0.856300 0.000000
vt 0.093000 0.811400 0.000000
vt 0.070700 0.857700 0.000000
vt 0.100500 0.806600 0.000000
vt 0.246500 0.802100 0.000000
vt 0.246300 0.802100 0.000000
vt 0.100200 0.799900 0.000000
vt 0.050100 0.810800 0.000000
vt 0.463100 0.580100 0.000000
vt 0.507800 0.631600 0.000000
vt 0.490000 0.582000 0.000000
vt 0.488000 0.616500 0.000000
vt 0.492200 0.581100 0.000000
vt 0.496300 0.578100 0.000000
vt 0.494100 0.622800 0.000000
vt 0.495400 0.621300 0.000000
vt 0.496600 0.579300 0.000000
vt 0.463100 0.580300 0.000000
vt 0.487500 0.573700 0.000000
vt 0.494900 0.577400 0.000000
vt 0.482900 0.570800 0.000000
vt 0.518600 0.576900 0.000000
vt 0.537100 0.567100 0.000000
vt 0.543000 0.622600 0.000000
vt 0.549300 0.628900 0.000000
vt 0.045500 0.855100 0.000000
vt 0.495100 0.621300 0.000000
vt 0.540500 0.619400 0.000000
vt 0.047300 0.801500 0.000000
vt 0.050000 0.811800 0.000000
vt 0.543000 0.568400 0.000000
vt 0.537100 0.566900 0.000000
vt 0.532700 0.574700 0.000000
vt 0.543000 0.567400 0.000000
vt 0.539600 0.575900 0.000000
vt 0.540000 0.577600 0.000000
vt 0.536600 0.579300 0.000000
vt 0.047400 0.801800 0.000000
vt 0.041000 0.864500 0.000000
vt 0.540000 0.620100 0.000000
vt 0.542500 0.622100 0.000000
vt 0.327400 0.757300 0.000000
vt 0.399200 0.539300 0.000000
vt 0.327100 0.758400 0.000000
vt 0.441200 0.755600 0.000000
vt 0.332000 0.749000 0.000000
vt 0.325900 0.515400 0.000000
vt 0.264600 0.507100 0.000000
vt 0.255600 0.502200 0.000000
vt 0.149500 0.506300 0.000000
vt 0.264200 0.507100 0.000000
vt 0.549800 0.749000 0.000000
vt 0.481900 0.756500 0.000000
vt 0.390600 0.512500 0.000000
vt 0.325900 0.512500 0.000000
vt 0.334200 0.507800 0.000000
vt 0.393600 0.515100 0.000000
vt 0.149500 0.502200 0.000000
vt 0.482200 0.756600 0.000000
vt 0.440400 0.749000 0.000000
vt 0.553200 0.538800 0.000000
vt 0.440400 0.508300 0.000000
vt 0.555200 0.514200 0.000000
vt 0.395800 0.513400 0.000000
vt 0.554200 0.515100 0.000000
vt 0.553200 0.512000 0.000000
vt 0.440400 0.512000 0.000000
vt 0.262200 0.639600 0.000000
vt 0.439500 0.508100 0.000000
vt 0.546400 0.507800 0.000000
vt 0.267100 0.641400 0.000000
vt 0.262000 0.639600 0.000000
vt 0.553200 0.542000 0.000000
vt 0.555200 0.540800 0.000000
vt 0.032600 0.778200 0.000000
vt 0.031000 0.777800 0.000000
vt 0.032500 0.779800 0.000000
vt 0.032700 0.776500 0.000000
vt 0.032700 0.752900 0.000000
vt 0.030400 0.752900 0.000000
vt 0.029400 0.776700 0.000000
vt 0.443800 0.655300 0.000000
vt 0.555200 0.645800 0.000000
vt 0.258500 0.749800 0.000000
vt 0.153800 0.751000 0.000000
vt 0.155500 0.752800 0.000000
vt 0.258500 0.776500 0.000000
vt 0.254200 0.743400 0.000000
vt 0.036500 0.506300 0.000000
vt 0.440700 0.749500 0.000000
vt 0.043200 0.502200 0.000000
vt 0.031000 0.751700 0.000000
vt 0.265900 0.640100 0.000000
vt 0.324000 0.647200 0.000000
vt 0.329600 0.646000 0.000000
vt 0.331500 0.634500 0.000000
vt 0.044000 0.791400 0.000000
vt 0.151900 0.779200 0.000000
vt 0.154700 0.777200 0.000000
vt 0.036700 0.742900 0.000000
vt 0.032500 0.749800 0.000000
vt 0.323200 0.652600 0.000000
vt 0.323200 0.647700 0.000000
vt 0.329300 0.645800 0.000000
vt 0.153900 0.751000 0.000000
vt 0.465800 0.652100 0.000000
vt 0.465600 0.652100 0.000000
vt 0.258500 0.778200 0.000000
vt 0.155400 0.779500 0.000000
# 1518 texture coordinates

g taobaodianpu_CFSC142
usemtl mi_TempleColumn_01_01
f 1011/3/2 957/2/1 954/1/1
f 4/6/5 12/5/4 3/4/3
f 5/8/7 63/7/6 4/6/5
f 548/10/9 14/9/8 5/8/7
f 1/13/12 15/12/11 6/11/10
f 7/11/13 60/15/14 8/14/13
f 548/10/9 10/16/15 14/9/8
f 63/7/6 5/8/7 14/9/8
f 12/5/4 4/6/5 63/7/6
f 13/19/18 61/18/17 2/17/16
f 2/17/16 11/20/19 1/13/12
f 11/20/19 15/12/11 1/13/12
f 60/15/14 7/11/13 17/12/20
f 2/17/16 61/18/17 11/20/19
f 18/23/23 19/22/22 30/21/21
f 24/26/26 25/25/25 26/24/24
f 18/23/23 27/27/27 19/22/22
f 28/29/29 29/28/28 27/27/27
f 22/32/32 21/31/31 31/30/30
f 32/35/33 33/34/34 34/33/33
f 35/38/37 36/37/36 37/36/35
f 34/33/33 33/34/34 38/39/34
f 39/41/40 40/40/39 41/38/38
f 35/38/37 37/36/35 42/42/41
f 43/43/42 25/25/25 24/26/26
f 27/27/27 44/44/43 19/22/22
f 29/28/28 45/45/44 27/27/27
f 20/47/46 46/46/45 21/31/31
f 21/31/31 46/46/45 31/30/30
f 48/48/47 30/21/21 19/22/22
f 46/46/45 20/47/46 49/49/48
f 49/49/48 23/50/50 50/48/49
f 23/50/50 49/49/48 20/47/46
f 45/45/44 29/28/28 51/51/51
f 19/22/22 44/44/43 48/48/47
f 44/44/43 27/27/27 45/45/44
f 54/52/52 35/38/37 42/42/41
f 55/53/53 39/41/40 41/38/38
f 40/40/39 39/41/40 56/54/54
f 59/57/56 57/56/54 16/55/55
f 27/27/27 18/23/23 28/29/29
f 29/28/28 28/29/29 62/58/57
f 14/9/8 10/16/15 64/59/58
f 69/62/61 68/61/60 67/60/59
f 70/65/64 71/64/63 65/63/62
f 66/67/67 72/64/66 52/66/65
f 68/61/60 88/68/68 70/65/64
f 69/62/61 73/69/69 68/61/60
f 77/72/72 78/71/71 79/70/70
f 79/70/70 80/74/74 81/73/73
f 83/77/77 174/76/76 82/75/75
f 74/80/80 116/79/79 84/78/78
f 96/82/83 75/80/82 53/81/81
f 90/85/86 393/84/85 85/83/84
f 92/88/88 93/87/87 94/86/87
f 78/71/71 97/90/90 98/89/89
f 97/90/90 99/92/92 109/91/91
f 80/74/74 98/89/89 100/93/93
f 101/96/96 285/95/95 102/94/94
f 103/99/99 104/98/98 105/97/97
f 104/98/98 115/101/101 106/100/100
f 108/102/102 106/100/100 115/101/101
f 115/101/101 104/98/98 103/99/99
f 103/99/99 105/97/97 107/103/103
f 99/92/92 77/72/72 110/104/104
f 107/103/103 111/105/105 103/99/99
f 71/64/63 70/65/64 88/68/68
f 88/68/68 68/61/60 73/69/69
f 52/66/65 95/106/106 53/81/81
f 87/107/107 52/66/65 72/64/66
f 69/62/61 89/108/108 73/69/69
f 112/109/109 393/84/85 90/85/86
f 95/106/106 52/66/65 87/107/107
f 71/64/63 88/68/68 113/110/110
f 87/107/107 72/64/66 86/111/111
f 83/77/77 114/112/76 174/76/76
f 116/79/79 74/80/80 91/113/112
f 53/81/81 95/106/106 96/82/83
f 285/95/95 117/115/114 118/114/113
f 80/74/74 79/70/70 78/71/71
f 78/71/71 77/72/72 99/92/92
f 99/92/92 110/104/104 109/91/91
f 118/114/113 102/94/94 285/95/95
f 98/89/89 80/74/74 78/71/71
f 97/90/90 78/71/71 99/92/92
f 171/117/117 120/75/116 173/116/115
f 58/120/120 186/119/119 119/118/118
f 121/117/123 122/122/122 123/121/121
f 125/125/126 124/124/125 128/123/124
f 128/123/124 124/124/125 193/126/127
f 129/129/130 130/128/129 131/127/128
f 133/131/133 126/127/132 127/130/131
f 198/132/134 59/57/56 16/55/55
f 58/120/120 119/118/118 47/133/135
f 132/134/88 93/87/87 92/88/88
f 198/132/134 16/55/55 134/135/136
f 138/138/139 135/137/138 136/136/137
f 136/136/137 188/139/140 138/138/139
f 139/142/143 137/141/142 140/140/141
f 138/138/139 188/139/140 141/143/144
f 143/146/147 142/145/146 144/144/145
f 145/147/148 131/127/128 130/128/129
f 146/148/149 127/130/131 126/127/132
f 147/149/150 130/128/129 129/129/130
f 148/150/151 130/128/129 147/149/150
f 123/121/121 236/151/109 121/117/123
f 125/125/126 211/152/152 124/124/125
f 149/155/155 150/154/154 151/153/153
f 130/128/129 148/150/151 152/156/156
f 153/158/158 154/157/157 151/153/153
f 155/160/161 156/159/160 157/158/159
f 151/153/153 154/157/157 149/155/155
f 154/157/157 153/158/158 158/159/162
f 159/161/163 130/128/129 152/156/156
f 160/162/164 154/157/157 158/159/162
f 154/157/157 161/163/165 149/155/155
f 163/166/168 164/165/167 283/164/166
f 162/169/169 165/168/170 166/167/169
f 167/172/169 886/171/171 168/170/169
f 126/127/132 169/173/172 146/148/149
f 170/174/161 165/168/170 155/160/161
f 165/168/170 162/169/169 156/159/160
f 155/160/161 165/168/170 156/159/160
f 854/177/173 175/176/161 176/175/161
f 130/128/129 177/178/174 145/147/148
f 130/128/129 159/161/163 177/178/174
f 149/155/155 161/163/165 178/179/175
f 179/180/159 854/177/173 176/175/161
f 854/177/173 179/180/159 180/181/176
f 122/122/122 172/183/174 181/182/163
f 137/141/142 139/142/143 183/184/177
f 183/184/177 139/142/143 182/185/154
f 184/187/151 185/186/150 135/137/138
f 135/137/138 185/186/150 136/136/137
f 185/186/150 198/132/134 134/135/136
f 188/139/140 187/188/178 141/143/144
f 142/145/146 189/190/180 233/189/179
f 122/122/122 121/117/123 172/183/174
f 190/192/175 193/126/127 191/191/181
f 193/126/127 124/124/125 191/191/181
f 142/145/146 233/189/179 144/144/145
f 161/163/165 154/157/157 160/162/164
f 156/159/160 162/169/169 192/162/182
f 57/56/54 187/188/178 188/139/140
f 57/56/54 194/193/183 187/188/178
f 233/189/179 189/190/180 195/194/184
f 886/171/171 196/195/182 168/170/169
f 196/195/182 886/171/171 197/196/185
f 173/116/115 172/183/174 171/117/117
f 199/199/184 200/198/187 201/197/186
f 39/41/40 202/200/183 56/54/54
f 202/200/183 39/41/40 203/201/188
f 201/197/186 204/203/190 205/202/189
f 206/205/193 207/204/192 208/202/191
f 201/197/186 200/198/187 204/203/190
f 227/207/195 209/206/194 211/152/152
f 210/208/196 227/207/195 211/152/152
f 39/41/40 55/53/53 215/209/197
f 216/210/198 39/41/40 215/209/197
f 217/212/200 200/198/187 218/211/199
f 219/215/198 220/214/197 221/213/201
f 222/216/202 221/213/201 220/214/197
f 209/206/194 227/207/195 223/217/199
f 204/203/190 217/212/200 224/218/203
f 225/219/205 206/205/193 226/218/204
f 228/222/204 213/221/206 229/220/205
f 205/202/189 204/203/190 230/205/207
f 836/225/208 231/224/191 232/223/192
f 231/224/191 836/225/208 234/226/209
f 221/213/201 222/216/202 236/151/109
f 213/221/206 228/222/204 214/227/210
f 171/117/117 237/216/211 120/75/116
f 220/214/197 120/75/116 237/216/211
f 39/41/40 216/210/198 203/201/188
f 238/230/214 258/229/213 235/228/212
f 234/226/209 238/230/214 235/228/212
f 836/225/208 239/231/215 234/226/209
f 240/232/192 836/225/208 232/223/192
f 238/230/214 234/226/209 239/231/215
f 242/235/218 253/234/217 241/233/216
f 224/218/203 230/205/207 204/203/190
f 200/198/187 217/212/200 204/203/190
f 222/216/202 121/117/123 236/151/109
f 243/233/221 250/234/220 244/236/219
f 207/204/192 206/205/193 802/237/222
f 802/237/222 206/205/193 225/219/205
f 246/238/192 207/204/192 802/237/222
f 886/171/171 247/239/223 197/196/185
f 248/241/225 249/240/224 197/196/185
f 244/236/219 250/234/220 251/242/226
f 248/241/225 251/242/226 249/240/224
f 264/245/229 254/244/228 245/243/227
f 257/248/232 256/247/231 252/246/230
f 252/246/230 125/125/126 257/248/232
f 252/246/230 210/208/196 211/152/152
f 252/246/230 211/152/152 125/125/126
f 245/243/227 259/250/234 212/249/233
f 197/196/185 247/239/223 248/241/225
f 802/237/222 225/219/205 260/251/205
f 251/242/226 248/241/225 244/236/219
f 247/239/223 262/236/235 248/241/225
f 261/252/237 259/250/234 263/244/236
f 261/252/237 214/227/210 259/250/234
f 213/221/206 255/253/205 229/220/205
f 261/252/237 213/221/206 214/227/210
f 259/250/234 214/227/210 212/249/233
f 259/250/234 245/243/227 254/244/228
f 266/256/240 272/255/239 265/254/238
f 265/254/238 267/257/241 266/256/240
f 268/259/244 269/258/243 270/254/242
f 267/257/241 265/254/238 269/258/243
f 267/257/241 269/258/243 271/260/245
f 273/262/247 272/255/239 279/261/246
f 274/264/248 164/165/167 275/263/168
f 274/264/248 276/265/250 277/165/249
f 273/262/247 270/254/242 272/255/239
f 270/254/242 273/262/247 268/259/244
f 273/262/247 278/266/251 268/259/244
f 269/258/243 268/259/244 278/266/251
f 279/261/246 278/266/251 273/262/247
f 278/266/251 279/261/246 280/267/252
f 282/268/166 283/164/166 164/165/167
f 277/165/249 281/270/253 284/269/253
f 278/266/251 271/260/245 269/258/243
f 271/260/245 278/266/251 280/267/252
f 285/95/95 101/96/96 286/271/254
f 288/274/255 289/273/255 290/272/255
f 289/273/255 288/274/255 291/275/255
f 292/278/256 293/277/256 294/276/256
f 295/281/259 296/280/258 311/279/257
f 293/277/256 292/278/256 297/282/256
f 338/285/262 300/284/261 301/283/260
f 299/288/265 302/287/264 303/286/263
f 302/287/264 299/288/265 304/289/266
f 281/270/253 277/165/249 276/265/250
f 300/284/261 305/290/267 301/283/260
f 305/290/267 300/284/261 306/291/268
f 310/293/270 311/279/257 312/292/269
f 309/296/273 313/295/272 314/294/271
f 315/297/274 313/295/272 309/296/273
f 308/300/276 316/299/275 317/298/275
f 318/302/277 310/293/270 319/301/269
f 316/299/275 308/300/276 307/293/278
f 320/305/279 321/304/279 322/303/279
f 322/303/279 323/306/279 320/305/279
f 318/302/277 319/301/269 324/307/280
f 325/278/281 326/308/281 327/282/281
f 266/256/240 393/84/85 287/309/282
f 272/255/239 287/309/282 418/310/283
f 332/312/285 274/264/248 330/311/284
f 266/256/240 287/309/282 272/255/239
f 266/256/240 85/83/84 393/84/85
f 332/312/285 276/265/250 274/264/248
f 272/255/239 418/310/283 333/313/286
f 279/261/246 272/255/239 333/313/286
f 275/263/168 330/311/284 274/264/248
f 334/316/288 336/315/287 335/314/265
f 337/317/289 300/284/261 338/285/262
f 276/265/250 332/312/285 331/318/290
f 335/314/265 336/315/287 299/288/265
f 328/320/291 341/319/291 329/308/291
f 342/321/281 326/308/281 343/319/281
f 326/308/281 342/321/281 327/282/281
f 344/277/292 345/321/292 346/322/292
f 296/280/258 312/292/269 311/279/257
f 307/293/278 308/300/276 340/323/293
f 345/321/292 344/277/292 347/282/292
f 298/324/266 299/288/265 336/315/287
f 420/327/295 348/326/294 349/325/294
f 352/329/297 351/328/296 24/26/26
f 353/331/299 415/330/298 351/328/296
f 466/332/300 349/325/294 348/326/294
f 465/333/301 349/325/294 466/332/300
f 354/335/303 309/296/273 339/334/302
f 309/296/273 354/335/303 355/336/303
f 308/300/276 356/336/304 340/323/293
f 467/338/307 357/325/306 468/337/305
f 358/339/308 357/325/306 467/338/307
f 359/341/311 360/339/310 479/340/309
f 372/344/314 406/343/313 361/342/312
f 300/284/261 337/317/289 362/345/315
f 365/348/318 401/347/317 375/346/316
f 366/350/321 399/349/320 363/348/319
f 400/353/323 367/352/322 368/351/309
f 369/275/324 370/355/324 371/354/324
f 359/341/311 479/340/309 373/356/325
f 361/342/312 374/357/326 372/344/314
f 376/355/327 377/358/327 378/354/327
f 365/348/318 375/346/316 483/359/328
f 363/348/319 484/360/305 366/350/321
f 377/358/327 376/355/327 379/361/327
f 368/351/309 367/352/322 380/362/309
f 383/365/331 384/364/330 385/363/329
f 352/329/297 24/26/26 26/24/24
f 351/328/296 350/366/332 353/331/299
f 351/328/296 352/329/297 350/366/332
f 368/351/309 388/367/309 400/353/323
f 370/355/324 369/275/324 389/274/324
f 364/368/333 363/348/319 399/349/320
f 401/347/317 365/348/318 390/369/334
f 361/342/312 406/343/313 391/370/335
f 360/339/310 359/341/311 392/371/336
f 24/26/26 416/372/337 43/43/42
f 398/373/338 393/84/85 112/109/109
f 356/336/304 394/374/339 340/323/293
f 395/375/340 355/336/303 354/335/303
f 337/317/289 396/376/341 362/345/315
f 388/367/309 397/377/259 400/353/323
f 402/374/342 295/281/259 311/279/257
f 355/336/303 395/375/340 403/378/343
f 403/378/343 404/379/340 401/347/317
f 394/374/339 356/336/304 405/378/344
f 400/353/323 397/377/259 402/374/342
f 405/378/344 399/349/320 394/374/339
f 399/349/320 405/378/344 364/368/333
f 403/378/343 401/347/317 390/369/334
f 407/381/345 408/380/308 358/339/308
f 409/381/346 360/339/310 392/371/336
f 391/370/335 406/343/313 396/376/341
f 396/376/341 337/317/289 391/370/335
f 334/316/288 335/314/265 410/382/347
f 411/382/349 331/318/290 412/383/348
f 410/382/347 392/371/336 413/384/350
f 392/371/336 410/382/347 409/381/346
f 412/383/348 407/381/345 411/382/349
f 357/325/306 358/339/308 408/380/308
f 349/325/294 414/380/351 420/327/295
f 351/328/296 416/372/337 24/26/26
f 416/372/337 351/328/296 417/385/329
f 417/385/329 351/328/296 415/330/298
f 332/312/285 412/383/348 331/318/290
f 419/386/352 332/312/285 330/311/284
f 424/387/353 418/310/283 287/309/282
f 393/84/85 398/373/338 426/388/354
f 426/388/354 287/309/282 393/84/85
f 408/380/308 407/381/345 421/389/345
f 414/380/351 422/389/355 420/327/295
f 423/383/356 332/312/285 419/386/352
f 423/383/356 425/390/352 420/327/295
f 407/381/345 412/383/348 421/389/345
f 420/327/295 422/389/355 423/383/356
f 287/309/282 384/364/330 424/387/353
f 384/364/330 383/365/331 424/387/353
f 287/309/282 426/388/354 384/364/330
f 385/363/329 384/364/330 426/388/354
f 427/393/359 428/392/358 429/391/357
f 430/393/362 431/395/361 432/394/360
f 433/397/364 434/396/10 435/394/363
f 431/395/361 430/393/362 436/398/365
f 437/401/366 438/400/366 439/399/366
f 428/392/358 440/402/367 429/391/357
f 434/396/10 433/397/364 445/403/368
f 441/406/371 442/405/370 443/404/369
f 436/398/365 497/407/372 431/395/361
f 498/408/373 429/391/357 440/402/367
f 446/409/374 431/395/361 497/407/372
f 445/403/368 433/397/364 447/410/375
f 444/413/378 451/412/377 448/411/376
f 452/412/381 449/415/380 450/414/379
f 439/399/366 453/416/366 437/401/366
f 454/399/382 488/417/382 455/416/382
f 488/417/382 454/399/382 456/418/382
f 457/421/385 458/420/384 459/419/383
f 478/423/387 460/422/386 449/415/380
f 458/420/384 476/424/388 459/419/383
f 461/418/291 382/320/291 381/417/291
f 386/427/391 462/426/390 387/425/389
f 462/426/390 386/427/391 9/428/392
f 459/419/383 503/430/394 550/429/393
f 503/430/394 459/419/383 476/424/388
f 463/431/395 478/423/387 449/415/380
f 469/433/396 464/432/332 387/425/389
f 469/433/396 470/434/397 464/432/332
f 387/425/389 503/430/394 469/433/396
f 470/434/397 469/433/396 471/435/398
f 469/433/396 503/430/394 471/435/398
f 466/332/300 472/436/399 465/333/301
f 468/337/305 473/436/401 474/437/400
f 475/438/402 472/436/399 466/332/300
f 477/439/402 463/431/395 472/436/399
f 503/430/394 387/425/389 462/426/390
f 476/424/388 471/435/398 503/430/394
f 449/415/380 452/412/381 463/431/395
f 463/431/395 477/439/402 478/423/387
f 452/412/381 473/436/401 463/431/395
f 480/361/403 481/440/403 482/358/403
f 485/441/404 380/362/309 367/352/322
f 481/440/403 480/361/403 486/442/403
f 488/417/382 487/443/382 455/416/382
f 489/443/405 490/401/405 491/416/405
f 467/338/307 468/337/305 474/437/400
f 492/437/406 373/356/325 479/340/309
f 373/356/325 492/437/406 493/444/407
f 452/412/381 474/437/400 473/436/401
f 451/412/377 494/445/407 492/437/406
f 495/447/408 374/357/326 496/446/408
f 372/344/314 374/357/326 495/447/408
f 441/406/371 495/447/408 496/446/408
f 483/359/328 375/346/316 447/410/375
f 446/409/374 366/350/321 484/360/305
f 366/350/321 446/409/374 497/407/372
f 367/352/322 498/408/373 485/441/404
f 499/448/409 447/410/375 375/346/316
f 494/445/407 451/412/377 444/413/378
f 495/447/408 441/406/371 443/404/369
f 447/410/375 500/449/409 445/403/368
f 490/401/405 489/443/405 502/450/405
f 440/402/367 501/451/404 498/408/373
f 550/429/393 503/430/394 462/426/390
f 504/452/410 303/286/263 302/287/264
f 306/291/268 505/453/411 305/290/267
f 506/454/412 313/295/272 315/297/274
f 521/455/413 317/298/275 316/299/275
f 281/270/253 507/456/414 284/269/253
f 508/457/415 509/305/415 510/306/415
f 511/458/280 318/302/277 324/307/280
f 462/426/390 9/428/392 512/459/416
f 549/460/417 550/429/393 462/426/390
f 382/320/291 461/418/291 513/461/291
f 328/320/291 514/461/291 341/319/291
f 520/463/418 511/458/280 515/462/418
f 516/457/419 517/465/419 518/464/419
f 519/466/420 450/414/379 449/415/380
f 573/468/422 506/454/412 575/467/421
f 517/465/419 516/457/419 522/469/419
f 521/455/413 574/470/424 523/454/423
f 524/472/426 505/453/411 569/471/425
f 504/452/410 525/473/428 526/1/427
f 526/1/427 527/474/410 504/452/410
f 528/1/429 507/456/414 529/474/414
f 318/302/277 511/458/280 520/463/418
f 510/306/415 530/469/415 508/457/415
f 531/456/430 283/164/166 282/268/166
f 532/477/170 533/476/245 534/475/252
f 317/298/275 521/455/413 523/454/423
f 313/295/272 506/454/412 573/468/422
f 505/453/411 306/291/268 569/471/425
f 527/474/410 303/286/263 504/452/410
f 285/95/95 286/271/254 535/478/71
f 533/476/245 588/480/432 536/479/431
f 507/456/414 281/270/253 529/474/414
f 507/456/414 528/1/429 537/2/433
f 538/481/435 531/456/430 539/2/434
f 448/411/376 540/482/376 444/413/378
f 531/456/430 538/481/435 541/483/430
f 542/477/170 543/484/245 544/480/436
f 535/478/71 286/271/254 536/479/431
f 545/485/74 535/478/71 544/480/436
f 546/486/437 285/95/95 535/478/71
f 541/483/430 283/164/166 531/456/430
f 285/95/95 547/487/438 117/115/114
f 462/426/390 512/459/416 549/460/417
f 547/487/438 285/95/95 546/486/437
f 546/486/437 535/478/71 545/485/74
f 544/480/436 543/484/245 545/485/74
f 552/490/440 551/489/439 553/488/245
f 551/489/439 552/490/440 554/491/441
f 555/492/443 556/491/442 552/490/440
f 543/484/245 542/477/170 557/493/444
f 553/488/245 558/494/445 552/490/440
f 555/492/443 552/490/440 558/494/445
f 553/488/245 559/495/444 558/494/445
f 539/2/434 560/496/446 538/481/435
f 537/2/433 561/497/447 562/496/447
f 550/429/393 554/491/441 459/419/383
f 554/491/441 550/429/393 551/489/439
f 457/421/385 459/419/383 563/498/448
f 564/466/449 449/415/380 460/422/386
f 563/498/448 459/419/383 556/491/442
f 563/498/448 556/491/442 555/492/443
f 563/498/448 555/492/443 558/494/445
f 558/494/445 457/421/385 563/498/448
f 538/481/435 565/500/449 566/499/386
f 457/421/385 558/494/445 559/495/444
f 538/481/435 560/496/446 565/500/449
f 561/497/447 567/500/420 562/496/447
f 561/497/447 537/2/433 528/1/429
f 568/497/450 526/1/427 525/473/428
f 570/501/451 571/464/451 572/465/451
f 576/502/358 520/463/418 515/462/418
f 571/464/451 570/501/451 577/503/451
f 578/504/264 520/463/418 576/502/358
f 574/470/424 521/455/413 579/504/452
f 540/482/376 448/411/376 580/505/453
f 450/414/379 519/466/420 581/505/420
f 442/405/370 441/406/371 582/506/370
f 567/500/420 561/497/447 583/507/420
f 568/497/450 525/473/428 584/508/376
f 568/497/450 584/508/376 585/507/453
f 524/472/426 586/510/370 587/509/370
f 586/510/370 524/472/426 569/471/425
f 533/476/245 532/477/170 588/480/432
f 536/479/431 588/480/432 535/478/71
f 573/468/422 589/512/363 590/511/10
f 573/468/422 575/467/421 589/512/363
f 579/504/452 591/512/360 574/470/424
f 578/504/264 576/502/358 592/513/359
f 591/512/360 579/504/452 593/513/362
f 597/516/454 598/515/454 599/514/454
f 603/517/455 604/514/455 605/515/455
f 594/520/458 625/519/457 611/518/456
f 607/522/460 611/518/456 601/521/459
f 608/525/463 613/524/462 596/523/461
f 609/527/465 625/519/457 610/526/464
f 601/521/459 627/529/410 602/528/466
f 634/531/252 613/524/462 600/530/467
f 598/515/454 597/516/454 612/532/454
f 614/533/468 615/532/468 616/516/468
f 613/524/462 617/534/469 596/523/461
f 613/524/462 618/535/470 617/534/469
f 616/516/468 619/536/468 614/533/468
f 620/539/473 631/538/472 621/537/471
f 622/540/474 631/538/472 620/539/473
f 611/518/456 626/541/475 601/521/459
f 625/519/457 609/527/465 611/518/456
f 662/544/478 628/543/477 629/542/476
f 624/539/481 623/545/480 630/540/479
f 1373/547/483 632/546/482 623/545/480
f 601/521/459 626/541/475 627/529/410
f 626/541/475 611/518/456 609/527/465
f 618/535/470 613/524/462 635/548/484
f 613/524/462 634/531/252 635/548/484
f 636/515/291 748/550/291 637/549/291
f 748/550/291 638/551/291 637/549/291
f 638/551/291 748/550/291 639/552/291
f 748/550/291 636/515/291 640/532/291
f 641/533/291 748/550/291 640/532/291
f 642/552/485 643/553/485 644/551/485
f 645/553/486 646/549/486 647/551/486
f 645/553/486 648/554/486 646/549/486
f 1373/547/483 628/543/477 649/555/487
f 630/540/479 623/545/480 632/546/482
f 1373/547/483 649/555/487 632/546/482
f 628/543/477 662/544/478 649/555/487
f 650/556/488 630/540/479 632/546/482
f 622/540/474 651/557/489 631/538/472
f 662/544/478 632/546/482 649/555/487
f 633/559/491 631/538/472 660/558/490
f 652/554/492 653/517/492 654/549/492
f 637/549/291 655/517/291 636/515/291
f 652/554/492 656/560/492 653/517/492
f 651/557/489 622/540/474 657/561/493
f 630/540/479 650/556/488 658/562/494
f 660/558/490 631/538/472 651/557/489
f 632/546/482 662/544/478 650/556/488
f 606/563/495 613/524/462 608/525/463
f 661/564/458 650/556/488 662/544/478
f 662/544/478 629/542/476 661/564/458
f 611/518/456 607/522/460 594/520/458
f 607/522/460 601/521/459 602/528/466
f 600/530/467 613/524/462 663/565/496
f 613/524/462 606/563/495 663/565/496
f 604/514/455 603/517/455 664/560/455
f 659/566/497 633/559/491 660/558/490
f 665/456/498 725/568/295 726/567/351
f 950/570/500 666/456/499 667/569/211
f 668/573/503 669/572/502 670/571/501
f 670/571/501 669/572/502 671/574/504
f 786/576/506 674/575/505 671/574/504
f 675/579/509 705/578/508 678/577/507
f 688/580/510 668/573/503 670/571/501
f 671/574/504 688/580/510 670/571/501
f 674/575/505 676/581/511 671/574/504
f 673/584/514 744/583/513 672/582/512
f 678/577/507 771/585/515 673/584/514
f 671/574/504 676/581/511 688/580/510
f 674/575/505 677/586/516 676/581/511
f 736/588/518 679/587/517 672/582/512
f 680/533/519 681/590/519 682/589/519
f 681/590/519 680/533/519 683/536/519
f 748/550/291 641/533/291 684/589/291
f 672/582/512 679/587/517 673/584/514
f 679/587/517 736/588/518 708/591/520
f 727/594/523 685/593/522 1020/592/521
f 727/594/523 728/595/524 685/593/522
f 725/568/295 665/456/498 686/596/525
f 686/596/525 665/456/498 687/2/525
f 690/598/526 691/536/526 692/597/526
f 693/600/527 694/597/527 695/599/527
f 691/536/526 690/598/526 696/590/526
f 694/597/527 693/600/527 697/598/527
f 668/573/503 688/580/510 689/601/528
f 698/602/529 699/590/529 700/598/529
f 701/603/527 702/598/527 703/600/527
f 669/572/502 668/573/503 789/604/530
f 700/598/529 704/603/529 698/602/529
f 596/523/461 706/606/532 595/605/531
f 707/607/533 595/605/531 706/606/532
f 706/606/532 596/523/461 617/534/469
f 673/584/514 679/587/517 709/608/534
f 786/576/506 671/574/504 669/572/502
f 674/575/505 786/576/506 787/609/535
f 705/578/508 675/579/509 785/610/536
f 771/585/515 678/577/507 705/578/508
f 673/584/514 771/585/515 744/583/513
f 678/577/507 673/584/514 709/608/534
f 710/612/475 677/586/516 711/611/537
f 677/586/516 710/612/475 676/581/511
f 712/613/465 676/581/511 710/612/475
f 676/581/511 712/613/465 688/580/510
f 712/613/465 689/601/528 688/580/510
f 713/614/484 714/586/538 678/577/507
f 714/586/538 713/614/484 715/615/539
f 714/586/538 675/579/509 678/577/507
f 716/590/519 717/602/519 718/616/519
f 719/618/542 732/617/541 720/264/540
f 718/616/519 721/589/519 716/590/519
f 723/621/41 731/620/36 733/619/543
f 732/617/541 719/618/542 724/622/544
f 729/624/547 939/290/546 730/623/545
f 955/626/549 733/619/543 734/625/548
f 733/619/543 955/626/549 952/627/550
f 950/570/500 735/165/551 732/617/541
f 672/582/512 767/628/552 736/588/518
f 744/583/513 767/628/552 672/582/512
f 720/264/540 732/617/541 735/165/551
f 723/621/41 722/316/553 731/620/36
f 720/264/540 737/165/555 738/263/554
f 735/165/551 950/570/500 667/569/211
f 737/165/555 725/568/295 739/166/554
f 725/568/295 737/165/555 726/567/351
f 728/595/524 727/594/523 740/629/556
f 741/632/192 742/631/558 747/630/557
f 743/633/556 742/631/558 740/629/556
f 738/263/554 745/311/559 720/264/540
f 719/618/542 745/311/559 746/634/560
f 719/618/542 720/264/540 745/311/559
f 742/631/558 743/633/556 749/635/558
f 750/638/563 751/637/562 752/636/561
f 753/640/565 751/637/562 754/639/564
f 764/641/566 754/639/564 751/637/562
f 755/643/568 764/641/566 757/642/567
f 753/640/565 752/636/561 751/637/562
f 759/646/571 760/645/570 774/644/569
f 790/648/573 762/647/572 759/646/571
f 763/649/574 764/641/566 751/637/562
f 764/641/566 765/650/575 757/642/567
f 751/637/562 750/638/563 763/649/574
f 743/633/556 740/629/556 727/594/523
f 764/641/566 763/649/574 765/650/575
f 757/642/567 765/650/575 766/651/576
f 736/588/518 767/628/552 768/652/563
f 633/559/491 769/654/578 770/653/577
f 633/559/491 770/653/577 631/538/472
f 775/655/579 759/646/571 774/644/569
f 776/656/580 790/648/573 759/646/571
f 757/642/567 766/651/576 777/657/581
f 757/642/567 777/657/581 772/658/582
f 775/655/579 774/644/569 773/659/583
f 759/646/571 775/655/579 776/656/580
f 754/639/564 764/641/566 755/643/568
f 757/642/567 761/660/584 755/643/568
f 797/662/585 778/552/585 779/661/585
f 624/539/481 780/663/570 623/545/480
f 781/664/572 623/545/480 780/663/570
f 621/537/471 782/665/586 620/539/473
f 780/663/570 624/539/481 783/666/587
f 760/645/570 759/646/571 762/647/572
f 784/668/471 757/642/567 756/667/588
f 761/660/584 757/642/567 784/668/471
f 774/644/569 760/645/570 758/667/311
f 747/630/557 742/631/558 749/635/558
f 756/667/588 757/642/567 772/658/582
f 774/644/569 758/667/311 773/659/583
f 788/669/580 786/576/506 669/572/502
f 789/604/530 788/669/580 669/572/502
f 791/670/291 792/602/291 793/603/291
f 797/662/585 779/661/585 794/602/585
f 792/602/291 791/670/291 795/671/291
f 791/670/291 796/672/291 795/671/291
f 800/673/589 802/237/222 260/251/205
f 255/253/205 213/221/206 801/674/589
f 802/237/222 803/676/590 804/675/590
f 803/676/590 802/237/222 805/677/591
f 802/237/222 806/678/589 805/677/591
f 805/677/591 807/679/592 803/676/590
f 807/679/592 805/677/591 808/680/593
f 802/237/222 804/675/590 246/238/192
f 832/683/595 810/682/408 811/681/594
f 815/685/597 798/684/596 810/682/408
f 798/684/596 815/685/597 816/686/593
f 143/146/147 817/688/599 818/687/598
f 819/689/600 143/146/147 818/687/598
f 832/683/595 815/685/597 810/682/408
f 883/408/603 799/690/602 1059/349/601
f 822/691/604 799/690/602 883/408/603
f 823/692/605 811/681/594 810/682/408
f 811/681/594 823/692/605 841/693/606
f 841/693/606 824/694/607 811/681/594
f 815/685/597 827/695/592 816/686/593
f 841/693/606 828/696/608 824/694/607
f 815/685/597 831/697/609 827/695/592
f 827/695/592 831/697/609 830/698/590
f 832/683/595 831/697/609 815/685/597
f 832/683/595 811/681/594 833/699/610
f 834/700/611 831/697/609 832/683/595
f 834/700/611 832/683/595 833/699/610
f 831/697/609 835/701/590 830/698/590
f 835/701/590 831/697/609 836/225/208
f 834/700/611 836/225/208 831/697/609
f 834/700/611 837/702/612 836/225/208
f 833/699/610 811/681/594 826/703/613
f 833/699/610 826/703/613 839/704/614
f 825/706/615 814/705/616 838/704/615
f 840/708/615 825/706/615 829/707/615
f 814/705/616 825/706/615 840/708/615
f 841/693/606 842/710/618 843/709/617
f 844/708/619 843/709/617 842/710/618
f 805/677/591 809/712/53 845/711/620
f 846/715/589 849/714/621 847/713/53
f 813/716/594 838/704/615 814/705/616
f 833/699/610 837/702/612 834/700/611
f 848/717/622 833/699/610 839/704/614
f 848/717/622 839/704/614 812/718/623
f 837/702/612 833/699/610 848/717/622
f 842/710/618 850/719/624 844/708/619
f 809/712/53 805/677/591 806/678/589
f 820/720/625 844/708/619 850/719/624
f 801/674/589 849/714/621 846/715/589
f 849/714/621 801/674/589 213/221/206
f 806/678/589 802/237/222 800/673/589
f 820/720/625 850/719/624 821/721/617
f 904/722/626 805/677/591 845/711/620
f 851/723/627 808/680/593 904/722/626
f 836/225/208 240/232/192 835/701/590
f 836/225/208 837/702/612 239/231/215
f 852/231/628 837/702/612 848/717/622
f 239/231/215 853/717/629 238/230/214
f 808/680/593 805/677/591 904/722/626
f 258/229/213 238/230/214 848/717/622
f 848/717/622 812/718/623 258/229/213
f 856/724/630 821/721/617 850/719/624
f 180/181/176 856/724/630 855/725/631
f 854/177/173 855/725/631 859/726/632
f 855/725/631 856/724/630 860/719/633
f 861/725/634 850/719/624 859/726/632
f 1000/729/635 863/728/423 862/727/635
f 821/721/617 856/724/630 890/730/636
f 890/730/636 856/724/630 180/181/176
f 855/725/631 854/177/173 180/181/176
f 865/733/635 866/732/638 867/731/637
f 868/734/639 867/731/637 866/732/638
f 868/734/639 866/732/638 869/735/640
f 854/177/173 875/736/641 868/734/639
f 869/735/640 870/737/642 868/734/639
f 854/177/173 868/734/639 870/737/642
f 175/176/161 854/177/173 870/737/642
f 858/740/645 857/739/644 871/738/643
f 872/742/647 873/741/646 857/739/644
f 857/739/644 917/743/648 871/738/643
f 917/743/648 857/739/644 873/741/646
f 871/738/643 917/743/648 874/744/649
f 859/726/632 875/736/641 854/177/173
f 842/710/618 859/726/632 850/719/624
f 859/726/632 842/710/618 875/736/641
f 868/734/639 875/736/641 876/745/365
f 867/731/637 879/746/650 865/733/635
f 867/731/637 823/692/605 878/747/651
f 879/746/650 867/731/637 878/747/651
f 823/692/605 867/731/637 868/734/639
f 876/745/365 875/736/641 842/710/618
f 868/734/639 841/693/606 823/692/605
f 841/693/606 876/745/365 842/710/618
f 876/745/365 841/693/606 868/734/639
f 994/749/653 872/742/647 880/748/652
f 864/751/652 863/728/423 996/750/654
f 872/742/647 994/749/653 877/752/655
f 873/741/646 872/742/647 877/752/655
f 871/738/643 881/753/656 858/740/645
f 882/754/642 165/168/170 170/174/161
f 883/408/603 884/755/603 822/691/604
f 881/753/656 871/738/643 244/236/219
f 858/740/645 881/753/656 886/171/171
f 165/168/170 885/756/657 166/167/169
f 886/171/171 167/172/169 887/757/657
f 882/754/642 888/758/640 165/168/170
f 819/689/600 140/140/141 137/141/142
f 888/758/640 889/759/170 165/168/170
f 889/759/170 885/756/657 165/168/170
f 891/760/638 889/759/170 888/758/640
f 889/759/170 891/760/638 863/728/423
f 142/145/146 819/689/600 137/141/142
f 819/689/600 142/145/146 143/146/147
f 863/728/423 891/760/638 862/727/635
f 892/761/658 889/759/170 863/728/423
f 887/757/657 857/739/644 886/171/171
f 885/756/657 889/759/170 893/762/659
f 887/757/657 894/763/659 857/739/644
f 858/740/645 886/171/171 857/739/644
f 889/759/170 892/761/658 893/762/659
f 895/764/658 857/739/644 894/763/659
f 863/728/423 864/751/652 892/761/658
f 895/764/658 872/742/647 857/739/644
f 895/764/658 880/748/652 872/742/647
f 886/171/171 881/753/656 247/239/223
f 896/239/660 881/753/656 244/236/219
f 897/252/662 254/244/228 898/765/661
f 213/221/206 261/252/237 898/765/661
f 244/236/219 871/738/643 243/233/221
f 899/766/663 254/244/228 264/245/229
f 900/768/665 903/767/664 730/623/545
f 901/769/666 898/765/661 254/244/228
f 254/244/228 899/766/663 901/769/666
f 898/765/661 901/769/666 916/770/667
f 908/773/670 905/772/669 911/771/668
f 912/775/673 906/774/672 909/773/671
f 913/778/676 910/777/675 907/776/674
f 874/744/649 243/233/221 871/738/643
f 914/780/216 902/779/216 242/235/218
f 899/766/663 915/781/677 901/769/666
f 242/235/218 241/233/216 914/780/216
f 898/765/661 916/770/667 213/221/206
f 213/221/206 916/770/667 849/714/621
f 849/714/621 916/770/667 901/769/666
f 902/779/216 914/780/216 920/781/216
f 901/769/666 915/781/677 921/782/678
f 917/743/648 922/781/680 918/783/679
f 922/781/680 917/743/648 921/782/678
f 919/784/681 847/713/53 849/714/621
f 847/713/53 919/784/681 923/785/620
f 939/290/546 729/624/547 924/786/682
f 925/788/340 926/787/683 913/778/676
f 927/789/684 913/778/676 926/787/683
f 912/775/673 937/791/685 928/790/685
f 937/791/685 912/775/673 930/293/686
f 931/293/689 932/793/688 936/792/687
f 932/793/688 931/293/689 933/794/690
f 729/624/547 730/623/545 903/767/664
f 931/293/689 908/773/670 911/771/668
f 913/778/676 929/795/684 910/777/675
f 930/293/686 912/775/673 909/773/671
f 873/741/646 921/782/678 917/743/648
f 932/793/688 938/796/691 936/792/687
f 921/782/678 873/741/646 942/797/692
f 977/798/693 928/790/685 937/791/685
f 977/798/693 971/799/655 940/454/694
f 941/454/696 970/800/695 926/787/683
f 988/802/288 978/801/697 938/796/691
f 935/804/699 919/784/681 934/803/698
f 938/796/691 978/801/697 936/792/687
f 928/790/685 977/798/693 940/454/694
f 919/784/681 935/804/699 923/785/620
f 926/787/683 925/788/340 941/454/696
f 919/784/681 942/797/692 934/803/698
f 921/782/678 849/714/621 901/769/666
f 849/714/621 921/782/678 942/797/692
f 942/797/692 919/784/681 849/714/621
f 945/445/702 946/412/701 963/805/700
f 947/412/705 948/807/704 960/806/703
f 963/805/700 946/412/701 961/806/706
f 939/290/546 924/786/682 953/453/707
f 954/1/1 666/456/499 950/570/500
f 951/452/708 952/627/550 955/626/549
f 951/452/708 956/1/709 952/627/550
f 924/786/682 1004/808/710 953/453/707
f 666/456/499 954/1/1 957/2/1
f 951/452/708 1009/809/257 956/1/709
f 1004/808/710 924/786/682 958/810/233
f 959/811/711 926/787/683 970/800/695
f 13/19/18 2/17/16 76/812/712
f 965/814/714 948/807/704 964/813/713
f 960/806/703 948/807/704 965/814/714
f 964/813/713 1012/815/715 965/814/714
f 966/818/423 967/817/716 1014/816/169
f 968/447/718 949/820/717 962/819/716
f 949/820/717 968/447/718 969/446/718
f 978/801/697 976/822/720 979/821/719
f 1005/824/722 980/823/721 968/447/718
f 969/446/718 968/447/718 980/823/721
f 986/448/725 982/826/724 944/825/723
f 944/825/723 982/826/724 984/359/726
f 983/827/729 943/350/728 985/360/727
f 943/350/728 983/827/729 998/828/730
f 884/755/603 999/830/732 987/829/731
f 999/830/732 884/755/603 883/408/603
f 988/802/288 976/822/720 978/801/697
f 989/833/735 990/832/734 991/831/733
f 973/836/738 972/835/737 992/834/736
f 975/839/741 974/838/740 993/837/739
f 991/831/733 990/832/734 997/840/742
f 998/828/730 975/839/741 993/837/739
f 999/830/732 991/831/733 997/840/742
f 1000/729/635 996/750/654 863/728/423
f 949/820/717 1001/841/743 962/819/716
f 1001/841/743 949/820/717 1002/842/743
f 961/806/706 1003/843/706 963/805/700
f 1003/843/706 961/806/706 1006/844/700
f 960/806/703 1007/846/744 1008/845/744
f 1010/847/745 956/1/709 1009/809/257
f 965/814/714 1007/846/744 960/806/703
f 1013/848/746 965/814/714 1012/815/715
f 1017/850/747 1016/849/746 686/596/525
f 957/2/1 1011/3/2 1015/851/748
f 686/596/525 687/2/525 1017/850/747
f 1018/852/749 1020/592/521 685/593/522
f 1014/816/169 967/817/716 1019/853/750
f 595/605/531 707/607/533 995/854/751
f 992/834/736 972/835/737 982/826/724
f 983/827/729 975/839/741 998/828/730
f 982/826/724 981/449/725 992/834/736
f 1062/856/752 1021/382/35 1046/855/752
f 1022/383/753 1044/857/754 1023/382/753
f 722/316/553 723/621/41 1021/382/35
f 724/622/544 1022/383/753 1023/382/753
f 1044/857/754 1022/383/753 1024/858/755
f 1043/860/757 1025/383/555 1026/859/756
f 1025/383/555 1043/860/757 1027/861/300
f 1028/863/759 1041/862/758 741/632/192
f 1036/864/760 1041/862/758 1028/863/759
f 1040/867/763 1030/866/762 1029/865/761
f 659/566/497 1029/865/761 633/559/491
f 1029/865/761 1030/866/762 1031/868/764
f 769/654/578 633/559/491 1029/865/761
f 769/654/578 1029/865/761 1031/868/764
f 1028/863/759 741/632/192 747/630/557
f 769/654/578 1031/868/764 1032/869/765
f 1021/382/35 1062/856/752 1033/870/766
f 1048/871/768 1034/376/767 900/768/665
f 1034/376/767 1048/871/768 1035/872/769
f 1029/865/761 659/566/497 1040/867/763
f 1037/374/770 905/772/669 908/773/670
f 906/774/672 1038/374/771 909/773/671
f 1039/375/772 907/776/674 910/777/675
f 1036/864/760 1052/873/773 1041/862/758
f 1043/860/757 1053/874/435 1042/325/774
f 1044/857/754 1045/325/775 1055/875/360
f 1046/855/752 1065/876/777 1047/341/776
f 1005/824/722 1048/871/768 1049/342/778
f 980/823/721 1005/824/722 1049/342/778
f 1050/877/435 1042/325/774 1053/874/435
f 1055/875/360 1045/325/775 1051/878/611
f 1054/879/777 1047/341/776 1065/876/777
f 907/776/674 1056/379/772 1057/880/779
f 1057/880/779 1074/881/6 907/776/674
f 1058/883/781 906/774/672 1061/882/780
f 906/774/672 1058/883/781 1038/374/771
f 799/690/602 1037/374/770 1059/349/601
f 1037/374/770 799/690/602 1060/884/782
f 1022/383/753 724/622/544 719/618/542
f 1025/383/555 719/618/542 746/634/560
f 944/825/723 1074/881/6 1057/880/779
f 1048/871/768 1005/824/722 1035/872/769
f 900/768/665 1034/376/767 903/767/664
f 1063/885/161 967/817/716 966/818/423
f 1045/325/775 1044/857/754 1024/858/755
f 1042/325/774 1027/861/300 1043/860/757
f 1064/437/783 1054/879/777 1065/876/777
f 1054/879/777 1064/437/783 1066/444/702
f 1055/875/360 1067/436/467 1068/437/784
f 946/412/701 945/445/702 1064/437/783
f 947/412/705 1068/437/784 1067/436/467
f 1067/436/467 1055/875/360 1051/878/611
f 1050/877/435 1053/874/435 1069/436/785
f 1070/886/786 1069/436/785 1053/874/435
f 995/854/751 1071/887/787 595/605/531
f 1036/864/760 1075/888/161 1052/873/773
f 1075/888/161 1036/864/760 1063/885/161
f 1072/889/788 596/523/461 595/605/531
f 595/605/531 1071/887/787 1072/889/788
f 1030/866/762 1040/867/763 1073/890/789
f 596/523/461 1072/889/788 608/525/463
f 943/350/728 1058/883/781 1061/882/780
f 984/359/726 1074/881/6 944/825/723
f 1075/888/161 1063/885/161 966/818/423
f 1076/891/790 964/813/713 948/807/704
f 1067/436/467 948/807/704 947/412/705
f 948/807/704 1069/436/785 1076/891/790
f 1046/855/752 1047/341/776 1062/856/752
f 1061/882/780 985/360/727 943/350/728
f 1077/894/793 1078/893/792 1079/892/791
f 1105/897/796 1080/896/795 1087/895/794
f 1081/900/799 1082/899/798 1083/898/797
f 1082/899/798 1081/900/799 1084/901/800
f 1105/897/796 1087/895/794 1085/902/801
f 1088/905/803 1150/904/425 1089/903/802
f 1091/908/806 1092/907/805 1093/906/804
f 1093/906/804 1094/909/807 1091/908/806
f 1081/900/799 1090/911/809 1095/910/808
f 1092/907/805 1091/908/806 1095/910/808
f 1139/914/812 1100/913/811 1099/912/810
f 1100/913/811 1096/916/814 1097/915/813
f 1079/892/791 1098/917/815 1077/894/793
f 1103/920/818 1101/919/817 1102/918/816
f 1106/923/821 1104/922/820 1110/921/819
f 1078/893/792 1077/894/793 1111/901/822
f 1081/900/799 1112/924/224 1084/901/800
f 1084/901/800 1113/926/824 1114/925/823
f 1113/926/824 1084/901/800 1112/924/224
f 1112/924/224 1081/900/799 1095/910/808
f 1091/908/806 1118/927/825 1095/910/808
f 1094/909/807 1118/927/825 1091/908/806
f 1115/928/826 1112/924/224 1095/910/808
f 1115/928/826 1095/910/808 1118/927/825
f 1116/930/828 1094/909/807 1117/929/827
f 1116/930/828 1118/927/825 1094/909/807
f 1103/920/818 1119/931/549 1101/919/817
f 1120/932/512 1115/928/826 1118/927/825
f 1117/929/827 1118/927/825 1116/930/828
f 1120/932/512 1118/927/825 1122/933/829
f 1122/933/829 1118/927/825 1117/929/827
f 1103/920/818 1108/935/831 1354/934/830
f 1119/931/549 1103/920/818 1354/934/830
f 1096/916/814 1100/913/811 1154/936/832
f 1100/913/811 1139/914/812 1154/936/832
f 1123/937/834 1088/905/803 1086/896/833
f 1150/904/425 1088/905/803 1123/937/834
f 1124/940/837 1188/939/836 1125/938/835
f 1127/941/838 1123/937/834 1086/896/833
f 1124/940/837 1128/943/840 1189/942/839
f 1124/940/837 1125/938/835 1128/943/840
f 1193/946/843 1129/945/842 1126/944/841
f 1130/947/844 1128/943/840 1125/938/835
f 1143/948/845 1126/944/841 1129/945/842
f 1131/949/846 1143/948/845 1129/945/842
f 1193/946/843 1133/950/847 1129/945/842
f 1129/945/842 1133/950/847 1131/949/846
f 1131/949/846 1144/952/849 1134/951/848
f 1144/952/849 1135/953/850 1134/951/848
f 1110/921/819 1128/943/840 1130/947/844
f 1136/955/853 1137/954/852 1138/941/851
f 1136/955/853 1138/941/851 1080/896/795
f 1188/939/836 1124/940/837 1189/942/839
f 1130/947/844 1125/938/835 1106/923/821
f 1140/954/855 1141/956/854 1127/941/838
f 1143/948/845 1131/949/846 1132/957/856
f 1141/956/854 1123/937/834 1127/941/838
f 1142/953/858 1149/958/857 1132/957/856
f 1126/944/841 1143/948/845 1107/959/859
f 1785/961/862 1145/943/861 1121/960/860
f 1146/962/863 1131/949/846 1133/950/847
f 1144/952/849 1131/949/846 1146/962/863
f 1132/957/856 1149/958/857 1143/948/845
f 1119/931/549 1354/934/830 1147/963/505
f 1122/933/829 1117/929/827 1148/963/864
f 1130/947/844 1106/923/821 1110/921/819
f 1136/955/853 1143/948/845 1149/958/857
f 1135/953/850 1144/952/849 1151/964/865
f 1137/954/852 1151/964/865 1144/952/849
f 1143/948/845 1136/955/853 1153/965/866
f 1107/959/859 1143/948/845 1153/965/866
f 1153/965/866 1105/897/796 1107/959/859
f 1137/954/852 1136/955/853 1151/964/865
f 1141/956/854 1140/954/855 1152/966/867
f 1080/896/795 1105/897/796 1153/965/866
f 1080/896/795 1153/965/866 1136/955/853
f 1196/969/870 1155/968/869 1156/967/868
f 1156/967/868 1157/971/872 1235/970/871
f 1156/967/868 1155/968/869 1157/971/872
f 1158/972/873 1154/936/832 1139/914/812
f 1235/970/871 1161/974/875 1162/973/874
f 1164/975/876 1150/904/425 1123/937/834
f 1157/971/872 1161/974/875 1235/970/871
f 1165/968/878 1166/976/877 1157/971/872
f 1167/977/879 1166/976/877 1165/968/878
f 1168/978/880 1157/971/872 1166/976/877
f 1157/971/872 1168/978/880 1161/974/875
f 1164/975/876 1123/937/834 1141/956/854
f 1150/904/425 1164/975/876 1173/972/881
f 1160/981/884 1212/980/883 1159/979/882
f 1174/983/886 1163/982/885 1154/936/832
f 1158/972/873 1174/983/886 1154/936/832
f 1141/956/854 1175/984/887 1164/975/876
f 1175/984/887 1141/956/854 1176/950/888
f 1173/972/881 1164/975/876 1175/984/887
f 1177/985/889 1175/984/887 1176/950/888
f 1177/985/889 1173/972/881 1175/984/887
f 1160/981/884 1159/979/882 1178/916/890
f 1179/988/893 1180/987/892 1184/986/891
f 1181/990/895 1184/986/891 1182/989/894
f 1181/990/895 1182/989/894 1183/991/118
f 1185/988/479 1171/993/897 1186/992/896
f 1183/991/118 1182/989/894 1187/994/898
f 1180/987/892 1179/988/893 1219/995/899
f 1190/998/902 1191/997/901 1192/996/900
f 1163/982/885 1096/916/814 1154/936/832
f 1194/999/903 1181/990/895 1195/974/604
f 1196/969/870 1192/996/900 1191/997/901
f 1194/999/903 1197/1000/904 1179/988/893
f 1198/1003/906 1199/1002/905 1200/1001/727
f 1194/999/903 1203/1004/907 1197/1000/904
f 1195/974/604 1203/1004/907 1194/999/903
f 1208/1006/908 1171/993/897 1201/1005/602
f 1208/1006/908 1170/1007/909 1171/993/897
f 1197/1000/904 1203/1004/907 1202/1008/910
f 1195/974/604 1204/1009/911 1203/1004/907
f 1201/1005/602 1171/993/897 1185/988/479
f 1181/990/895 1194/999/903 1184/986/891
f 1195/974/604 1205/978/912 1204/1009/911
f 1202/1008/910 1203/1004/907 1206/1010/913
f 1205/978/912 1207/976/914 1204/1009/911
f 1202/1008/910 1206/1010/913 1197/1000/904
f 1194/999/903 1179/988/893 1184/986/891
f 1198/1003/906 1217/1012/916 1209/1011/915
f 1217/1012/916 1198/1003/906 1200/1001/727
f 1193/946/843 1210/1013/917 1133/950/847
f 1169/1016/920 1213/1015/919 1214/1014/918
f 1200/1001/727 1220/1017/921 1217/1012/916
f 1173/972/881 1177/985/889 1216/1018/922
f 1206/1010/913 1203/1004/907 1223/1019/923
f 1174/983/886 1158/972/873 1222/1020/924
f 1163/982/885 1174/983/886 1221/1021/925
f 1224/1022/926 1206/1010/913 1223/1019/923
f 1212/980/883 1160/981/884 1211/1023/702
f 1182/989/894 1220/1017/921 1225/1024/927
f 1192/996/900 1196/969/870 1226/1025/928
f 1200/1001/727 1199/1002/905 1225/1024/927
f 1227/1027/930 1199/1002/905 1228/1026/929
f 1208/1006/908 1201/1005/602 1229/1028/931
f 1208/1006/908 1229/1028/931 1230/1029/932
f 1228/1026/929 1233/1030/933 1227/1027/930
f 1234/994/934 1233/1030/933 1235/970/871
f 1199/1002/905 1227/1027/930 1225/1024/927
f 1227/1027/930 1233/1030/933 1234/994/934
f 1234/994/934 1235/970/871 1236/991/935
f 1182/989/894 1184/986/891 1220/1017/921
f 1180/987/892 1219/995/899 1184/986/891
f 1235/970/871 1162/973/874 1236/991/935
f 1215/1031/936 1171/993/897 1170/1007/909
f 1214/1014/918 1172/1032/937 1169/1016/920
f 1218/1033/938 1220/1017/921 1184/986/891
f 1200/1001/727 1225/1024/927 1220/1017/921
f 1219/995/899 1218/1033/938 1184/986/891
f 1278/1036/939 1237/1035/940 1238/1034/939
f 1238/1034/939 1285/1037/941 1278/1036/939
f 1241/1040/944 1242/1039/943 1243/1038/942
f 1244/1042/946 1241/1040/944 1245/1041/945
f 1250/1045/947 1251/1044/947 1252/1043/947
f 1253/1048/950 1248/1047/949 1247/1046/948
f 1248/1047/949 1253/1048/950 1254/1049/951
f 1255/1052/954 1280/1051/953 1256/1050/952
f 1253/1048/950 1257/1053/955 1254/1049/951
f 1273/1056/957 1258/1055/411 1277/1054/956
f 1259/1059/884 1260/1058/959 1261/1057/958
f 1262/1057/962 1263/1061/961 1239/1060/960
f 1264/1062/963 1262/1057/962 1239/1060/960
f 1265/1063/964 1259/1059/884 1261/1057/958
f 1266/1064/965 1277/1054/956 1259/1059/884
f 1253/1048/950 1247/1046/948 1267/1065/966
f 1246/1067/969 1268/1066/968 1249/1046/967
f 1269/1068/970 1246/1067/969 1245/1041/945
f 1270/1069/971 1245/1041/945 1241/1040/944
f 1269/1068/970 1245/1041/945 1270/1069/971
f 1246/1067/969 1269/1068/970 1268/1066/968
f 1241/1040/944 1243/1038/942 1272/1070/972
f 1272/1070/972 1274/1071/973 1241/1040/944
f 1275/1072/974 1241/1040/944 1274/1071/973
f 1262/1057/962 1264/1062/963 1276/1063/975
f 1266/1064/965 1259/1059/884 1265/1063/964
f 1270/1069/971 1241/1040/944 1275/1072/974
f 1269/1068/970 1270/1069/971 1275/1072/974
f 1239/1060/960 1240/1073/867 1264/1062/963
f 1277/1054/956 1258/1055/411 1259/1059/884
f 1279/1074/976 1256/1050/952 1280/1051/953
f 1280/1051/953 1281/1075/977 1279/1074/976
f 1237/1035/940 1278/1036/939 1282/1076/977
f 1279/1074/976 1281/1075/977 1283/1077/978
f 1285/1037/941 1282/1076/977 1278/1036/939
f 1282/1076/977 1285/1037/941 1286/1078/979
f 1289/1080/981 1290/1079/980 1242/1039/943
f 1288/1083/983 1287/1082/540 1291/1081/982
f 1292/1084/984 1290/1079/980 1289/1080/981
f 1293/1085/985 1288/1083/983 1291/1081/982
f 1289/1080/981 1297/1086/986 1292/1084/984
f 1294/1087/570 1293/1085/985 1291/1081/982
f 1298/1088/987 1292/1084/984 1297/1086/986
f 1300/1089/988 1298/1088/987 1297/1086/986
f 1300/1089/988 1299/1090/989 1298/1088/987
f 1297/1086/986 1289/1080/981 1244/1042/946
f 1297/1086/986 1244/1042/946 1300/1089/988
f 1295/1093/992 1301/1092/991 1296/1091/990
f 1299/1090/989 1300/1089/988 1302/1094/993
f 1255/1052/954 1304/1096/995 1305/1095/994
f 1248/1047/949 1303/1097/481 1296/1091/990
f 1250/1045/947 1252/1043/947 1284/1098/947
f 1259/1059/884 1258/1055/411 1309/1099/996
f 1263/1061/961 1533/1100/997 1239/1060/960
f 1309/1099/996 1260/1058/959 1259/1059/884
f 1240/1073/867 1533/1100/997 1306/1101/998
f 1238/1034/939 1237/1035/940 1307/1102/999
f 1533/1100/997 1240/1073/867 1239/1060/960
f 1238/1034/939 1308/1103/1000 1285/1037/941
f 1310/1104/51 1287/1082/540 1288/1083/983
f 1288/1083/983 1293/1085/985 1310/1104/51
f 1289/1080/981 1242/1039/943 1241/1040/944
f 1248/1047/949 1296/1091/990 1301/1092/991
f 1246/1067/969 1302/1094/993 1300/1089/988
f 1244/1042/946 1246/1067/969 1300/1089/988
f 1241/1040/944 1244/1042/946 1289/1080/981
f 1247/1046/948 1248/1047/949 1301/1092/991
f 1302/1094/993 1246/1067/969 1249/1046/967
f 1246/1067/969 1244/1042/946 1245/1041/945
f 1303/1097/481 1248/1047/949 1254/1049/951
f 1304/1096/995 1255/1052/954 1256/1050/952
f 1311/1107/1003 1232/1106/1002 1312/1105/1001
f 1312/1105/1001 1315/1108/1004 1311/1107/1003
f 1316/1110/1006 1169/1016/920 1319/1109/1005
f 1314/1107/1009 1317/1112/1008 1313/1111/1007
f 1316/1110/1006 1319/1109/1005 1318/1113/1010
f 1318/1113/1010 1304/1096/995 1256/1050/952
f 1318/1113/1010 1319/1109/1005 1320/1114/1011
f 1318/1113/1010 1320/1114/1011 1304/1096/995
f 1321/1115/1012 1320/1114/1011 1319/1109/1005
f 1325/1116/41 1314/1107/1009 1313/1111/1007
f 1232/1106/1002 1311/1107/1003 1326/1117/1013
f 1324/1120/1016 1323/1119/1015 1322/1118/1014
f 1321/1115/1012 1327/1121/1017 1320/1114/1011
f 1323/1119/1015 1328/1122/1017 1322/1118/1014
f 1327/1121/1017 1304/1096/995 1320/1114/1011
f 1327/1121/1017 1305/1095/994 1304/1096/995
f 1323/1119/1015 1329/1123/1018 1328/1122/1017
f 1313/1111/1007 1324/1120/1016 1322/1118/1014
f 1539/1126/1021 1330/1125/1020 1331/1124/1019
f 1332/1128/1024 1333/1124/1023 1334/1127/1022
f 1335/1131/1027 1348/1130/1026 1336/1129/1025
f 1334/1127/1022 1338/1132/1028 1332/1128/1024
f 1340/1133/1029 1332/1128/1024 1338/1132/1028
f 1348/1130/1026 1341/1134/1030 1336/1129/1025
f 1342/1135/1030 1340/1133/1029 1338/1132/1028
f 1340/1133/1029 1342/1135/1030 1343/1136/1031
f 1348/1130/1026 1339/1137/1032 1341/1134/1030
f 1344/1138/1033 1159/979/882 1212/980/883
f 1539/1126/1021 1331/1124/1019 1345/1139/1034
f 1169/1016/920 1316/1110/1006 1213/1015/919
f 1332/1128/1024 1346/1140/1035 1333/1124/1023
f 1340/1133/1029 1347/1141/1036 1332/1128/1024
f 1347/1141/1036 1340/1133/1029 1343/1136/1031
f 1337/1142/1037 1321/1115/1012 1319/1109/1005
f 1213/1015/919 1316/1110/1006 1283/1077/978
f 1344/1138/1033 1212/980/883 1286/1078/979
f 1319/1109/1005 1169/1016/920 1337/1142/1037
f 1169/1016/920 1172/1032/937 1337/1142/1037
f 1348/1130/1026 1324/1120/1016 1339/1137/1032
f 1343/1136/1031 1342/1135/1030 1352/1143/1021
f 1339/1137/1032 1349/1144/1038 1341/1134/1030
f 1349/1144/1038 1339/1137/1032 1350/1145/1039
f 1350/1145/1039 1351/1146/1040 1349/1144/1038
f 1324/1120/1016 1348/1130/1026 1323/1119/1015
f 1357/1149/1043 1693/1148/1042 1356/1147/1041
f 1350/1145/1039 1317/1112/1008 1351/1146/1040
f 1357/1149/1043 1315/1108/1004 1693/1148/1042
f 1358/1150/1044 1343/1136/1031 1352/1143/1021
f 1347/1141/1036 1343/1136/1031 1359/1151/1045
f 1343/1136/1031 1358/1150/1044 1359/1151/1045
f 1358/1150/1044 1352/1143/1021 1353/1152/1046
f 1108/935/831 1355/1153/1047 1354/934/830
f 1324/1120/1016 1350/1145/1039 1339/1137/1032
f 1313/1111/1007 1317/1112/1008 1350/1145/1039
f 1324/1120/1016 1313/1111/1007 1350/1145/1039
f 1360/1154/1048 1346/1140/1035 1332/1128/1024
f 1347/1141/1036 1360/1154/1048 1332/1128/1024
f 1361/1155/1049 1346/1140/1035 1360/1154/1048
f 1360/1154/1048 1347/1141/1036 1362/1156/1050
f 1362/1156/1050 1347/1141/1036 1359/1151/1045
f 1285/1037/941 1363/1157/1051 1344/1138/1033
f 1318/1113/1010 1256/1050/952 1279/1074/976
f 1316/1110/1006 1318/1113/1010 1279/1074/976
f 1279/1074/976 1283/1077/978 1316/1110/1006
f 1286/1078/979 1285/1037/941 1344/1138/1033
f 1363/1157/1051 1159/979/882 1344/1138/1033
f 1361/1155/1049 1360/1154/1048 1364/1158/1052
f 1238/1034/939 1307/1102/999 1365/1159/1052
f 1360/1154/1048 1362/1156/1050 1364/1158/1052
f 1364/1158/1052 1362/1156/1050 1366/1160/1053
f 1159/979/882 1363/1157/1051 1370/1161/1054
f 1366/1160/1053 1362/1156/1050 1359/1151/1045
f 1308/1103/1000 1365/1159/1052 1367/1162/1055
f 1365/1159/1052 1308/1103/1000 1238/1034/939
f 1308/1103/1000 1367/1162/1055 1363/1157/1051
f 1308/1103/1000 1363/1157/1051 1285/1037/941
f 1358/1150/1044 1353/1152/1046 1109/1163/1056
f 1159/979/882 1370/1161/1054 1178/916/890
f 1358/1150/1044 1109/1163/1056 1368/1164/1057
f 1359/1151/1045 1358/1150/1044 1368/1164/1057
f 1359/1151/1045 1368/1164/1057 1366/1160/1053
f 1370/1161/1054 1363/1157/1051 1367/1162/1055
f 1178/916/890 1370/1161/1054 1369/1165/131
f 1371/1168/1060 1372/1167/1059 1784/1166/1058
f 623/545/480 781/664/572 1373/547/483
f 1374/1170/1062 1375/1169/1061 1785/961/862
f 1376/1173/1064 1377/1172/939 1378/1171/1063
f 1493/1176/1067 1379/1175/1066 1380/1174/1065
f 1381/1178/1069 1493/1176/1067 1382/1177/1068
f 1383/1180/291 1384/1177/291 1385/1179/291
f 628/543/477 1373/547/483 1386/1181/1070
f 1387/1184/1073 1388/1183/1072 1389/1182/1071
f 1390/1185/1074 1388/1183/1072 1387/1184/1073
f 1391/1186/1075 1392/554/1075 1393/553/1075
f 1394/672/1076 1395/1187/1076 1396/1186/1076
f 1397/1189/1077 1398/603/1077 1399/1188/1077
f 703/600/527 1400/1188/527 701/603/527
f 1401/1192/1079 1402/1191/1060 1403/1190/1078
f 1404/1193/1081 1405/1192/1080 1403/1190/1078
f 1406/1194/1082 1390/1185/1074 1404/1193/1081
f 1388/1183/1072 1390/1185/1074 1406/1194/1082
f 1784/1166/1058 1407/1195/1078 1371/1168/1060
f 1408/1196/1083 1404/1193/1081 1390/1185/1074
f 1405/1192/1080 1404/1193/1081 1408/1196/1083
f 1402/1191/1060 1401/1192/1079 1409/1197/1079
f 1398/603/1077 1397/1189/1077 1410/670/1077
f 1411/1200/1085 1412/1199/1084 1413/1198/1082
f 795/671/291 1414/1186/291 1415/553/291
f 1414/1186/291 795/671/291 796/672/291
f 643/553/485 642/552/485 1416/671/485
f 1380/1174/1065 1417/1202/1086 1474/1201/775
f 1418/1205/1089 1419/1204/1088 1420/1203/1087
f 1145/943/861 1785/961/862 1375/1169/1061
f 1377/1172/939 1421/1206/1091 1422/1170/1090
f 1375/1169/1061 1374/1170/1062 1423/1207/1092
f 1420/1203/1087 1424/1209/1094 1425/1208/1093
f 1426/1209/1097 1427/1211/1096 1428/1210/1095
f 1493/1176/1067 1381/1178/1069 1379/1175/1066
f 1429/1212/379 1380/1174/1065 1379/1175/1066
f 1384/1177/291 1383/1180/291 1430/1178/291
f 1380/1174/1065 1429/1212/379 1417/1202/1086
f 1381/1178/1069 1431/1213/1098 1379/1175/1066
f 1431/1213/1098 1429/1212/379 1379/1175/1066
f 1432/1214/291 1433/597/291 1434/536/291
f 1378/1171/1063 1435/1215/1099 1376/1173/1064
f 1436/514/1100 1437/1214/1100 1438/516/1100
f 1439/1218/1101 1440/1217/1102 1441/1216/1101
f 1442/1220/1103 1443/1219/1103 1444/1214/1103
f 1437/1214/1100 1436/514/1100 1445/1220/1100
f 1443/1219/1103 1442/1220/1103 1446/1221/1103
f 1440/1217/1102 1439/1218/1101 1447/1222/1104
f 1448/1219/1105 1449/599/1105 1450/597/1105
f 1434/536/291 1451/516/291 1432/1214/291
f 1452/1224/1108 1453/1218/1107 1454/1223/1106
f 1450/597/1105 1455/1214/1105 1448/1219/1105
f 1431/1213/1098 1456/1225/1109 1429/1212/379
f 1457/560/1110 1458/1220/1110 1459/514/1110
f 1460/1226/1111 1440/1217/1102 1447/1222/1104
f 1461/1227/1112 1462/1221/1112 1463/1220/1112
f 1464/1228/1113 1456/1225/1109 1431/1213/1098
f 1395/1187/1076 1394/672/1076 1465/1229/1076
f 1427/1211/1096 1466/1231/1115 1467/1230/1114
f 1420/1203/1087 1468/1232/1116 1418/1205/1089
f 1386/1181/1070 1373/547/483 781/664/572
f 1428/1210/1095 1427/1211/1096 1467/1230/1114
f 1468/1232/1116 1420/1203/1087 1425/1208/1093
f 762/647/572 790/648/573 1469/1233/627
f 1470/1192/291 1471/1235/291 1472/1234/291
f 1473/1236/1117 1387/1184/1073 1389/1182/1071
f 1475/1237/1118 1418/1205/1089 1468/1232/1116
f 1476/1187/1119 1477/1239/1119 1478/1238/1119
f 1391/1186/1075 1479/1238/1075 1392/554/1075
f 1476/1187/1119 1478/1238/1119 1480/1186/1119
f 1481/1238/526 1482/560/526 1483/554/526
f 1484/1239/1120 1485/1227/1120 1486/1238/1120
f 1484/1239/1120 1487/1240/1120 1485/1227/1120
f 1481/1238/526 1488/1227/526 1482/560/526
f 1492/1241/1121 1489/1179/1110 1490/1177/1110
f 1489/1179/1110 1492/1241/1121 1491/1242/1122
f 1492/1241/1121 1494/1243/1123 1491/1242/1122
f 1380/1174/1065 1495/1244/1124 1493/1176/1067
f 1375/1169/1061 1496/1245/1125 1145/943/861
f 1421/1206/1091 1377/1172/939 1376/1173/1064
f 1497/1246/1126 1390/1185/1074 1387/1184/1073
f 1470/1192/291 1472/1234/291 1498/1197/291
f 1499/1189/1127 1500/672/1127 1501/670/1127
f 1502/1247/1113 1408/1196/1083 1390/1185/1074
f 1503/1248/1128 1405/1192/1080 1408/1196/1083
f 1499/1189/1127 1504/1229/1127 1500/672/1127
f 1405/1192/1080 1503/1248/1128 1505/1235/1069
f 1503/1248/1128 1408/1196/1083 1502/1247/1113
f 1507/1250/1130 1474/1201/775 1506/1249/1129
f 1507/1250/1130 1495/1244/1124 1474/1201/775
f 1497/1246/1126 1387/1184/1073 1473/1236/1117
f 1462/1221/1112 1461/1227/1112 1508/1240/1112
f 1458/1220/1110 1457/560/1110 1509/1227/1110
f 1502/1247/1113 1390/1185/1074 1497/1246/1126
f 1420/1203/1087 1419/1204/1088 1424/1209/1094
f 1429/1212/379 1456/1225/1109 1417/1202/1086
f 1735/1253/1133 1759/1252/1132 1510/1251/1131
f 1440/1217/1102 1460/1226/1111 1511/1251/1111
f 1495/1244/1124 1380/1174/1065 1474/1201/775
f 1494/1243/1123 1492/1241/1121 1512/1254/1123
f 1513/1254/1131 1493/1176/1067 1495/1244/1124
f 1456/1225/1109 1464/1228/1113 1514/1255/1126
f 1495/1244/1124 1507/1250/1130 1515/1256/1134
f 1515/1256/1134 1513/1254/1131 1495/1244/1124
f 1516/1259/1137 1517/1258/1136 1554/1257/1135
f 1517/1258/1136 1516/1259/1137 1520/1260/1138
f 1521/1263/1141 1522/1262/1140 1523/1261/1139
f 1293/1085/985 1294/1087/570 1524/1264/1142
f 1522/1262/1140 1521/1263/1141 1525/1265/1143
f 1526/1261/1145 1527/1266/1144 1524/1264/1142
f 1553/1268/1146 1525/1265/1143 1547/1267/1009
f 1348/1130/1026 1335/1131/1027 1323/1119/1015
f 1528/1269/1147 1522/1262/1140 1525/1265/1143
f 1529/1269/1148 1524/1264/1142 1527/1266/1144
f 1524/1264/1142 1530/1270/1149 1293/1085/985
f 1524/1264/1142 1529/1269/1148 1530/1270/1149
f 1273/1056/957 1531/1272/1151 1560/1271/1150
f 1520/1260/1138 1532/1273/1152 1517/1258/1136
f 1560/1271/1150 1258/1055/411 1273/1056/957
f 1517/1258/1136 1532/1273/1152 1534/1274/1153
f 1534/1274/1153 1532/1273/1152 1536/1275/1154
f 1534/1274/1153 1555/1276/1155 1517/1258/1136
f 1555/1276/1155 1534/1274/1153 1536/1275/1154
f 1538/1278/1156 1556/1277/697 1536/1275/1154
f 1537/1280/1158 1530/1270/1149 1541/1279/1157
f 1555/1276/1155 1536/1275/1154 1556/1277/697
f 1538/1278/1156 1567/1281/1159 1556/1277/697
f 1545/1283/1162 1544/1155/1161 1543/1282/1160
f 1568/1281/1164 1540/1284/1163 1539/1126/1021
f 1309/1099/996 1546/1285/1165 1260/1058/959
f 1537/1280/1158 1535/1286/1166 1530/1270/1149
f 1547/1267/1009 1525/1265/1143 1521/1263/1141
f 1548/1289/1169 1549/1288/1168 1550/1287/1167
f 1551/1290/1144 1541/1279/1157 1530/1270/1149
f 1549/1288/1168 1548/1289/1169 1552/1291/1170
f 1552/1291/1170 1553/1268/1146 1549/1288/1168
f 1323/1119/1015 1335/1131/1027 1329/1123/1018
f 1258/1055/411 1557/1292/1171 1309/1099/996
f 1533/1100/997 1263/1061/961 1558/1285/1172
f 1557/1292/1171 1258/1055/411 1560/1271/1150
f 1309/1099/996 1557/1292/1171 1546/1285/1165
f 1572/1295/1175 1561/1294/1174 1562/1293/1173
f 1563/1297/1177 1562/1293/1173 1564/1296/1176
f 1562/1293/1173 1563/1297/1177 1572/1295/1175
f 1524/1264/1142 1294/1087/570 1526/1261/1145
f 1564/1296/1176 1565/1298/1178 1563/1297/1177
f 1545/1283/1162 1568/1281/1164 1539/1126/1021
f 1565/1298/1178 1564/1296/1176 1566/1299/1179
f 1345/1139/1034 1545/1283/1162 1539/1126/1021
f 1310/1104/51 1518/1300/1180 1287/1082/540
f 1310/1104/51 1293/1085/985 1535/1286/1166
f 1528/1269/1147 1552/1291/1170 1548/1289/1169
f 1284/1098/947 1519/1302/947 1542/1301/947
f 1530/1270/1149 1535/1286/1166 1293/1085/985
f 1530/1270/1149 1529/1269/1148 1551/1290/1144
f 1525/1265/1143 1552/1291/1170 1528/1269/1147
f 1553/1268/1146 1552/1291/1170 1525/1265/1143
f 1284/1098/947 1542/1301/947 1559/1303/947
f 1517/1258/1136 1565/1298/1178 1554/1257/1135
f 1569/1304/1181 1517/1258/1136 1555/1276/1155
f 1556/1277/697 1569/1304/1181 1555/1276/1155
f 1570/1305/1182 1556/1277/697 1567/1281/1159
f 1571/1305/1183 1568/1281/1164 1545/1283/1162
f 1569/1304/1181 1556/1277/697 1572/1295/1175
f 1556/1277/697 1570/1305/1182 1572/1295/1175
f 1573/1306/1184 1560/1271/1150 1531/1272/1151
f 1517/1258/1136 1569/1304/1181 1565/1298/1178
f 1559/1303/947 1574/1308/947 1575/1307/947
f 1576/1309/1185 1565/1298/1178 1566/1299/1179
f 1544/1155/1161 1545/1283/1162 1345/1139/1034
f 1576/1309/1185 1554/1257/1135 1565/1298/1178
f 1571/1305/1183 1543/1282/1160 1577/1310/1186
f 1543/1282/1160 1571/1305/1183 1545/1283/1162
f 1574/1308/947 1559/1303/947 1542/1301/947
f 1559/1303/947 1250/1045/947 1284/1098/947
f 1273/1056/957 1271/1311/1187 1531/1272/1151
f 1569/1304/1181 1572/1295/1175 1563/1297/1177
f 1563/1297/1177 1565/1298/1178 1569/1304/1181
f 1570/1305/1182 1561/1294/1174 1572/1295/1175
f 1389/1182/1071 1388/1183/1072 1578/1312/1188
f 1584/1315/1191 1585/1314/1190 1586/1313/1189
f 1587/1318/1194 1583/1317/1193 1588/1316/1192
f 1589/1320/1196 1590/1319/1195 1412/1199/1084
f 1588/1316/1192 1583/1317/1193 1594/1321/1197
f 1587/1318/1194 1582/1322/1198 1583/1317/1193
f 1580/1325/1201 1581/1324/1200 1595/1323/1199
f 1196/969/870 1191/997/901 1596/1326/981
f 1596/1326/981 1597/1327/1202 1196/969/870
f 1605/1329/1204 1598/1328/1203 1597/1327/1202
f 1598/1328/1203 1196/969/870 1597/1327/1202
f 1155/968/869 1196/969/870 1598/1328/1203
f 1598/1328/1203 1605/1329/1204 1610/1330/1205
f 1599/1332/1207 1167/977/879 1600/1331/1206
f 1600/1331/1206 1167/977/879 1165/968/878
f 1167/977/879 1599/1332/1207 1601/1333/212
f 1204/1009/911 1602/1334/1208 1203/1004/907
f 1204/1009/911 1601/1333/212 1602/1334/1208
f 1603/1335/1209 1598/1328/1203 1610/1330/1205
f 1580/1325/1201 1579/1337/1211 1604/1336/1210
f 1596/1326/981 1605/1329/1204 1597/1327/1202
f 1427/1211/1096 1606/1338/1213 1607/1326/1212
f 1608/1341/1215 1591/1340/1201 1592/1339/1214
f 1466/1231/1115 1427/1211/1096 1607/1326/1212
f 1598/1328/1203 1603/1335/1209 1609/1332/1216
f 1638/1344/1219 1621/1343/1218 1612/1342/1217
f 1614/1346/1220 1615/1345/20 1599/1332/1207
f 1615/1345/20 1601/1333/212 1599/1332/1207
f 1616/1348/1222 1617/1347/1221 1614/1346/1220
f 1615/1345/20 1614/1346/1220 1617/1347/1221
f 1618/1351/1225 1611/1350/1224 1619/1349/1223
f 1612/1342/1217 1621/1343/1218 1620/1352/1226
f 1612/1342/1217 1620/1352/1226 1622/1353/1227
f 1623/1354/1228 1581/1324/1200 1580/1325/1201
f 1223/1019/923 1203/1004/907 1602/1334/1208
f 1601/1333/212 1615/1345/20 1602/1334/1208
f 1624/1355/1229 1223/1019/923 1602/1334/1208
f 1615/1345/20 1617/1347/1221 1602/1334/1208
f 1223/1019/923 1624/1355/1229 1224/1022/926
f 1625/1358/1232 1626/1357/1231 1627/1356/1230
f 1592/1339/1214 1628/1354/1233 1608/1341/1215
f 1591/1340/1201 1629/1360/1235 1593/1359/1234
f 1632/1361/1238 1633/1358/1237 1634/1356/1236
f 1613/1363/1240 1611/1350/1224 1636/1362/1239
f 1633/1358/1237 1632/1361/1238 1637/1364/1241
f 1639/1367/1244 1640/1366/1243 1641/1365/1242
f 1640/1366/1243 1639/1367/1244 1613/1363/1240
f 1626/1357/1231 1625/1358/1232 1642/1368/1245
f 1625/1358/1232 1643/1369/193 1642/1368/1245
f 1636/1362/1239 1640/1366/1243 1613/1363/1240
f 1640/1366/1243 1645/1371/1247 1646/1370/1246
f 1626/1357/1231 1640/1366/1243 1646/1370/1246
f 1647/1373/1250 1648/1336/1249 1649/1372/1248
f 1622/1353/1227 1648/1336/1249 1647/1373/1250
f 1625/1358/1232 1650/1374/1251 1643/1369/193
f 1640/1366/1243 1626/1357/1231 1644/1375/1252
f 1645/1371/1247 1640/1366/1243 1652/1376/1253
f 1604/1336/1210 1657/1377/1254 1580/1325/1201
f 1629/1360/1235 1591/1340/1201 1608/1341/1215
f 1613/1363/1240 1619/1349/1223 1611/1350/1224
f 1639/1367/1244 1619/1349/1223 1613/1363/1240
f 1650/1374/1251 1639/1367/1244 1653/1378/1255
f 1639/1367/1244 1650/1374/1251 1654/1379/1256
f 1612/1342/1217 1622/1353/1227 1638/1344/1219
f 1640/1366/1243 1636/1362/1239 1652/1376/1253
f 1427/1211/1096 1655/1380/1257 1606/1338/1213
f 1644/1375/1252 1641/1365/1242 1640/1366/1243
f 1641/1365/1242 1644/1375/1252 1651/1369/1258
f 1650/1374/1251 1653/1378/1255 1643/1369/193
f 1647/1373/1250 1638/1344/1219 1622/1353/1227
f 1637/1364/1241 1632/1361/1238 1656/1379/325
f 1619/1349/1223 1639/1367/1244 1654/1379/1256
f 1658/1381/1259 1623/1354/1228 1580/1325/1201
f 1659/1382/1260 1608/1341/1215 1628/1354/1233
f 1658/1381/1259 1580/1325/1201 1657/1377/1254
f 1660/1383/1261 1629/1360/1235 1608/1341/1215
f 1661/1384/1262 1623/1354/1228 1658/1381/1259
f 1660/1383/1261 1608/1341/1215 1659/1382/1260
f 1658/1381/1259 1657/1377/1254 1662/1385/1263
f 1655/1380/1257 1663/1387/1265 1664/1386/1264
f 1665/1388/1266 1629/1360/1235 1660/1383/1261
f 1666/1389/1267 1610/1330/1205 1605/1329/1204
f 1655/1380/1257 1427/1211/1096 1663/1387/1265
f 1426/1209/1097 1664/1386/1264 1663/1387/1265
f 1418/1205/1089 1667/1390/1268 1419/1204/1088
f 1661/1384/1262 1658/1381/1259 1668/1391/1269
f 1663/1387/1265 1427/1211/1096 1426/1209/1097
f 1664/1386/1264 1426/1209/1097 1669/1392/1270
f 1656/1379/325 1673/1393/1271 1635/1349/37
f 1673/1393/1271 1656/1379/325 1670/1394/1272
f 1232/1106/1002 1675/1395/1273 1312/1105/1001
f 1120/932/512 1671/1396/1274 1115/928/826
f 1671/1396/1274 1672/1397/1275 1115/928/826
f 1656/1379/325 1632/1361/1238 1670/1394/1272
f 1670/1394/1272 1632/1361/1238 1674/1398/1276
f 1673/1393/1271 1670/1394/1272 1674/1398/1276
f 1635/1349/37 1673/1393/1271 1631/1399/1277
f 1676/1401/1280 1677/1400/1279 1678/932/1278
f 1679/1402/1281 1312/1105/1001 1675/1395/1273
f 1677/1400/1279 1680/1396/1282 1678/932/1278
f 1681/1404/1284 1682/1403/1283 1677/1400/1279
f 1078/893/792 1696/1406/1286 1683/1405/1285
f 1687/1407/1287 1078/893/792 1683/1405/1285
f 1682/1403/1283 1696/1406/1286 1078/893/792
f 1677/1400/1279 1684/1397/1288 1680/1396/1282
f 1113/926/824 1684/1397/1288 1685/1403/1289
f 1114/925/823 1113/926/824 1685/1403/1289
f 1684/1397/1288 1677/1400/1279 1685/1403/1289
f 1078/893/792 1687/1407/1287 1079/892/791
f 1587/1318/1194 1686/1409/1291 1688/1408/1290
f 1645/1371/1247 1689/1410/1292 1646/1370/1246
f 1690/1411/1293 1626/1357/1231 1646/1370/1246
f 1690/1411/1293 1646/1370/1246 1689/1410/1292
f 1691/1412/1294 1649/1372/1248 1648/1336/1249
f 1632/1361/1238 1692/1413/1295 1674/1398/1276
f 1675/1395/1273 1232/1106/1002 1231/1414/1296
f 1692/1413/1295 1673/1393/1271 1674/1398/1276
f 1631/1399/1277 1673/1393/1271 1630/1415/1297
f 1632/1361/1238 1634/1356/1236 1692/1413/1295
f 1673/1393/1271 1692/1413/1295 1694/1416/1298
f 1312/1105/1001 1679/1402/1281 1693/1148/1042
f 1312/1105/1001 1693/1148/1042 1315/1108/1004
f 1626/1357/1231 1690/1411/1293 1627/1356/1230
f 1694/1416/1298 1634/1356/1236 1695/1411/37
f 1634/1356/1236 1694/1416/1298 1692/1413/1295
f 1730/1417/1299 1694/1416/1298 1695/1411/37
f 1696/1406/1286 1682/1403/1283 1681/1404/1284
f 1677/1400/1279 1676/1401/1280 1681/1404/1284
f 1678/932/1278 1697/1418/1300 1676/1401/1280
f 1698/1419/1301 1683/1405/1285 1696/1406/1286
f 1676/1401/1280 1697/1418/1300 1700/1420/1302
f 1701/1422/1304 1702/1421/1303 1676/1401/1280
f 1703/1424/1306 1702/1421/1303 1704/1423/1305
f 1704/1423/1305 1705/1425/1307 1703/1424/1306
f 1676/1401/1280 1700/1420/1302 1701/1422/1304
f 1704/1423/1305 1702/1421/1303 1701/1422/1304
f 1705/1425/1307 1704/1423/1305 1706/1426/1308
f 1122/933/829 1707/1427/1309 1120/932/512
f 1707/1427/1309 1122/933/829 1711/1428/1310
f 1122/933/829 1148/963/864 1711/1428/1310
f 1707/1427/1309 1711/1428/1310 1708/1429/1056
f 1148/963/864 1709/1430/1311 1711/1428/1310
f 1707/1427/1309 1708/1429/1056 1710/1420/77
f 1710/1420/77 1708/1429/1056 1712/1422/1312
f 1708/1429/1056 1711/1428/1310 1713/1431/1313
f 1708/1429/1056 1713/1431/1313 1706/1426/1308
f 1709/1430/1311 1148/963/864 1714/1432/1314
f 1709/1430/1311 1714/1432/1314 1711/1428/1310
f 1683/1405/1285 1698/1419/1301 1687/1407/1287
f 1587/1318/1194 1688/1408/1290 1715/1419/1315
f 1582/1322/1198 1587/1318/1194 1715/1419/1315
f 1716/1434/1317 1698/1419/1301 1717/1433/1316
f 1649/1372/1248 1691/1412/1294 1718/1435/1318
f 1719/1437/1320 1696/1406/1286 1699/1436/1319
f 1696/1406/1286 1717/1433/1316 1698/1419/1301
f 1696/1406/1286 1719/1437/1320 1717/1433/1316
f 1693/1148/1042 1720/1438/1321 1356/1147/1041
f 1690/1411/1293 1689/1410/1292 1729/1439/1322
f 1693/1148/1042 1679/1402/1281 1720/1438/1321
f 1721/1441/1324 1354/934/830 1722/1440/1323
f 1721/1441/1324 1147/963/505 1354/934/830
f 1714/1432/1314 1723/1443/1326 1724/1442/1325
f 1726/1444/1327 1724/1442/1325 1723/1443/1326
f 1727/1446/1329 1713/1431/1313 1728/1445/1328
f 1714/1432/1314 1724/1442/1325 1711/1428/1310
f 1724/1442/1325 1726/1444/1327 1713/1431/1313
f 1727/1446/1329 1706/1426/1308 1713/1431/1313
f 1724/1442/1325 1713/1431/1313 1711/1428/1310
f 1694/1416/1298 1730/1417/1299 1725/1447/1330
f 1718/1435/1318 1691/1412/1294 1731/1448/1331
f 1691/1412/1294 1648/1336/1249 1731/1448/1331
f 1732/1449/1332 1727/1446/1329 1728/1445/1328
f 1728/1445/1328 1733/1450/1333 1732/1449/1332
f 1727/1446/1329 1705/1425/1307 1706/1426/1308
f 1732/1449/1332 1705/1425/1307 1727/1446/1329
f 1417/1202/1086 1456/1225/1109 1734/1451/1334
f 1735/1253/1133 1760/1452/160 1759/1252/1132
f 1736/1455/1335 1737/1454/1335 1738/1453/1335
f 1734/1451/1334 1474/1201/775 1417/1202/1086
f 1760/1452/160 1735/1253/1133 1749/1456/432
f 1740/1459/1336 1741/1458/1336 1742/1457/1336
f 1473/1236/1117 1743/1459/1338 1744/1460/1337
f 1746/1462/947 1747/1461/1339 1748/1249/1339
f 1751/1464/1341 1752/1463/1340 1749/1456/432
f 1753/1465/525 1754/1463/434 1755/1464/525
f 1749/1456/432 1750/1466/1342 1760/1452/160
f 1741/1458/1336 1740/1459/1336 1756/1467/1336
f 1750/1466/1342 1749/1456/432 1752/1463/1340
f 1745/1468/1343 1506/1249/1129 1474/1201/775
f 1743/1459/1338 1473/1236/1117 1389/1182/1071
f 1747/1461/1339 1746/1462/947 1757/1469/1344
f 1758/1454/947 1757/1469/1344 1746/1462/947
f 1759/1252/1132 1760/1452/160 1761/1223/1345
f 1763/1470/1346 1761/1223/1345 1760/1452/160
f 1754/1463/434 1753/1465/525 1764/1471/774
f 1765/1473/1348 1766/1472/1347 1750/1466/1342
f 1767/1474/1349 1760/1452/160 1750/1466/1342
f 1768/1476/1351 1769/1475/1350 1765/1473/1348
f 1422/1170/1090 1770/1477/1352 1377/1172/939
f 1771/1479/1354 1772/1476/1353 1773/1478/1353
f 1750/1466/1342 1766/1472/1347 1767/1474/1349
f 1765/1473/1348 1769/1475/1350 1766/1472/1347
f 1377/1172/939 1774/1480/939 1378/1171/1063
f 1374/1170/1062 1785/961/862 1775/1481/1092
f 1454/1223/1106 1762/1482/1355 1452/1224/1108
f 1761/1223/1345 1763/1470/1346 1776/1483/1356
f 1762/1482/1355 1761/1223/1345 1776/1483/1356
f 1760/1452/160 1767/1474/1349 1763/1470/1346
f 1777/1486/1355 1778/1485/1358 1779/1484/1357
f 1412/1199/1084 1411/1200/1085 1589/1320/1196
f 1778/1485/1358 1780/1487/1359 1779/1484/1357
f 1778/1485/1358 1781/1488/1360 1780/1487/1359
f 1782/1490/1346 1783/1489/1361 1778/1485/1358
f 1779/1484/1357 1784/1166/1058 1777/1486/1355
f 1772/1476/1353 1771/1479/1354 1769/1475/1350
f 1377/1172/939 1770/1477/1352 1774/1480/939
f 1786/1492/1363 1585/1314/1190 1787/1491/1362
f 1590/1319/1195 1788/1494/1365 1789/1493/1364
f 1589/1320/1196 1790/1495/1366 1590/1319/1195
f 1790/1495/1366 1589/1320/1196 1791/1496/1300
f 1788/1494/1365 1810/1497/434 1789/1493/1364
f 1750/1466/1342 1752/1463/1340 1765/1473/1348
f 1743/1459/1338 1578/1312/1188 1793/1498/1364
f 1737/1454/1335 1736/1455/1335 1794/1499/1335
f 1745/1468/1343 1734/1451/1334 1739/1454/1367
f 1474/1201/775 1734/1451/1334 1745/1468/1343
f 1781/1488/1360 1778/1485/1358 1783/1489/1361
f 1795/1459/947 1793/1498/1364 1796/1500/1368
f 1797/1501/1369 1781/1488/1360 1783/1489/1361
f 1775/1481/1092 1785/961/862 1801/1502/1370
f 1792/1505/1373 1802/1504/1372 1803/1503/1371
f 1784/1166/1058 1804/1506/1108 1777/1486/1355
f 1780/1487/1359 1805/1507/1374 1779/1484/1357
f 1781/1488/1360 1806/1508/1375 1780/1487/1359
f 1804/1506/1108 1784/1166/1058 1372/1167/1059
f 1805/1507/1374 1780/1487/1359 1806/1508/1375
f 1686/1409/1291 1587/1318/1194 1792/1505/1373
f 1768/1476/1351 1765/1473/1348 1752/1463/1340
f 1764/1471/774 1807/1476/947 1754/1463/434
f 1411/1200/1085 1791/1496/1300 1589/1320/1196
f 1788/1494/1365 1808/1510/1350 1809/1509/1354
f 1799/1512/1376 1584/1315/1191 1798/1511/791
f 1797/1501/1369 1790/1495/1366 1781/1488/1360
f 1808/1510/1350 1788/1494/1365 1797/1501/1369
f 1799/1512/1376 1800/1513/1377 1787/1491/1362
f 1792/1505/1373 1587/1318/1194 1802/1504/1372
f 1806/1508/1375 1781/1488/1360 1790/1495/1366
f 1809/1509/1354 1810/1497/434 1788/1494/1365
f 1790/1495/1366 1797/1501/1369 1811/1514/1378
f 1787/1491/1362 1800/1513/1377 1812/1515/1379
f 1799/1512/1376 1787/1491/1362 1584/1315/1191
f 1802/1504/1372 1587/1318/1194 1813/1516/1380
f 1791/1496/1300 1411/1200/1085 1814/1517/1381
f 1411/1200/1085 1407/1195/1078 1814/1517/1381
f 1814/1517/1381 1806/1508/1375 1791/1496/1300
f 1784/1166/1058 1814/1517/1381 1407/1195/1078
f 1587/1318/1194 1588/1316/1192 1813/1516/1380
f 1585/1314/1190 1584/1315/1191 1787/1491/1362
f 1786/1492/1363 1787/1491/1362 1812/1515/1379
f 1796/1500/1368 1815/1467/947 1795/1459/947
f 1811/1514/1378 1590/1319/1195 1790/1495/1366
f 1389/1182/1071 1578/1312/1188 1743/1459/1338
f 1790/1495/1366 1791/1496/1300 1806/1508/1375
f 1814/1517/1381 1784/1166/1058 1816/1518/1382

